id,name,nickname,gender,date_of_birth,weight,height,team,team.shortname,team.shield,shirt_number,position,photo,aerial_duels_won,appearances,assists_intentional,attempts_from_set_pieces,blocks,catches,clean_sheets,duels_won,goals,goals_conceded,interceptions,key_passes_attempt_assists,offsides,open_play_passes,penalties_saved,red_cards_2nd_yellow,saves_made,shots_on_target_inc_goals,straight_red_cards,successful_crosses_open_play,successful_dribbles,successful_long_passes,successful_passes_opposition_half,successful_passes_own_half,successful_short_passes,total_clearances,total_fouls_conceded,total_losses_of_possession,total_passes,total_tackles,total_touches_in_opposition_box,unsuccessful_dribbles,unsuccessful_long_passes,unsuccessful_short_passes,yellow_cards,predicted_position,score
839.0,Bernardo Espinosa,Bernardo,male,1989-07-11T00:00:00+00:00,85.0,192.0,Girona FC,GIR,https://assets.laliga.com/assets/2019/06/07/medium/girona.png,2.0,Defender,https://assets.laliga.com/squad/2021/t2893/p55317/512x556/p55317_t2893_2021_1_001_000.png,187.0,41.0,0.0,0.0,29.0,0.0,14.0,250.0,3.0,39.0,41.0,14.0,5.0,2348.0,0.0,0.0,0.0,10.0,0.0,0.0,6.0,105.0,530.0,1591.0,2016.0,221.0,47.0,322.0,2414.0,34.0,71.0,3.0,113.0,180.0,6.0,Goalkeeper,327.0
463.0,Juan Pedro Ramírez López,Juanpe Rl,male,1991-04-30T00:00:00+00:00,80.0,190.0,Girona FC,GIR,https://assets.laliga.com/assets/2019/06/07/medium/girona.png,15.0,Defender,https://assets.laliga.com/squad/2021/t2893/p63119/512x556/p63119_t2893_2021_1_001_000.png,89.0,40.0,2.0,0.0,22.0,0.0,12.0,134.0,2.0,37.0,32.0,2.0,0.0,2474.0,0.0,0.0,0.0,10.0,0.0,0.0,5.0,187.0,724.0,1524.0,2061.0,124.0,36.0,366.0,2574.0,32.0,44.0,4.0,145.0,181.0,10.0,Forward,305.35
154.0,Raúl Rodríguez Navas,Raúl Navas,male,1988-05-11T00:00:00+00:00,84.0,186.0,UD Las Palmas,LPA,https://assets.laliga.com/assets/2019/06/07/medium/las-palmas.png,16.0,Defender,https://assets.laliga.com/squad/2021/t407/p61814/512x556/p61814_t407_2021_1_001_000.png,82.0,37.0,1.0,0.0,18.0,0.0,12.0,162.0,0.0,38.0,44.0,9.0,0.0,2344.0,0.0,0.0,0.0,6.0,1.0,0.0,14.0,161.0,631.0,1523.0,1993.0,107.0,24.0,317.0,2447.0,37.0,20.0,1.0,127.0,166.0,6.0,Defender,300.45
9468.0,Robin Le Normand,Le Normand,male,1996-11-11T00:00:00+00:00,80.0,187.0,Real Sociedad,RSO,https://assets.laliga.com/assets/2019/06/07/medium/real-sociedad.png,24.0,Defender,https://assets.laliga.com/squad/2021/t188/p224919/512x556/p224919_t188_2021_1_001_000.png,109.0,37.0,0.0,0.0,22.0,0.0,19.0,179.0,1.0,37.0,48.0,4.0,2.0,2085.0,0.0,0.0,0.0,5.0,0.0,0.0,1.0,127.0,440.0,1455.0,1768.0,118.0,37.0,288.0,2153.0,49.0,42.0,2.0,97.0,161.0,7.0,Defender,296.25000000000006
4698.0,Srdjan Babic,Babic,male,1996-04-22T00:00:00+00:00,73.0,195.0,UD Almería,ALM,https://assets.laliga.com/assets/2019/06/07/medium/almeria.png,22.0,Defender,https://assets.laliga.com/squad/2021/t1564/p210977/512x556/p210977_t1564_2021_1_001_000.png,88.0,37.0,0.0,0.0,15.0,0.0,15.0,151.0,1.0,28.0,45.0,6.0,0.0,2079.0,0.0,0.0,0.0,3.0,0.0,2.0,9.0,127.0,536.0,1361.0,1768.0,130.0,41.0,269.0,2140.0,39.0,27.0,1.0,95.0,150.0,10.0,Goalkeeper,277.90000000000003
4145.0,Jules Koundé,Kounde,male,1998-11-12T00:00:00+00:00,70.0,178.0,Sevilla FC,SEV,https://assets.laliga.com/assets/2019/06/07/medium/sevilla.png,23.0,Defender,https://assets.laliga.com/squad/2021/t179/p220325/512x556/p220325_t179_2021_1_001_000.png,77.0,32.0,1.0,0.0,18.0,0.0,13.0,169.0,2.0,25.0,21.0,16.0,2.0,2043.0,0.0,0.0,0.0,3.0,2.0,5.0,24.0,126.0,635.0,1235.0,1739.0,98.0,15.0,316.0,2099.0,40.0,52.0,15.0,89.0,145.0,2.0,Goalkeeper,272.75
8867.0,Éder Gabriel Militão,E. Militão,male,1998-01-18T00:00:00+00:00,79.0,186.0,Real Madrid,RMA,https://assets.laliga.com/assets/2019/06/07/medium/real-madrid.png,3.0,Defender,https://assets.laliga.com/squad/2021/t186/p218449/512x556/p218449_t186_2021_1_001_000.png,83.0,34.0,0.0,0.0,20.0,0.0,13.0,183.0,1.0,30.0,52.0,10.0,1.0,1894.0,0.0,0.0,0.0,8.0,0.0,1.0,11.0,129.0,583.0,1197.0,1650.0,105.0,38.0,268.0,1993.0,50.0,40.0,9.0,99.0,115.0,5.0,Midfielder,271.59999999999997
5472.0,Pablo Vázquez,Pablo V.,male,1994-10-07T00:00:00+00:00,84.0,184.0,FC Cartagena,CAR,https://assets.laliga.com/assets/2022/02/11/medium/1628caa9b2002a11e564eb84b3677f78.png,5.0,Defender,https://assets.laliga.com/squad/2021/t3554/p241681/512x556/p241681_t3554_2021_1_001_000.png,101.0,33.0,1.0,0.0,37.0,0.0,9.0,172.0,2.0,42.0,43.0,1.0,0.0,2030.0,0.0,0.0,0.0,4.0,0.0,0.0,6.0,141.0,392.0,1436.0,1687.0,175.0,17.0,307.0,2101.0,46.0,33.0,3.0,138.0,135.0,2.0,Defender,267.1
5878.0,Eric Curbelo,E. Curbelo,male,1994-01-14T00:00:00+00:00,69.0,173.0,UD Las Palmas,LPA,https://assets.laliga.com/assets/2019/06/07/medium/las-palmas.png,6.0,Defender,https://assets.laliga.com/squad/2021/t407/p220371/512x556/p220371_t407_2021_1_001_000.png,45.0,35.0,0.0,0.0,20.0,0.0,11.0,155.0,2.0,31.0,59.0,4.0,0.0,1999.0,0.0,0.0,0.0,2.0,0.0,0.0,9.0,134.0,450.0,1431.0,1747.0,59.0,30.0,266.0,2097.0,66.0,10.0,5.0,79.0,137.0,9.0,Goalkeeper,260.1
8.0,Jordi Alba,Jordi Alba,male,1989-03-21T00:00:00+00:00,68.0,170.0,FC Barcelona,BAR,https://assets.laliga.com/assets/2019/06/07/medium/barcelona.png,18.0,Defender,https://assets.laliga.com/squad/2021/t178/p52356/512x556/p52356_t178_2021_1_001_000.png,14.0,30.0,7.0,1.0,6.0,0.0,4.0,85.0,2.0,32.0,33.0,48.0,11.0,2307.0,0.0,0.0,0.0,6.0,0.0,22.0,6.0,98.0,1295.0,799.0,1973.0,33.0,26.0,509.0,2392.0,47.0,66.0,16.0,83.0,238.0,11.0,Midfielder,259.8
5843.0,Pau Torres,Pau,male,1997-01-16T00:00:00+00:00,80.0,191.0,Villarreal CF,VIL,https://assets.laliga.com/assets/2019/06/07/medium/villarreal.png,4.0,Defender,https://assets.laliga.com/squad/2021/t449/p244954/512x556/p244954_t449_2021_1_001_000.png,58.0,33.0,1.0,0.0,23.0,0.0,11.0,131.0,5.0,33.0,19.0,8.0,0.0,1888.0,0.0,0.0,0.0,9.0,0.0,1.0,25.0,139.0,587.0,1111.0,1558.0,103.0,14.0,326.0,1979.0,32.0,35.0,3.0,141.0,141.0,5.0,Midfielder,244.49999999999997
2350.0,David Alaba,Alaba,male,1992-06-24T00:00:00+00:00,78.0,180.0,Real Madrid,RMA,https://assets.laliga.com/assets/2019/06/07/medium/real-madrid.png,4.0,Defender,https://assets.laliga.com/squad/2021/t186/p50188/512x556/p50188_t186_2021_1_001_000.png,14.0,30.0,3.0,7.0,15.0,0.0,11.0,47.0,2.0,26.0,22.0,18.0,2.0,1854.0,0.0,0.0,0.0,7.0,0.0,5.0,4.0,54.0,697.0,1058.0,1695.0,67.0,16.0,207.0,1888.0,23.0,42.0,6.0,56.0,83.0,2.0,Midfielder,243.30000000000007
1329.0,Daniel Pedro Calvo Sanromán,Dani Calvo,male,1994-04-01T00:00:00+00:00,82.0,190.0,Real Oviedo,OVI,https://assets.laliga.com/assets/2019/06/07/medium/oviedo.png,12.0,Defender,https://assets.laliga.com/squad/2021/t187/p185650/512x556/p185650_t187_2021_1_001_000.png,145.0,41.0,0.0,0.0,19.0,0.0,15.0,207.0,1.0,38.0,31.0,2.0,2.0,1716.0,0.0,0.0,0.0,3.0,0.0,1.0,7.0,99.0,378.0,1080.0,1358.0,199.0,33.0,327.0,1756.0,36.0,31.0,3.0,145.0,154.0,8.0,Midfielder,242.85000000000005
1069.0,David Costas,David Costas,male,1995-03-26T00:00:00+00:00,71.0,184.0,Real Oviedo,OVI,https://assets.laliga.com/assets/2019/06/07/medium/oviedo.png,4.0,Defender,https://assets.laliga.com/squad/2021/t187/p169205/512x556/p169205_t187_2021_1_001_000.png,142.0,40.0,1.0,0.0,16.0,0.0,14.0,219.0,1.0,40.0,65.0,7.0,1.0,1760.0,0.0,0.0,0.0,4.0,0.0,3.0,12.0,160.0,357.0,1140.0,1334.0,178.0,51.0,379.0,1828.0,40.0,40.0,5.0,164.0,170.0,6.0,Forward,241.00000000000006
15000.0,Urko González de Zárate,Gonzalez De Zarate,male,2001-03-20T00:00:00+00:00,,189.0,R. Sociedad B,RSOB,https://assets.laliga.com/assets/2019/06/07/medium/real-sociedad.png,6.0,Defender,https://assets.laliga.com/squad/2021/t3567/p514204/512x556/p514204_t3567_2021_1_001_000.png,42.0,35.0,1.0,0.0,13.0,0.0,7.0,142.0,0.0,45.0,36.0,6.0,0.0,1938.0,0.0,0.0,0.0,1.0,0.0,0.0,14.0,118.0,515.0,1211.0,1608.0,127.0,15.0,327.0,2015.0,50.0,13.0,4.0,123.0,166.0,4.0,Goalkeeper,236.50000000000006
15000.0,Urko González de Zárate,Gonzalez De Zarate,male,2001-03-20T00:00:00+00:00,,189.0,R. Sociedad B,RSOB,https://assets.laliga.com/assets/2019/06/07/medium/real-sociedad.png,6.0,Defender,https://assets.laliga.com/squad/2021/t3567/p514204/512x556/p514204_t3567_2021_1_001_000.png,42.0,35.0,1.0,0.0,13.0,0.0,7.0,142.0,0.0,45.0,36.0,6.0,0.0,1938.0,0.0,0.0,0.0,1.0,0.0,0.0,14.0,118.0,515.0,1211.0,1608.0,127.0,15.0,327.0,2015.0,50.0,13.0,4.0,123.0,166.0,4.0,Forward,236.50000000000006
6121.0,Marc Cucurella,Cucurella,male,1998-07-22T00:00:00+00:00,66.0,172.0,Brighton,BHA,https://assets.laliga.com/assets/2021/03/11/medium/18a35e9b920c480880b7120db56c4d72.png,3.0,Defender,,40.0,35.0,1.0,0.0,14.0,0.0,8.0,191.0,1.0,39.0,30.0,41.0,3.0,1890.0,0.0,0.0,0.0,3.0,0.0,25.0,28.0,54.0,938.0,649.0,1504.0,65.0,28.0,551.0,1901.0,93.0,52.0,27.0,91.0,252.0,6.0,Defender,230.65000000000003
13783.0,Victor Meseguer,V. Meseguer,male,1999-06-09T00:00:00+00:00,,,CD Mirandés,MIR,https://assets.laliga.com/assets/2019/06/07/medium/mirandes.png,8.0,Midfielder,https://assets.laliga.com/squad/2021/t5741/p498208/512x556/p498208_t5741_2021_1_001_000.png,103.0,38.0,2.0,0.0,7.0,0.0,5.0,276.0,3.0,53.0,48.0,38.0,3.0,1971.0,0.0,1.0,0.0,11.0,0.0,2.0,27.0,168.0,839.0,763.0,1432.0,33.0,63.0,527.0,2019.0,74.0,42.0,19.0,107.0,312.0,7.0,Defender,229.05000000000004
4618.0,Jair Amador Silos,Jair Jr,male,1989-08-21T00:00:00+00:00,80.0,190.0,Real Zaragoza,ZAR,https://assets.laliga.com/assets/2019/06/07/medium/zaragoza.png,3.0,Defender,https://assets.laliga.com/squad/2021/t190/p229500/512x556/p229500_t190_2021_1_001_000.png,126.0,39.0,1.0,0.0,34.0,0.0,10.0,157.0,1.0,44.0,38.0,5.0,2.0,1742.0,0.0,0.0,0.0,8.0,0.0,0.0,1.0,85.0,287.0,1223.0,1425.0,213.0,29.0,312.0,1798.0,28.0,60.0,1.0,138.0,150.0,6.0,Goalkeeper,226.5
6253.0,Santiago Bueno,S. Bueno,male,1998-11-09T00:00:00+00:00,76.0,190.0,Girona FC,GIR,https://assets.laliga.com/assets/2019/06/07/medium/girona.png,22.0,Defender,https://assets.laliga.com/squad/2021/t2893/p231480/512x556/p231480_t2893_2021_1_001_000.png,84.0,33.0,1.0,0.0,13.0,0.0,9.0,150.0,1.0,31.0,45.0,4.0,2.0,1686.0,0.0,0.0,0.0,9.0,0.0,0.0,6.0,88.0,508.0,986.0,1406.0,87.0,29.0,293.0,1757.0,44.0,36.0,1.0,106.0,157.0,5.0,Defender,222.05
272.0,Jean-Sylvain Babin,Jc Babin,male,1986-10-14T00:00:00+00:00,91.0,181.0,Real Sporting,SPO,https://assets.laliga.com/assets/2019/06/07/medium/sporting.png,6.0,Defender,https://assets.laliga.com/squad/2021/t616/p44322/512x556/p44322_t616_2021_1_001_000.png,69.0,31.0,0.0,0.0,22.0,0.0,5.0,94.0,1.0,37.0,13.0,11.0,2.0,1870.0,0.0,0.0,0.0,4.0,0.0,0.0,0.0,86.0,427.0,1288.0,1629.0,130.0,14.0,222.0,1926.0,14.0,26.0,0.0,115.0,96.0,5.0,Defender,222.05
21209.0,Anderson Arroyo,Arroyo,male,1999-09-27T00:00:00+00:00,,179.0,CD Mirandés,MIR,https://assets.laliga.com/assets/2019/06/07/medium/mirandes.png,4.0,Defender,https://assets.laliga.com/squad/2021/t5741/p222047/512x556/p222047_t5741_2021_1_001_000.png,48.0,39.0,0.0,0.0,22.0,0.0,6.0,153.0,0.0,56.0,56.0,2.0,0.0,1808.0,0.0,0.0,0.0,0.0,0.0,0.0,15.0,137.0,390.0,1243.0,1496.0,110.0,24.0,304.0,1879.0,57.0,2.0,4.0,126.0,120.0,5.0,Defender,221.19999999999996
11789.0,Sergi Cardona,Cardona,male,1999-07-08T00:00:00+00:00,,,UD Las Palmas,LPA,https://assets.laliga.com/assets/2019/06/07/medium/las-palmas.png,30.0,Defender,https://assets.laliga.com/squad/2021/t407/p484693/512x556/p484693_t407_2021_1_001_000.png,69.0,39.0,1.0,0.0,8.0,0.0,9.0,262.0,0.0,40.0,78.0,22.0,5.0,1834.0,0.0,0.0,0.0,6.0,0.0,12.0,29.0,44.0,744.0,768.0,1456.0,71.0,62.0,602.0,1891.0,96.0,40.0,35.0,104.0,287.0,10.0,Goalkeeper,220.04999999999998
5.0,Gerard Piqué,Piqué,male,1987-02-02T00:00:00+00:00,85.0,194.0,FC Barcelona,BAR,https://assets.laliga.com/assets/2019/06/07/medium/barcelona.png,3.0,Defender,https://assets.laliga.com/squad/2021/t178/p18221/512x556/p18221_t178_2021_1_001_000.png,80.0,27.0,0.0,1.0,16.0,0.0,8.0,123.0,1.0,19.0,34.0,5.0,1.0,1625.0,0.0,1.0,0.0,3.0,0.0,0.0,6.0,118.0,542.0,967.0,1391.0,85.0,30.0,185.0,1677.0,22.0,29.0,0.0,71.0,97.0,8.0,Goalkeeper,214.65000000000003
106.0,Alberto Escassi,Escassi,male,1989-02-28T00:00:00+00:00,78.0,185.0,Málaga CF,MGA,https://assets.laliga.com/assets/2019/06/07/medium/malaga.png,23.0,Midfielder,https://assets.laliga.com/squad/2021/t182/p82788/512x556/p82788_t182_2021_1_001_000.png,94.0,36.0,0.0,5.0,19.0,0.0,9.0,219.0,1.0,37.0,49.0,9.0,1.0,1653.0,0.0,1.0,0.0,4.0,2.0,3.0,7.0,128.0,528.0,914.0,1311.0,79.0,59.0,320.0,1717.0,82.0,26.0,6.0,107.0,171.0,11.0,Defender,212.65000000000003
8535.0,Alejandro Catena,Catena,male,1994-10-28T00:00:00+00:00,82.0,194.0,Rayo Vallecano,RAY,https://assets.laliga.com/assets/2019/06/07/medium/rayo.png,5.0,Defender,https://assets.laliga.com/squad/2021/t184/p244273/512x556/p244273_t184_2021_1_001_000.png,122.0,36.0,1.0,0.0,19.0,0.0,9.0,175.0,2.0,46.0,30.0,5.0,3.0,1618.0,0.0,0.0,0.0,6.0,0.0,0.0,5.0,220.0,401.0,990.0,1171.0,165.0,26.0,345.0,1712.0,39.0,42.0,0.0,170.0,151.0,8.0,Midfielder,212.2
1865.0,Ignasi Miquel,I. Miquel,male,1992-09-28T00:00:00+00:00,82.0,188.0,SD Huesca,HUE,https://assets.laliga.com/assets/2019/06/07/medium/huesca.png,23.0,Defender,https://assets.laliga.com/squad/2021/t2894/p90801/512x556/p90801_t2894_2021_1_001_000.png,84.0,34.0,0.0,0.0,28.0,0.0,11.0,152.0,4.0,36.0,47.0,7.0,2.0,1690.0,0.0,1.0,0.0,8.0,0.0,1.0,8.0,167.0,361.0,1089.0,1282.0,155.0,33.0,336.0,1749.0,31.0,34.0,3.0,156.0,144.0,8.0,Midfielder,211.45000000000005
1865.0,Ignasi Miquel,I. Miquel,male,1992-09-28T00:00:00+00:00,82.0,188.0,SD Huesca,HUE,https://assets.laliga.com/assets/2019/06/07/medium/huesca.png,23.0,Defender,https://assets.laliga.com/squad/2021/t2894/p90801/512x556/p90801_t2894_2021_1_001_000.png,84.0,34.0,0.0,0.0,28.0,0.0,11.0,152.0,4.0,36.0,47.0,7.0,2.0,1690.0,0.0,1.0,0.0,8.0,0.0,1.0,8.0,167.0,361.0,1089.0,1282.0,155.0,33.0,336.0,1749.0,31.0,34.0,3.0,156.0,144.0,8.0,Midfielder,211.45000000000005
14935.0,Jérémy Blasco,Blasco,male,1999-02-12T00:00:00+00:00,79.0,185.0,R. Sociedad B,RSOB,https://assets.laliga.com/assets/2019/06/07/medium/real-sociedad.png,,Defender,https://assets.laliga.com/squad/2021/t3567/p513942/512x556/p513942_t3567_2021_1_001_000.png,69.0,40.0,3.0,0.0,13.0,0.0,7.0,153.0,1.0,48.0,28.0,14.0,0.0,1705.0,0.0,0.0,0.0,4.0,0.0,8.0,7.0,99.0,596.0,885.0,1374.0,107.0,35.0,409.0,1773.0,56.0,24.0,10.0,119.0,181.0,4.0,Forward,208.55000000000004
12859.0,Eric García,Eric,male,2001-01-09T00:00:00+00:00,76.0,182.0,FC Barcelona,BAR,https://assets.laliga.com/assets/2019/06/07/medium/barcelona.png,24.0,Defender,https://assets.laliga.com/squad/2021/t178/p432656/512x556/p432656_t178_2021_1_001_000.png,32.0,26.0,0.0,0.0,12.0,0.0,5.0,66.0,0.0,20.0,44.0,4.0,2.0,1628.0,0.0,0.0,0.0,4.0,1.0,0.0,2.0,86.0,671.0,887.0,1472.0,47.0,34.0,135.0,1672.0,27.0,10.0,1.0,37.0,77.0,5.0,Forward,207.10000000000002
985.0,Leandro Cabrera,Cabrera,male,1991-06-17T00:00:00+00:00,80.0,190.0,RCD Espanyol de Barcelona,ESP,https://assets.laliga.com/assets/2019/06/07/medium/espanyol.png,4.0,Defender,https://assets.laliga.com/squad/2021/t177/p64662/512x556/p64662_t177_2021_1_001_000.png,84.0,37.0,0.0,0.0,23.0,0.0,10.0,141.0,2.0,49.0,44.0,10.0,2.0,1702.0,0.0,0.0,0.0,6.0,0.0,0.0,1.0,164.0,514.0,887.0,1237.0,215.0,32.0,500.0,1829.0,37.0,27.0,4.0,243.0,185.0,7.0,Forward,206.50000000000003
1321.0,José León,León,male,1995-02-03T00:00:00+00:00,82.0,183.0,CD Tenerife,TEN,https://assets.laliga.com/assets/2019/06/07/medium/tenerife.png,4.0,Defender,https://assets.laliga.com/squad/2021/t612/p184998/512x556/p184998_t612_2021_1_001_000.png,57.0,37.0,0.0,0.0,28.0,0.0,11.0,99.0,1.0,31.0,23.0,5.0,1.0,1628.0,0.0,0.0,0.0,3.0,0.0,0.0,6.0,184.0,425.0,925.0,1166.0,133.0,14.0,324.0,1657.0,28.0,28.0,0.0,188.0,119.0,2.0,Midfielder,204.6
1812.0,Javier Muñoz Jiménez,Javi Muñoz,male,1995-02-28T00:00:00+00:00,69.0,175.0,SD Eibar,EIB,https://assets.laliga.com/assets/2019/06/07/medium/eibar.png,14.0,Midfielder,https://assets.laliga.com/squad/2021/t953/p198221/512x556/p198221_t953_2021_1_001_000.png,13.0,39.0,2.0,0.0,6.0,0.0,6.0,140.0,2.0,43.0,46.0,50.0,2.0,1751.0,0.0,0.0,0.0,7.0,0.0,10.0,20.0,126.0,956.0,638.0,1420.0,26.0,45.0,516.0,1857.0,76.0,13.0,30.0,115.0,196.0,12.0,Defender,203.70000000000002
12130.0,Ronald Araújo,R. Araujo,male,1999-03-07T00:00:00+00:00,79.0,188.0,FC Barcelona,BAR,https://assets.laliga.com/assets/2019/06/07/medium/barcelona.png,4.0,Defender,https://assets.laliga.com/squad/2021/t178/p445087/512x556/p445087_t178_2021_1_001_000.png,60.0,30.0,0.0,0.0,20.0,0.0,6.0,119.0,4.0,29.0,23.0,8.0,1.0,1559.0,0.0,0.0,0.0,10.0,0.0,3.0,6.0,85.0,472.0,980.0,1364.0,59.0,25.0,198.0,1607.0,41.0,29.0,2.0,80.0,78.0,6.0,Defender,201.10000000000002
1630.0,David García,David García,male,1994-02-14T00:00:00+00:00,72.0,185.0,CA Osasuna,OSA,https://assets.laliga.com/assets/2019/06/07/medium/osasuna.png,5.0,Defender,https://assets.laliga.com/squad/2021/t450/p98851/512x556/p98851_t450_2021_1_001_000.png,136.0,35.0,0.0,0.0,21.0,0.0,12.0,186.0,4.0,45.0,52.0,9.0,0.0,1422.0,0.0,0.0,0.0,4.0,0.0,0.0,3.0,122.0,443.0,726.0,1047.0,166.0,53.0,313.0,1461.0,28.0,57.0,1.0,123.0,169.0,8.0,Forward,201.00000000000003
1283.0,David Goldar,Goldar,male,1994-09-15T00:00:00+00:00,77.0,180.0,UD Ibiza,IBI,https://assets.laliga.com/assets/2021/06/24/medium/d7bc0d2c9bf06afd6b5ace9d62771713.png,4.0,Defender,https://assets.laliga.com/squad/2021/t16203/p181391/512x556/p181391_t16203_2021_1_001_000.png,111.0,36.0,0.0,0.0,25.0,0.0,7.0,165.0,7.0,52.0,31.0,5.0,1.0,1717.0,0.0,0.0,0.0,12.0,0.0,0.0,7.0,117.0,351.0,1108.0,1342.0,106.0,42.0,364.0,1781.0,22.0,55.0,2.0,162.0,160.0,7.0,Goalkeeper,198.45000000000002
15087.0,Arnau Martinez,Arnau,male,2003-04-25T00:00:00+00:00,,,Girona FC,GIR,https://assets.laliga.com/assets/2019/06/07/medium/girona.png,38.0,Defender,https://assets.laliga.com/squad/2021/t2893/p517333/512x556/p517333_t2893_2021_1_001_000.png,59.0,38.0,5.0,0.0,10.0,0.0,11.0,285.0,1.0,36.0,36.0,29.0,9.0,1452.0,0.0,0.0,0.0,8.0,0.0,19.0,40.0,42.0,615.0,557.0,1111.0,63.0,31.0,535.0,1475.0,97.0,82.0,30.0,83.0,239.0,3.0,Forward,198.40000000000003
6007.0,Eduardo Expósito Jaén,Edu Expósito,male,1996-08-01T00:00:00+00:00,68.0,178.0,SD Eibar,EIB,https://assets.laliga.com/assets/2019/06/07/medium/eibar.png,10.0,Midfielder,https://assets.laliga.com/squad/2021/t953/p420909/512x556/p420909_t953_2021_1_001_000.png,41.0,42.0,5.0,3.0,9.0,0.0,6.0,220.0,7.0,43.0,20.0,53.0,2.0,1629.0,0.0,0.0,0.0,35.0,0.0,12.0,63.0,101.0,933.0,517.0,1322.0,21.0,31.0,584.0,1731.0,47.0,69.0,39.0,61.0,247.0,3.0,Defender,198.05000000000004
6340.0,Pedro Díaz,Pedro Diaz,male,1998-06-05T00:00:00+00:00,75.0,180.0,Real Sporting,SPO,https://assets.laliga.com/assets/2019/06/07/medium/sporting.png,8.0,Midfielder,https://assets.laliga.com/squad/2021/t616/p435065/512x556/p435065_t616_2021_1_001_000.png,20.0,42.0,2.0,7.0,8.0,0.0,4.0,190.0,4.0,39.0,32.0,33.0,0.0,1801.0,0.0,0.0,0.0,19.0,0.0,2.0,51.0,157.0,796.0,737.0,1363.0,12.0,39.0,575.0,1888.0,76.0,24.0,26.0,137.0,231.0,3.0,Defender,196.75000000000006
3956.0,Javier Galán Gil,Javi Galan,male,1994-11-19T00:00:00+00:00,70.0,172.0,RC Celta,CEL,https://assets.laliga.com/assets/2019/06/07/medium/celta.png,17.0,Midfielder,https://assets.laliga.com/squad/2021/t176/p219717/512x556/p219717_t176_2021_1_001_000.png,25.0,37.0,3.0,1.0,8.0,0.0,12.0,293.0,0.0,43.0,45.0,20.0,11.0,1596.0,0.0,0.0,0.0,5.0,0.0,30.0,85.0,75.0,666.0,694.0,1255.0,39.0,54.0,643.0,1623.0,108.0,40.0,40.0,100.0,193.0,9.0,Defender,196.64999999999998
3455.0,Raúl Albiol,R. Albiol,male,1985-09-04T00:00:00+00:00,74.0,187.0,Villarreal CF,VIL,https://assets.laliga.com/assets/2019/06/07/medium/villarreal.png,3.0,Defender,https://assets.laliga.com/squad/2021/t449/p18003/512x556/p18003_t449_2021_1_001_000.png,42.0,28.0,0.0,0.0,15.0,0.0,11.0,82.0,0.0,25.0,21.0,4.0,2.0,1499.0,0.0,0.0,0.0,1.0,0.0,0.0,3.0,131.0,393.0,945.0,1207.0,124.0,18.0,235.0,1555.0,26.0,8.0,1.0,114.0,103.0,8.0,Goalkeeper,192.45000000000002
13273.0,Alejandro Francés,A. Frances,male,2002-08-01T00:00:00+00:00,,180.0,Real Zaragoza,ZAR,https://assets.laliga.com/assets/2019/06/07/medium/zaragoza.png,6.0,Defender,https://assets.laliga.com/squad/2021/t190/p495126/512x556/p495126_t190_2021_1_001_000.png,57.0,33.0,1.0,0.0,23.0,0.0,9.0,154.0,1.0,36.0,56.0,12.0,0.0,1624.0,0.0,0.0,0.0,9.0,0.0,8.0,12.0,154.0,488.0,879.0,1205.0,114.0,46.0,438.0,1707.0,47.0,43.0,6.0,204.0,144.0,8.0,Midfielder,192.20000000000005
4048.0,Unai Elgezabal,Elgezabal,male,1993-04-25T00:00:00+00:00,74.0,185.0,Burgos CF,BUR,https://assets.laliga.com/assets/2021/06/24/medium/8de24d38ab1472bbae1620d36582d7bd.png,14.0,Defender,https://assets.laliga.com/squad/2021/t951/p219885/512x556/p219885_t951_2021_1_001_000.png,151.0,39.0,1.0,0.0,20.0,0.0,13.0,244.0,1.0,33.0,40.0,10.0,0.0,1258.0,0.0,0.0,0.0,6.0,0.0,0.0,3.0,85.0,419.0,560.0,894.0,121.0,45.0,350.0,1292.0,63.0,29.0,3.0,89.0,224.0,12.0,Forward,190.2
8904.0,Joseph Aidoo,Aidoo Jr,male,1995-09-29T00:00:00+00:00,80.0,180.0,RC Celta,CEL,https://assets.laliga.com/assets/2019/06/07/medium/celta.png,15.0,Defender,https://assets.laliga.com/squad/2021/t176/p210171/512x556/p210171_t176_2021_1_001_000.png,62.0,32.0,0.0,0.0,13.0,0.0,8.0,128.0,0.0,31.0,38.0,6.0,1.0,1528.0,0.0,0.0,0.0,1.0,0.0,1.0,9.0,112.0,384.0,869.0,1140.0,95.0,10.0,319.0,1541.0,39.0,12.0,2.0,131.0,158.0,1.0,Defender,188.4
8048.0,Néstor Araújo,Nestor,male,1991-08-29T00:00:00+00:00,87.0,188.0,RC Celta,CEL,https://assets.laliga.com/assets/2019/06/07/medium/celta.png,4.0,Defender,https://assets.laliga.com/squad/2021/t176/p100868/512x556/p100868_t176_2021_1_001_000.png,64.0,34.0,0.0,0.0,10.0,0.0,9.0,100.0,0.0,30.0,27.0,2.0,0.0,1506.0,0.0,0.0,0.0,1.0,0.0,1.0,5.0,88.0,329.0,994.0,1234.0,102.0,19.0,247.0,1544.0,22.0,14.0,3.0,105.0,117.0,4.0,Midfielder,187.60000000000002
7251.0,Juan Brandáriz Movilla,Chumi,male,1999-03-02T00:00:00+00:00,78.0,186.0,UD Almería,ALM,https://assets.laliga.com/assets/2019/06/07/medium/almeria.png,21.0,Defender,https://assets.laliga.com/squad/2021/t1564/p227162/512x556/p227162_t1564_2021_1_001_000.png,36.0,25.0,0.0,0.0,16.0,0.0,9.0,63.0,1.0,18.0,29.0,1.0,1.0,1431.0,0.0,0.0,0.0,1.0,0.0,0.0,4.0,53.0,379.0,930.0,1256.0,77.0,14.0,202.0,1491.0,19.0,14.0,2.0,83.0,99.0,1.0,Goalkeeper,186.59999999999997
13139.0,Frederico André Ferrão Venâncio,F. Venancio,male,1993-02-04T00:00:00+00:00,82.0,186.0,SD Eibar,EIB,https://assets.laliga.com/assets/2019/06/07/medium/eibar.png,3.0,Defender,https://assets.laliga.com/squad/2021/t953/p125466/512x556/p125466_t953_2021_1_001_000.png,72.0,29.0,0.0,0.0,20.0,0.0,12.0,118.0,0.0,20.0,28.0,6.0,1.0,1349.0,0.0,0.0,0.0,3.0,0.0,0.0,4.0,103.0,280.0,885.0,1062.0,143.0,22.0,229.0,1386.0,31.0,23.0,1.0,100.0,121.0,7.0,Forward,185.0
997.0,Lucas Torró,Torró,male,1994-07-19T00:00:00+00:00,77.0,190.0,CA Osasuna,OSA,https://assets.laliga.com/assets/2019/06/07/medium/osasuna.png,24.0,Midfielder,https://assets.laliga.com/squad/2021/t450/p111232/512x556/p111232_t450_2021_1_001_000.png,131.0,33.0,0.0,0.0,11.0,0.0,10.0,272.0,1.0,36.0,47.0,9.0,1.0,1263.0,0.0,0.0,0.0,9.0,0.0,0.0,22.0,48.0,566.0,423.0,941.0,53.0,55.0,354.0,1272.0,71.0,38.0,3.0,55.0,228.0,10.0,Defender,185.0
16155.0,Aitor Córdoba,Córdoba,male,1995-05-21T00:00:00+00:00,,,Burgos CF,BUR,https://assets.laliga.com/assets/2021/06/24/medium/8de24d38ab1472bbae1620d36582d7bd.png,18.0,Defender,https://assets.laliga.com/squad/2021/t951/p198715/512x556/p198715_t951_2021_1_001_000.png,87.0,38.0,0.0,0.0,19.0,0.0,13.0,170.0,2.0,35.0,65.0,3.0,0.0,1160.0,0.0,0.0,0.0,6.0,0.0,1.0,12.0,120.0,316.0,584.0,779.0,180.0,23.0,310.0,1190.0,64.0,32.0,4.0,157.0,134.0,5.0,Midfielder,179.89999999999998
1961.0,David Fernández,David Fdez.,male,1985-04-06T00:00:00+00:00,77.0,186.0,AD Alcorcón,ALC,https://assets.laliga.com/assets/2019/06/07/medium/alcorcon.png,19.0,Defender,https://assets.laliga.com/squad/2021/t5233/p49808/512x556/p49808_t5233_2021_1_001_000.png,87.0,36.0,0.0,0.0,23.0,0.0,7.0,133.0,1.0,51.0,52.0,5.0,1.0,1399.0,0.0,0.0,0.0,3.0,0.0,2.0,8.0,93.0,282.0,928.0,1115.0,125.0,17.0,322.0,1467.0,23.0,28.0,1.0,106.0,153.0,1.0,Goalkeeper,178.20000000000002
1882.0,Stefan Savic,Savić,male,1991-01-08T00:00:00+00:00,81.0,187.0,Atlético de Madrid,ATM,https://assets.laliga.com/assets/2019/06/07/medium/atletico.png,15.0,Defender,https://assets.laliga.com/squad/2021/t175/p65807/512x556/p65807_t175_2021_1_001_000.png,72.0,28.0,0.0,0.0,12.0,0.0,11.0,147.0,0.0,24.0,37.0,3.0,3.0,1332.0,0.0,0.0,0.0,5.0,0.0,0.0,8.0,106.0,361.0,772.0,1027.0,97.0,30.0,263.0,1376.0,46.0,26.0,1.0,130.0,113.0,12.0,Defender,177.25
8640.0,Mathieu Peybernes,Peybernes,male,1990-10-21T00:00:00+00:00,78.0,186.0,Málaga CF,MGA,https://assets.laliga.com/assets/2019/06/07/medium/malaga.png,17.0,Defender,https://assets.laliga.com/squad/2021/t182/p57129/512x556/p57129_t182_2021_1_001_000.png,41.0,34.0,0.0,0.0,20.0,0.0,9.0,91.0,2.0,44.0,30.0,2.0,5.0,1477.0,0.0,0.0,0.0,2.0,0.0,0.0,1.0,108.0,294.0,963.0,1149.0,153.0,23.0,314.0,1547.0,31.0,19.0,1.0,175.0,115.0,7.0,Midfielder,174.0
1466.0,Andrés José Rodríguez Gaitán,Andy,male,1990-01-30T00:00:00+00:00,79.0,185.0,Burgos CF,BUR,https://assets.laliga.com/assets/2021/06/24/medium/8de24d38ab1472bbae1620d36582d7bd.png,17.0,Defender,https://assets.laliga.com/squad/2021/t951/p116075/512x556/p116075_t951_2021_1_001_000.png,88.0,40.0,5.0,6.0,11.0,0.0,6.0,155.0,1.0,33.0,24.0,58.0,1.0,1311.0,0.0,0.0,0.0,6.0,0.0,6.0,7.0,131.0,637.0,575.0,1013.0,47.0,33.0,436.0,1401.0,45.0,12.0,5.0,73.0,184.0,3.0,Midfielder,171.40000000000003
8737.0,Martin Valjent,Valjent,male,1995-12-11T00:00:00+00:00,70.0,187.0,RCD Mallorca,MLL,https://assets.laliga.com/assets/2019/06/07/medium/mallorca.png,24.0,Defender,https://assets.laliga.com/squad/2021/t181/p170116/512x556/p170116_t181_2021_1_001_000.png,60.0,36.0,0.0,0.0,26.0,0.0,9.0,102.0,0.0,59.0,31.0,6.0,1.0,1286.0,0.0,0.0,0.0,1.0,0.0,0.0,4.0,126.0,306.0,801.0,981.0,171.0,26.0,281.0,1363.0,31.0,10.0,2.0,151.0,105.0,4.0,Goalkeeper,169.45000000000005
6384.0,Marcos Acuña,Acuña,male,1991-10-28T00:00:00+00:00,69.0,172.0,Sevilla FC,SEV,https://assets.laliga.com/assets/2019/06/07/medium/sevilla.png,19.0,Defender,https://assets.laliga.com/squad/2021/t179/p169813/512x556/p169813_t179_2021_1_001_000.png,22.0,31.0,3.0,1.0,5.0,0.0,10.0,164.0,1.0,13.0,14.0,40.0,0.0,1493.0,0.0,0.0,0.0,6.0,0.0,32.0,44.0,114.0,607.0,743.0,1190.0,20.0,38.0,513.0,1549.0,50.0,19.0,22.0,91.0,154.0,10.0,Defender,169.24999999999997
4683.0,Santiago Comesaña,Santi C.v.,male,1996-10-05T00:00:00+00:00,75.0,184.0,Rayo Vallecano,RAY,https://assets.laliga.com/assets/2019/06/07/medium/rayo.png,6.0,Midfielder,https://assets.laliga.com/squad/2021/t184/p230071/512x556/p230071_t184_2021_1_001_000.png,59.0,35.0,2.0,1.0,6.0,0.0,2.0,247.0,1.0,34.0,33.0,25.0,1.0,1412.0,0.0,1.0,0.0,5.0,0.0,3.0,48.0,86.0,649.0,565.0,1125.0,29.0,60.0,365.0,1464.0,87.0,58.0,16.0,47.0,206.0,10.0,Defender,168.45
516.0,Sergi Gómez,S. Gómez,male,1992-03-28T00:00:00+00:00,80.0,185.0,RCD Espanyol de Barcelona,ESP,https://assets.laliga.com/assets/2019/06/07/medium/espanyol.png,24.0,Defender,https://assets.laliga.com/squad/2021/t177/p86151/512x556/p86151_t177_2021_1_001_000.png,39.0,31.0,1.0,0.0,23.0,0.0,7.0,77.0,1.0,47.0,40.0,2.0,0.0,1320.0,0.0,0.0,0.0,3.0,1.0,0.0,1.0,85.0,288.0,872.0,1075.0,118.0,11.0,218.0,1368.0,33.0,15.0,0.0,133.0,75.0,1.0,Goalkeeper,167.3
4720.0,Luis Pérez,L. Pérez,male,1995-02-04T00:00:00+00:00,68.0,173.0,Real Valladolid CF,VLL,https://assets.laliga.com/assets/2019/06/07/medium/valladolid.png,2.0,Defender,https://assets.laliga.com/squad/2021/t192/p230029/512x556/p230029_t192_2021_1_001_000.png,43.0,37.0,2.0,0.0,7.0,0.0,12.0,168.0,2.0,29.0,58.0,39.0,1.0,1255.0,0.0,0.0,0.0,6.0,0.0,39.0,19.0,55.0,579.0,476.0,961.0,57.0,33.0,526.0,1268.0,76.0,33.0,17.0,56.0,196.0,5.0,Midfielder,165.05000000000004
70.0,Karim Benzema,Benzema,male,1987-12-19T00:00:00+00:00,81.0,185.0,Real Madrid,RMA,https://assets.laliga.com/assets/2019/06/07/medium/real-madrid.png,9.0,Forward,https://assets.laliga.com/squad/2021/t186/p19927/512x556/p19927_t186_2021_1_001_000.png,18.0,32.0,8.0,3.0,0.0,0.0,8.0,74.0,27.0,23.0,4.0,50.0,31.0,1165.0,0.0,0.0,0.0,59.0,0.0,2.0,36.0,31.0,844.0,197.0,1008.0,13.0,13.0,277.0,1220.0,11.0,238.0,15.0,17.0,164.0,0.0,Defender,162.30000000000004
987.0,Jorge Pulido,J. Pulido,male,1991-04-08T00:00:00+00:00,72.0,186.0,SD Huesca,HUE,https://assets.laliga.com/assets/2019/06/07/medium/huesca.png,14.0,Defender,https://assets.laliga.com/squad/2021/t2894/p88925/512x556/p88925_t2894_2021_1_001_000.png,53.0,25.0,1.0,0.0,24.0,0.0,10.0,88.0,0.0,20.0,24.0,14.0,4.0,1238.0,0.0,1.0,0.0,1.0,0.0,3.0,4.0,84.0,346.0,762.0,1021.0,89.0,29.0,219.0,1299.0,20.0,36.0,4.0,96.0,98.0,7.0,Forward,162.15
19585.0,Imanol García de Albéniz,Imanol,male,2000-06-08T00:00:00+00:00,,,CD Mirandés,MIR,https://assets.laliga.com/assets/2019/06/07/medium/mirandes.png,19.0,Defender,https://assets.laliga.com/squad/2021/t5741/p470511/512x556/p470511_t5741_2021_1_001_000.png,34.0,34.0,5.0,6.0,11.0,0.0,6.0,136.0,2.0,45.0,33.0,41.0,11.0,1467.0,0.0,0.0,0.0,5.0,0.0,21.0,17.0,85.0,599.0,683.0,1165.0,51.0,20.0,555.0,1531.0,53.0,41.0,18.0,76.0,205.0,4.0,Goalkeeper,161.90000000000003
1683.0,Djené Dakonam,Djene,male,1991-12-31T00:00:00+00:00,72.0,187.0,Getafe CF,GET,https://assets.laliga.com/assets/2019/06/07/medium/getafe.png,2.0,Defender,https://assets.laliga.com/squad/2021/t1450/p149838/512x556/p149838_t1450_2021_1_001_000.png,53.0,35.0,1.0,0.0,5.0,0.0,13.0,150.0,0.0,37.0,59.0,9.0,1.0,1287.0,0.0,0.0,0.0,1.0,1.0,4.0,18.0,104.0,394.0,633.0,919.0,105.0,47.0,358.0,1320.0,44.0,12.0,0.0,162.0,135.0,11.0,Midfielder,160.49999999999997
8520.0,Francisco Gámez López,Fran Gamez,male,1991-07-27T00:00:00+00:00,71.0,174.0,Real Zaragoza,ZAR,https://assets.laliga.com/assets/2019/06/07/medium/zaragoza.png,18.0,Defender,https://assets.laliga.com/squad/2021/t190/p455197/512x556/p455197_t190_2021_1_001_000.png,30.0,37.0,6.0,0.0,7.0,0.0,10.0,166.0,0.0,34.0,41.0,36.0,2.0,1384.0,0.0,1.0,0.0,6.0,0.0,26.0,27.0,80.0,670.0,434.0,998.0,42.0,30.0,604.0,1405.0,90.0,42.0,23.0,95.0,232.0,7.0,Midfielder,159.9
4523.0,Luis Milla,L. Milla,male,1994-10-07T00:00:00+00:00,67.0,175.0,Granada CF,GRA,https://assets.laliga.com/assets/2019/06/07/medium/granada.png,5.0,Midfielder,https://assets.laliga.com/squad/2021/t5683/p167742/512x556/p167742_t5683_2021_1_001_000.png,31.0,34.0,2.0,3.0,4.0,0.0,4.0,181.0,3.0,45.0,25.0,39.0,1.0,1215.0,0.0,0.0,0.0,6.0,0.0,14.0,28.0,91.0,642.0,506.0,1015.0,30.0,26.0,381.0,1323.0,59.0,23.0,10.0,77.0,140.0,4.0,Defender,159.50000000000003
12602.0,Aritz Arambarri,Arambarri,male,1998-01-31T00:00:00+00:00,76.0,186.0,R. Sociedad B,RSOB,https://assets.laliga.com/assets/2019/06/07/medium/real-sociedad.png,5.0,Defender,https://assets.laliga.com/squad/2021/t3567/p490310/512x556/p490310_t3567_2021_1_001_000.png,47.0,24.0,0.0,0.0,14.0,0.0,3.0,69.0,0.0,31.0,20.0,1.0,0.0,1389.0,0.0,0.0,0.0,0.0,0.0,0.0,0.0,49.0,328.0,915.0,1194.0,111.0,12.0,188.0,1419.0,15.0,6.0,2.0,101.0,75.0,5.0,Forward,158.9
687.0,Íñigo Martínez,I. Martinez,male,1991-05-17T00:00:00+00:00,76.0,182.0,Athletic Club,ATH,https://assets.laliga.com/assets/2019/06/07/medium/athletic.png,4.0,Defender,https://assets.laliga.com/squad/2021/t174/p90318/512x556/p90318_t174_2021_1_001_000.png,72.0,27.0,0.0,3.0,10.0,0.0,13.0,126.0,3.0,18.0,39.0,4.0,2.0,1112.0,0.0,1.0,0.0,9.0,1.0,3.0,2.0,121.0,340.0,608.0,824.0,137.0,33.0,271.0,1193.0,28.0,34.0,0.0,146.0,102.0,7.0,Defender,158.60000000000002
4642.0,Alejandro Pozo,Pozo,male,1999-02-22T00:00:00+00:00,70.0,174.0,UD Almería,ALM,https://assets.laliga.com/assets/2019/06/07/medium/almeria.png,17.0,Midfielder,https://assets.laliga.com/squad/2021/t1564/p234548/512x556/p234548_t1564_2021_1_001_000.png,25.0,39.0,3.0,0.0,9.0,0.0,6.0,142.0,3.0,29.0,43.0,50.0,1.0,1560.0,0.0,0.0,0.0,6.0,0.0,15.0,39.0,94.0,673.0,569.0,1132.0,41.0,25.0,644.0,1602.0,47.0,76.0,57.0,125.0,251.0,1.0,Defender,158.50000000000003
1714.0,Aritz Elustondo,Aritz,male,1994-03-28T00:00:00+00:00,71.0,180.0,Real Sociedad,RSO,https://assets.laliga.com/assets/2019/06/07/medium/real-sociedad.png,6.0,Defender,https://assets.laliga.com/squad/2021/t188/p200957/512x556/p200957_t188_2021_1_001_000.png,56.0,30.0,1.0,0.0,13.0,0.0,12.0,103.0,4.0,21.0,29.0,0.0,2.0,1102.0,0.0,0.0,0.0,7.0,1.0,0.0,6.0,70.0,297.0,655.0,882.0,85.0,18.0,208.0,1136.0,21.0,14.0,1.0,77.0,107.0,3.0,Goalkeeper,156.85000000000002
7034.0,Ferland Mendy,F. Mendy,male,1995-06-08T00:00:00+00:00,73.0,180.0,Real Madrid,RMA,https://assets.laliga.com/assets/2019/06/07/medium/real-madrid.png,23.0,Defender,https://assets.laliga.com/squad/2021/t186/p206255/512x556/p206255_t186_2021_1_001_000.png,11.0,22.0,1.0,0.0,2.0,0.0,5.0,94.0,2.0,12.0,18.0,19.0,3.0,1173.0,0.0,0.0,0.0,5.0,0.0,4.0,35.0,27.0,646.0,449.0,1064.0,20.0,15.0,179.0,1186.0,24.0,41.0,17.0,12.0,83.0,4.0,Midfielder,155.4
19029.0,Jon Ander Olasagasti,Olasagasti,male,2000-08-16T00:00:00+00:00,74.0,176.0,R. Sociedad B,RSOB,https://assets.laliga.com/assets/2019/06/07/medium/real-sociedad.png,4.0,Midfielder,https://assets.laliga.com/squad/2021/t3567/p513945/512x556/p513945_t3567_2021_1_001_000.png,48.0,33.0,0.0,1.0,6.0,0.0,4.0,157.0,4.0,46.0,31.0,20.0,1.0,1398.0,0.0,0.0,0.0,12.0,0.0,3.0,17.0,88.0,541.0,608.0,1047.0,36.0,28.0,413.0,1434.0,43.0,35.0,15.0,86.0,213.0,5.0,Defender,153.6
662.0,José Ignacio Martínez García,Nacho,male,1989-03-07T00:00:00+00:00,63.0,174.0,Real Valladolid CF,VLL,https://assets.laliga.com/assets/2019/06/07/medium/valladolid.png,22.0,Defender,https://assets.laliga.com/squad/2021/t192/p90394/512x556/p90394_t192_2021_1_001_000.png,19.0,34.0,4.0,5.0,8.0,0.0,11.0,101.0,2.0,28.0,38.0,79.0,4.0,1271.0,0.0,0.0,0.0,12.0,0.0,44.0,10.0,69.0,653.0,466.0,978.0,41.0,32.0,507.0,1319.0,45.0,69.0,14.0,107.0,165.0,6.0,Defender,153.45000000000002
12911.0,Alexandru Pascanu,Pascanu,male,1998-09-28T00:00:00+00:00,,187.0,SD Ponferradina,PON,https://assets.laliga.com/assets/2021/06/24/medium/20f0382ea9163a771b3e01bbe7cf78b7.png,4.0,Midfielder,https://assets.laliga.com/squad/2021/t3090/p215412/512x556/p215412_t3090_2021_1_001_000.png,60.0,36.0,0.0,0.0,23.0,0.0,6.0,118.0,2.0,42.0,40.0,5.0,0.0,1384.0,0.0,1.0,0.0,2.0,1.0,2.0,1.0,96.0,256.0,899.0,1057.0,146.0,31.0,299.0,1429.0,39.0,30.0,3.0,164.0,112.0,9.0,Defender,153.25000000000003
13123.0,Víctor Gómez,Victor G.,male,2000-04-01T00:00:00+00:00,69.0,166.0,Málaga CF,MGA,https://assets.laliga.com/assets/2019/06/07/medium/malaga.png,2.0,Defender,https://assets.laliga.com/squad/2021/t182/p437481/512x556/p437481_t182_2021_1_001_000.png,37.0,35.0,5.0,0.0,12.0,0.0,8.0,150.0,0.0,46.0,43.0,53.0,1.0,1360.0,0.0,1.0,0.0,4.0,0.0,38.0,24.0,109.0,635.0,530.0,1002.0,49.0,39.0,555.0,1439.0,45.0,28.0,15.0,129.0,199.0,7.0,Midfielder,151.75
13123.0,Víctor Gómez,Victor G.,male,2000-04-01T00:00:00+00:00,69.0,166.0,Málaga CF,MGA,https://assets.laliga.com/assets/2019/06/07/medium/malaga.png,2.0,Defender,https://assets.laliga.com/squad/2021/t182/p437481/512x556/p437481_t182_2021_1_001_000.png,37.0,35.0,5.0,0.0,12.0,0.0,8.0,150.0,0.0,46.0,43.0,53.0,1.0,1360.0,0.0,1.0,0.0,4.0,0.0,38.0,24.0,109.0,635.0,530.0,1002.0,49.0,39.0,555.0,1439.0,45.0,28.0,15.0,129.0,199.0,7.0,Forward,151.75
19561.0,Jeremy Mellot,Mellot,male,1994-03-28T00:00:00+00:00,77.0,178.0,CD Tenerife,TEN,https://assets.laliga.com/assets/2019/06/07/medium/tenerife.png,22.0,Defender,https://assets.laliga.com/squad/2021/t612/p487109/512x556/p487109_t612_2021_1_001_000.png,41.0,41.0,2.0,0.0,9.0,0.0,11.0,210.0,1.0,27.0,50.0,39.0,1.0,1129.0,0.0,1.0,0.0,2.0,0.0,32.0,22.0,75.0,471.0,401.0,765.0,94.0,32.0,553.0,1144.0,113.0,21.0,12.0,114.0,190.0,4.0,Forward,150.45000000000002
8556.0,Juan Fernández Blanco,Juan Ibiza,male,1995-08-17T00:00:00+00:00,78.0,187.0,UD Ibiza,IBI,https://assets.laliga.com/assets/2021/06/24/medium/d7bc0d2c9bf06afd6b5ace9d62771713.png,12.0,Defender,https://assets.laliga.com/squad/2021/t16203/p226112/512x556/p226112_t16203_2021_1_001_000.png,92.0,26.0,0.0,0.0,11.0,0.0,4.0,131.0,1.0,29.0,29.0,2.0,0.0,1321.0,0.0,0.0,0.0,6.0,0.0,0.0,2.0,52.0,231.0,931.0,1110.0,69.0,45.0,215.0,1351.0,27.0,28.0,2.0,83.0,106.0,9.0,Midfielder,150.0
14265.0,Josep Chavarría,Chavarría,male,1998-04-10T00:00:00+00:00,,,Real Zaragoza,ZAR,https://assets.laliga.com/assets/2019/06/07/medium/zaragoza.png,15.0,Defender,https://assets.laliga.com/squad/2021/t190/p498444/512x556/p498444_t190_2021_1_001_000.png,34.0,36.0,0.0,0.0,11.0,0.0,9.0,152.0,0.0,37.0,43.0,30.0,2.0,1433.0,0.0,0.0,0.0,1.0,0.0,35.0,23.0,86.0,534.0,623.0,1036.0,89.0,33.0,641.0,1476.0,58.0,23.0,22.0,141.0,213.0,7.0,Goalkeeper,149.95000000000002
7.0,Marc Bartra,Bartra,male,1991-01-15T00:00:00+00:00,70.0,184.0,Real Betis,BET,https://assets.laliga.com/assets/2019/06/07/medium/betis.png,5.0,Defender,https://assets.laliga.com/squad/2021/t185/p81138/512x556/p81138_t185_2021_1_001_000.png,61.0,23.0,0.0,0.0,22.0,0.0,8.0,121.0,1.0,24.0,33.0,4.0,0.0,1089.0,0.0,0.0,0.0,3.0,0.0,0.0,7.0,82.0,272.0,652.0,842.0,102.0,21.0,222.0,1121.0,39.0,26.0,1.0,111.0,86.0,5.0,Forward,149.2
1172.0,Rúben Miguel Nunes Vezo,Ruben Vezo,male,1994-04-25T00:00:00+00:00,80.0,182.0,Levante UD,LEV,https://assets.laliga.com/assets/2019/06/07/medium/levante.png,14.0,Defender,https://assets.laliga.com/squad/2021/t855/p116206/512x556/p116206_t855_2021_1_001_000.png,52.0,32.0,0.0,0.0,25.0,0.0,4.0,127.0,0.0,55.0,36.0,6.0,0.0,1183.0,0.0,0.0,0.0,4.0,0.0,0.0,5.0,92.0,314.0,729.0,951.0,101.0,35.0,234.0,1247.0,41.0,26.0,3.0,88.0,116.0,4.0,Defender,148.9
661.0,Anaitz Arbilla,Arbilla,male,1987-05-15T00:00:00+00:00,76.0,178.0,SD Eibar,EIB,https://assets.laliga.com/assets/2019/06/07/medium/eibar.png,23.0,Defender,https://assets.laliga.com/squad/2021/t953/p87026/512x556/p87026_t953_2021_1_001_000.png,37.0,24.0,0.0,4.0,6.0,0.0,7.0,85.0,0.0,21.0,30.0,3.0,0.0,1196.0,0.0,0.0,0.0,1.0,0.0,1.0,7.0,152.0,368.0,671.0,886.0,73.0,14.0,243.0,1249.0,28.0,4.0,2.0,131.0,80.0,5.0,Forward,148.89999999999998
14527.0,Jawad El Yamiq,J. El Yamiq,male,1992-02-29T00:00:00+00:00,83.0,190.0,Real Valladolid CF,VLL,https://assets.laliga.com/assets/2019/06/07/medium/valladolid.png,15.0,Defender,https://assets.laliga.com/squad/2021/t192/p241276/512x556/p241276_t192_2021_1_001_000.png,82.0,25.0,1.0,1.0,16.0,0.0,8.0,131.0,2.0,16.0,37.0,6.0,4.0,1010.0,0.0,0.0,0.0,5.0,0.0,0.0,9.0,83.0,247.0,642.0,806.0,115.0,20.0,192.0,1058.0,19.0,32.0,3.0,61.0,108.0,5.0,Forward,146.55
6235.0,Mathías Olivera,Olivera,male,1997-10-31T00:00:00+00:00,78.0,184.0,Getafe CF,GET,https://assets.laliga.com/assets/2019/06/07/medium/getafe.png,17.0,Defender,https://assets.laliga.com/squad/2021/t1450/p214966/512x556/p214966_t1450_2021_1_001_000.png,111.0,32.0,2.0,0.0,4.0,0.0,13.0,263.0,1.0,28.0,55.0,28.0,3.0,1032.0,0.0,0.0,0.0,7.0,0.0,12.0,27.0,33.0,461.0,306.0,722.0,55.0,55.0,547.0,1052.0,79.0,67.0,27.0,54.0,243.0,10.0,Midfielder,144.89999999999998
9743.0,Jon Moncayola,Moncayola,male,1998-05-13T00:00:00+00:00,86.0,189.0,CA Osasuna,OSA,https://assets.laliga.com/assets/2019/06/07/medium/osasuna.png,7.0,Midfielder,https://assets.laliga.com/squad/2021/t450/p477463/512x556/p477463_t450_2021_1_001_000.png,19.0,36.0,2.0,2.0,9.0,0.0,5.0,86.0,2.0,41.0,20.0,29.0,1.0,1246.0,0.0,0.0,0.0,12.0,0.0,18.0,13.0,104.0,596.0,493.0,954.0,35.0,20.0,366.0,1289.0,40.0,20.0,6.0,79.0,152.0,3.0,Defender,144.65
9529.0,Francisco José García Torres,Fran Garcia,male,1999-08-14T00:00:00+00:00,69.0,167.0,Rayo Vallecano,RAY,https://assets.laliga.com/assets/2019/06/07/medium/rayo.png,33.0,Defender,https://assets.laliga.com/squad/2021/t184/p227166/512x556/p227166_t184_2021_1_001_000.png,25.0,34.0,0.0,0.0,8.0,0.0,9.0,122.0,1.0,40.0,45.0,29.0,2.0,1200.0,0.0,0.0,0.0,8.0,0.0,29.0,22.0,59.0,529.0,478.0,919.0,45.0,24.0,477.0,1221.0,60.0,28.0,23.0,110.0,133.0,4.0,Midfielder,144.25
1197.0,Sergio González,Sergio G.,male,1992-04-20T00:00:00+00:00,81.0,188.0,CD Leganés,LEG,https://assets.laliga.com/assets/2019/06/07/medium/leganes.png,6.0,Defender,https://assets.laliga.com/squad/2021/t957/p178355/512x556/p178355_t957_2021_1_001_000.png,55.0,26.0,1.0,0.0,13.0,0.0,7.0,104.0,1.0,32.0,29.0,3.0,2.0,1138.0,0.0,0.0,0.0,4.0,1.0,0.0,4.0,117.0,293.0,710.0,886.0,56.0,22.0,201.0,1189.0,28.0,17.0,0.0,85.0,101.0,6.0,Goalkeeper,143.65
1973.0,David Morillas,Morillas,male,1986-09-28T00:00:00+00:00,75.0,186.0,UD Ibiza,IBI,https://assets.laliga.com/assets/2021/06/24/medium/d7bc0d2c9bf06afd6b5ace9d62771713.png,3.0,Defender,https://assets.laliga.com/squad/2021/t16203/p89563/512x556/p89563_t16203_2021_1_001_000.png,27.0,27.0,0.0,0.0,2.0,0.0,7.0,97.0,0.0,22.0,30.0,17.0,0.0,1345.0,0.0,0.0,0.0,1.0,0.0,13.0,14.0,93.0,438.0,668.0,993.0,45.0,19.0,415.0,1389.0,38.0,9.0,5.0,127.0,176.0,6.0,Forward,143.25
1956.0,Mario Hermoso,M. Hermoso,male,1995-06-18T00:00:00+00:00,75.0,184.0,Atlético de Madrid,ATM,https://assets.laliga.com/assets/2019/06/07/medium/atletico.png,22.0,Defender,https://assets.laliga.com/squad/2021/t175/p213431/512x556/p213431_t175_2021_1_001_000.png,49.0,26.0,1.0,0.0,3.0,0.0,5.0,98.0,2.0,30.0,29.0,8.0,1.0,1153.0,0.0,0.0,0.0,5.0,1.0,5.0,8.0,99.0,447.0,588.0,931.0,46.0,26.0,203.0,1184.0,30.0,27.0,3.0,57.0,97.0,6.0,Midfielder,142.60000000000002
9680.0,Emerson Aparecido Leite de Souza Junior,E. Royal,male,1999-01-14T00:00:00+00:00,79.0,181.0,Spurs,TOT,https://assets.laliga.com/assets/2021/03/11/medium/tottenham.png,12.0,Defender,,33.0,31.0,1.0,0.0,2.0,0.0,5.0,167.0,1.0,26.0,22.0,27.0,2.0,1120.0,0.0,0.0,0.0,4.0,0.0,18.0,17.0,18.0,488.0,465.0,917.0,78.0,28.0,343.0,1136.0,72.0,60.0,17.0,41.0,160.0,5.0,Defender,141.4
14080.0,José Manuel Arias Copete,Copete,male,1999-10-10T00:00:00+00:00,,190.0,SD Ponferradina,PON,https://assets.laliga.com/assets/2021/06/24/medium/20f0382ea9163a771b3e01bbe7cf78b7.png,27.0,Defender,https://assets.laliga.com/squad/2021/t3090/p500759/512x556/p500759_t3090_2021_1_001_000.png,43.0,28.0,1.0,0.0,18.0,0.0,6.0,122.0,1.0,31.0,55.0,5.0,0.0,1185.0,0.0,0.0,0.0,3.0,2.0,0.0,8.0,99.0,309.0,680.0,890.0,132.0,27.0,261.0,1225.0,47.0,15.0,2.0,128.0,108.0,10.0,Midfielder,139.5
11990.0,Odei Onaindia,Odei,male,1989-12-07T00:00:00+00:00,72.0,180.0,CD Mirandés,MIR,https://assets.laliga.com/assets/2019/06/07/medium/mirandes.png,5.0,Defender,https://assets.laliga.com/squad/2021/t5741/p198424/512x556/p198424_t5741_2021_1_001_000.png,46.0,27.0,0.0,0.0,17.0,0.0,6.0,88.0,0.0,32.0,38.0,4.0,0.0,993.0,0.0,0.0,0.0,0.0,0.0,0.0,2.0,38.0,180.0,740.0,882.0,104.0,18.0,141.0,1051.0,29.0,15.0,0.0,63.0,68.0,2.0,Midfielder,138.9
6943.0,Andoni Gorosabel,Gorosabel,male,1996-08-04T00:00:00+00:00,73.0,174.0,Real Sociedad,RSO,https://assets.laliga.com/assets/2019/06/07/medium/real-sociedad.png,18.0,Defender,https://assets.laliga.com/squad/2021/t188/p235227/512x556/p235227_t188_2021_1_001_000.png,22.0,32.0,3.0,0.0,3.0,0.0,6.0,105.0,0.0,22.0,18.0,18.0,0.0,1114.0,0.0,0.0,0.0,1.0,0.0,16.0,18.0,31.0,551.0,431.0,935.0,42.0,27.0,312.0,1138.0,47.0,33.0,16.0,38.0,134.0,4.0,Goalkeeper,138.49999999999997
6229.0,Mauro Arambarri,M. Arambarri,male,1995-09-30T00:00:00+00:00,74.0,175.0,Getafe CF,GET,https://assets.laliga.com/assets/2019/06/07/medium/getafe.png,18.0,Midfielder,https://assets.laliga.com/squad/2021/t1450/p171222/512x556/p171222_t1450_2021_1_001_000.png,28.0,31.0,4.0,2.0,5.0,0.0,12.0,169.0,0.0,27.0,32.0,40.0,0.0,1079.0,0.0,0.0,0.0,8.0,0.0,7.0,32.0,125.0,513.0,418.0,762.0,13.0,51.0,431.0,1143.0,62.0,17.0,18.0,78.0,178.0,13.0,Defender,137.15000000000003
494.0,Marc Valiente,M. Valiente,male,1987-03-29T00:00:00+00:00,71.0,187.0,Real Sporting,SPO,https://assets.laliga.com/assets/2019/06/07/medium/sporting.png,4.0,Defender,https://assets.laliga.com/squad/2021/t616/p40835/512x556/p40835_t616_2021_1_001_000.png,23.0,16.0,1.0,0.0,15.0,0.0,3.0,35.0,1.0,17.0,14.0,4.0,1.0,1075.0,0.0,0.0,0.0,1.0,0.0,0.0,0.0,47.0,256.0,785.0,994.0,76.0,9.0,57.0,1096.0,11.0,7.0,0.0,19.0,36.0,2.0,Defender,135.75
1902.0,Germán Pezzella,Pezzella,male,1991-06-27T00:00:00+00:00,82.0,187.0,Real Betis,BET,https://assets.laliga.com/assets/2019/06/07/medium/betis.png,16.0,Defender,https://assets.laliga.com/squad/2021/t185/p121220/512x556/p121220_t185_2021_1_001_000.png,58.0,23.0,0.0,0.0,18.0,0.0,8.0,88.0,1.0,20.0,39.0,0.0,2.0,980.0,0.0,0.0,0.0,6.0,1.0,1.0,3.0,24.0,177.0,718.0,870.0,102.0,26.0,138.0,1023.0,21.0,28.0,0.0,60.0,69.0,5.0,Defender,135.15000000000003
4511.0,José María Amo,Amo,male,1998-04-09T00:00:00+00:00,,181.0,SD Ponferradina,PON,https://assets.laliga.com/assets/2021/06/24/medium/20f0382ea9163a771b3e01bbe7cf78b7.png,5.0,Defender,https://assets.laliga.com/squad/2021/t3090/p179269/512x556/p179269_t3090_2021_1_001_000.png,66.0,32.0,0.0,0.0,22.0,0.0,5.0,108.0,0.0,35.0,36.0,1.0,0.0,1138.0,0.0,0.0,0.0,0.0,0.0,0.0,3.0,97.0,308.0,660.0,871.0,111.0,37.0,226.0,1179.0,25.0,6.0,0.0,111.0,100.0,11.0,Midfielder,134.9
12678.0,Sergio Carreira,S. Carreira,male,2000-10-13T00:00:00+00:00,70.0,170.0,CD Mirandés,MIR,https://assets.laliga.com/assets/2019/06/07/medium/mirandes.png,2.0,Defender,https://assets.laliga.com/squad/2021/t5741/p439871/512x556/p439871_t5741_2021_1_001_000.png,14.0,38.0,2.0,0.0,4.0,0.0,5.0,110.0,1.0,47.0,25.0,43.0,11.0,1381.0,0.0,0.0,0.0,6.0,0.0,18.0,33.0,47.0,643.0,460.0,1037.0,36.0,16.0,578.0,1412.0,39.0,60.0,30.0,88.0,240.0,3.0,Forward,134.7
9681.0,Alfonso Espino,A. Espino,male,1992-01-05T00:00:00+00:00,71.0,172.0,Cádiz CF,CAD,https://assets.laliga.com/assets/2019/06/07/medium/cadiz.png,22.0,Defender,https://assets.laliga.com/squad/2021/t1737/p178424/512x556/p178424_t1737_2021_1_001_000.png,46.0,37.0,2.0,0.0,10.0,0.0,12.0,220.0,2.0,51.0,54.0,33.0,6.0,1232.0,0.0,0.0,0.0,7.0,0.0,27.0,24.0,81.0,445.0,406.0,740.0,76.0,50.0,756.0,1274.0,107.0,45.0,23.0,174.0,279.0,6.0,Goalkeeper,133.89999999999998
58.0,Daniel Carvajal,Carvajal,male,1992-01-11T00:00:00+00:00,73.0,173.0,Real Madrid,RMA,https://assets.laliga.com/assets/2019/06/07/medium/real-madrid.png,2.0,Defender,https://assets.laliga.com/squad/2021/t186/p88483/512x556/p88483_t186_2021_1_001_000.png,14.0,24.0,3.0,0.0,8.0,0.0,6.0,78.0,1.0,13.0,20.0,22.0,0.0,991.0,0.0,0.0,0.0,2.0,0.0,9.0,10.0,43.0,468.0,421.0,837.0,32.0,19.0,217.0,1007.0,43.0,40.0,8.0,21.0,106.0,1.0,Midfielder,133.0
6153.0,Julián Delmás,Delmas,male,1995-04-20T00:00:00+00:00,61.0,173.0,FC Cartagena,CAR,https://assets.laliga.com/assets/2022/02/11/medium/1628caa9b2002a11e564eb84b3677f78.png,22.0,Defender,https://assets.laliga.com/squad/2021/t3554/p433211/512x556/p433211_t3554_2021_1_001_000.png,36.0,39.0,4.0,0.0,11.0,0.0,11.0,155.0,3.0,48.0,24.0,35.0,3.0,1288.0,0.0,0.0,0.0,7.0,0.0,30.0,31.0,56.0,496.0,534.0,944.0,68.0,43.0,631.0,1326.0,48.0,38.0,15.0,111.0,215.0,9.0,Forward,132.85000000000002
6014.0,Ignacio Vidal Miralles,Nacho Vidal,male,1995-01-24T00:00:00+00:00,75.0,180.0,CA Osasuna,OSA,https://assets.laliga.com/assets/2019/06/07/medium/osasuna.png,2.0,Defender,https://assets.laliga.com/squad/2021/t450/p230598/512x556/p230598_t450_2021_1_001_000.png,71.0,35.0,1.0,0.0,14.0,0.0,10.0,208.0,0.0,40.0,58.0,20.0,3.0,1072.0,0.0,0.0,0.0,1.0,0.0,10.0,23.0,73.0,427.0,356.0,699.0,71.0,48.0,530.0,1088.0,83.0,34.0,25.0,94.0,222.0,9.0,Forward,132.8
14548.0,Unai Vencedor,Vencedor,male,2000-11-15T00:00:00+00:00,71.0,176.0,Athletic Club,ATH,https://assets.laliga.com/assets/2019/06/07/medium/athletic.png,16.0,Midfielder,https://assets.laliga.com/squad/2021/t174/p439768/512x556/p439768_t174_2021_1_001_000.png,23.0,34.0,0.0,0.0,13.0,0.0,3.0,108.0,0.0,26.0,19.0,15.0,0.0,1220.0,0.0,0.0,0.0,2.0,0.0,6.0,25.0,98.0,610.0,403.0,907.0,20.0,28.0,349.0,1254.0,26.0,24.0,5.0,78.0,171.0,4.0,Defender,132.65
4091.0,Álvaro Tejero,A. Tejero,male,1996-07-20T00:00:00+00:00,69.0,174.0,SD Eibar,EIB,https://assets.laliga.com/assets/2019/06/07/medium/eibar.png,15.0,Defender,https://assets.laliga.com/squad/2021/t953/p199244/512x556/p199244_t953_2021_1_001_000.png,29.0,35.0,5.0,2.0,0.0,0.0,7.0,108.0,3.0,36.0,28.0,50.0,0.0,1288.0,0.0,1.0,0.0,11.0,0.0,47.0,15.0,106.0,580.0,499.0,925.0,51.0,38.0,502.0,1316.0,35.0,41.0,18.0,89.0,196.0,6.0,Forward,131.45000000000002
437.0,Andrés Fernández,Andrés Fdez.,male,1986-12-16T00:00:00+00:00,82.0,187.0,SD Huesca,HUE,https://assets.laliga.com/assets/2019/06/07/medium/huesca.png,1.0,Goalkeeper,https://assets.laliga.com/squad/2021/t2894/p51792/512x556/p51792_t2894_2021_1_001_000.png,7.0,42.0,0.0,0.0,0.0,13.0,17.0,12.0,0.0,44.0,0.0,0.0,0.0,614.0,1.0,0.0,126.0,0.0,0.0,0.0,1.0,204.0,102.0,756.0,654.0,45.0,0.0,262.0,1113.0,1.0,0.0,0.0,250.0,5.0,2.0,Defender,131.15000000000003
864.0,Víctor Laguardia,Laguardia,male,1989-11-05T00:00:00+00:00,80.0,185.0,Deportivo Alavés,ALA,https://assets.laliga.com/assets/2020/09/01/medium/27002754a98bf535807fe49a24cc63ea.png,5.0,Defender,https://assets.laliga.com/squad/2021/t173/p49370/512x556/p49370_t173_2021_1_001_000.png,63.0,34.0,2.0,0.0,24.0,0.0,5.0,97.0,3.0,56.0,27.0,3.0,4.0,1152.0,0.0,0.0,0.0,5.0,0.0,0.0,0.0,167.0,304.0,626.0,763.0,145.0,21.0,327.0,1236.0,29.0,20.0,0.0,169.0,137.0,9.0,Goalkeeper,131.10000000000002
562.0,José Giménez,J. M. Giménez,male,1995-01-20T00:00:00+00:00,80.0,185.0,Atlético de Madrid,ATM,https://assets.laliga.com/assets/2019/06/07/medium/atletico.png,2.0,Defender,https://assets.laliga.com/squad/2021/t175/p151883/512x556/p151883_t175_2021_1_001_000.png,43.0,24.0,0.0,0.0,19.0,0.0,9.0,88.0,1.0,22.0,25.0,4.0,2.0,879.0,0.0,0.0,0.0,7.0,0.0,0.0,8.0,75.0,202.0,617.0,744.0,94.0,11.0,123.0,923.0,18.0,26.0,4.0,51.0,53.0,8.0,Goalkeeper,130.60000000000002
366.0,Pedro Alcalá,Alcalá,male,1989-03-19T00:00:00+00:00,93.0,196.0,FC Cartagena,CAR,https://assets.laliga.com/assets/2022/02/11/medium/1628caa9b2002a11e564eb84b3677f78.png,3.0,Defender,https://assets.laliga.com/squad/2021/t3554/p67759/512x556/p67759_t3554_2021_1_001_000.png,77.0,27.0,0.0,2.0,16.0,0.0,5.0,121.0,0.0,29.0,26.0,5.0,1.0,1104.0,0.0,0.0,0.0,3.0,0.0,1.0,1.0,83.0,206.0,702.0,824.0,103.0,28.0,256.0,1147.0,36.0,20.0,0.0,126.0,114.0,8.0,Goalkeeper,129.85
8681.0,Javier Sánchez de Felipe,Javi Sanchez,male,1997-03-14T00:00:00+00:00,71.0,186.0,Real Valladolid CF,VLL,https://assets.laliga.com/assets/2019/06/07/medium/valladolid.png,5.0,Defender,https://assets.laliga.com/squad/2021/t192/p199259/512x556/p199259_t192_2021_1_001_000.png,56.0,28.0,0.0,3.0,23.0,0.0,6.0,91.0,2.0,25.0,43.0,4.0,0.0,1041.0,0.0,0.0,0.0,5.0,0.0,0.0,4.0,88.0,320.0,582.0,814.0,86.0,41.0,195.0,1078.0,22.0,19.0,1.0,93.0,83.0,10.0,Goalkeeper,129.25000000000003
1484.0,Florian Lejeune,Lejeune,male,1991-05-20T00:00:00+00:00,89.0,189.0,Deportivo Alavés,ALA,https://assets.laliga.com/assets/2020/09/01/medium/27002754a98bf535807fe49a24cc63ea.png,22.0,Defender,https://assets.laliga.com/squad/2021/t173/p77359/512x556/p77359_t173_2021_1_001_000.png,71.0,30.0,0.0,6.0,19.0,0.0,4.0,112.0,0.0,54.0,31.0,5.0,2.0,1085.0,0.0,1.0,0.0,2.0,0.0,0.0,3.0,162.0,295.0,611.0,744.0,153.0,34.0,279.0,1162.0,33.0,22.0,3.0,151.0,105.0,7.0,Forward,128.5
1509.0,Enzo Roco,Roco,male,1992-08-16T00:00:00+00:00,79.0,192.0,Elche CF,ELC,https://assets.laliga.com/assets/2019/06/07/medium/elche.png,3.0,Defender,https://assets.laliga.com/squad/2021/t954/p122078/512x556/p122078_t954_2021_1_001_000.png,61.0,30.0,0.0,0.0,27.0,0.0,4.0,109.0,1.0,40.0,28.0,3.0,1.0,1086.0,0.0,0.0,0.0,3.0,0.0,0.0,5.0,111.0,247.0,702.0,838.0,108.0,37.0,231.0,1152.0,36.0,18.0,5.0,106.0,97.0,10.0,Midfielder,128.4
2007.0,Yeray Álvarez,Yeray,male,1995-01-24T00:00:00+00:00,78.0,182.0,Athletic Club,ATH,https://assets.laliga.com/assets/2019/06/07/medium/athletic.png,5.0,Defender,https://assets.laliga.com/squad/2021/t174/p197319/512x556/p197319_t174_2021_1_001_000.png,57.0,22.0,0.0,0.0,16.0,0.0,6.0,95.0,0.0,20.0,45.0,4.0,1.0,963.0,0.0,0.0,0.0,0.0,0.0,0.0,2.0,80.0,288.0,543.0,751.0,95.0,23.0,204.0,1013.0,24.0,13.0,1.0,93.0,89.0,6.0,Defender,128.1
5886.0,Jorge Cuenca,J. Cuenca,male,1999-11-17T00:00:00+00:00,75.0,190.0,Getafe CF,GET,https://assets.laliga.com/assets/2019/06/07/medium/getafe.png,15.0,Defender,https://assets.laliga.com/squad/2021/t1450/p246301/512x556/p246301_t1450_2021_0_001_000.png,81.0,32.0,0.0,0.0,14.0,0.0,11.0,142.0,1.0,32.0,39.0,2.0,0.0,1042.0,0.0,0.0,0.0,7.0,2.0,1.0,3.0,85.0,230.0,501.0,645.0,146.0,33.0,386.0,1074.0,46.0,26.0,3.0,191.0,153.0,6.0,Defender,126.39999999999998
60.0,Jose Ignacio Fernandez Iglesias,Nacho,male,1990-01-18T00:00:00+00:00,76.0,180.0,Real Madrid,RMA,https://assets.laliga.com/assets/2019/06/07/medium/real-madrid.png,6.0,Defender,https://assets.laliga.com/squad/2021/t186/p88477/512x556/p88477_t186_2021_1_001_000.png,28.0,28.0,0.0,0.0,15.0,0.0,4.0,61.0,3.0,19.0,34.0,8.0,0.0,959.0,0.0,0.0,0.0,4.0,0.0,2.0,2.0,31.0,315.0,610.0,892.0,49.0,15.0,95.0,992.0,18.0,13.0,2.0,23.0,46.0,7.0,Defender,126.1
12624.0,Iván Balliu,Balliu,male,1992-01-01T00:00:00+00:00,63.0,172.0,Rayo Vallecano,RAY,https://assets.laliga.com/assets/2019/06/07/medium/rayo.png,20.0,Defender,https://assets.laliga.com/squad/2021/t184/p97624/512x556/p97624_t184_2021_1_001_000.png,23.0,35.0,1.0,0.0,5.0,0.0,8.0,147.0,1.0,48.0,39.0,42.0,4.0,1221.0,0.0,0.0,0.0,3.0,1.0,36.0,22.0,75.0,607.0,386.0,882.0,56.0,42.0,544.0,1254.0,45.0,42.0,32.0,117.0,180.0,10.0,Midfielder,125.5
4611.0,Aïssa Mandi,Mandi,male,1991-10-22T00:00:00+00:00,78.0,184.0,Villarreal CF,VIL,https://assets.laliga.com/assets/2019/06/07/medium/villarreal.png,22.0,Defender,https://assets.laliga.com/squad/2021/t449/p86813/512x556/p86813_t449_2021_1_001_000.png,26.0,17.0,0.0,0.0,14.0,0.0,5.0,42.0,1.0,15.0,13.0,1.0,1.0,952.0,0.0,0.0,0.0,3.0,0.0,0.0,0.0,60.0,238.0,681.0,859.0,49.0,14.0,77.0,988.0,11.0,11.0,0.0,20.0,49.0,3.0,Forward,124.90000000000002
1928.0,Lluís López,Lluís Lopez,male,1997-03-05T00:00:00+00:00,79.0,182.0,Real Zaragoza,ZAR,https://assets.laliga.com/assets/2019/06/07/medium/zaragoza.png,24.0,Defender,https://assets.laliga.com/squad/2021/t190/p215686/512x556/p215686_t190_2021_1_001_000.png,39.0,30.0,0.0,0.0,9.0,0.0,5.0,80.0,0.0,26.0,18.0,2.0,0.0,1085.0,0.0,0.0,0.0,1.0,0.0,0.0,7.0,102.0,283.0,613.0,794.0,102.0,21.0,236.0,1110.0,25.0,9.0,1.0,121.0,93.0,4.0,Midfielder,124.75000000000003
4737.0,Adrián Diéguez,Dieguez,male,1996-02-04T00:00:00+00:00,69.0,188.0,CF Fuenlabrada,FUE,https://assets.laliga.com/assets/2019/06/07/medium/fuenlabrada.png,17.0,Defender,https://assets.laliga.com/squad/2021/t7104/p235798/512x556/p235798_t7104_2021_1_001_000.png,54.0,35.0,0.0,0.0,13.0,0.0,6.0,159.0,0.0,53.0,60.0,14.0,0.0,1071.0,0.0,1.0,0.0,1.0,0.0,0.0,9.0,92.0,357.0,468.0,733.0,60.0,40.0,372.0,1135.0,63.0,30.0,7.0,120.0,190.0,10.0,Defender,124.19999999999999
18381.0,Florian Miguel,Florian Miguel,male,1996-09-01T00:00:00+00:00,70.0,179.0,SD Huesca,HUE,https://assets.laliga.com/assets/2019/06/07/medium/huesca.png,3.0,Defender,https://assets.laliga.com/squad/2021/t2894/p200666/512x556/p200666_t2894_2021_1_001_000.png,74.0,41.0,1.0,0.0,10.0,0.0,8.0,191.0,2.0,31.0,58.0,20.0,5.0,1135.0,0.0,0.0,0.0,10.0,0.0,19.0,19.0,72.0,359.0,491.0,759.0,121.0,62.0,516.0,1160.0,55.0,55.0,25.0,123.0,206.0,9.0,Forward,123.99999999999997
1805.0,Sergi Palencia,S. Palencia,male,1996-03-23T00:00:00+00:00,67.0,172.0,CD Leganés,LEG,https://assets.laliga.com/assets/2019/06/07/medium/leganes.png,2.0,Defender,https://assets.laliga.com/squad/2021/t957/p207756/512x556/p207756_t957_2021_1_001_000.png,51.0,35.0,1.0,0.0,8.0,0.0,6.0,194.0,0.0,41.0,36.0,33.0,0.0,1185.0,0.0,0.0,0.0,1.0,0.0,43.0,29.0,56.0,546.0,409.0,856.0,59.0,58.0,586.0,1213.0,83.0,12.0,20.0,95.0,206.0,11.0,Defender,123.90000000000003
8225.0,Daniel Vivian,Vivian,male,1999-07-05T00:00:00+00:00,78.0,183.0,Athletic Club,ATH,https://assets.laliga.com/assets/2019/06/07/medium/athletic.png,12.0,Defender,https://assets.laliga.com/squad/2021/t174/p437554/512x556/p437554_t174_2021_1_001_000.png,30.0,24.0,1.0,0.0,15.0,0.0,7.0,86.0,2.0,23.0,26.0,1.0,1.0,888.0,0.0,0.0,0.0,8.0,0.0,0.0,4.0,90.0,217.0,569.0,696.0,107.0,19.0,185.0,944.0,32.0,20.0,1.0,96.0,62.0,2.0,Midfielder,123.75000000000001
1958.0,Jairo Izquierdo,Jairo,male,1993-10-22T00:00:00+00:00,64.0,165.0,Girona FC,GIR,https://assets.laliga.com/assets/2019/06/07/medium/girona.png,3.0,Forward,https://assets.laliga.com/squad/2021/t2893/p200221/512x556/p200221_t2893_2021_1_001_000.png,11.0,36.0,3.0,0.0,3.0,0.0,5.0,140.0,0.0,21.0,33.0,19.0,3.0,1065.0,0.0,1.0,0.0,0.0,0.0,18.0,50.0,29.0,498.0,433.0,884.0,27.0,33.0,365.0,1074.0,49.0,34.0,35.0,38.0,123.0,2.0,Defender,123.6
89.0,Manuel Trigueros Muñoz,M. Trigueros,male,1991-10-17T00:00:00+00:00,75.0,178.0,Villarreal CF,VIL,https://assets.laliga.com/assets/2019/06/07/medium/villarreal.png,14.0,Midfielder,https://assets.laliga.com/squad/2021/t449/p98961/512x556/p98961_t449_2021_1_001_000.png,19.0,35.0,2.0,0.0,3.0,0.0,2.0,114.0,6.0,22.0,13.0,19.0,0.0,1149.0,0.0,0.0,0.0,18.0,0.0,2.0,8.0,50.0,596.0,363.0,906.0,14.0,49.0,329.0,1190.0,45.0,57.0,7.0,43.0,191.0,3.0,Defender,123.24999999999999
4272.0,Sergio Akieme,Akieme,male,1997-12-16T00:00:00+00:00,70.0,175.0,UD Almería,ALM,https://assets.laliga.com/assets/2019/06/07/medium/almeria.png,15.0,Defender,https://assets.laliga.com/squad/2021/t1564/p220871/512x556/p220871_t1564_2021_1_001_000.png,29.0,30.0,1.0,1.0,5.0,0.0,9.0,113.0,1.0,23.0,20.0,23.0,3.0,1017.0,0.0,0.0,0.0,8.0,1.0,14.0,38.0,43.0,397.0,466.0,805.0,41.0,14.0,351.0,1031.0,25.0,48.0,22.0,68.0,115.0,3.0,Midfielder,123.1
2581.0,Jesús Navas,J. Navas,male,1985-11-21T00:00:00+00:00,60.0,172.0,Sevilla FC,SEV,https://assets.laliga.com/assets/2019/06/07/medium/sevilla.png,16.0,Defender,https://assets.laliga.com/squad/2021/t179/p17740/512x556/p17740_t179_2021_1_001_000.png,14.0,25.0,3.0,0.0,2.0,0.0,8.0,47.0,0.0,16.0,17.0,32.0,2.0,1089.0,0.0,0.0,0.0,1.0,0.0,29.0,6.0,86.0,476.0,448.0,809.0,21.0,5.0,350.0,1105.0,18.0,27.0,9.0,79.0,131.0,4.0,Midfielder,122.70000000000002
6476.0,Juan Foyth,Foyth,male,1998-01-12T00:00:00+00:00,69.0,179.0,Villarreal CF,VIL,https://assets.laliga.com/assets/2019/06/07/medium/villarreal.png,8.0,Defender,https://assets.laliga.com/squad/2021/t449/p234908/512x556/p234908_t449_2021_1_001_000.png,36.0,25.0,1.0,0.0,7.0,0.0,4.0,155.0,1.0,19.0,20.0,9.0,0.0,958.0,0.0,1.0,0.0,2.0,0.0,1.0,28.0,38.0,387.0,434.0,782.0,42.0,39.0,245.0,974.0,69.0,18.0,12.0,37.0,117.0,4.0,Goalkeeper,122.64999999999998
7281.0,Sergio González,Sergio Glez.,male,1997-05-14T00:00:00+00:00,,184.0,CD Tenerife,TEN,https://assets.laliga.com/assets/2019/06/07/medium/tenerife.png,12.0,Midfielder,https://assets.laliga.com/squad/2021/t612/p441313/512x556/p441313_t612_2021_1_001_000.png,32.0,31.0,1.0,0.0,12.0,0.0,7.0,104.0,0.0,14.0,28.0,5.0,1.0,878.0,0.0,0.0,0.0,5.0,0.0,2.0,8.0,85.0,253.0,503.0,669.0,66.0,22.0,181.0,903.0,35.0,11.0,6.0,83.0,66.0,4.0,Defender,120.19999999999999
1824.0,Diego Alende,Diego Alende,male,1997-08-25T00:00:00+00:00,76.0,180.0,CD Lugo,LUG,https://assets.laliga.com/assets/2019/06/07/medium/lugo.png,3.0,Defender,https://assets.laliga.com/squad/2021/t5730/p209704/512x556/p209704_t5730_2021_1_001_000.png,39.0,36.0,0.0,0.0,13.0,0.0,7.0,133.0,0.0,37.0,29.0,4.0,1.0,937.0,0.0,0.0,0.0,2.0,0.0,1.0,3.0,86.0,174.0,635.0,722.0,111.0,51.0,216.0,990.0,55.0,9.0,3.0,116.0,66.0,9.0,Defender,119.40000000000003
6272.0,Juan Berrocal,J. Berrocal,male,1999-02-05T00:00:00+00:00,72.0,184.0,Real Sporting,SPO,https://assets.laliga.com/assets/2019/06/07/medium/sporting.png,15.0,Defender,https://assets.laliga.com/squad/2021/t616/p433632/512x556/p433632_t616_2021_1_001_000.png,38.0,28.0,0.0,2.0,22.0,0.0,2.0,64.0,0.0,25.0,22.0,3.0,0.0,1186.0,0.0,0.0,0.0,0.0,0.0,0.0,2.0,92.0,196.0,820.0,924.0,87.0,29.0,211.0,1221.0,22.0,9.0,1.0,127.0,78.0,8.0,Midfielder,119.10000000000001
4119.0,Francisco José Villalba Rodrigo,F. Villalba,male,1998-05-11T00:00:00+00:00,63.0,171.0,Real Sporting,SPO,https://assets.laliga.com/assets/2019/06/07/medium/sporting.png,21.0,Midfielder,https://assets.laliga.com/squad/2021/t616/p179373/512x556/p179373_t616_2021_1_001_000.png,11.0,38.0,3.0,0.0,4.0,0.0,1.0,194.0,4.0,37.0,18.0,62.0,6.0,1192.0,0.0,0.0,0.0,11.0,0.0,6.0,76.0,97.0,731.0,303.0,921.0,15.0,19.0,531.0,1279.0,22.0,70.0,45.0,43.0,218.0,8.0,Defender,118.90000000000002
211.0,Pablo Ínsua,Insua,male,1993-09-09T00:00:00+00:00,80.0,187.0,SD Huesca,HUE,https://assets.laliga.com/assets/2019/06/07/medium/huesca.png,4.0,Defender,https://assets.laliga.com/squad/2021/t2894/p88621/512x556/p88621_t2894_2021_1_001_000.png,52.0,20.0,2.0,0.0,11.0,0.0,6.0,100.0,0.0,22.0,23.0,3.0,1.0,917.0,0.0,0.0,0.0,1.0,0.0,0.0,5.0,98.0,203.0,597.0,702.0,52.0,27.0,183.0,955.0,35.0,30.0,4.0,65.0,90.0,5.0,Forward,118.54999999999998
933.0,David Lombán,Lombán,male,1987-06-05T00:00:00+00:00,79.0,185.0,Málaga CF,MGA,https://assets.laliga.com/assets/2019/06/07/medium/malaga.png,4.0,Defender,https://assets.laliga.com/squad/2021/t182/p49360/512x556/p49360_t182_2021_1_001_000.png,43.0,20.0,0.0,3.0,7.0,0.0,4.0,63.0,0.0,25.0,26.0,2.0,0.0,968.0,0.0,0.0,0.0,0.0,0.0,0.0,1.0,149.0,237.0,615.0,703.0,84.0,14.0,168.0,1012.0,16.0,12.0,0.0,105.0,55.0,3.0,Defender,118.25
12012.0,Pierre Cornud,Pierre,male,1996-12-12T00:00:00+00:00,60.0,177.0,Real Oviedo,OVI,https://assets.laliga.com/assets/2019/06/07/medium/oviedo.png,22.0,Defender,https://assets.laliga.com/squad/2021/t187/p435246/512x556/p435246_t187_2021_1_001_000.png,22.0,31.0,2.0,0.0,4.0,0.0,9.0,107.0,0.0,22.0,37.0,53.0,2.0,1053.0,0.0,0.0,0.0,2.0,1.0,28.0,20.0,69.0,511.0,442.0,824.0,55.0,55.0,481.0,1147.0,47.0,23.0,16.0,118.0,136.0,9.0,Defender,116.9
9363.0,Hugo Guillamón,Hugo G.,male,2000-01-31T00:00:00+00:00,62.0,178.0,Valencia CF,VAL,https://assets.laliga.com/assets/2019/06/07/medium/valencia.png,6.0,Defender,https://assets.laliga.com/squad/2021/t191/p437460/512x556/p437460_t191_2021_1_001_000.png,48.0,31.0,0.0,0.0,10.0,0.0,3.0,164.0,1.0,40.0,30.0,13.0,2.0,995.0,0.0,1.0,0.0,2.0,1.0,1.0,10.0,113.0,474.0,411.0,771.0,49.0,71.0,276.0,1099.0,43.0,11.0,6.0,74.0,141.0,8.0,Goalkeeper,116.25000000000003
4628.0,Gastón Silva,Gaston Silva,male,1994-03-05T00:00:00+00:00,74.0,185.0,FC Cartagena,CAR,https://assets.laliga.com/assets/2022/02/11/medium/1628caa9b2002a11e564eb84b3677f78.png,20.0,Defender,https://assets.laliga.com/squad/2021/t3554/p148037/512x556/p148037_t3554_2021_1_001_000.png,32.0,27.0,0.0,0.0,4.0,0.0,3.0,101.0,1.0,34.0,41.0,8.0,2.0,1096.0,0.0,0.0,0.0,3.0,1.0,6.0,12.0,78.0,333.0,594.0,843.0,44.0,21.0,289.0,1129.0,44.0,21.0,6.0,68.0,140.0,8.0,Forward,114.95
8820.0,Jaime Suárez,Jimmy,male,1996-12-31T00:00:00+00:00,68.0,170.0,Real Oviedo,OVI,https://assets.laliga.com/assets/2019/06/07/medium/oviedo.png,14.0,Midfielder,https://assets.laliga.com/squad/2021/t187/p465212/512x556/p465212_t187_2021_1_001_000.png,16.0,35.0,2.0,0.0,10.0,0.0,4.0,101.0,0.0,28.0,59.0,11.0,0.0,1035.0,0.0,0.0,0.0,3.0,0.0,4.0,11.0,71.0,439.0,406.0,770.0,40.0,38.0,304.0,1065.0,38.0,13.0,11.0,75.0,149.0,6.0,Defender,114.94999999999999
12673.0,Juan de Dios Rivas,Juande,male,1999-07-07T00:00:00+00:00,78.0,185.0,Málaga CF,MGA,https://assets.laliga.com/assets/2019/06/07/medium/malaga.png,5.0,Defender,https://assets.laliga.com/squad/2021/t182/p490879/512x556/p490879_t182_2021_1_001_000.png,46.0,21.0,0.0,0.0,25.0,0.0,6.0,75.0,2.0,30.0,27.0,2.0,1.0,864.0,0.0,0.0,0.0,3.0,0.0,0.0,4.0,91.0,220.0,503.0,632.0,90.0,16.0,173.0,886.0,13.0,14.0,0.0,83.0,80.0,2.0,Goalkeeper,114.9
5902.0,Vasyl Kravets,Kravets,male,1997-08-20T00:00:00+00:00,79.0,183.0,Real Sporting,SPO,https://assets.laliga.com/assets/2019/06/07/medium/sporting.png,3.0,Defender,https://assets.laliga.com/squad/2021/t616/p205606/512x556/p205606_t616_2021_1_001_000.png,36.0,36.0,1.0,2.0,11.0,0.0,7.0,133.0,1.0,31.0,34.0,37.0,2.0,1198.0,0.0,1.0,0.0,6.0,0.0,24.0,24.0,63.0,442.0,497.0,829.0,83.0,41.0,615.0,1245.0,55.0,15.0,23.0,145.0,208.0,6.0,Midfielder,113.49999999999999
711.0,Víctor Ruiz,Victor Ruiz,male,1989-01-25T00:00:00+00:00,95.0,184.0,Real Betis,BET,https://assets.laliga.com/assets/2019/06/07/medium/betis.png,6.0,Defender,https://assets.laliga.com/squad/2021/t185/p51948/512x556/p51948_t185_2021_1_001_000.png,46.0,18.0,0.0,0.0,13.0,0.0,4.0,60.0,0.0,17.0,29.0,6.0,2.0,858.0,0.0,0.0,0.0,1.0,0.0,0.0,1.0,54.0,241.0,533.0,720.0,70.0,12.0,133.0,890.0,11.0,13.0,1.0,47.0,69.0,2.0,Forward,113.00000000000001
14222.0,Rubén Pulido,R.pulido,male,2000-09-02T00:00:00+00:00,,184.0,CF Fuenlabrada,FUE,https://assets.laliga.com/assets/2019/06/07/medium/fuenlabrada.png,15.0,Defender,https://assets.laliga.com/squad/2021/t7104/p466077/512x556/p466077_t7104_2021_1_001_000.png,63.0,34.0,0.0,0.0,23.0,0.0,9.0,149.0,0.0,43.0,38.0,2.0,1.0,875.0,0.0,0.0,0.0,2.0,1.0,0.0,13.0,45.0,221.0,431.0,607.0,84.0,43.0,305.0,922.0,50.0,24.0,4.0,133.0,137.0,8.0,Goalkeeper,112.44999999999999
1208.0,Stefan Mitrovic,Mitrovic,male,1990-05-22T00:00:00+00:00,84.0,189.0,Getafe CF,GET,https://assets.laliga.com/assets/2019/06/07/medium/getafe.png,23.0,Defender,https://assets.laliga.com/squad/2021/t1450/p112945/512x556/p112945_t1450_2021_1_001_000.png,56.0,32.0,0.0,0.0,18.0,0.0,10.0,78.0,0.0,32.0,22.0,2.0,0.0,844.0,0.0,0.0,0.0,1.0,1.0,0.0,2.0,83.0,145.0,565.0,627.0,109.0,18.0,208.0,903.0,16.0,13.0,0.0,102.0,91.0,8.0,Midfielder,112.25000000000001
4044.0,Roberto Suárez Pier,Rober Pier,male,1995-02-16T00:00:00+00:00,74.0,182.0,Levante UD,LEV,https://assets.laliga.com/assets/2019/06/07/medium/levante.png,4.0,Defender,https://assets.laliga.com/squad/2021/t855/p220093/512x556/p220093_t855_2021_1_001_000.png,28.0,27.0,0.0,0.0,15.0,0.0,4.0,79.0,1.0,41.0,30.0,4.0,0.0,1006.0,0.0,1.0,0.0,3.0,0.0,1.0,5.0,67.0,265.0,565.0,762.0,86.0,35.0,236.0,1038.0,36.0,16.0,1.0,115.0,94.0,3.0,Defender,111.9
1707.0,José Ángel Jurado,Jose Angel,male,1992-06-21T00:00:00+00:00,80.0,182.0,AD Alcorcón,ALC,https://assets.laliga.com/assets/2019/06/07/medium/alcorcon.png,25.0,Midfielder,,36.0,17.0,1.0,3.0,3.0,0.0,4.0,139.0,1.0,22.0,33.0,21.0,1.0,914.0,0.0,0.0,0.0,2.0,0.0,3.0,9.0,87.0,406.0,402.0,710.0,23.0,33.0,267.0,976.0,52.0,7.0,13.0,63.0,116.0,11.0,Defender,111.80000000000004
9226.0,Borja Sánchez,Borja S.,male,1996-02-26T00:00:00+00:00,80.0,185.0,Real Oviedo,OVI,https://assets.laliga.com/assets/2019/06/07/medium/oviedo.png,10.0,Midfielder,https://assets.laliga.com/squad/2021/t187/p199255/512x556/p199255_t187_2021_1_001_000.png,45.0,40.0,6.0,0.0,2.0,0.0,2.0,243.0,5.0,30.0,25.0,37.0,3.0,1079.0,0.0,0.0,0.0,17.0,0.0,20.0,79.0,103.0,568.0,292.0,737.0,11.0,53.0,542.0,1097.0,64.0,68.0,52.0,66.0,191.0,3.0,Defender,111.65
718.0,Miguel Alfonso Herrero Javaloyas,Michel,male,1988-07-29T00:00:00+00:00,68.0,182.0,CD Tenerife,TEN,https://assets.laliga.com/assets/2019/06/07/medium/tenerife.png,24.0,Midfielder,https://assets.laliga.com/squad/2021/t612/p58876/512x556/p58876_t612_2021_1_001_000.png,7.0,34.0,1.0,2.0,7.0,0.0,4.0,63.0,3.0,15.0,21.0,25.0,3.0,991.0,0.0,0.0,0.0,9.0,0.0,3.0,14.0,102.0,491.0,432.0,799.0,17.0,34.0,257.0,1073.0,27.0,10.0,5.0,69.0,103.0,9.0,Defender,111.60000000000002
14021.0,Rubén González,Rubén,female,1994-09-07T00:00:00+00:00,,184.0,UD Ibiza,IBI,https://assets.laliga.com/assets/2021/06/24/medium/d7bc0d2c9bf06afd6b5ace9d62771713.png,5.0,Defender,https://assets.laliga.com/squad/2021/t16203/p217569/512x556/p217569_t16203_2021_1_001_000.png,56.0,27.0,0.0,0.0,10.0,0.0,3.0,109.0,1.0,34.0,22.0,0.0,2.0,1029.0,0.0,0.0,0.0,4.0,0.0,1.0,2.0,44.0,135.0,716.0,806.0,66.0,20.0,239.0,1060.0,30.0,20.0,2.0,108.0,102.0,5.0,Forward,110.69999999999999
7604.0,Miguel Ángel Rubio,Miguel Rubio,male,1998-03-11T00:00:00+00:00,86.0,191.0,Burgos CF,BUR,https://assets.laliga.com/assets/2021/06/24/medium/8de24d38ab1472bbae1620d36582d7bd.png,12.0,Defender,https://assets.laliga.com/squad/2021/t951/p450429/512x556/p450429_t951_2021_1_001_000.png,84.0,28.0,0.0,0.0,20.0,0.0,9.0,125.0,3.0,23.0,32.0,4.0,0.0,705.0,0.0,0.0,0.0,8.0,0.0,0.0,7.0,66.0,144.0,397.0,475.0,111.0,26.0,194.0,726.0,21.0,32.0,1.0,82.0,103.0,4.0,Midfielder,110.00000000000001
4.0,Daniel Alves da Silva,Dani Alves,male,1983-05-06T00:00:00+00:00,70.0,172.0,FC Barcelona,BAR,https://assets.laliga.com/assets/2019/06/07/medium/barcelona.png,8.0,Defender,https://assets.laliga.com/squad/2021/t178/p15780/512x556/p15780_t178_2021_1_001_000.png,9.0,14.0,3.0,0.0,3.0,0.0,4.0,57.0,1.0,10.0,11.0,19.0,0.0,883.0,0.0,0.0,0.0,2.0,1.0,15.0,12.0,39.0,498.0,331.0,767.0,8.0,27.0,192.0,916.0,30.0,6.0,0.0,35.0,75.0,2.0,Midfielder,109.55
9430.0,Edgar González,Edgar,male,1997-04-01T00:00:00+00:00,78.0,193.0,Real Betis,BET,https://assets.laliga.com/assets/2019/06/07/medium/betis.png,3.0,Midfielder,https://assets.laliga.com/squad/2021/t185/p469402/512x556/p469402_t185_2021_1_001_000.png,32.0,21.0,0.0,0.0,11.0,0.0,4.0,69.0,1.0,21.0,23.0,2.0,0.0,892.0,0.0,0.0,0.0,1.0,0.0,0.0,4.0,40.0,201.0,593.0,754.0,81.0,21.0,118.0,902.0,25.0,6.0,0.0,37.0,71.0,6.0,Defender,109.54999999999998
3182.0,Óscar Duarte,O. Duarte,male,1989-06-03T00:00:00+00:00,81.0,186.0,Levante UD,LEV,https://assets.laliga.com/assets/2019/06/07/medium/levante.png,6.0,Defender,https://assets.laliga.com/squad/2021/t855/p99128/512x556/p99128_t855_2021_1_001_000.png,68.0,23.0,0.0,0.0,9.0,0.0,2.0,90.0,2.0,36.0,24.0,3.0,2.0,918.0,0.0,0.0,0.0,5.0,0.0,0.0,1.0,98.0,212.0,595.0,709.0,98.0,26.0,170.0,965.0,18.0,25.0,1.0,68.0,90.0,5.0,Midfielder,109.44999999999997
12917.0,Eduardo Camavinga,Camavinga,male,2002-11-10T00:00:00+00:00,68.0,182.0,Real Madrid,RMA,https://assets.laliga.com/assets/2019/06/07/medium/real-madrid.png,25.0,Midfielder,https://assets.laliga.com/squad/2021/t186/p475561/512x556/p475561_t186_2021_1_001_000.png,28.0,26.0,1.0,0.0,2.0,0.0,2.0,131.0,2.0,13.0,17.0,13.0,1.0,826.0,0.0,0.0,0.0,5.0,0.0,1.0,22.0,52.0,434.0,325.0,706.0,12.0,35.0,127.0,842.0,52.0,23.0,10.0,12.0,72.0,9.0,Defender,109.35000000000001
11988.0,Paris Adot,Paris Adot,male,1990-02-26T00:00:00+00:00,70.0,180.0,SD Ponferradina,PON,https://assets.laliga.com/assets/2021/06/24/medium/20f0382ea9163a771b3e01bbe7cf78b7.png,22.0,Defender,https://assets.laliga.com/squad/2021/t3090/p434810/512x556/p434810_t3090_2021_1_001_000.png,49.0,34.0,3.0,0.0,10.0,0.0,4.0,205.0,1.0,42.0,38.0,21.0,2.0,1014.0,0.0,0.0,0.0,3.0,0.0,22.0,50.0,58.0,402.0,354.0,676.0,63.0,24.0,514.0,1027.0,58.0,32.0,18.0,105.0,188.0,4.0,Defender,108.95
9223.0,Adrià Pedrosa,Pedrosa,male,1998-05-13T00:00:00+00:00,69.0,176.0,RCD Espanyol de Barcelona,ESP,https://assets.laliga.com/assets/2019/06/07/medium/espanyol.png,3.0,Defender,https://assets.laliga.com/squad/2021/t177/p446990/512x556/p446990_t177_2021_1_001_000.png,17.0,31.0,1.0,0.0,7.0,0.0,8.0,168.0,1.0,40.0,25.0,22.0,0.0,909.0,0.0,0.0,0.0,7.0,0.0,16.0,48.0,42.0,385.0,357.0,684.0,86.0,19.0,460.0,933.0,58.0,51.0,34.0,88.0,119.0,8.0,Defender,108.00000000000001
2419.0,Héctor Bellerín,Bellerin,male,1995-03-19T00:00:00+00:00,74.0,178.0,Real Betis,BET,https://assets.laliga.com/assets/2019/06/07/medium/betis.png,19.0,Defender,https://assets.laliga.com/squad/2021/t185/p98745/512x556/p98745_t185_2021_1_001_000.png,27.0,23.0,2.0,0.0,2.0,0.0,8.0,115.0,0.0,23.0,23.0,24.0,2.0,803.0,0.0,0.0,0.0,2.0,1.0,12.0,22.0,26.0,378.0,273.0,613.0,55.0,23.0,304.0,821.0,52.0,46.0,20.0,36.0,146.0,2.0,Forward,107.80000000000001
9658.0,Yangel Herrera,Herrera,male,1998-01-07T00:00:00+00:00,78.0,184.0,RCD Espanyol de Barcelona,ESP,https://assets.laliga.com/assets/2019/06/07/medium/espanyol.png,25.0,Midfielder,https://assets.laliga.com/squad/2021/t177/p226541/512x556/p226541_t177_2021_1_001_000.png,56.0,23.0,1.0,0.0,5.0,0.0,5.0,149.0,1.0,24.0,19.0,11.0,1.0,842.0,0.0,1.0,0.0,2.0,0.0,2.0,19.0,22.0,357.0,345.0,678.0,32.0,44.0,231.0,857.0,41.0,24.0,11.0,18.0,139.0,5.0,Defender,107.65000000000002
1862.0,Roberto Antonio Correa Silva,Rober Correa,male,1992-09-29T00:00:00+00:00,71.0,180.0,SD Eibar,EIB,https://assets.laliga.com/assets/2019/06/07/medium/eibar.png,4.0,Defender,https://assets.laliga.com/squad/2021/t953/p109262/512x556/p109262_t953_2021_1_001_000.png,59.0,31.0,1.0,0.0,7.0,0.0,6.0,134.0,0.0,20.0,36.0,31.0,2.0,887.0,0.0,0.0,0.0,0.0,0.0,37.0,11.0,54.0,399.0,347.0,655.0,49.0,31.0,407.0,914.0,29.0,19.0,10.0,85.0,120.0,2.0,Forward,107.20000000000002
163.0,Daniel García Carrillo,Dani García,male,1990-05-24T00:00:00+00:00,81.0,180.0,Athletic Club,ATH,https://assets.laliga.com/assets/2019/06/07/medium/athletic.png,14.0,Midfielder,https://assets.laliga.com/squad/2021/t174/p140264/512x556/p140264_t174_2021_1_001_000.png,34.0,32.0,0.0,0.0,10.0,0.0,3.0,95.0,0.0,22.0,24.0,9.0,1.0,1009.0,0.0,0.0,0.0,2.0,0.0,1.0,4.0,67.0,440.0,363.0,735.0,38.0,44.0,251.0,1027.0,36.0,12.0,2.0,80.0,145.0,9.0,Defender,107.2
180.0,Pedro Bigas,R.p. Bigas,male,1990-05-15T00:00:00+00:00,83.0,181.0,Elche CF,ELC,https://assets.laliga.com/assets/2019/06/07/medium/elche.png,6.0,Defender,https://assets.laliga.com/squad/2021/t954/p91393/512x556/p91393_t954_2021_1_001_000.png,36.0,19.0,0.0,1.0,16.0,0.0,2.0,72.0,1.0,26.0,18.0,5.0,0.0,886.0,0.0,0.0,0.0,3.0,0.0,1.0,2.0,53.0,254.0,551.0,751.0,76.0,16.0,144.0,925.0,24.0,11.0,4.0,65.0,56.0,6.0,Defender,107.00000000000001
15067.0,Victor Chust,Chust,male,2000-03-05T00:00:00+00:00,,184.0,Cádiz CF,CAD,https://assets.laliga.com/assets/2019/06/07/medium/cadiz.png,32.0,Defender,https://assets.laliga.com/squad/2021/t1737/p437463/512x556/p437463_t1737_2021_1_001_000.png,31.0,25.0,0.0,0.0,8.0,0.0,7.0,61.0,0.0,27.0,16.0,0.0,0.0,774.0,0.0,0.0,0.0,2.0,0.0,0.0,4.0,70.0,185.0,486.0,601.0,84.0,14.0,136.0,796.0,19.0,18.0,1.0,63.0,62.0,2.0,Midfielder,106.75000000000001
8710.0,Juan Cruz Álvaro Armado,Juan Cruz,male,1992-07-28T00:00:00+00:00,79.0,180.0,CA Osasuna,OSA,https://assets.laliga.com/assets/2019/06/07/medium/osasuna.png,3.0,Defender,https://assets.laliga.com/squad/2021/t450/p93203/512x556/p93203_t450_2021_1_001_000.png,23.0,23.0,0.0,0.0,12.0,0.0,6.0,66.0,0.0,27.0,16.0,3.0,0.0,855.0,0.0,0.0,0.0,0.0,0.0,1.0,10.0,39.0,286.0,444.0,690.0,55.0,19.0,203.0,879.0,28.0,6.0,3.0,57.0,93.0,4.0,Midfielder,106.45000000000002
586.0,Hugo Mallo,Hugo Mallo,male,1991-06-22T00:00:00+00:00,69.0,173.0,RC Celta,CEL,https://assets.laliga.com/assets/2019/06/07/medium/celta.png,2.0,Defender,https://assets.laliga.com/squad/2021/t176/p76508/512x556/p76508_t176_2021_1_001_000.png,41.0,21.0,1.0,0.0,9.0,0.0,7.0,98.0,1.0,25.0,20.0,19.0,6.0,940.0,0.0,2.0,0.0,2.0,0.0,11.0,8.0,29.0,379.0,364.0,703.0,47.0,38.0,350.0,953.0,45.0,43.0,8.0,72.0,149.0,3.0,Midfielder,105.80000000000001
1957.0,Germán Sánchez,Germán,male,1986-12-12T00:00:00+00:00,82.0,187.0,Granada CF,GRA,https://assets.laliga.com/assets/2019/06/07/medium/granada.png,6.0,Defender,https://assets.laliga.com/squad/2021/t5683/p87661/512x556/p87661_t5683_2021_1_001_000.png,64.0,32.0,0.0,0.0,16.0,0.0,3.0,114.0,2.0,47.0,28.0,4.0,1.0,991.0,0.0,1.0,0.0,4.0,0.0,0.0,0.0,78.0,192.0,584.0,698.0,136.0,23.0,273.0,1041.0,27.0,29.0,2.0,148.0,117.0,9.0,Forward,104.95000000000003
6522.0,Alejandro Gómez,Papu Gomez,male,1988-02-15T00:00:00+00:00,68.0,167.0,Sevilla FC,SEV,https://assets.laliga.com/assets/2019/06/07/medium/sevilla.png,24.0,Midfielder,https://assets.laliga.com/squad/2021/t179/p55776/512x556/p55776_t179_2021_1_001_000.png,10.0,29.0,1.0,0.0,2.0,0.0,3.0,105.0,5.0,11.0,7.0,22.0,1.0,880.0,0.0,0.0,0.0,12.0,0.0,14.0,28.0,56.0,487.0,330.0,741.0,9.0,21.0,232.0,896.0,19.0,47.0,26.0,25.0,74.0,4.0,Defender,104.85
7363.0,Genaro Rodríguez,Genaro,male,1998-03-23T00:00:00+00:00,76.0,184.0,Málaga CF,MGA,https://assets.laliga.com/assets/2019/06/07/medium/malaga.png,16.0,Defender,https://assets.laliga.com/squad/2021/t182/p218776/512x556/p218776_t182_2021_1_001_000.png,61.0,27.0,1.0,0.0,9.0,0.0,7.0,121.0,2.0,28.0,21.0,9.0,3.0,841.0,0.0,0.0,0.0,9.0,1.0,2.0,3.0,66.0,292.0,373.0,597.0,40.0,46.0,247.0,856.0,44.0,26.0,6.0,47.0,146.0,7.0,Midfielder,103.25
1180.0,Antonio García Aranda,Toño Garcia,male,1989-11-07T00:00:00+00:00,69.0,179.0,SD Eibar,EIB,https://assets.laliga.com/assets/2019/06/07/medium/eibar.png,18.0,Defender,https://assets.laliga.com/squad/2021/t953/p77039/512x556/p77039_t953_2021_1_001_000.png,16.0,36.0,2.0,0.0,6.0,0.0,7.0,107.0,0.0,31.0,16.0,36.0,2.0,1153.0,0.0,0.0,0.0,4.0,1.0,38.0,32.0,62.0,485.0,427.0,812.0,39.0,35.0,559.0,1193.0,35.0,32.0,25.0,120.0,199.0,6.0,Forward,103.15
940.0,Damián Suárez,Damián,male,1988-04-27T00:00:00+00:00,61.0,172.0,Getafe CF,GET,https://assets.laliga.com/assets/2019/06/07/medium/getafe.png,22.0,Defender,https://assets.laliga.com/squad/2021/t1450/p99005/512x556/p99005_t1450_2021_1_001_000.png,25.0,35.0,3.0,2.0,5.0,0.0,9.0,147.0,0.0,28.0,31.0,43.0,1.0,977.0,0.0,0.0,0.0,4.0,0.0,28.0,15.0,77.0,507.0,269.0,662.0,27.0,46.0,566.0,1041.0,74.0,13.0,27.0,118.0,184.0,13.0,Forward,102.85000000000004
207.0,Laureano Sanabria Ruiz,Laure,male,1985-03-22T00:00:00+00:00,68.0,171.0,AD Alcorcón,ALC,https://assets.laliga.com/assets/2019/06/07/medium/alcorcon.png,2.0,Defender,https://assets.laliga.com/squad/2021/t5233/p49580/512x556/p49580_t5233_2021_1_001_000.png,39.0,30.0,1.0,0.0,6.0,0.0,3.0,138.0,0.0,46.0,32.0,12.0,0.0,1092.0,0.0,0.0,0.0,0.0,1.0,14.0,17.0,47.0,417.0,406.0,762.0,41.0,34.0,443.0,1112.0,54.0,6.0,13.0,97.0,206.0,7.0,Defender,102.10000000000001
2580.0,Pablo Maffeo,Maffeo,male,1997-07-12T00:00:00+00:00,70.0,172.0,RCD Mallorca,MLL,https://assets.laliga.com/assets/2019/06/07/medium/mallorca.png,15.0,Defender,https://assets.laliga.com/squad/2021/t181/p170154/512x556/p170154_t181_2021_1_001_000.png,61.0,35.0,3.0,0.0,13.0,0.0,6.0,251.0,1.0,47.0,46.0,25.0,3.0,906.0,0.0,0.0,0.0,7.0,0.0,27.0,49.0,31.0,353.0,321.0,615.0,60.0,32.0,580.0,917.0,84.0,52.0,30.0,97.0,174.0,10.0,Defender,101.4
1884.0,Yannick Carrasco,Carrasco,male,1993-09-04T00:00:00+00:00,73.0,185.0,Atlético de Madrid,ATM,https://assets.laliga.com/assets/2019/06/07/medium/atletico.png,21.0,Midfielder,https://assets.laliga.com/squad/2021/t175/p119718/512x556/p119718_t175_2021_1_001_000.png,9.0,34.0,5.0,0.0,5.0,0.0,3.0,169.0,6.0,34.0,19.0,48.0,13.0,981.0,0.0,0.0,0.0,12.0,0.0,14.0,88.0,25.0,592.0,274.0,799.0,12.0,30.0,494.0,1022.0,34.0,166.0,48.0,34.0,164.0,5.0,Defender,100.9
9645.0,Iñigo Vicente,Vicente,male,1998-01-06T00:00:00+00:00,67.0,178.0,CD Mirandés,MIR,https://assets.laliga.com/assets/2019/06/07/medium/mirandes.png,10.0,Forward,https://assets.laliga.com/squad/2021/t5741/p242833/512x556/p242833_t5741_2021_1_001_000.png,2.0,36.0,4.0,3.0,0.0,0.0,1.0,102.0,6.0,32.0,18.0,46.0,10.0,1089.0,0.0,0.0,0.0,18.0,0.0,5.0,41.0,106.0,666.0,260.0,802.0,0.0,23.0,446.0,1149.0,38.0,107.0,37.0,39.0,202.0,10.0,Defender,100.75000000000003
1967.0,Christian Rivera,C.rivera,male,1997-07-09T00:00:00+00:00,87.0,191.0,Real Sporting,SPO,https://assets.laliga.com/assets/2019/06/07/medium/sporting.png,17.0,Midfielder,https://assets.laliga.com/squad/2021/t616/p213572/512x556/p213572_t616_2021_1_001_000.png,41.0,21.0,0.0,0.0,4.0,0.0,2.0,105.0,1.0,16.0,25.0,7.0,1.0,799.0,0.0,0.0,0.0,2.0,1.0,1.0,11.0,39.0,296.0,407.0,663.0,16.0,14.0,146.0,821.0,38.0,16.0,5.0,20.0,99.0,4.0,Defender,100.75000000000001
9807.0,Manuel Sánchez,M. Sánchez,male,2000-08-24T00:00:00+00:00,70.0,179.0,CA Osasuna,OSA,https://assets.laliga.com/assets/2019/06/07/medium/osasuna.png,39.0,Defender,https://assets.laliga.com/squad/2021/t450/p465494/512x556/p465494_t450_2021_1_001_000.png,9.0,33.0,3.0,0.0,3.0,0.0,7.0,121.0,1.0,29.0,18.0,16.0,0.0,853.0,0.0,0.0,0.0,2.0,0.0,22.0,24.0,28.0,425.0,239.0,614.0,34.0,32.0,381.0,859.0,72.0,38.0,21.0,69.0,148.0,5.0,Defender,100.69999999999999
12494.0,Sergiño Dest,Dest,male,2000-11-03T00:00:00+00:00,62.0,175.0,FC Barcelona,BAR,https://assets.laliga.com/assets/2019/06/07/medium/barcelona.png,2.0,Defender,https://assets.laliga.com/squad/2021/t178/p250676/512x556/p250676_t178_2021_1_001_000.png,7.0,21.0,3.0,0.0,4.0,0.0,2.0,95.0,0.0,15.0,2.0,15.0,1.0,804.0,0.0,0.0,0.0,3.0,0.0,7.0,37.0,15.0,478.0,283.0,739.0,17.0,17.0,216.0,816.0,32.0,55.0,29.0,7.0,55.0,2.0,Defender,100.35000000000002
1818.0,Javier Jiménez,J. Jiménez,male,1996-01-11T00:00:00+00:00,70.0,173.0,Málaga CF,MGA,https://assets.laliga.com/assets/2019/06/07/medium/malaga.png,3.0,Defender,https://assets.laliga.com/squad/2021/t182/p209163/512x556/p209163_t182_2021_1_001_000.png,12.0,27.0,0.0,0.0,5.0,0.0,6.0,84.0,0.0,31.0,23.0,19.0,1.0,881.0,0.0,0.0,0.0,1.0,0.0,14.0,14.0,52.0,356.0,407.0,691.0,32.0,24.0,344.0,923.0,47.0,16.0,9.0,87.0,93.0,5.0,Midfielder,100.15000000000002
1061.0,Diego Rico,Rico,male,1993-02-23T00:00:00+00:00,76.0,183.0,Real Sociedad,RSO,https://assets.laliga.com/assets/2019/06/07/medium/real-sociedad.png,15.0,Defender,https://assets.laliga.com/squad/2021/t188/p171129/512x556/p171129_t188_2021_1_001_000.png,26.0,21.0,0.0,0.0,4.0,0.0,7.0,96.0,0.0,13.0,30.0,15.0,4.0,833.0,0.0,0.0,0.0,1.0,0.0,15.0,12.0,19.0,338.0,326.0,630.0,39.0,16.0,339.0,858.0,41.0,12.0,17.0,64.0,145.0,4.0,Defender,100.14999999999999
12768.0,Toni Datkovic,Datkovic,male,1993-11-06T00:00:00+00:00,78.0,190.0,FC Cartagena,CAR,https://assets.laliga.com/assets/2022/02/11/medium/1628caa9b2002a11e564eb84b3677f78.png,15.0,Defender,https://assets.laliga.com/squad/2021/t3554/p192757/512x556/p192757_t3554_2021_1_001_000.png,48.0,16.0,1.0,0.0,11.0,0.0,5.0,81.0,0.0,19.0,21.0,3.0,2.0,817.0,0.0,0.0,0.0,2.0,0.0,3.0,6.0,53.0,137.0,560.0,641.0,58.0,18.0,179.0,839.0,19.0,16.0,2.0,57.0,88.0,3.0,Midfielder,99.9
390.0,Mikel Balenziaga,Balenziaga,male,1988-02-29T00:00:00+00:00,76.0,177.0,Athletic Club,ATH,https://assets.laliga.com/assets/2019/06/07/medium/athletic.png,24.0,Defender,https://assets.laliga.com/squad/2021/t174/p56680/512x556/p56680_t174_2021_1_001_000.png,33.0,26.0,0.0,0.0,4.0,0.0,8.0,84.0,0.0,23.0,21.0,8.0,1.0,743.0,0.0,0.0,0.0,2.0,0.0,7.0,6.0,33.0,308.0,291.0,559.0,71.0,21.0,280.0,763.0,33.0,10.0,6.0,67.0,104.0,2.0,Forward,99.49999999999999
16160.0,Miguel Muñoz Mora,Mumo,male,1995-04-13T00:00:00+00:00,81.0,180.0,Burgos CF,BUR,https://assets.laliga.com/assets/2021/06/24/medium/8de24d38ab1472bbae1620d36582d7bd.png,22.0,Midfielder,https://assets.laliga.com/squad/2021/t951/p521525/512x556/p521525_t951_2021_1_001_000.png,19.0,40.0,2.0,3.0,2.0,0.0,1.0,126.0,1.0,25.0,18.0,18.0,1.0,1037.0,0.0,0.0,0.0,10.0,0.0,2.0,22.0,101.0,523.0,310.0,723.0,13.0,51.0,353.0,1065.0,46.0,20.0,12.0,67.0,174.0,7.0,Defender,98.95
2011.0,Óscar Gil,Óscar Gil,male,1995-06-14T00:00:00+00:00,75.0,184.0,SD Amorebieta,AMO,https://assets.laliga.com/assets/2021/06/24/medium/7dcec1604142a8f60f876e4c7e839da7.png,22.0,Defender,https://assets.laliga.com/squad/2021/t6498/p197321/512x556/p197321_t6498_2021_1_001_000.png,81.0,28.0,0.0,0.0,10.0,0.0,3.0,149.0,1.0,43.0,44.0,5.0,1.0,886.0,0.0,0.0,0.0,3.0,0.0,1.0,0.0,114.0,288.0,319.0,492.0,88.0,42.0,336.0,914.0,60.0,24.0,2.0,159.0,149.0,8.0,Forward,98.80000000000001
9296.0,Roberto López,Lopez,male,2000-04-24T00:00:00+00:00,70.0,179.0,R. Sociedad B,RSOB,https://assets.laliga.com/assets/2019/06/07/medium/real-sociedad.png,10.0,Midfielder,https://assets.laliga.com/squad/2021/t3567/p467063/512x556/p467063_t3567_2021_1_001_000.png,11.0,28.0,0.0,6.0,1.0,0.0,1.0,66.0,4.0,21.0,8.0,37.0,1.0,896.0,0.0,0.0,0.0,16.0,0.0,8.0,12.0,48.0,520.0,316.0,761.0,6.0,15.0,281.0,968.0,19.0,17.0,4.0,30.0,129.0,3.0,Defender,98.4
17663.0,Riccardo Capellini,R.capellini,male,2000-03-01T00:00:00+00:00,,185.0,CD Mirandés,MIR,https://assets.laliga.com/assets/2019/06/07/medium/mirandes.png,15.0,Defender,https://assets.laliga.com/squad/2021/t5741/p437801/512x556/p437801_t5741_2021_1_001_000.png,26.0,22.0,0.0,0.0,8.0,0.0,3.0,91.0,0.0,30.0,19.0,1.0,1.0,811.0,0.0,1.0,0.0,2.0,0.0,0.0,6.0,53.0,187.0,534.0,668.0,45.0,26.0,134.0,836.0,37.0,6.0,2.0,58.0,57.0,3.0,Midfielder,98.35000000000001
8094.0,Kenneth Omeruo,Omeruo,male,1993-10-17T00:00:00+00:00,81.0,185.0,CD Leganés,LEG,https://assets.laliga.com/assets/2019/06/07/medium/leganes.png,4.0,Defender,https://assets.laliga.com/squad/2021/t957/p112991/512x556/p112991_t957_2021_1_001_000.png,55.0,17.0,0.0,0.0,16.0,0.0,6.0,82.0,2.0,16.0,35.0,4.0,0.0,760.0,0.0,0.0,0.0,5.0,0.0,0.0,2.0,84.0,194.0,425.0,535.0,70.0,27.0,172.0,782.0,19.0,9.0,1.0,89.0,74.0,7.0,Midfielder,97.8
351.0,Carlos Ruiz,Carlos Ruiz,male,1983-07-20T00:00:00+00:00,80.0,183.0,CD Tenerife,TEN,https://assets.laliga.com/assets/2019/06/07/medium/tenerife.png,14.0,Defender,https://assets.laliga.com/squad/2021/t612/p89681/512x556/p89681_t612_2021_1_001_000.png,27.0,21.0,0.0,0.0,11.0,0.0,8.0,79.0,0.0,19.0,17.0,3.0,0.0,670.0,0.0,0.0,0.0,2.0,0.0,1.0,5.0,89.0,180.0,391.0,481.0,60.0,15.0,132.0,687.0,31.0,21.0,2.0,62.0,55.0,7.0,Defender,97.2
918.0,Salvador Sevilla,Salva Sevilla,male,1984-03-18T00:00:00+00:00,71.0,178.0,RCD Mallorca,MLL,https://assets.laliga.com/assets/2019/06/07/medium/mallorca.png,8.0,Midfielder,https://assets.laliga.com/squad/2021/t181/p55354/512x556/p55354_t181_2021_1_001_000.png,2.0,28.0,3.0,7.0,6.0,0.0,1.0,34.0,5.0,28.0,14.0,24.0,0.0,859.0,0.0,0.0,0.0,8.0,0.0,0.0,5.0,71.0,448.0,363.0,726.0,10.0,15.0,223.0,947.0,18.0,8.0,2.0,42.0,108.0,2.0,Defender,96.10000000000001
4829.0,Thomas Delaney,Delaney,male,1991-09-03T00:00:00+00:00,79.0,182.0,Sevilla FC,SEV,https://assets.laliga.com/assets/2019/06/07/medium/sevilla.png,18.0,Midfielder,https://assets.laliga.com/squad/2021/t179/p68640/512x556/p68640_t179_2021_1_001_000.png,55.0,26.0,0.0,0.0,10.0,0.0,3.0,123.0,2.0,12.0,13.0,9.0,1.0,775.0,0.0,1.0,0.0,4.0,0.0,1.0,6.0,53.0,274.0,343.0,563.0,33.0,26.0,213.0,787.0,41.0,26.0,3.0,52.0,119.0,2.0,Defender,95.60000000000002
12180.0,Omar Alderete,Omar Alderete,male,1996-12-26T00:00:00+00:00,77.0,188.0,Valencia CF,VAL,https://assets.laliga.com/assets/2019/06/07/medium/valencia.png,15.0,Defender,https://assets.laliga.com/squad/2021/t191/p201895/512x556/p201895_t191_2021_1_001_000.png,69.0,29.0,0.0,0.0,18.0,0.0,7.0,142.0,2.0,34.0,35.0,4.0,0.0,895.0,0.0,0.0,0.0,5.0,0.0,0.0,13.0,118.0,240.0,338.0,460.0,150.0,42.0,406.0,950.0,53.0,26.0,1.0,218.0,154.0,15.0,Midfielder,94.25
9782.0,Andrei Ratiu,Andrei,male,1998-06-20T00:00:00+00:00,,183.0,SD Huesca,HUE,https://assets.laliga.com/assets/2019/06/07/medium/huesca.png,2.0,Defender,https://assets.laliga.com/squad/2021/t2894/p466543/512x556/p466543_t2894_2021_1_001_000.png,33.0,34.0,2.0,0.0,5.0,0.0,7.0,156.0,1.0,29.0,39.0,19.0,3.0,875.0,0.0,0.0,0.0,3.0,0.0,11.0,37.0,40.0,289.0,362.0,600.0,63.0,32.0,458.0,884.0,69.0,44.0,34.0,86.0,158.0,8.0,Forward,94.15
1024.0,Francisco José Olivas Alba,K. Olivas,male,1988-08-21T00:00:00+00:00,76.0,184.0,Real Valladolid CF,VLL,https://assets.laliga.com/assets/2019/06/07/medium/valladolid.png,4.0,Defender,https://assets.laliga.com/squad/2021/t192/p58819/512x556/p58819_t192_2021_1_001_000.png,19.0,22.0,0.0,0.0,8.0,0.0,3.0,44.0,0.0,18.0,21.0,4.0,2.0,743.0,0.0,0.0,0.0,0.0,0.0,1.0,3.0,32.0,207.0,482.0,656.0,28.0,12.0,110.0,778.0,13.0,11.0,4.0,32.0,58.0,0.0,Forward,93.85000000000001
5861.0,Clément Lenglet,Lenglet,male,1995-06-17T00:00:00+00:00,81.0,186.0,FC Barcelona,BAR,https://assets.laliga.com/assets/2019/06/07/medium/barcelona.png,15.0,Defender,https://assets.laliga.com/squad/2021/t178/p171101/512x556/p171101_t178_2021_1_001_000.png,16.0,21.0,0.0,0.0,3.0,0.0,1.0,41.0,0.0,12.0,13.0,1.0,0.0,801.0,0.0,0.0,0.0,1.0,0.0,0.0,1.0,48.0,316.0,424.0,692.0,19.0,19.0,85.0,813.0,20.0,5.0,1.0,32.0,41.0,4.0,Defender,93.35000000000001
4725.0,Daniel Ojeda,Dani Ojeda,male,1994-12-03T00:00:00+00:00,72.0,177.0,SD Ponferradina,PON,https://assets.laliga.com/assets/2021/06/24/medium/20f0382ea9163a771b3e01bbe7cf78b7.png,7.0,Forward,https://assets.laliga.com/squad/2021/t3090/p235652/512x556/p235652_t3090_2021_1_001_000.png,9.0,37.0,1.0,0.0,1.0,0.0,3.0,79.0,7.0,41.0,18.0,43.0,8.0,1016.0,0.0,0.0,0.0,17.0,0.0,14.0,33.0,44.0,496.0,328.0,766.0,7.0,25.0,388.0,1030.0,25.0,72.0,30.0,31.0,189.0,6.0,Defender,93.25
12112.0,Joan Femenias,J. Femenias,male,1996-08-19T00:00:00+00:00,79.0,189.0,Real Oviedo,OVI,https://assets.laliga.com/assets/2019/06/07/medium/oviedo.png,1.0,Goalkeeper,https://assets.laliga.com/squad/2021/t187/p240069/512x556/p240069_t187_2021_1_001_000.png,5.0,42.0,0.0,0.0,0.0,16.0,16.0,8.0,0.0,41.0,0.0,2.0,0.0,539.0,0.0,0.0,99.0,0.0,0.0,0.0,0.0,284.0,204.0,395.0,315.0,27.0,0.0,495.0,1087.0,1.0,0.0,0.0,480.0,8.0,3.0,Defender,93.1
273.0,Míkel Iribas,Iribas,male,1988-04-13T00:00:00+00:00,78.0,184.0,CF Fuenlabrada,FUE,https://assets.laliga.com/assets/2019/06/07/medium/fuenlabrada.png,19.0,Defender,https://assets.laliga.com/squad/2021/t7104/p90284/512x556/p90284_t7104_2021_1_001_000.png,29.0,40.0,1.0,0.0,15.0,0.0,8.0,128.0,0.0,45.0,29.0,36.0,0.0,873.0,0.0,0.0,0.0,1.0,0.0,19.0,13.0,95.0,364.0,330.0,558.0,53.0,37.0,450.0,919.0,49.0,13.0,8.0,119.0,147.0,13.0,Forward,92.20000000000002
4478.0,José Joaquín Matos,Matos,male,1995-05-06T00:00:00+00:00,64.0,168.0,Burgos CF,BUR,https://assets.laliga.com/assets/2021/06/24/medium/8de24d38ab1472bbae1620d36582d7bd.png,23.0,Defender,https://assets.laliga.com/squad/2021/t951/p213838/512x556/p213838_t951_2021_1_001_000.png,25.0,33.0,1.0,0.0,9.0,0.0,7.0,203.0,0.0,29.0,34.0,13.0,6.0,797.0,0.0,0.0,0.0,5.0,0.0,19.0,19.0,39.0,335.0,240.0,517.0,47.0,29.0,532.0,808.0,94.0,28.0,33.0,85.0,167.0,6.0,Forward,91.85000000000002
5979.0,Pervis Estupiñán,Estupiñán,male,1998-01-21T00:00:00+00:00,73.0,175.0,Villarreal CF,VIL,https://assets.laliga.com/assets/2019/06/07/medium/villarreal.png,12.0,Defender,https://assets.laliga.com/squad/2021/t449/p204214/512x556/p204214_t449_2021_1_001_000.png,23.0,28.0,1.0,0.0,5.0,0.0,4.0,87.0,0.0,17.0,25.0,12.0,11.0,812.0,0.0,0.0,0.0,4.0,0.0,14.0,17.0,21.0,371.0,315.0,651.0,22.0,24.0,302.0,825.0,36.0,31.0,18.0,28.0,125.0,3.0,Forward,91.80000000000001
81.0,Gabriel Armando de Abreu,G.paulista,male,1990-11-26T00:00:00+00:00,72.0,185.0,Valencia CF,VAL,https://assets.laliga.com/assets/2019/06/07/medium/valencia.png,5.0,Defender,https://assets.laliga.com/squad/2021/t191/p158074/512x556/p158074_t191_2021_1_001_000.png,38.0,19.0,0.0,0.0,12.0,0.0,7.0,72.0,2.0,17.0,39.0,3.0,1.0,574.0,0.0,0.0,0.0,3.0,0.0,0.0,1.0,70.0,142.0,352.0,424.0,85.0,11.0,157.0,636.0,21.0,8.0,1.0,65.0,77.0,2.0,Midfielder,91.75
1888.0,Íñigo Lekue,I. Lekue,male,1993-05-04T00:00:00+00:00,70.0,180.0,Athletic Club,ATH,https://assets.laliga.com/assets/2019/06/07/medium/athletic.png,15.0,Defender,https://assets.laliga.com/squad/2021/t174/p197314/512x556/p197314_t174_2021_1_001_000.png,18.0,25.0,2.0,0.0,12.0,0.0,7.0,72.0,0.0,23.0,23.0,11.0,0.0,851.0,0.0,0.0,0.0,1.0,0.0,17.0,13.0,58.0,337.0,315.0,577.0,51.0,19.0,389.0,876.0,32.0,12.0,16.0,88.0,153.0,3.0,Midfielder,91.50000000000001
1587.0,José Raúl Gutiérrez Parejo,Raúl Guti,male,1996-12-30T00:00:00+00:00,74.0,177.0,Elche CF,ELC,https://assets.laliga.com/assets/2019/06/07/medium/elche.png,8.0,Midfielder,https://assets.laliga.com/squad/2021/t954/p195381/512x556/p195381_t954_2021_1_001_000.png,12.0,31.0,0.0,0.0,3.0,0.0,3.0,79.0,0.0,17.0,25.0,10.0,0.0,767.0,0.0,1.0,0.0,5.0,0.0,1.0,11.0,42.0,354.0,302.0,613.0,7.0,16.0,178.0,777.0,25.0,15.0,10.0,35.0,87.0,2.0,Defender,91.35
19213.0,Aritz Aldasoro,Aldasoro,male,1999-04-05T00:00:00+00:00,,,R. Sociedad B,RSOB,https://assets.laliga.com/assets/2019/06/07/medium/real-sociedad.png,8.0,Midfielder,https://assets.laliga.com/squad/2021/t3567/p513947/512x556/p513947_t3567_2021_1_001_000.png,29.0,28.0,0.0,0.0,2.0,0.0,2.0,112.0,0.0,22.0,21.0,9.0,1.0,779.0,0.0,0.0,0.0,4.0,0.0,0.0,29.0,39.0,307.0,388.0,656.0,26.0,38.0,196.0,805.0,38.0,27.0,13.0,19.0,91.0,5.0,Defender,91.0
8534.0,Alejandro Centelles Plaza,Centelles,male,1999-08-30T00:00:00+00:00,73.0,185.0,UD Almería,ALM,https://assets.laliga.com/assets/2019/06/07/medium/almeria.png,20.0,Defender,https://assets.laliga.com/squad/2021/t1564/p454883/512x556/p454883_t1564_2021_1_001_000.png,18.0,22.0,1.0,0.0,2.0,0.0,7.0,68.0,0.0,13.0,19.0,16.0,3.0,756.0,0.0,0.0,0.0,5.0,0.0,4.0,21.0,32.0,279.0,346.0,588.0,30.0,13.0,269.0,777.0,21.0,28.0,16.0,55.0,102.0,2.0,Forward,90.95000000000002
1178.0,Marc Martínez,Marc Martinez,male,1990-04-04T00:00:00+00:00,72.0,186.0,FC Cartagena,CAR,https://assets.laliga.com/assets/2022/02/11/medium/1628caa9b2002a11e564eb84b3677f78.png,1.0,Goalkeeper,https://assets.laliga.com/squad/2021/t3554/p116112/512x556/p116112_t3554_2021_1_001_000.png,12.0,40.0,0.0,0.0,0.0,20.0,11.0,19.0,0.0,55.0,0.0,1.0,0.0,380.0,1.0,0.0,128.0,0.0,0.0,0.0,1.0,172.0,89.0,537.0,454.0,35.0,1.0,218.0,841.0,1.0,0.0,1.0,212.0,3.0,4.0,Defender,90.45000000000002
1999.0,José Campaña,J.g. Campaña,male,1993-05-31T00:00:00+00:00,70.0,179.0,Levante UD,LEV,https://assets.laliga.com/assets/2019/06/07/medium/levante.png,24.0,Midfielder,https://assets.laliga.com/squad/2021/t855/p88952/512x556/p88952_t855_2021_1_001_000.png,17.0,20.0,2.0,1.0,2.0,0.0,2.0,87.0,2.0,28.0,21.0,22.0,1.0,777.0,0.0,0.0,0.0,6.0,1.0,1.0,21.0,39.0,417.0,295.0,664.0,19.0,17.0,212.0,818.0,27.0,19.0,14.0,25.0,90.0,6.0,Defender,89.75
4481.0,Álvaro Odriozola,Odriozola,male,1995-12-14T00:00:00+00:00,66.0,176.0,Fiorentina,FIO,https://assets.laliga.com/assets/2021/03/11/medium/ac40b8a0a7db0aee0a118e68608c2ba8.png,29.0,Defender,,1.0,25.0,1.0,0.0,6.0,0.0,3.0,50.0,1.0,28.0,8.0,25.0,1.0,826.0,0.0,0.0,0.0,2.0,1.0,13.0,12.0,29.0,357.0,401.0,716.0,21.0,15.0,200.0,838.0,25.0,57.0,13.0,16.0,77.0,4.0,Goalkeeper,89.55000000000001
12471.0,Nikola Sipcic,Šipčić,male,1995-05-17T00:00:00+00:00,87.0,192.0,CD Tenerife,TEN,https://assets.laliga.com/assets/2019/06/07/medium/tenerife.png,23.0,Defender,https://assets.laliga.com/squad/2021/t612/p430595/512x556/p430595_t612_2021_1_001_000.png,59.0,31.0,0.0,0.0,10.0,0.0,5.0,82.0,1.0,18.0,25.0,5.0,3.0,629.0,0.0,0.0,0.0,3.0,0.0,0.0,2.0,49.0,154.0,367.0,472.0,101.0,19.0,130.0,639.0,17.0,29.0,0.0,51.0,67.0,4.0,Midfielder,89.40000000000002
1064.0,Alejandro Muñoz Miguel,Alex Muñoz,male,1994-07-30T00:00:00+00:00,80.0,187.0,CD Tenerife,TEN,https://assets.laliga.com/assets/2019/06/07/medium/tenerife.png,3.0,Defender,https://assets.laliga.com/squad/2021/t612/p133020/512x556/p133020_t612_2021_1_001_000.png,39.0,25.0,1.0,0.0,8.0,0.0,7.0,119.0,2.0,14.0,27.0,19.0,1.0,621.0,0.0,0.0,0.0,6.0,0.0,15.0,15.0,31.0,287.0,202.0,442.0,48.0,14.0,262.0,628.0,39.0,23.0,10.0,62.0,93.0,5.0,Defender,89.05000000000001
401.0,Óscar De Marcos,De Marcos,male,1989-04-14T00:00:00+00:00,77.0,182.0,Athletic Club,ATH,https://assets.laliga.com/assets/2019/06/07/medium/athletic.png,18.0,Defender,https://assets.laliga.com/squad/2021/t174/p59062/512x556/p59062_t174_2021_1_001_000.png,23.0,22.0,1.0,0.0,3.0,0.0,3.0,84.0,1.0,13.0,19.0,16.0,3.0,842.0,0.0,0.0,0.0,3.0,0.0,9.0,4.0,35.0,358.0,294.0,608.0,26.0,25.0,305.0,867.0,50.0,20.0,9.0,56.0,168.0,4.0,Forward,88.85000000000002
1741.0,Rubén Duarte,R. Duarte,male,1995-10-18T00:00:00+00:00,75.0,180.0,Deportivo Alavés,ALA,https://assets.laliga.com/assets/2020/09/01/medium/27002754a98bf535807fe49a24cc63ea.png,3.0,Defender,https://assets.laliga.com/squad/2021/t173/p126119/512x556/p126119_t173_2021_1_001_000.png,54.0,34.0,4.0,0.0,6.0,0.0,4.0,175.0,0.0,44.0,57.0,18.0,2.0,907.0,0.0,1.0,0.0,3.0,0.0,18.0,5.0,59.0,335.0,316.0,566.0,71.0,45.0,487.0,923.0,76.0,19.0,4.0,133.0,165.0,10.0,Midfielder,88.7
898.0,Aleix Vidal,Aleix V.c,male,1989-08-21T00:00:00+00:00,70.0,177.0,RCD Espanyol de Barcelona,ESP,https://assets.laliga.com/assets/2019/06/07/medium/espanyol.png,22.0,Defender,https://assets.laliga.com/squad/2021/t177/p79627/512x556/p79627_t177_2021_1_001_000.png,10.0,31.0,0.0,0.0,6.0,0.0,2.0,84.0,2.0,34.0,25.0,26.0,1.0,866.0,0.0,0.0,0.0,3.0,0.0,10.0,12.0,34.0,423.0,338.0,713.0,25.0,24.0,279.0,903.0,31.0,18.0,20.0,45.0,111.0,10.0,Goalkeeper,88.40000000000002
414.0,Jeison Murillo,Murillo,male,1992-05-27T00:00:00+00:00,78.0,182.0,RC Celta,CEL,https://assets.laliga.com/assets/2019/06/07/medium/celta.png,24.0,Defender,https://assets.laliga.com/squad/2021/t176/p107117/512x556/p107117_t176_2021_1_001_000.png,32.0,19.0,0.0,0.0,8.0,0.0,4.0,62.0,0.0,20.0,17.0,1.0,0.0,673.0,0.0,0.0,0.0,1.0,1.0,0.0,3.0,53.0,210.0,410.0,567.0,33.0,13.0,83.0,695.0,15.0,8.0,0.0,41.0,34.0,5.0,Goalkeeper,87.9
1858.0,Rubén Alcaraz,R. Alcaraz,male,1991-05-01T00:00:00+00:00,81.0,183.0,Cádiz CF,CAD,https://assets.laliga.com/assets/2019/06/07/medium/cadiz.png,4.0,Midfielder,https://assets.laliga.com/squad/2021/t1737/p96771/512x556/p96771_t1737_2021_1_001_000.png,22.0,14.0,0.0,5.0,2.0,0.0,5.0,109.0,2.0,12.0,13.0,14.0,1.0,609.0,0.0,0.0,0.0,6.0,0.0,3.0,11.0,59.0,324.0,230.0,489.0,13.0,30.0,150.0,641.0,41.0,19.0,6.0,37.0,56.0,7.0,Defender,87.6
8313.0,Amir Abedzadeh,Amir,male,1993-04-26T00:00:00+00:00,80.0,186.0,SD Ponferradina,PON,https://assets.laliga.com/assets/2021/06/24/medium/20f0382ea9163a771b3e01bbe7cf78b7.png,1.0,Goalkeeper,https://assets.laliga.com/squad/2021/t3090/p246353/512x556/p246353_t3090_2021_1_001_000.png,17.0,35.0,0.0,0.0,0.0,36.0,9.0,24.0,0.0,43.0,0.0,1.0,0.0,523.0,0.0,0.0,117.0,0.0,0.0,0.0,2.0,384.0,270.0,381.0,267.0,30.0,1.0,438.0,1077.0,0.0,0.0,0.0,422.0,4.0,2.0,Defender,87.34999999999998
3110.0,Darko Brasanac,Darko,male,1992-02-12T00:00:00+00:00,73.0,178.0,CA Osasuna,OSA,https://assets.laliga.com/assets/2019/06/07/medium/osasuna.png,8.0,Midfielder,https://assets.laliga.com/squad/2021/t450/p84700/512x556/p84700_t450_2021_1_001_000.png,33.0,35.0,0.0,0.0,8.0,0.0,4.0,107.0,1.0,34.0,25.0,27.0,9.0,833.0,0.0,0.0,0.0,5.0,0.0,5.0,15.0,8.0,441.0,231.0,659.0,15.0,52.0,318.0,873.0,35.0,83.0,12.0,24.0,182.0,9.0,Defender,87.2
25286.0,Óscar Rivas,O. Rivas,male,2000-03-27T00:00:00+00:00,,,AD Alcorcón,ALC,https://assets.laliga.com/assets/2019/06/07/medium/alcorcon.png,35.0,Defender,,33.0,20.0,0.0,0.0,9.0,0.0,3.0,69.0,2.0,25.0,36.0,5.0,1.0,736.0,0.0,0.0,0.0,4.0,0.0,1.0,2.0,74.0,160.0,447.0,532.0,70.0,20.0,179.0,768.0,29.0,27.0,3.0,97.0,65.0,3.0,Defender,86.95000000000002
17132.0,Helibelton Palacios Zapata,H.palacios,male,1993-06-11T00:00:00+00:00,75.0,177.0,Elche CF,ELC,https://assets.laliga.com/assets/2019/06/07/medium/elche.png,14.0,Defender,https://assets.laliga.com/squad/2021/t954/p149666/512x556/p149666_t954_2021_1_001_000.png,25.0,26.0,0.0,0.0,8.0,0.0,2.0,151.0,0.0,28.0,18.0,7.0,0.0,710.0,0.0,0.0,0.0,0.0,0.0,4.0,27.0,24.0,288.0,288.0,548.0,57.0,28.0,265.0,727.0,69.0,7.0,8.0,41.0,114.0,6.0,Defender,85.95000000000002
20042.0,Oier Luengo,Luengo,male,1997-11-11T00:00:00+00:00,,,SD Amorebieta,AMO,https://assets.laliga.com/assets/2021/06/24/medium/7dcec1604142a8f60f876e4c7e839da7.png,15.0,Defender,https://assets.laliga.com/squad/2021/t6498/p235421/512x556/p235421_t6498_2021_1_001_000.png,102.0,31.0,1.0,0.0,20.0,0.0,2.0,178.0,0.0,40.0,45.0,4.0,0.0,751.0,0.0,1.0,0.0,2.0,0.0,0.0,4.0,62.0,179.0,335.0,452.0,90.0,48.0,285.0,764.0,33.0,38.0,6.0,100.0,150.0,5.0,Forward,85.45000000000002
3122.0,Karim Rekik,K. Rekik,male,1994-12-02T00:00:00+00:00,84.0,186.0,Sevilla FC,SEV,https://assets.laliga.com/assets/2019/06/07/medium/sevilla.png,4.0,Defender,https://assets.laliga.com/squad/2021/t179/p103040/512x556/p103040_t179_2021_1_001_000.png,23.0,18.0,1.0,0.0,6.0,0.0,3.0,47.0,0.0,8.0,9.0,3.0,1.0,726.0,0.0,0.0,0.0,0.0,0.0,2.0,5.0,13.0,184.0,480.0,649.0,19.0,16.0,112.0,732.0,11.0,14.0,3.0,23.0,47.0,2.0,Midfielder,84.69999999999999
12630.0,Enrique Clemente,Clemente,male,1999-03-04T00:00:00+00:00,79.0,180.0,R. Sociedad B,RSOB,https://assets.laliga.com/assets/2019/06/07/medium/real-sociedad.png,25.0,Defender,,20.0,16.0,1.0,0.0,3.0,0.0,3.0,37.0,0.0,24.0,23.0,7.0,1.0,790.0,0.0,0.0,0.0,0.0,0.0,0.0,4.0,48.0,244.0,438.0,634.0,44.0,20.0,157.0,824.0,9.0,10.0,3.0,84.0,58.0,6.0,Midfielder,84.25
297.0,Carlos Akapo Martínez,Akapo,male,1993-03-12T00:00:00+00:00,70.0,179.0,Cádiz CF,CAD,https://assets.laliga.com/assets/2019/06/07/medium/cadiz.png,15.0,Defender,https://assets.laliga.com/squad/2021/t1737/p166138/512x556/p166138_t1737_2021_1_001_000.png,37.0,25.0,0.0,0.0,7.0,0.0,5.0,117.0,0.0,27.0,51.0,7.0,2.0,627.0,0.0,0.0,0.0,1.0,0.0,14.0,12.0,20.0,251.0,248.0,465.0,55.0,23.0,268.0,645.0,43.0,9.0,9.0,42.0,118.0,4.0,Defender,84.10000000000001
4605.0,Nicolás Gorosito,Nico Gorosito,male,1988-08-17T00:00:00+00:00,79.0,186.0,AD Alcorcón,ALC,https://assets.laliga.com/assets/2019/06/07/medium/alcorcon.png,14.0,Defender,https://assets.laliga.com/squad/2021/t5233/p102547/512x556/p102547_t5233_2021_1_001_000.png,41.0,24.0,0.0,0.0,14.0,0.0,1.0,99.0,2.0,41.0,35.0,1.0,2.0,768.0,0.0,0.0,0.0,2.0,0.0,1.0,4.0,75.0,119.0,574.0,617.0,65.0,31.0,170.0,839.0,24.0,18.0,3.0,71.0,76.0,8.0,Midfielder,84.05000000000001
947.0,Fidel Chaves de la Torre,Fidel,male,1989-10-27T00:00:00+00:00,74.0,180.0,Elche CF,ELC,https://assets.laliga.com/assets/2019/06/07/medium/elche.png,16.0,Forward,https://assets.laliga.com/squad/2021/t954/p83553/512x556/p83553_t954_2021_1_001_000.png,6.0,33.0,5.0,1.0,1.0,0.0,2.0,123.0,5.0,31.0,7.0,34.0,7.0,959.0,0.0,0.0,0.0,8.0,0.0,10.0,44.0,38.0,502.0,290.0,729.0,18.0,26.0,449.0,974.0,44.0,54.0,31.0,28.0,179.0,9.0,Defender,84.05
341.0,Bruno González,Bruno,male,1990-05-24T00:00:00+00:00,83.0,185.0,CD Leganés,LEG,https://assets.laliga.com/assets/2019/06/07/medium/leganes.png,5.0,Defender,https://assets.laliga.com/squad/2021/t957/p98976/512x556/p98976_t957_2021_1_001_000.png,38.0,20.0,0.0,0.0,4.0,0.0,4.0,59.0,0.0,24.0,21.0,3.0,0.0,697.0,0.0,0.0,0.0,1.0,0.0,1.0,1.0,54.0,168.0,436.0,549.0,61.0,24.0,127.0,719.0,16.0,4.0,1.0,57.0,59.0,6.0,Forward,83.6
835.0,Luis Hernández,Luis Hernández,male,1989-04-14T00:00:00+00:00,75.0,183.0,Cádiz CF,CAD,https://assets.laliga.com/assets/2019/06/07/medium/cadiz.png,23.0,Defender,https://assets.laliga.com/squad/2021/t1737/p130025/512x556/p130025_t1737_2021_1_001_000.png,16.0,16.0,0.0,0.0,3.0,0.0,8.0,30.0,0.0,13.0,16.0,5.0,1.0,665.0,0.0,0.0,0.0,2.0,0.0,2.0,0.0,54.0,193.0,400.0,537.0,33.0,9.0,188.0,699.0,9.0,15.0,0.0,56.0,52.0,5.0,Goalkeeper,83.55000000000001
1669.0,David Soria,David Soria,male,1993-04-04T00:00:00+00:00,85.0,192.0,Getafe CF,GET,https://assets.laliga.com/assets/2019/06/07/medium/getafe.png,13.0,Goalkeeper,https://assets.laliga.com/squad/2021/t1450/p175204/512x556/p175204_t1450_2021_1_001_000.png,16.0,38.0,0.0,0.0,0.0,20.0,13.0,18.0,0.0,41.0,0.0,0.0,0.0,471.0,1.0,0.0,94.0,0.0,0.0,0.0,0.0,397.0,277.0,273.0,153.0,47.0,1.0,540.0,1079.0,1.0,0.0,0.0,524.0,5.0,4.0,Defender,82.85000000000001
4075.0,Diego González,Diego Glez.,male,1995-01-28T00:00:00+00:00,83.0,185.0,Elche CF,ELC,https://assets.laliga.com/assets/2019/06/07/medium/elche.png,4.0,Defender,https://assets.laliga.com/squad/2021/t954/p220097/512x556/p220097_t954_2021_1_001_000.png,27.0,28.0,0.0,0.0,13.0,0.0,4.0,56.0,0.0,26.0,19.0,2.0,0.0,683.0,0.0,0.0,0.0,1.0,1.0,0.0,1.0,48.0,129.0,465.0,546.0,87.0,25.0,132.0,718.0,25.0,9.0,0.0,69.0,55.0,3.0,Defender,82.7
4822.0,Felipe Augusto de Almeida Monteiro,Felipe,male,1989-05-16T00:00:00+00:00,83.0,190.0,Atlético de Madrid,ATM,https://assets.laliga.com/assets/2019/06/07/medium/atletico.png,18.0,Defender,https://assets.laliga.com/squad/2021/t175/p116404/512x556/p116404_t175_2021_1_001_000.png,45.0,26.0,1.0,0.0,11.0,0.0,1.0,81.0,2.0,25.0,28.0,4.0,2.0,745.0,0.0,0.0,0.0,4.0,1.0,0.0,2.0,40.0,210.0,421.0,591.0,75.0,21.0,159.0,771.0,20.0,21.0,1.0,64.0,76.0,5.0,Forward,82.55
134.0,Vicente Iborra,Iborra,male,1988-01-16T00:00:00+00:00,80.0,190.0,Villarreal CF,VIL,https://assets.laliga.com/assets/2019/06/07/medium/villarreal.png,10.0,Midfielder,https://assets.laliga.com/squad/2021/t449/p54513/512x556/p54513_t449_2021_1_001_000.png,26.0,20.0,1.0,0.0,5.0,0.0,4.0,57.0,0.0,10.0,11.0,1.0,0.0,622.0,0.0,0.0,0.0,2.0,0.0,0.0,2.0,15.0,249.0,296.0,530.0,27.0,19.0,104.0,635.0,19.0,11.0,2.0,21.0,69.0,4.0,Defender,81.85
4303.0,Esteban Saveljich,E. Saveljilch,male,1991-05-20T00:00:00+00:00,80.0,187.0,Rayo Vallecano,RAY,https://assets.laliga.com/assets/2019/06/07/medium/rayo.png,24.0,Defender,https://assets.laliga.com/squad/2021/t184/p119138/512x556/p119138_t184_2021_1_001_000.png,56.0,21.0,0.0,0.0,12.0,0.0,5.0,76.0,0.0,20.0,16.0,1.0,3.0,578.0,0.0,0.0,0.0,3.0,0.0,1.0,0.0,33.0,110.0,385.0,461.0,66.0,23.0,113.0,599.0,18.0,12.0,1.0,52.0,53.0,4.0,Defender,81.60000000000002
1982.0,Jorge Miramón,Jorge Miramón,male,1989-06-02T00:00:00+00:00,74.0,175.0,Levante UD,LEV,https://assets.laliga.com/assets/2019/06/07/medium/levante.png,20.0,Midfielder,https://assets.laliga.com/squad/2021/t855/p89334/512x556/p89334_t855_2021_1_001_000.png,18.0,29.0,0.0,0.0,3.0,0.0,5.0,98.0,1.0,43.0,35.0,16.0,0.0,778.0,0.0,0.0,0.0,2.0,0.0,13.0,21.0,51.0,285.0,315.0,535.0,51.0,31.0,319.0,784.0,36.0,19.0,10.0,72.0,126.0,5.0,Defender,81.55
4872.0,Mouctar Diakhaby,Diakhaby,male,1996-12-19T00:00:00+00:00,78.0,189.0,Valencia CF,VAL,https://assets.laliga.com/assets/2019/06/07/medium/valencia.png,12.0,Defender,https://assets.laliga.com/squad/2021/t191/p208135/512x556/p208135_t191_2021_1_001_000.png,33.0,29.0,1.0,0.0,17.0,0.0,5.0,97.0,0.0,35.0,30.0,3.0,1.0,683.0,0.0,0.0,0.0,2.0,0.0,1.0,13.0,72.0,183.0,356.0,466.0,83.0,26.0,212.0,720.0,35.0,21.0,6.0,109.0,73.0,11.0,Goalkeeper,81.05
1068.0,Santiago Mina Lorenzo,S. Mina,male,1995-12-07T00:00:00+00:00,77.0,181.0,RC Celta,CEL,https://assets.laliga.com/assets/2019/06/07/medium/celta.png,22.0,Forward,https://assets.laliga.com/squad/2021/t176/p150360/512x556/p150360_t176_2021_1_001_000.png,128.0,33.0,3.0,1.0,2.0,0.0,5.0,204.0,7.0,26.0,6.0,18.0,10.0,627.0,0.0,0.0,0.0,23.0,0.0,1.0,12.0,25.0,287.0,136.0,397.0,21.0,53.0,337.0,633.0,27.0,100.0,9.0,12.0,199.0,4.0,Defender,80.79999999999998
6110.0,Esteban Burgos,E. Burgos,male,1992-01-09T00:00:00+00:00,80.0,190.0,SD Eibar,EIB,https://assets.laliga.com/assets/2019/06/07/medium/eibar.png,2.0,Defender,https://assets.laliga.com/squad/2021/t953/p169873/512x556/p169873_t953_2021_1_001_000.png,45.0,18.0,1.0,0.0,9.0,0.0,3.0,67.0,0.0,20.0,14.0,1.0,2.0,655.0,0.0,0.0,0.0,2.0,0.0,2.0,3.0,86.0,201.0,329.0,442.0,74.0,17.0,155.0,675.0,17.0,17.0,1.0,73.0,74.0,3.0,Defender,80.69999999999999
7567.0,Peru Nolaskoain,Nolaskoain,male,1998-10-25T00:00:00+00:00,81.0,186.0,SD Amorebieta,AMO,https://assets.laliga.com/assets/2021/06/24/medium/7dcec1604142a8f60f876e4c7e839da7.png,17.0,Defender,https://assets.laliga.com/squad/2021/t6498/p242831/512x556/p242831_t6498_2021_1_001_000.png,31.0,17.0,0.0,0.0,9.0,0.0,4.0,70.0,1.0,25.0,16.0,2.0,3.0,652.0,0.0,0.0,0.0,3.0,0.0,0.0,5.0,69.0,201.0,327.0,459.0,65.0,8.0,183.0,689.0,18.0,24.0,5.0,77.0,84.0,4.0,Midfielder,80.45000000000002
7567.0,Peru Nolaskoain,Nolaskoain,male,1998-10-25T00:00:00+00:00,81.0,186.0,SD Amorebieta,AMO,https://assets.laliga.com/assets/2021/06/24/medium/7dcec1604142a8f60f876e4c7e839da7.png,17.0,Defender,https://assets.laliga.com/squad/2021/t6498/p242831/512x556/p242831_t6498_2021_1_001_000.png,31.0,17.0,0.0,0.0,9.0,0.0,4.0,70.0,1.0,25.0,16.0,2.0,3.0,652.0,0.0,0.0,0.0,3.0,0.0,0.0,5.0,69.0,201.0,327.0,459.0,65.0,8.0,183.0,689.0,18.0,24.0,5.0,77.0,84.0,4.0,Midfielder,80.45000000000002
2628.0,Memphis Depay,Memphis,male,1994-02-13T00:00:00+00:00,78.0,176.0,FC Barcelona,BAR,https://assets.laliga.com/assets/2019/06/07/medium/barcelona.png,9.0,Forward,https://assets.laliga.com/squad/2021/t178/p106824/512x556/p106824_t178_2021_1_001_000.png,10.0,28.0,2.0,6.0,1.0,0.0,3.0,109.0,12.0,21.0,3.0,43.0,13.0,735.0,0.0,0.0,0.0,34.0,0.0,12.0,45.0,17.0,552.0,149.0,647.0,4.0,23.0,392.0,809.0,10.0,140.0,29.0,10.0,135.0,3.0,Defender,80.35000000000001
14160.0,Iker Bilbao,Iker Bilbao,male,1996-03-20T00:00:00+00:00,77.0,181.0,SD Amorebieta,AMO,https://assets.laliga.com/assets/2021/06/24/medium/7dcec1604142a8f60f876e4c7e839da7.png,6.0,Midfielder,https://assets.laliga.com/squad/2021/t6498/p499107/512x556/p499107_t6498_2021_1_001_000.png,86.0,38.0,3.0,4.0,6.0,0.0,0.0,168.0,2.0,42.0,23.0,21.0,2.0,808.0,0.0,0.0,0.0,8.0,0.0,11.0,16.0,47.0,396.0,193.0,523.0,30.0,38.0,409.0,832.0,43.0,44.0,12.0,69.0,193.0,5.0,Defender,80.35
4319.0,Carles Aleñá,Aleñá,male,1998-01-05T00:00:00+00:00,73.0,180.0,Getafe CF,GET,https://assets.laliga.com/assets/2019/06/07/medium/getafe.png,11.0,Midfielder,https://assets.laliga.com/squad/2021/t1450/p179271/512x556/p179271_t1450_2021_1_001_000.png,13.0,33.0,2.0,0.0,2.0,0.0,4.0,94.0,1.0,20.0,15.0,18.0,1.0,802.0,0.0,0.0,0.0,14.0,1.0,6.0,17.0,44.0,429.0,252.0,624.0,10.0,50.0,285.0,820.0,27.0,15.0,18.0,32.0,120.0,6.0,Defender,80.05000000000001
17808.0,Erick Ferigra,Ferigra,male,1999-02-07T00:00:00+00:00,74.0,188.0,UD Las Palmas,LPA,https://assets.laliga.com/assets/2019/06/07/medium/las-palmas.png,5.0,Defender,https://assets.laliga.com/squad/2021/t407/p449750/512x556/p449750_t407_2021_1_001_000.png,29.0,15.0,0.0,0.0,8.0,0.0,2.0,72.0,0.0,19.0,12.0,0.0,0.0,647.0,0.0,0.0,0.0,0.0,0.0,0.0,5.0,40.0,136.0,441.0,537.0,49.0,14.0,106.0,669.0,24.0,7.0,1.0,43.0,49.0,3.0,Forward,79.90000000000002
14734.0,Óscar Mingueza,Mingueza,male,1999-05-13T00:00:00+00:00,75.0,184.0,FC Barcelona,BAR,https://assets.laliga.com/assets/2019/06/07/medium/barcelona.png,22.0,Defender,https://assets.laliga.com/squad/2021/t178/p242313/512x556/p242313_t178_2021_1_001_000.png,9.0,19.0,1.0,0.0,0.0,0.0,2.0,44.0,0.0,10.0,9.0,8.0,1.0,646.0,0.0,0.0,0.0,1.0,0.0,9.0,6.0,24.0,300.0,293.0,560.0,18.0,12.0,117.0,654.0,25.0,8.0,1.0,25.0,45.0,2.0,Goalkeeper,79.8
5895.0,Rodrigo Ely,R. Ely,male,1993-11-03T00:00:00+00:00,83.0,188.0,UD Almería,ALM,https://assets.laliga.com/assets/2019/06/07/medium/almeria.png,19.0,Defender,,35.0,12.0,0.0,0.0,6.0,0.0,4.0,54.0,3.0,9.0,11.0,1.0,1.0,618.0,0.0,0.0,0.0,4.0,0.0,0.0,3.0,48.0,153.0,410.0,515.0,45.0,15.0,89.0,643.0,9.0,22.0,3.0,38.0,42.0,5.0,Defender,79.75
596.0,Rafael Alcántara do Nascimento,Rafael,male,1993-02-12T00:00:00+00:00,71.0,174.0,Real Sociedad,RSO,https://assets.laliga.com/assets/2019/06/07/medium/real-sociedad.png,17.0,Midfielder,https://assets.laliga.com/squad/2021/t188/p92819/512x556/p92819_t188_2021_1_001_000.png,13.0,17.0,0.0,1.0,2.0,0.0,0.0,112.0,1.0,10.0,12.0,9.0,0.0,636.0,0.0,0.0,0.0,2.0,0.0,2.0,18.0,24.0,361.0,220.0,553.0,3.0,21.0,162.0,652.0,43.0,20.0,18.0,10.0,65.0,3.0,Defender,79.69999999999999
2273.0,Thomas Lemar,Lemar,male,1995-11-12T00:00:00+00:00,63.0,171.0,Atlético de Madrid,ATM,https://assets.laliga.com/assets/2019/06/07/medium/atletico.png,11.0,Midfielder,https://assets.laliga.com/squad/2021/t175/p167449/512x556/p167449_t175_2021_1_001_000.png,12.0,24.0,3.0,1.0,0.0,0.0,2.0,90.0,4.0,25.0,8.0,26.0,2.0,654.0,0.0,0.0,0.0,8.0,0.0,15.0,33.0,28.0,419.0,184.0,551.0,10.0,11.0,245.0,679.0,24.0,47.0,23.0,11.0,89.0,2.0,Defender,79.25
8650.0,Domingos de Sousa Coutinho Meneses Duarte,Domingos D.,male,1995-03-10T00:00:00+00:00,80.0,192.0,Granada CF,GRA,https://assets.laliga.com/assets/2019/06/07/medium/granada.png,22.0,Defender,https://assets.laliga.com/squad/2021/t5683/p200599/512x556/p200599_t5683_2021_1_001_000.png,40.0,21.0,0.0,0.0,20.0,0.0,4.0,74.0,1.0,31.0,22.0,3.0,0.0,701.0,0.0,0.0,0.0,1.0,1.0,0.0,2.0,72.0,175.0,390.0,493.0,79.0,24.0,179.0,731.0,18.0,15.0,1.0,79.0,87.0,7.0,Forward,79.00000000000001
16156.0,Raúl Navarro,R. Navarro,male,1994-02-07T00:00:00+00:00,,,Burgos CF,BUR,https://assets.laliga.com/assets/2021/06/24/medium/8de24d38ab1472bbae1620d36582d7bd.png,6.0,Defender,https://assets.laliga.com/squad/2021/t951/p442152/512x556/p442152_t951_2021_1_001_000.png,15.0,32.0,0.0,0.0,2.0,0.0,6.0,106.0,0.0,20.0,29.0,8.0,1.0,624.0,0.0,0.0,0.0,4.0,0.0,6.0,12.0,48.0,250.0,234.0,430.0,33.0,25.0,283.0,630.0,56.0,14.0,14.0,54.0,98.0,3.0,Defender,78.8
14493.0,Bogdan Milovanov,B. Milovanov,male,1998-04-19T00:00:00+00:00,75.0,178.0,Real Sporting,SPO,https://assets.laliga.com/assets/2019/06/07/medium/sporting.png,19.0,Defender,https://assets.laliga.com/squad/2021/t616/p440610/512x556/p440610_t616_2021_1_001_000.png,37.0,28.0,0.0,0.0,7.0,0.0,2.0,128.0,1.0,26.0,20.0,23.0,4.0,753.0,0.0,0.0,0.0,1.0,0.0,13.0,16.0,37.0,251.0,307.0,508.0,79.0,30.0,351.0,764.0,63.0,32.0,15.0,89.0,130.0,3.0,Midfielder,78.5
11989.0,Jon Irazábal,Irazabal,male,1996-11-28T00:00:00+00:00,75.0,187.0,SD Amorebieta,AMO,https://assets.laliga.com/assets/2021/06/24/medium/7dcec1604142a8f60f876e4c7e839da7.png,19.0,Defender,https://assets.laliga.com/squad/2021/t6498/p464275/512x556/p464275_t6498_2021_1_001_000.png,60.0,19.0,0.0,0.0,11.0,0.0,2.0,113.0,0.0,26.0,27.0,1.0,0.0,652.0,0.0,0.0,0.0,2.0,0.0,2.0,3.0,63.0,214.0,283.0,432.0,57.0,26.0,200.0,672.0,38.0,11.0,1.0,88.0,89.0,7.0,Goalkeeper,78.05
14406.0,Alejandro Sotillos,Sotillos,male,1998-01-28T00:00:00+00:00,72.0,180.0,CF Fuenlabrada,FUE,https://assets.laliga.com/assets/2019/06/07/medium/fuenlabrada.png,4.0,Defender,https://assets.laliga.com/squad/2021/t7104/p434893/512x556/p434893_t7104_2021_1_001_000.png,34.0,29.0,0.0,0.0,9.0,0.0,5.0,84.0,1.0,35.0,51.0,6.0,0.0,722.0,0.0,1.0,0.0,4.0,0.0,1.0,6.0,55.0,188.0,365.0,497.0,66.0,25.0,263.0,750.0,31.0,25.0,1.0,89.0,109.0,8.0,Goalkeeper,77.7
1280.0,Borja López,Borja Lopez,male,1994-02-02T00:00:00+00:00,78.0,192.0,Real Sporting,SPO,https://assets.laliga.com/assets/2019/06/07/medium/sporting.png,5.0,Defender,https://assets.laliga.com/squad/2021/t616/p109657/512x556/p109657_t616_2021_1_001_000.png,28.0,17.0,0.0,0.0,14.0,0.0,1.0,59.0,0.0,18.0,14.0,5.0,1.0,684.0,0.0,0.0,0.0,1.0,0.0,0.0,2.0,51.0,155.0,427.0,531.0,62.0,12.0,139.0,710.0,16.0,11.0,0.0,72.0,56.0,2.0,Goalkeeper,76.94999999999999
82.0,Jaume Costa,J. Costa,male,1988-03-18T00:00:00+00:00,62.0,171.0,RCD Mallorca,MLL,https://assets.laliga.com/assets/2019/06/07/medium/mallorca.png,18.0,Defender,https://assets.laliga.com/squad/2021/t181/p58792/512x556/p58792_t181_2021_1_001_000.png,26.0,25.0,4.0,0.0,7.0,0.0,4.0,95.0,0.0,32.0,23.0,16.0,2.0,721.0,0.0,0.0,0.0,2.0,1.0,18.0,9.0,25.0,334.0,236.0,527.0,54.0,21.0,312.0,732.0,35.0,19.0,5.0,61.0,119.0,5.0,Forward,76.85
13105.0,Reinildo Isnard Mandava,Reinildo,male,1994-01-21T00:00:00+00:00,73.0,180.0,Atlético de Madrid,ATM,https://assets.laliga.com/assets/2019/06/07/medium/atletico.png,23.0,Defender,https://assets.laliga.com/squad/2021/t175/p434399/512x556/p434399_t175_2021_1_001_000.png,23.0,17.0,0.0,0.0,9.0,0.0,4.0,92.0,0.0,12.0,21.0,3.0,0.0,567.0,0.0,0.0,0.0,0.0,0.0,0.0,5.0,18.0,171.0,315.0,468.0,32.0,26.0,150.0,581.0,45.0,9.0,2.0,40.0,55.0,4.0,Midfielder,76.4
7142.0,Gonzalo Verdú,Gonzalo Verdú,male,1988-10-21T00:00:00+00:00,80.0,185.0,Elche CF,ELC,https://assets.laliga.com/assets/2019/06/07/medium/elche.png,5.0,Defender,https://assets.laliga.com/squad/2021/t954/p201550/512x556/p201550_t954_2021_1_001_000.png,28.0,19.0,0.0,1.0,14.0,0.0,4.0,60.0,0.0,14.0,13.0,0.0,0.0,677.0,0.0,0.0,0.0,0.0,0.0,0.0,0.0,66.0,125.0,470.0,529.0,58.0,23.0,121.0,707.0,19.0,5.0,0.0,70.0,42.0,11.0,Forward,75.95000000000002
1823.0,Kevin Vázquez,Kevin V.,male,1993-03-23T00:00:00+00:00,72.0,173.0,RC Celta,CEL,https://assets.laliga.com/assets/2019/06/07/medium/celta.png,20.0,Defender,https://assets.laliga.com/squad/2021/t176/p107807/512x556/p107807_t176_2021_1_001_000.png,18.0,17.0,1.0,0.0,7.0,0.0,3.0,82.0,0.0,15.0,36.0,9.0,0.0,642.0,0.0,0.0,0.0,1.0,0.0,6.0,11.0,23.0,290.0,232.0,493.0,26.0,18.0,239.0,659.0,34.0,16.0,5.0,41.0,102.0,3.0,Goalkeeper,75.7
12636.0,Pedro González López,Pedri,male,2002-11-25T00:00:00+00:00,60.0,174.0,FC Barcelona,BAR,https://assets.laliga.com/assets/2019/06/07/medium/barcelona.png,16.0,Midfielder,https://assets.laliga.com/squad/2021/t178/p490541/512x556/p490541_t178_2021_1_001_000.png,4.0,12.0,0.0,0.0,0.0,0.0,2.0,56.0,3.0,9.0,5.0,14.0,0.0,574.0,0.0,0.0,0.0,5.0,0.0,1.0,15.0,36.0,349.0,159.0,465.0,5.0,1.0,129.0,579.0,20.0,23.0,4.0,6.0,72.0,0.0,Defender,75.64999999999999
418.0,Dimitri Foulquier,Foulquier,male,1993-03-23T00:00:00+00:00,72.0,183.0,Valencia CF,VAL,https://assets.laliga.com/assets/2019/06/07/medium/valencia.png,20.0,Defender,https://assets.laliga.com/squad/2021/t191/p96767/512x556/p96767_t191_2021_1_001_000.png,20.0,29.0,0.0,0.0,3.0,0.0,9.0,119.0,0.0,36.0,29.0,10.0,1.0,705.0,0.0,0.0,0.0,5.0,0.0,9.0,23.0,38.0,279.0,224.0,456.0,42.0,39.0,360.0,730.0,36.0,16.0,10.0,108.0,128.0,11.0,Goalkeeper,75.35000000000001
8679.0,Luca Sangalli,Sangalli,male,1995-02-10T00:00:00+00:00,74.0,167.0,R. Sociedad B,RSOB,https://assets.laliga.com/assets/2019/06/07/medium/real-sociedad.png,23.0,Midfielder,https://assets.laliga.com/squad/2021/t3567/p201179/512x556/p201179_t3567_2021_1_001_000.png,7.0,20.0,1.0,0.0,2.0,0.0,1.0,58.0,1.0,19.0,3.0,4.0,1.0,653.0,0.0,0.0,0.0,1.0,0.0,0.0,10.0,34.0,304.0,271.0,541.0,6.0,5.0,154.0,677.0,21.0,6.0,4.0,18.0,84.0,1.0,Defender,75.35
815.0,José Antonio Ríos Reina,Rios Reina,male,1990-05-10T00:00:00+00:00,78.0,180.0,SD Ponferradina,PON,https://assets.laliga.com/assets/2021/06/24/medium/20f0382ea9163a771b3e01bbe7cf78b7.png,3.0,Defender,https://assets.laliga.com/squad/2021/t3090/p55325/512x556/p55325_t3090_2021_1_001_000.png,14.0,30.0,6.0,6.0,5.0,0.0,5.0,71.0,2.0,39.0,33.0,31.0,3.0,879.0,0.0,0.0,0.0,4.0,0.0,23.0,20.0,59.0,423.0,310.0,632.0,42.0,8.0,571.0,928.0,16.0,34.0,34.0,111.0,126.0,4.0,Forward,75.05000000000001
5480.0,Fernando Calero,Calero,male,1995-09-14T00:00:00+00:00,71.0,183.0,RCD Espanyol de Barcelona,ESP,https://assets.laliga.com/assets/2019/06/07/medium/espanyol.png,5.0,Defender,https://assets.laliga.com/squad/2021/t177/p241869/512x556/p241869_t177_2021_1_001_000.png,21.0,16.0,0.0,0.0,2.0,0.0,3.0,48.0,0.0,17.0,16.0,2.0,0.0,587.0,0.0,0.0,0.0,0.0,0.0,0.0,4.0,35.0,186.0,330.0,481.0,62.0,10.0,115.0,620.0,17.0,4.0,1.0,57.0,47.0,3.0,Forward,74.95
9673.0,Orest Lebedenko,Lebedenko,male,1998-09-23T00:00:00+00:00,63.0,174.0,CD Lugo,LUG,https://assets.laliga.com/assets/2019/06/07/medium/lugo.png,19.0,Defender,https://assets.laliga.com/squad/2021/t5730/p431677/512x556/p431677_t5730_2021_1_001_000.png,55.0,36.0,0.0,0.0,8.0,0.0,3.0,211.0,0.0,35.0,57.0,23.0,2.0,599.0,0.0,0.0,0.0,2.0,0.0,16.0,39.0,24.0,205.0,214.0,379.0,67.0,24.0,437.0,607.0,91.0,21.0,23.0,53.0,151.0,5.0,Defender,74.85
226.0,Carlos Pita,C. Pita,male,1984-12-08T00:00:00+00:00,84.0,185.0,CD Lugo,LUG,https://assets.laliga.com/assets/2019/06/07/medium/lugo.png,5.0,Midfielder,https://assets.laliga.com/squad/2021/t5730/p20611/512x556/p20611_t5730_2021_1_001_000.png,37.0,32.0,0.0,0.0,16.0,0.0,0.0,71.0,1.0,23.0,35.0,7.0,1.0,655.0,0.0,0.0,0.0,3.0,0.0,1.0,2.0,63.0,245.0,284.0,465.0,65.0,27.0,162.0,672.0,21.0,11.0,0.0,70.0,74.0,2.0,Defender,74.7
699.0,Antoine Griezmann,Griezmann,male,1991-03-21T00:00:00+00:00,73.0,176.0,Atlético de Madrid,ATM,https://assets.laliga.com/assets/2019/06/07/medium/atletico.png,8.0,Forward,https://assets.laliga.com/squad/2021/t175/p76650/512x556/p76650_t175_2021_1_001_000.png,32.0,26.0,3.0,3.0,1.0,0.0,1.0,107.0,3.0,16.0,7.0,22.0,10.0,639.0,0.0,0.0,0.0,14.0,0.0,2.0,19.0,18.0,361.0,176.0,513.0,16.0,18.0,227.0,658.0,30.0,72.0,10.0,9.0,118.0,3.0,Defender,74.65000000000002
4057.0,Carlos Pomares,Pomares,male,1992-12-05T00:00:00+00:00,74.0,183.0,CD Tenerife,TEN,https://assets.laliga.com/assets/2019/06/07/medium/tenerife.png,15.0,Defender,https://assets.laliga.com/squad/2021/t612/p219884/512x556/p219884_t612_2021_1_001_000.png,40.0,30.0,2.0,0.0,8.0,0.0,6.0,124.0,0.0,22.0,31.0,15.0,2.0,677.0,0.0,0.0,0.0,4.0,0.0,15.0,8.0,32.0,262.0,199.0,414.0,39.0,26.0,397.0,682.0,58.0,23.0,17.0,98.0,138.0,5.0,Forward,74.6
7314.0,Manuel Morlanes Ariño,Morlanes,male,1999-01-12T00:00:00+00:00,75.0,178.0,RCD Espanyol de Barcelona,ESP,https://assets.laliga.com/assets/2019/06/07/medium/espanyol.png,6.0,Midfielder,https://assets.laliga.com/squad/2021/t177/p227164/512x556/p227164_t177_2021_1_001_000.png,18.0,27.0,0.0,0.0,5.0,0.0,0.0,77.0,2.0,23.0,13.0,6.0,0.0,619.0,0.0,0.0,0.0,2.0,1.0,2.0,13.0,28.0,322.0,237.0,529.0,17.0,13.0,114.0,645.0,36.0,5.0,2.0,18.0,70.0,6.0,Defender,73.80000000000001
7579.0,Carlos Isaac Muñoz,C. Isaac,male,1998-04-30T00:00:00+00:00,74.0,184.0,Real Oviedo,OVI,https://assets.laliga.com/assets/2019/06/07/medium/oviedo.png,21.0,Defender,https://assets.laliga.com/squad/2021/t187/p437820/512x556/p437820_t187_2021_1_001_000.png,26.0,19.0,0.0,0.0,2.0,0.0,5.0,98.0,1.0,18.0,26.0,10.0,2.0,665.0,0.0,1.0,0.0,2.0,0.0,13.0,14.0,34.0,231.0,305.0,489.0,30.0,20.0,291.0,680.0,35.0,9.0,16.0,38.0,119.0,4.0,Defender,73.35
1861.0,Antonio Raíllo,A. Raillo,male,1991-10-08T00:00:00+00:00,80.0,187.0,RCD Mallorca,MLL,https://assets.laliga.com/assets/2019/06/07/medium/mallorca.png,21.0,Defender,https://assets.laliga.com/squad/2021/t181/p105571/512x556/p105571_t181_2021_1_001_000.png,28.0,17.0,0.0,0.0,14.0,0.0,3.0,57.0,2.0,30.0,18.0,0.0,1.0,590.0,0.0,0.0,0.0,4.0,0.0,0.0,0.0,51.0,158.0,373.0,480.0,80.0,20.0,102.0,620.0,16.0,14.0,1.0,48.0,41.0,8.0,Midfielder,73.25
23588.0,Gonzalo Escobar,Escobar,male,1997-03-16T00:00:00+00:00,70.0,171.0,UD Ibiza,IBI,https://assets.laliga.com/assets/2021/06/24/medium/d7bc0d2c9bf06afd6b5ace9d62771713.png,24.0,Defender,https://assets.laliga.com/squad/2021/t16203/p227243/512x556/p227243_t16203_2021_1_001_000.png,19.0,21.0,0.0,0.0,3.0,0.0,3.0,123.0,1.0,34.0,39.0,14.0,2.0,809.0,0.0,0.0,0.0,2.0,0.0,12.0,28.0,40.0,289.0,324.0,561.0,36.0,39.0,377.0,818.0,57.0,17.0,19.0,83.0,134.0,9.0,Forward,73.20000000000002
392.0,Xabier Etxeita,X. Etxeita,male,1987-10-31T00:00:00+00:00,78.0,186.0,SD Eibar,EIB,https://assets.laliga.com/assets/2019/06/07/medium/eibar.png,5.0,Defender,https://assets.laliga.com/squad/2021/t953/p58637/512x556/p58637_t953_2021_1_001_000.png,34.0,18.0,0.0,0.0,11.0,0.0,3.0,53.0,1.0,15.0,22.0,0.0,0.0,613.0,0.0,1.0,0.0,3.0,0.0,0.0,0.0,48.0,171.0,336.0,459.0,58.0,11.0,133.0,628.0,15.0,13.0,2.0,46.0,75.0,5.0,Forward,71.95
9535.0,Carlos Neva,C. Neva,male,1996-06-12T00:00:00+00:00,64.0,174.0,Granada CF,GRA,https://assets.laliga.com/assets/2019/06/07/medium/granada.png,15.0,Defender,https://assets.laliga.com/squad/2021/t5683/p472148/512x556/p472148_t5683_2021_1_001_000.png,20.0,26.0,0.0,0.0,9.0,0.0,5.0,82.0,0.0,36.0,32.0,13.0,0.0,615.0,0.0,0.0,0.0,1.0,0.0,20.0,9.0,23.0,221.0,256.0,434.0,58.0,8.0,321.0,633.0,31.0,12.0,7.0,73.0,103.0,1.0,Goalkeeper,71.70000000000002
2586.0,Serge Aurier,Serge Aurier,male,1992-12-24T00:00:00+00:00,76.0,176.0,Villarreal CF,VIL,https://assets.laliga.com/assets/2019/06/07/medium/villarreal.png,25.0,Defender,,21.0,19.0,1.0,0.0,7.0,0.0,3.0,55.0,0.0,12.0,11.0,5.0,1.0,619.0,0.0,0.0,0.0,2.0,0.0,7.0,14.0,20.0,232.0,315.0,520.0,22.0,15.0,154.0,629.0,14.0,23.0,5.0,11.0,78.0,4.0,Forward,71.7
1943.0,Rafael Jiménez Jarque,Fali,male,1993-08-12T00:00:00+00:00,84.0,186.0,Cádiz CF,CAD,https://assets.laliga.com/assets/2019/06/07/medium/cadiz.png,3.0,Defender,https://assets.laliga.com/squad/2021/t1737/p213118/512x556/p213118_t1737_2021_1_001_000.png,31.0,28.0,1.0,2.0,16.0,0.0,2.0,75.0,0.0,24.0,24.0,5.0,0.0,641.0,0.0,0.0,0.0,0.0,0.0,2.0,1.0,55.0,154.0,357.0,454.0,78.0,19.0,184.0,664.0,32.0,13.0,0.0,97.0,58.0,6.0,Goalkeeper,71.5
4814.0,Ousmane Dembélé,O. Dembélé,male,1997-05-15T00:00:00+00:00,67.0,178.0,FC Barcelona,BAR,https://assets.laliga.com/assets/2019/06/07/medium/barcelona.png,7.0,Forward,https://assets.laliga.com/squad/2021/t178/p219438/512x556/p219438_t178_2021_1_001_000.png,4.0,21.0,12.0,1.0,0.0,0.0,2.0,104.0,1.0,14.0,8.0,32.0,4.0,654.0,0.0,0.0,0.0,8.0,0.0,17.0,59.0,24.0,480.0,111.0,538.0,2.0,11.0,333.0,666.0,24.0,91.0,31.0,10.0,94.0,3.0,Defender,71.05
1611.0,Jorge Sáenz,Jorge Sáenz,male,1996-11-17T00:00:00+00:00,75.0,192.0,CD Mirandés,MIR,https://assets.laliga.com/assets/2019/06/07/medium/mirandes.png,3.0,Defender,https://assets.laliga.com/squad/2021/t5741/p195502/512x556/p195502_t5741_2021_1_001_000.png,40.0,15.0,0.0,0.0,11.0,0.0,1.0,72.0,0.0,21.0,28.0,0.0,1.0,668.0,0.0,0.0,0.0,0.0,1.0,0.0,4.0,54.0,126.0,433.0,505.0,86.0,24.0,138.0,689.0,23.0,6.0,1.0,70.0,60.0,7.0,Defender,69.65
8546.0,Franco Russo,F. Russo,male,1994-10-25T00:00:00+00:00,78.0,185.0,RCD Mallorca,MLL,https://assets.laliga.com/assets/2019/06/07/medium/mallorca.png,5.0,Defender,https://assets.laliga.com/squad/2021/t181/p455815/512x556/p455815_t181_2021_1_001_000.png,29.0,19.0,0.0,0.0,9.0,0.0,4.0,64.0,1.0,18.0,27.0,1.0,1.0,601.0,0.0,2.0,0.0,2.0,0.0,0.0,5.0,61.0,157.0,332.0,428.0,71.0,26.0,166.0,640.0,19.0,18.0,1.0,76.0,75.0,3.0,Goalkeeper,69.64999999999999
1593.0,Alejandro Berenguer Remiro,Berenguer,male,1995-07-04T00:00:00+00:00,73.0,175.0,Athletic Club,ATH,https://assets.laliga.com/assets/2019/06/07/medium/athletic.png,7.0,Forward,https://assets.laliga.com/squad/2021/t174/p195385/512x556/p195385_t174_2021_1_001_000.png,51.0,34.0,6.0,1.0,2.0,0.0,5.0,173.0,3.0,17.0,16.0,37.0,14.0,677.0,0.0,0.0,0.0,16.0,0.0,13.0,33.0,17.0,398.0,146.0,496.0,14.0,44.0,482.0,717.0,45.0,86.0,38.0,36.0,168.0,8.0,Defender,69.5
12013.0,Rodrygo Silva de Goes,Rodrygo,male,2001-01-09T00:00:00+00:00,64.0,174.0,Real Madrid,RMA,https://assets.laliga.com/assets/2019/06/07/medium/real-madrid.png,21.0,Forward,https://assets.laliga.com/squad/2021/t186/p440077/512x556/p440077_t186_2021_1_001_000.png,14.0,33.0,3.0,0.0,0.0,0.0,1.0,88.0,4.0,13.0,11.0,24.0,13.0,609.0,0.0,0.0,0.0,15.0,0.0,3.0,27.0,7.0,436.0,111.0,532.0,3.0,20.0,229.0,626.0,18.0,116.0,31.0,9.0,78.0,3.0,Defender,69.3
8630.0,Nehuen Pérez,Nehuen,male,2000-06-24T00:00:00+00:00,75.0,185.0,Udinese,UDI,https://assets.laliga.com/assets/2021/03/11/medium/ec77edd47bf54a7be9e1d2851fd183a8.png,2.0,Defender,,30.0,20.0,1.0,0.0,9.0,0.0,2.0,88.0,0.0,32.0,21.0,5.0,0.0,628.0,0.0,0.0,0.0,1.0,0.0,0.0,7.0,50.0,188.0,328.0,466.0,43.0,30.0,208.0,663.0,44.0,21.0,8.0,64.0,83.0,6.0,Midfielder,69.25000000000001
1809.0,Alfonso Pedraza,A. Pedraza,male,1996-04-09T00:00:00+00:00,73.0,184.0,Villarreal CF,VIL,https://assets.laliga.com/assets/2019/06/07/medium/villarreal.png,24.0,Forward,https://assets.laliga.com/squad/2021/t449/p208380/512x556/p208380_t449_2021_1_001_000.png,14.0,28.0,4.0,0.0,3.0,0.0,3.0,105.0,4.0,18.0,31.0,20.0,2.0,723.0,0.0,0.0,0.0,8.0,0.0,16.0,31.0,19.0,349.0,232.0,546.0,29.0,35.0,383.0,732.0,34.0,83.0,30.0,54.0,113.0,2.0,Defender,69.19999999999999
1045.0,José Manuel Rodríguez Benito,Chema R.,male,1992-03-03T00:00:00+00:00,80.0,189.0,SD Eibar,EIB,https://assets.laliga.com/assets/2019/06/07/medium/eibar.png,25.0,Defender,,41.0,19.0,0.0,0.0,9.0,0.0,4.0,65.0,1.0,14.0,25.0,1.0,0.0,546.0,0.0,0.0,0.0,1.0,0.0,0.0,2.0,62.0,154.0,270.0,362.0,48.0,15.0,149.0,564.0,19.0,17.0,0.0,73.0,67.0,5.0,Midfielder,68.9
1045.0,José Manuel Rodríguez Benito,Chema R.,male,1992-03-03T00:00:00+00:00,80.0,189.0,SD Eibar,EIB,https://assets.laliga.com/assets/2019/06/07/medium/eibar.png,25.0,Defender,,41.0,19.0,0.0,0.0,9.0,0.0,4.0,65.0,1.0,14.0,25.0,1.0,0.0,546.0,0.0,0.0,0.0,1.0,0.0,0.0,2.0,62.0,154.0,270.0,362.0,48.0,15.0,149.0,564.0,19.0,17.0,0.0,73.0,67.0,5.0,Goalkeeper,68.9
14641.0,Guillermo Rosas,G. Rosas,male,2000-05-17T00:00:00+00:00,67.0,174.0,Real Sporting,SPO,https://assets.laliga.com/assets/2019/06/07/medium/sporting.png,2.0,Defender,https://assets.laliga.com/squad/2021/t616/p508484/512x556/p508484_t616_2021_1_001_000.png,5.0,19.0,1.0,0.0,2.0,0.0,3.0,74.0,0.0,17.0,11.0,13.0,4.0,611.0,0.0,0.0,0.0,4.0,0.0,5.0,10.0,45.0,198.0,304.0,452.0,15.0,15.0,210.0,631.0,49.0,33.0,16.0,51.0,83.0,3.0,Midfielder,68.65
982.0,Fernando Pacheco,Pacheco,male,1992-05-18T00:00:00+00:00,81.0,186.0,Deportivo Alavés,ALA,https://assets.laliga.com/assets/2020/09/01/medium/27002754a98bf535807fe49a24cc63ea.png,1.0,Goalkeeper,https://assets.laliga.com/squad/2021/t173/p91406/512x556/p91406_t173_2021_1_001_000.png,5.0,34.0,0.0,0.0,0.0,20.0,5.0,8.0,0.0,60.0,0.0,2.0,0.0,379.0,3.0,0.0,89.0,0.0,0.0,0.0,0.0,361.0,289.0,275.0,203.0,25.0,0.0,385.0,944.0,2.0,0.0,0.0,377.0,3.0,1.0,Defender,68.55000000000001
12114.0,Gaizka Larrazabal,Larra,male,1997-12-17T00:00:00+00:00,81.0,180.0,SD Amorebieta,AMO,https://assets.laliga.com/assets/2021/06/24/medium/7dcec1604142a8f60f876e4c7e839da7.png,25.0,Forward,https://assets.laliga.com/squad/2021/t6498/p242260/512x556/p242260_t6498_2021_1_001_000.png,18.0,38.0,6.0,10.0,2.0,0.0,4.0,134.0,3.0,49.0,34.0,55.0,3.0,798.0,0.0,0.0,0.0,5.0,0.0,49.0,54.0,37.0,435.0,230.0,557.0,45.0,18.0,607.0,829.0,38.0,55.0,61.0,92.0,143.0,6.0,Defender,67.80000000000003
8521.0,Francisco Grima,Fran Grima,male,1987-02-05T00:00:00+00:00,70.0,174.0,UD Ibiza,IBI,https://assets.laliga.com/assets/2021/06/24/medium/d7bc0d2c9bf06afd6b5ace9d62771713.png,2.0,Defender,https://assets.laliga.com/squad/2021/t16203/p434745/512x556/p434745_t16203_2021_1_001_000.png,13.0,23.0,1.0,0.0,10.0,0.0,6.0,87.0,0.0,21.0,13.0,9.0,0.0,612.0,0.0,1.0,0.0,3.0,0.0,13.0,16.0,13.0,207.0,291.0,472.0,24.0,29.0,278.0,627.0,35.0,22.0,26.0,34.0,108.0,3.0,Midfielder,67.65
9299.0,Óscar Gil,Oscar Gil,male,1998-04-26T00:00:00+00:00,,173.0,RCD Espanyol de Barcelona,ESP,https://assets.laliga.com/assets/2019/06/07/medium/espanyol.png,12.0,Defender,https://assets.laliga.com/squad/2021/t177/p468115/512x556/p468115_t177_2021_1_001_000.png,6.0,22.0,2.0,0.0,9.0,0.0,4.0,95.0,0.0,21.0,19.0,14.0,2.0,543.0,0.0,0.0,0.0,1.0,0.0,8.0,13.0,20.0,242.0,241.0,455.0,22.0,36.0,195.0,557.0,52.0,14.0,14.0,26.0,56.0,7.0,Midfielder,67.55
227.0,Víctor Díaz,Víctor Díaz,male,1988-06-12T00:00:00+00:00,71.0,184.0,Granada CF,GRA,https://assets.laliga.com/assets/2019/06/07/medium/granada.png,16.0,Defender,https://assets.laliga.com/squad/2021/t5683/p55315/512x556/p55315_t5683_2021_1_001_000.png,29.0,22.0,0.0,0.0,11.0,0.0,3.0,60.0,1.0,30.0,17.0,3.0,0.0,625.0,0.0,0.0,0.0,2.0,0.0,4.0,4.0,52.0,152.0,334.0,430.0,68.0,15.0,195.0,644.0,23.0,13.0,4.0,101.0,61.0,5.0,Midfielder,67.3
5770.0,Francisco Javier Hidalgo,Son,male,1994-03-30T00:00:00+00:00,72.0,178.0,Levante UD,LEV,https://assets.laliga.com/assets/2019/06/07/medium/levante.png,2.0,Midfielder,https://assets.laliga.com/squad/2021/t855/p244636/512x556/p244636_t855_2021_1_001_000.png,10.0,26.0,0.0,0.0,5.0,0.0,3.0,71.0,1.0,40.0,19.0,16.0,3.0,816.0,0.0,0.0,0.0,7.0,1.0,8.0,19.0,74.0,301.0,310.0,528.0,28.0,21.0,347.0,822.0,28.0,34.0,20.0,88.0,132.0,5.0,Defender,67.04999999999998
429.0,Álvaro García Rivera,Álvaro,male,1992-10-27T00:00:00+00:00,61.0,167.0,Rayo Vallecano,RAY,https://assets.laliga.com/assets/2019/06/07/medium/rayo.png,18.0,Midfielder,https://assets.laliga.com/squad/2021/t184/p165682/512x556/p165682_t184_2021_1_001_000.png,5.0,36.0,4.0,0.0,3.0,0.0,4.0,94.0,7.0,44.0,42.0,39.0,11.0,819.0,0.0,0.0,0.0,24.0,0.0,39.0,22.0,28.0,426.0,195.0,551.0,15.0,23.0,520.0,825.0,42.0,156.0,28.0,51.0,195.0,6.0,Defender,66.95000000000002
4083.0,Aridane Hernández,Aridane,male,1989-03-23T00:00:00+00:00,77.0,186.0,CA Osasuna,OSA,https://assets.laliga.com/assets/2019/06/07/medium/osasuna.png,23.0,Defender,https://assets.laliga.com/squad/2021/t450/p89399/512x556/p89399_t450_2021_1_001_000.png,22.0,15.0,0.0,0.0,9.0,0.0,3.0,40.0,0.0,22.0,20.0,2.0,3.0,523.0,0.0,0.0,0.0,0.0,0.0,1.0,2.0,35.0,134.0,295.0,393.0,69.0,5.0,117.0,537.0,12.0,4.0,1.0,55.0,54.0,1.0,Goalkeeper,66.8
1038.0,Carlos Clerc,C. Clerc,male,1992-02-21T00:00:00+00:00,72.0,182.0,Levante UD,LEV,https://assets.laliga.com/assets/2019/06/07/medium/levante.png,19.0,Defender,https://assets.laliga.com/squad/2021/t855/p108145/512x556/p108145_t855_2021_1_001_000.png,15.0,19.0,0.0,0.0,3.0,0.0,2.0,89.0,0.0,37.0,26.0,11.0,0.0,669.0,0.0,0.0,0.0,0.0,0.0,6.0,23.0,23.0,242.0,293.0,505.0,28.0,23.0,242.0,682.0,35.0,16.0,10.0,55.0,99.0,6.0,Midfielder,66.75000000000001
15063.0,Braian Cufré,Cufré,male,1996-12-15T00:00:00+00:00,82.0,179.0,Málaga CF,MGA,https://assets.laliga.com/assets/2019/06/07/medium/malaga.png,24.0,Defender,https://assets.laliga.com/squad/2021/t182/p203432/512x556/p203432_t182_2021_1_001_000.png,15.0,25.0,0.0,3.0,7.0,0.0,3.0,85.0,0.0,24.0,17.0,17.0,2.0,595.0,0.0,0.0,0.0,4.0,0.0,8.0,13.0,34.0,237.0,232.0,424.0,31.0,20.0,252.0,615.0,42.0,16.0,12.0,70.0,87.0,3.0,Midfielder,66.3
3468.0,Philippe Coutinho Correia,Coutinho,male,1992-06-12T00:00:00+00:00,68.0,172.0,A Villa,AVL,https://assets.laliga.com/assets/2021/03/11/medium/6cc06773e2d8649601fbaa2cf304e774.png,23.0,Midfielder,,5.0,19.0,3.0,6.0,1.0,0.0,0.0,63.0,5.0,17.0,7.0,22.0,4.0,605.0,0.0,0.0,0.0,16.0,0.0,3.0,21.0,27.0,374.0,154.0,497.0,4.0,8.0,202.0,629.0,17.0,51.0,22.0,12.0,93.0,0.0,Defender,66.25000000000001
421.0,Allan-Roméo Nyom,Nyom,male,1988-05-10T00:00:00+00:00,78.0,188.0,CD Leganés,LEG,https://assets.laliga.com/assets/2019/06/07/medium/leganes.png,22.0,Defender,https://assets.laliga.com/squad/2021/t957/p67527/512x556/p67527_t957_2021_1_001_000.png,25.0,16.0,1.0,0.0,5.0,0.0,6.0,72.0,1.0,14.0,7.0,7.0,3.0,534.0,0.0,0.0,0.0,1.0,0.0,11.0,6.0,32.0,187.0,225.0,369.0,30.0,17.0,196.0,543.0,26.0,6.0,6.0,65.0,77.0,5.0,Midfielder,66.19999999999999
421.0,Allan-Roméo Nyom,Nyom,male,1988-05-10T00:00:00+00:00,78.0,188.0,CD Leganés,LEG,https://assets.laliga.com/assets/2019/06/07/medium/leganes.png,22.0,Defender,https://assets.laliga.com/squad/2021/t957/p67527/512x556/p67527_t957_2021_1_001_000.png,25.0,16.0,1.0,0.0,5.0,0.0,6.0,72.0,1.0,14.0,7.0,7.0,3.0,534.0,0.0,0.0,0.0,1.0,0.0,11.0,6.0,32.0,187.0,225.0,369.0,30.0,17.0,196.0,543.0,26.0,6.0,6.0,65.0,77.0,5.0,Forward,66.19999999999999
1664.0,Unai García,Unai García,male,1992-02-03T00:00:00+00:00,81.0,186.0,CA Osasuna,OSA,https://assets.laliga.com/assets/2019/06/07/medium/osasuna.png,4.0,Defender,https://assets.laliga.com/squad/2021/t450/p163711/512x556/p163711_t450_2021_1_001_000.png,34.0,18.0,0.0,0.0,11.0,0.0,4.0,65.0,0.0,18.0,22.0,3.0,0.0,486.0,0.0,0.0,0.0,0.0,0.0,1.0,3.0,66.0,136.0,264.0,333.0,76.0,10.0,157.0,531.0,21.0,13.0,1.0,80.0,52.0,5.0,Defender,66.1
1802.0,Brian Oliván,B. Olivan,male,1994-04-01T00:00:00+00:00,73.0,177.0,RCD Mallorca,MLL,https://assets.laliga.com/assets/2019/06/07/medium/mallorca.png,3.0,Defender,https://assets.laliga.com/squad/2021/t181/p106469/512x556/p106469_t181_2021_1_001_000.png,21.0,28.0,0.0,1.0,7.0,0.0,6.0,68.0,1.0,39.0,28.0,19.0,4.0,735.0,0.0,0.0,0.0,8.0,0.0,11.0,7.0,47.0,262.0,268.0,469.0,57.0,31.0,399.0,757.0,33.0,31.0,3.0,124.0,117.0,7.0,Midfielder,65.59999999999998
3885.0,José Arnáiz,Jose Arnaiz,male,1995-04-15T00:00:00+00:00,70.0,175.0,CD Leganés,LEG,https://assets.laliga.com/assets/2019/06/07/medium/leganes.png,10.0,Forward,https://assets.laliga.com/squad/2021/t957/p219173/512x556/p219173_t957_2021_1_001_000.png,39.0,39.0,1.0,1.0,4.0,0.0,1.0,193.0,7.0,37.0,19.0,31.0,17.0,623.0,0.0,0.0,0.0,22.0,0.0,4.0,50.0,17.0,369.0,151.0,499.0,17.0,33.0,386.0,632.0,31.0,108.0,51.0,14.0,102.0,3.0,Defender,65.55000000000001
12755.0,Antonio Sánchez,Sanchez,male,1997-04-22T00:00:00+00:00,78.0,179.0,RCD Mallorca,MLL,https://assets.laliga.com/assets/2019/06/07/medium/mallorca.png,10.0,Midfielder,https://assets.laliga.com/squad/2021/t181/p464284/512x556/p464284_t181_2021_1_001_000.png,11.0,29.0,0.0,0.0,2.0,0.0,0.0,109.0,1.0,31.0,32.0,9.0,3.0,628.0,0.0,0.0,0.0,4.0,0.0,1.0,18.0,41.0,268.0,249.0,475.0,27.0,40.0,233.0,651.0,53.0,25.0,16.0,42.0,93.0,3.0,Defender,65.50000000000001
993.0,Joaquín José Marín Ruiz,Quini,male,1989-09-24T00:00:00+00:00,74.0,178.0,Granada CF,GRA,https://assets.laliga.com/assets/2019/06/07/medium/granada.png,17.0,Defender,https://assets.laliga.com/squad/2021/t5683/p106671/512x556/p106671_t5683_2021_1_001_000.png,27.0,32.0,1.0,0.0,10.0,0.0,5.0,129.0,0.0,41.0,36.0,17.0,1.0,667.0,0.0,0.0,0.0,2.0,0.0,8.0,17.0,41.0,219.0,257.0,427.0,52.0,39.0,384.0,672.0,73.0,26.0,16.0,95.0,109.0,11.0,Midfielder,65.39999999999999
1917.0,Isaac Carcelén,Iza,male,1993-04-23T00:00:00+00:00,69.0,170.0,Cádiz CF,CAD,https://assets.laliga.com/assets/2019/06/07/medium/cadiz.png,20.0,Defender,https://assets.laliga.com/squad/2021/t1737/p111313/512x556/p111313_t1737_2021_1_001_000.png,15.0,25.0,1.0,1.0,6.0,0.0,3.0,94.0,0.0,22.0,34.0,8.0,1.0,545.0,0.0,0.0,0.0,4.0,0.0,6.0,11.0,37.0,221.0,222.0,400.0,37.0,23.0,250.0,560.0,43.0,14.0,13.0,41.0,82.0,2.0,Goalkeeper,65.0
9539.0,Aihen Muñoz,Aihen,male,1997-08-16T00:00:00+00:00,72.0,175.0,Real Sociedad,RSO,https://assets.laliga.com/assets/2019/06/07/medium/real-sociedad.png,12.0,Defender,https://assets.laliga.com/squad/2021/t188/p472145/512x556/p472145_t188_2021_1_001_000.png,25.0,20.0,0.0,0.0,1.0,0.0,4.0,81.0,0.0,18.0,17.0,6.0,0.0,570.0,0.0,1.0,0.0,0.0,0.0,6.0,14.0,25.0,225.0,248.0,441.0,29.0,27.0,245.0,593.0,28.0,10.0,14.0,38.0,89.0,2.0,Goalkeeper,63.400000000000006
34.0,Sergio Escudero,Escudero,male,1989-09-02T00:00:00+00:00,65.0,176.0,Granada CF,GRA,https://assets.laliga.com/assets/2019/06/07/medium/granada.png,3.0,Defender,https://assets.laliga.com/squad/2021/t5683/p62991/512x556/p62991_t5683_2021_1_001_000.png,33.0,27.0,1.0,4.0,3.0,0.0,3.0,102.0,2.0,22.0,26.0,12.0,5.0,535.0,0.0,0.0,0.0,4.0,0.0,8.0,3.0,41.0,210.0,200.0,360.0,27.0,14.0,249.0,561.0,46.0,15.0,9.0,58.0,102.0,6.0,Defender,63.099999999999994
12652.0,Ricard Sánchez,Ricard,male,2000-02-22T00:00:00+00:00,,175.0,CD Lugo,LUG,https://assets.laliga.com/assets/2019/06/07/medium/lugo.png,30.0,Defender,https://assets.laliga.com/squad/2021/t5730/p465495/512x556/p465495_t5730_2021_1_001_000.png,31.0,31.0,5.0,0.0,9.0,0.0,4.0,122.0,1.0,35.0,41.0,40.0,1.0,702.0,0.0,0.0,0.0,3.0,1.0,24.0,26.0,42.0,307.0,270.0,484.0,63.0,40.0,448.0,743.0,40.0,17.0,22.0,88.0,129.0,8.0,Forward,63.0
851.0,Miguel Ángel Guerrero,Guerrero,male,1990-07-12T00:00:00+00:00,77.0,182.0,UD Ibiza,IBI,https://assets.laliga.com/assets/2021/06/24/medium/d7bc0d2c9bf06afd6b5ace9d62771713.png,11.0,Forward,https://assets.laliga.com/squad/2021/t16203/p86137/512x556/p86137_t16203_2021_1_001_000.png,33.0,34.0,2.0,3.0,2.0,0.0,1.0,104.0,2.0,36.0,9.0,26.0,2.0,708.0,0.0,0.0,0.0,10.0,1.0,6.0,31.0,29.0,353.0,229.0,547.0,17.0,60.0,259.0,722.0,17.0,45.0,18.0,22.0,124.0,4.0,Defender,61.75
313.0,Sergi Enrich,Sergi Enrich,male,1990-02-26T00:00:00+00:00,77.0,181.0,SD Ponferradina,PON,https://assets.laliga.com/assets/2021/06/24/medium/20f0382ea9163a771b3e01bbe7cf78b7.png,9.0,Forward,https://assets.laliga.com/squad/2021/t3090/p80791/512x556/p80791_t3090_2021_1_001_000.png,114.0,31.0,4.0,0.0,1.0,0.0,1.0,185.0,6.0,26.0,4.0,19.0,12.0,541.0,0.0,0.0,0.0,16.0,0.0,0.0,12.0,13.0,238.0,126.0,351.0,12.0,43.0,287.0,562.0,25.0,87.0,7.0,16.0,182.0,4.0,Defender,61.64999999999999
4570.0,Paul-Viorel Anton,Paul Anton,male,1991-05-10T00:00:00+00:00,82.0,182.0,SD Ponferradina,PON,https://assets.laliga.com/assets/2021/06/24/medium/20f0382ea9163a771b3e01bbe7cf78b7.png,6.0,Midfielder,https://assets.laliga.com/squad/2021/t3090/p73162/512x556/p73162_t3090_2021_1_001_000.png,12.0,28.0,0.0,0.0,5.0,0.0,0.0,59.0,0.0,15.0,18.0,6.0,0.0,616.0,0.0,0.0,0.0,0.0,0.0,0.0,4.0,49.0,217.0,295.0,459.0,13.0,26.0,152.0,631.0,33.0,1.0,10.0,49.0,74.0,4.0,Defender,61.099999999999994
11518.0,Antonio Moyano,Moyano,male,2000-07-13T00:00:00+00:00,,178.0,AD Alcorcón,ALC,https://assets.laliga.com/assets/2019/06/07/medium/alcorcon.png,26.0,Midfielder,https://assets.laliga.com/squad/2021/t5233/p484771/512x556/p484771_t5233_2021_1_001_000.png,18.0,27.0,0.0,0.0,5.0,0.0,3.0,84.0,1.0,28.0,23.0,12.0,0.0,537.0,0.0,0.0,0.0,6.0,0.0,3.0,15.0,26.0,206.0,216.0,393.0,16.0,21.0,198.0,545.0,36.0,26.0,13.0,32.0,94.0,5.0,Defender,60.80000000000001
7061.0,Pol Valentín,Pol V.,male,1997-02-21T00:00:00+00:00,73.0,180.0,CF Fuenlabrada,FUE,https://assets.laliga.com/assets/2019/06/07/medium/fuenlabrada.png,2.0,Defender,https://assets.laliga.com/squad/2021/t7104/p433462/512x556/p433462_t7104_2021_1_001_000.png,34.0,32.0,1.0,0.0,9.0,0.0,6.0,156.0,0.0,46.0,43.0,16.0,1.0,679.0,0.0,0.0,0.0,3.0,0.0,15.0,42.0,43.0,225.0,220.0,387.0,71.0,37.0,539.0,686.0,60.0,31.0,32.0,123.0,133.0,6.0,Defender,60.400000000000006
128.0,Alberto Moreno,Alberto M.,male,1992-07-05T00:00:00+00:00,65.0,171.0,Villarreal CF,VIL,https://assets.laliga.com/assets/2019/06/07/medium/villarreal.png,18.0,Defender,https://assets.laliga.com/squad/2021/t449/p100059/512x556/p100059_t449_2021_1_001_000.png,7.0,24.0,2.0,1.0,1.0,0.0,3.0,51.0,3.0,9.0,27.0,14.0,6.0,522.0,0.0,0.0,0.0,10.0,0.0,8.0,10.0,11.0,276.0,194.0,445.0,11.0,20.0,179.0,533.0,13.0,36.0,7.0,12.0,65.0,3.0,Goalkeeper,60.2
14241.0,Alberto Rodríguez,Alberto,male,1992-12-31T00:00:00+00:00,,,CD Lugo,LUG,https://assets.laliga.com/assets/2019/06/07/medium/lugo.png,21.0,Defender,https://assets.laliga.com/squad/2021/t5730/p500649/512x556/p500649_t5730_2021_1_001_000.png,39.0,15.0,0.0,0.0,8.0,0.0,3.0,62.0,1.0,20.0,26.0,1.0,0.0,457.0,0.0,0.0,0.0,5.0,0.0,1.0,2.0,55.0,92.0,263.0,299.0,73.0,12.0,129.0,473.0,15.0,12.0,0.0,55.0,64.0,2.0,Defender,60.199999999999996
5865.0,Álvaro Rodríguez,Alvaro R.,male,1994-07-22T00:00:00+00:00,,,Burgos CF,BUR,https://assets.laliga.com/assets/2021/06/24/medium/8de24d38ab1472bbae1620d36582d7bd.png,2.0,Defender,https://assets.laliga.com/squad/2021/t951/p245837/512x556/p245837_t951_2021_1_001_000.png,34.0,36.0,3.0,0.0,3.0,0.0,7.0,107.0,1.0,27.0,30.0,15.0,1.0,678.0,0.0,0.0,0.0,3.0,0.0,19.0,15.0,56.0,232.0,230.0,387.0,58.0,34.0,483.0,696.0,43.0,27.0,29.0,78.0,175.0,6.0,Defender,60.15000000000002
1034.0,Óliver Torres,Oliver T.,male,1994-11-10T00:00:00+00:00,70.0,178.0,Sevilla FC,SEV,https://assets.laliga.com/assets/2019/06/07/medium/sevilla.png,21.0,Midfielder,https://assets.laliga.com/squad/2021/t179/p115860/512x556/p115860_t179_2021_1_001_000.png,5.0,26.0,2.0,0.0,1.0,0.0,0.0,59.0,2.0,16.0,6.0,9.0,2.0,603.0,0.0,0.0,0.0,5.0,0.0,4.0,15.0,58.0,300.0,211.0,448.0,4.0,17.0,182.0,616.0,22.0,25.0,11.0,36.0,74.0,2.0,Defender,59.75000000000001
4595.0,Pablo Larrea,Pablo Larrea,male,1994-02-04T00:00:00+00:00,69.0,173.0,CD Tenerife,TEN,https://assets.laliga.com/assets/2019/06/07/medium/tenerife.png,2.0,Midfielder,https://assets.laliga.com/squad/2021/t612/p222738/512x556/p222738_t612_2021_1_001_000.png,20.0,21.0,0.0,0.0,5.0,0.0,3.0,61.0,0.0,8.0,14.0,7.0,0.0,485.0,0.0,0.0,0.0,1.0,1.0,0.0,4.0,17.0,192.0,234.0,405.0,8.0,22.0,101.0,506.0,26.0,0.0,0.0,28.0,56.0,5.0,Defender,59.55000000000001
2016.0,Lander Olaetxea,Olaetxea,male,1993-04-12T00:00:00+00:00,68.0,179.0,SD Amorebieta,AMO,https://assets.laliga.com/assets/2021/06/24/medium/7dcec1604142a8f60f876e4c7e839da7.png,5.0,Forward,https://assets.laliga.com/squad/2021/t6498/p215404/512x556/p215404_t6498_2021_1_001_000.png,39.0,35.0,1.0,0.0,3.0,0.0,0.0,165.0,2.0,36.0,17.0,18.0,2.0,562.0,0.0,0.0,0.0,7.0,0.0,3.0,23.0,18.0,266.0,163.0,408.0,20.0,45.0,279.0,597.0,66.0,67.0,12.0,30.0,141.0,7.0,Defender,59.400000000000006
1493.0,Miguel Ángel Garrido Cifuentes,Cifuentes,male,1990-10-05T00:00:00+00:00,66.0,174.0,UD Ibiza,IBI,https://assets.laliga.com/assets/2021/06/24/medium/d7bc0d2c9bf06afd6b5ace9d62771713.png,23.0,Defender,https://assets.laliga.com/squad/2021/t16203/p93283/512x556/p93283_t16203_2021_1_001_000.png,24.0,28.0,3.0,0.0,4.0,0.0,4.0,99.0,1.0,30.0,21.0,11.0,0.0,646.0,0.0,0.0,0.0,2.0,0.0,15.0,19.0,26.0,269.0,189.0,417.0,20.0,31.0,381.0,651.0,47.0,21.0,15.0,40.0,168.0,4.0,Forward,59.2
4736.0,Alfonso Herrero,A. Herrero,male,1994-04-21T00:00:00+00:00,83.0,183.0,Burgos CF,BUR,https://assets.laliga.com/assets/2021/06/24/medium/8de24d38ab1472bbae1620d36582d7bd.png,1.0,Goalkeeper,https://assets.laliga.com/squad/2021/t951/p165795/512x556/p165795_t951_2021_1_001_000.png,5.0,28.0,0.0,0.0,0.0,29.0,8.0,10.0,0.0,29.0,0.0,0.0,0.0,288.0,0.0,0.0,79.0,0.0,0.0,0.0,0.0,256.0,195.0,221.0,160.0,23.0,0.0,355.0,761.0,0.0,0.0,0.0,344.0,1.0,1.0,Defender,59.0
1035.0,Stole Dimitrievski,Dimitrievski,male,1993-12-25T00:00:00+00:00,84.0,188.0,Rayo Vallecano,RAY,https://assets.laliga.com/assets/2019/06/07/medium/rayo.png,13.0,Goalkeeper,https://assets.laliga.com/squad/2021/t184/p94878/512x556/p94878_t184_2021_1_001_000.png,12.0,31.0,0.0,0.0,0.0,30.0,9.0,17.0,0.0,37.0,1.0,0.0,0.0,397.0,2.0,0.0,91.0,0.0,0.0,0.0,0.0,196.0,150.0,247.0,201.0,35.0,0.0,402.0,790.0,0.0,0.0,0.0,389.0,4.0,0.0,Defender,59.0
157.0,Yuri Berchiche,Yuri B.,male,1990-02-10T00:00:00+00:00,79.0,181.0,Athletic Club,ATH,https://assets.laliga.com/assets/2019/06/07/medium/athletic.png,17.0,Defender,https://assets.laliga.com/squad/2021/t174/p42670/512x556/p42670_t174_2021_1_001_000.png,21.0,14.0,2.0,1.0,6.0,0.0,2.0,73.0,1.0,10.0,13.0,5.0,0.0,476.0,0.0,0.0,0.0,3.0,0.0,4.0,8.0,23.0,223.0,172.0,368.0,19.0,7.0,170.0,493.0,25.0,13.0,3.0,23.0,79.0,3.0,Forward,58.75000000000001
1014.0,Carlos Hernández,Carlos Hdez.,male,1990-09-15T00:00:00+00:00,80.0,185.0,AD Alcorcón,ALC,https://assets.laliga.com/assets/2019/06/07/medium/alcorcon.png,15.0,Defender,https://assets.laliga.com/squad/2021/t5233/p95677/512x556/p95677_t5233_2021_1_001_000.png,33.0,18.0,0.0,0.0,7.0,0.0,1.0,66.0,0.0,31.0,20.0,1.0,3.0,538.0,0.0,0.0,0.0,1.0,0.0,0.0,0.0,49.0,99.0,353.0,403.0,40.0,25.0,120.0,552.0,22.0,14.0,0.0,57.0,43.0,4.0,Defender,58.150000000000006
8600.0,Javier Puado,Puado,male,1998-05-25T00:00:00+00:00,69.0,177.0,RCD Espanyol de Barcelona,ESP,https://assets.laliga.com/assets/2019/06/07/medium/espanyol.png,9.0,Midfielder,https://assets.laliga.com/squad/2021/t177/p431434/512x556/p431434_t177_2021_1_001_000.png,13.0,30.0,1.0,0.0,2.0,0.0,0.0,92.0,4.0,38.0,11.0,20.0,6.0,601.0,0.0,0.0,0.0,12.0,0.0,3.0,30.0,11.0,312.0,201.0,499.0,21.0,23.0,225.0,609.0,24.0,64.0,25.0,10.0,89.0,5.0,Defender,58.00000000000001
722.0,José Gayà,Gayà,male,1995-05-25T00:00:00+00:00,66.0,172.0,Valencia CF,VAL,https://assets.laliga.com/assets/2019/06/07/medium/valencia.png,14.0,Defender,https://assets.laliga.com/squad/2021/t191/p132105/512x556/p132105_t191_2021_1_001_000.png,8.0,24.0,4.0,1.0,3.0,0.0,5.0,80.0,2.0,32.0,19.0,19.0,4.0,599.0,0.0,1.0,0.0,9.0,1.0,20.0,16.0,46.0,286.0,208.0,425.0,33.0,34.0,286.0,622.0,35.0,21.0,13.0,82.0,69.0,7.0,Defender,57.90000000000002
15720.0,Raúl Torrente,Torrente,male,2001-09-11T00:00:00+00:00,,,Granada CF,GRA,https://assets.laliga.com/assets/2019/06/07/medium/granada.png,28.0,Defender,https://assets.laliga.com/squad/2021/t5683/p519534/512x556/p519534_t5683_2021_1_001_000.png,21.0,18.0,0.0,0.0,9.0,0.0,2.0,64.0,0.0,20.0,12.0,4.0,1.0,580.0,0.0,0.0,0.0,0.0,0.0,0.0,1.0,40.0,107.0,326.0,393.0,68.0,24.0,173.0,598.0,31.0,6.0,0.0,90.0,75.0,5.0,Midfielder,57.500000000000014
12723.0,Nikola Maras,Maras,male,1995-12-19T00:00:00+00:00,79.0,189.0,Rayo Vallecano,RAY,https://assets.laliga.com/assets/2019/06/07/medium/rayo.png,2.0,Defender,https://assets.laliga.com/squad/2021/t184/p175642/512x556/p175642_t184_2021_1_001_000.png,30.0,16.0,0.0,0.0,13.0,0.0,3.0,47.0,0.0,18.0,15.0,3.0,0.0,441.0,0.0,0.0,0.0,0.0,0.0,0.0,1.0,21.0,97.0,272.0,348.0,50.0,11.0,92.0,455.0,13.0,10.0,0.0,35.0,51.0,4.0,Defender,57.400000000000006
12723.0,Nikola Maras,Maras,male,1995-12-19T00:00:00+00:00,79.0,189.0,Rayo Vallecano,RAY,https://assets.laliga.com/assets/2019/06/07/medium/rayo.png,2.0,Defender,https://assets.laliga.com/squad/2021/t184/p175642/512x556/p175642_t184_2021_1_001_000.png,30.0,16.0,0.0,0.0,13.0,0.0,3.0,47.0,0.0,18.0,15.0,3.0,0.0,441.0,0.0,0.0,0.0,0.0,0.0,0.0,1.0,21.0,97.0,272.0,348.0,50.0,11.0,92.0,455.0,13.0,10.0,0.0,35.0,51.0,4.0,Forward,57.400000000000006
591.0,Carlos Bellvis,C. Bellvis,male,1985-04-24T00:00:00+00:00,65.0,170.0,AD Alcorcón,ALC,https://assets.laliga.com/assets/2019/06/07/medium/alcorcon.png,16.0,Defender,https://assets.laliga.com/squad/2021/t5233/p8678/512x556/p8678_t5233_2021_1_001_000.png,28.0,19.0,1.0,0.0,4.0,0.0,1.0,83.0,0.0,32.0,33.0,19.0,0.0,565.0,0.0,0.0,0.0,3.0,0.0,20.0,15.0,32.0,268.0,182.0,398.0,33.0,17.0,259.0,581.0,23.0,8.0,15.0,45.0,106.0,4.0,Forward,57.29999999999999
2432.0,Roberto Jiménez,Roberto,male,1986-02-10T00:00:00+00:00,94.0,192.0,Real Valladolid CF,VLL,https://assets.laliga.com/assets/2019/06/07/medium/valladolid.png,13.0,Goalkeeper,https://assets.laliga.com/squad/2021/t192/p40694/512x556/p40694_t192_2021_1_001_000.png,3.0,19.0,0.0,0.0,0.0,1.0,7.0,5.0,0.0,23.0,0.0,0.0,0.0,334.0,1.0,0.0,47.0,0.0,0.0,0.0,0.0,94.0,50.0,353.0,309.0,17.0,0.0,139.0,541.0,1.0,0.0,0.0,134.0,4.0,2.0,Defender,56.800000000000004
758.0,Eduard Campabadal,Campabadal,male,1993-01-26T00:00:00+00:00,76.0,176.0,CD Lugo,LUG,https://assets.laliga.com/assets/2019/06/07/medium/lugo.png,22.0,Defender,https://assets.laliga.com/squad/2021/t5730/p106458/512x556/p106458_t5730_2021_1_001_000.png,26.0,25.0,1.0,1.0,7.0,0.0,3.0,111.0,0.0,17.0,18.0,14.0,1.0,505.0,0.0,0.0,0.0,2.0,1.0,5.0,8.0,54.0,218.0,171.0,319.0,31.0,29.0,274.0,533.0,53.0,12.0,8.0,60.0,100.0,3.0,Goalkeeper,56.8
12116.0,Rodrigo Riquelme,Riquelme,male,2000-04-02T00:00:00+00:00,,174.0,CD Mirandés,MIR,https://assets.laliga.com/assets/2019/06/07/medium/mirandes.png,22.0,Midfielder,https://assets.laliga.com/squad/2021/t5741/p437834/512x556/p437834_t5741_2021_1_001_000.png,3.0,36.0,10.0,8.0,0.0,0.0,2.0,135.0,7.0,37.0,12.0,27.0,2.0,682.0,0.0,0.0,0.0,26.0,0.0,9.0,59.0,27.0,434.0,137.0,521.0,9.0,26.0,489.0,721.0,22.0,114.0,82.0,18.0,155.0,2.0,Defender,56.2
9585.0,Gonzalo Montiel,G. Montiel,male,1997-01-01T00:00:00+00:00,69.0,178.0,Sevilla FC,SEV,https://assets.laliga.com/assets/2019/06/07/medium/sevilla.png,2.0,Defender,https://assets.laliga.com/squad/2021/t179/p218430/512x556/p218430_t179_2021_1_001_000.png,10.0,18.0,1.0,0.0,2.0,0.0,4.0,40.0,1.0,11.0,10.0,9.0,4.0,551.0,0.0,0.0,0.0,1.0,0.0,7.0,3.0,18.0,211.0,232.0,418.0,16.0,9.0,184.0,556.0,15.0,17.0,5.0,41.0,79.0,7.0,Defender,55.900000000000006
3861.0,Mikel Oyarzabal,Oyarzabal,male,1997-04-21T00:00:00+00:00,78.0,181.0,Real Sociedad,RSO,https://assets.laliga.com/assets/2019/06/07/medium/real-sociedad.png,10.0,Forward,https://assets.laliga.com/squad/2021/t188/p219000/512x556/p219000_t188_2021_1_001_000.png,22.0,22.0,3.0,5.0,2.0,0.0,5.0,88.0,9.0,22.0,10.0,36.0,5.0,492.0,0.0,0.0,0.0,18.0,1.0,7.0,22.0,13.0,281.0,127.0,369.0,14.0,14.0,310.0,511.0,18.0,84.0,21.0,13.0,116.0,0.0,Defender,55.900000000000006
5881.0,Martín Aguirregabiria,Martin,male,1996-05-10T00:00:00+00:00,69.0,178.0,Deportivo Alavés,ALA,https://assets.laliga.com/assets/2020/09/01/medium/27002754a98bf535807fe49a24cc63ea.png,21.0,Defender,https://assets.laliga.com/squad/2021/t173/p246162/512x556/p246162_t173_2021_1_001_000.png,31.0,24.0,1.0,0.0,3.0,0.0,2.0,101.0,0.0,31.0,25.0,13.0,1.0,565.0,0.0,0.0,0.0,0.0,0.0,14.0,14.0,33.0,225.0,180.0,358.0,33.0,24.0,281.0,572.0,34.0,11.0,5.0,53.0,128.0,4.0,Goalkeeper,55.35000000000001
1264.0,Juan Manuel García,Juanma,male,1993-02-20T00:00:00+00:00,75.0,180.0,Burgos CF,BUR,https://assets.laliga.com/assets/2021/06/24/medium/8de24d38ab1472bbae1620d36582d7bd.png,7.0,Forward,https://assets.laliga.com/squad/2021/t951/p179826/512x556/p179826_t951_2021_1_001_000.png,28.0,36.0,6.0,0.0,1.0,0.0,0.0,125.0,9.0,21.0,20.0,25.0,16.0,694.0,0.0,0.0,0.0,19.0,0.0,3.0,28.0,22.0,353.0,146.0,474.0,3.0,23.0,392.0,704.0,21.0,81.0,38.0,26.0,182.0,2.0,Defender,55.20000000000001
1094.0,Joseba Zaldua,Zaldua,male,1992-06-24T00:00:00+00:00,70.0,176.0,Real Sociedad,RSO,https://assets.laliga.com/assets/2019/06/07/medium/real-sociedad.png,2.0,Defender,https://assets.laliga.com/squad/2021/t188/p98821/512x556/p98821_t188_2021_1_001_000.png,18.0,24.0,0.0,0.0,4.0,0.0,4.0,71.0,0.0,17.0,13.0,4.0,1.0,447.0,0.0,0.0,0.0,3.0,0.0,7.0,3.0,16.0,175.0,195.0,347.0,30.0,18.0,168.0,459.0,31.0,7.0,5.0,24.0,72.0,6.0,Forward,55.20000000000001
6919.0,Víctor García,V. Garcia,male,1994-06-11T00:00:00+00:00,70.0,175.0,AD Alcorcón,ALC,https://assets.laliga.com/assets/2019/06/07/medium/alcorcon.png,17.0,Defender,https://assets.laliga.com/squad/2021/t5233/p175170/512x556/p175170_t5233_2021_1_001_000.png,15.0,18.0,3.0,0.0,4.0,0.0,2.0,68.0,0.0,21.0,22.0,8.0,0.0,519.0,0.0,0.0,0.0,2.0,0.0,15.0,12.0,36.0,253.0,186.0,388.0,25.0,16.0,266.0,528.0,34.0,5.0,10.0,32.0,72.0,2.0,Defender,55.1
8434.0,Youssouf Sabaly,Sabaly,male,1993-03-05T00:00:00+00:00,67.0,173.0,Real Betis,BET,https://assets.laliga.com/assets/2019/06/07/medium/betis.png,23.0,Defender,https://assets.laliga.com/squad/2021/t185/p164474/512x556/p164474_t185_2021_1_001_000.png,10.0,10.0,0.0,0.0,4.0,0.0,4.0,37.0,0.0,8.0,13.0,6.0,1.0,406.0,0.0,0.0,0.0,1.0,0.0,2.0,6.0,10.0,177.0,171.0,336.0,15.0,5.0,119.0,409.0,12.0,10.0,7.0,18.0,45.0,1.0,Forward,55.050000000000004
1258.0,Richard Boateng,R. Boateng,male,1992-07-10T00:00:00+00:00,66.0,180.0,FC Cartagena,CAR,https://assets.laliga.com/assets/2022/02/11/medium/1628caa9b2002a11e564eb84b3677f78.png,12.0,Midfielder,https://assets.laliga.com/squad/2021/t3554/p102929/512x556/p102929_t3554_2021_1_001_000.png,21.0,26.0,0.0,0.0,1.0,0.0,1.0,78.0,2.0,18.0,23.0,6.0,0.0,560.0,0.0,2.0,0.0,2.0,0.0,0.0,9.0,38.0,199.0,272.0,433.0,12.0,34.0,135.0,564.0,28.0,14.0,7.0,15.0,78.0,5.0,Defender,55.000000000000014
689.0,José Ángel Valdés Díaz,Cote,male,1989-09-05T00:00:00+00:00,74.0,182.0,CA Osasuna,OSA,https://assets.laliga.com/assets/2019/06/07/medium/osasuna.png,16.0,Defender,https://assets.laliga.com/squad/2021/t450/p59140/512x556/p59140_t450_2021_1_001_000.png,10.0,23.0,1.0,0.0,1.0,0.0,1.0,55.0,1.0,20.0,10.0,7.0,0.0,584.0,0.0,0.0,0.0,3.0,1.0,14.0,20.0,72.0,293.0,198.0,405.0,20.0,10.0,240.0,606.0,20.0,6.0,9.0,62.0,67.0,2.0,Forward,54.64999999999999
5649.0,Oscar Arribas,Arribas,male,1998-10-22T00:00:00+00:00,68.0,178.0,AD Alcorcón,ALC,https://assets.laliga.com/assets/2019/06/07/medium/alcorcon.png,22.0,Midfielder,https://assets.laliga.com/squad/2021/t5233/p244319/512x556/p244319_t5233_2021_1_001_000.png,30.0,38.0,2.0,7.0,1.0,0.0,0.0,153.0,1.0,44.0,10.0,29.0,5.0,542.0,0.0,0.0,0.0,14.0,0.0,11.0,27.0,10.0,299.0,145.0,414.0,7.0,22.0,336.0,556.0,30.0,55.0,33.0,23.0,109.0,0.0,Defender,54.25
684.0,Alberto de la Bella,De La Bella,male,1985-12-02T00:00:00+00:00,79.0,182.0,FC Cartagena,CAR,https://assets.laliga.com/assets/2022/02/11/medium/1628caa9b2002a11e564eb84b3677f78.png,24.0,Defender,https://assets.laliga.com/squad/2021/t3554/p55336/512x556/p55336_t3554_2021_1_001_000.png,8.0,15.0,1.0,0.0,3.0,0.0,1.0,48.0,0.0,16.0,10.0,4.0,0.0,509.0,0.0,0.0,0.0,2.0,0.0,5.0,3.0,37.0,146.0,297.0,401.0,16.0,11.0,140.0,530.0,21.0,11.0,2.0,31.0,61.0,1.0,Goalkeeper,54.2
15773.0,Saúl Basilio Coco-Bassey Oubiña,Coco,male,1999-02-09T00:00:00+00:00,,188.0,UD Las Palmas,LPA,https://assets.laliga.com/assets/2019/06/07/medium/las-palmas.png,29.0,Defender,https://assets.laliga.com/squad/2021/t407/p451565/512x556/p451565_t407_2021_1_001_000.png,13.0,11.0,0.0,0.0,4.0,0.0,2.0,25.0,0.0,13.0,7.0,0.0,0.0,467.0,0.0,0.0,0.0,1.0,0.0,0.0,0.0,11.0,111.0,323.0,423.0,28.0,10.0,63.0,489.0,6.0,4.0,1.0,22.0,33.0,4.0,Midfielder,53.750000000000014
4589.0,Sime Vrsaljko,Vrsaljko,male,1992-01-10T00:00:00+00:00,76.0,181.0,Atlético de Madrid,ATM,https://assets.laliga.com/assets/2019/06/07/medium/atletico.png,24.0,Defender,https://assets.laliga.com/squad/2021/t175/p68353/512x556/p68353_t175_2021_1_001_000.png,33.0,21.0,2.0,0.0,1.0,0.0,3.0,70.0,1.0,12.0,12.0,1.0,2.0,453.0,0.0,0.0,0.0,1.0,0.0,5.0,5.0,22.0,184.0,173.0,330.0,26.0,13.0,188.0,456.0,27.0,10.0,2.0,31.0,73.0,4.0,Midfielder,53.449999999999996
8590.0,Mickaël Malsa,Malsa,male,1995-10-12T00:00:00+00:00,69.0,178.0,Levante UD,LEV,https://assets.laliga.com/assets/2019/06/07/medium/levante.png,12.0,Midfielder,https://assets.laliga.com/squad/2021/t855/p174279/512x556/p174279_t855_2021_1_001_000.png,11.0,26.0,1.0,0.0,8.0,0.0,0.0,69.0,1.0,32.0,18.0,8.0,0.0,524.0,0.0,0.0,0.0,2.0,0.0,0.0,7.0,30.0,193.0,239.0,402.0,12.0,19.0,136.0,535.0,37.0,12.0,1.0,37.0,66.0,7.0,Defender,53.15
9655.0,Iván Martín,Iván Martín,male,1999-02-14T00:00:00+00:00,,178.0,Girona FC,GIR,https://assets.laliga.com/assets/2019/06/07/medium/girona.png,12.0,Midfielder,,7.0,17.0,1.0,0.0,0.0,0.0,1.0,52.0,0.0,9.0,7.0,11.0,0.0,507.0,0.0,0.0,0.0,4.0,0.0,1.0,24.0,12.0,281.0,127.0,395.0,7.0,13.0,171.0,509.0,10.0,31.0,7.0,10.0,92.0,0.0,Defender,52.5
9489.0,Thierry Rendall Correia,Thierry R.,male,1999-03-09T00:00:00+00:00,69.0,176.0,Valencia CF,VAL,https://assets.laliga.com/assets/2019/06/07/medium/valencia.png,2.0,Defender,https://assets.laliga.com/squad/2021/t191/p222629/512x556/p222629_t191_2021_1_001_000.png,19.0,19.0,1.0,0.0,5.0,0.0,5.0,94.0,0.0,11.0,19.0,7.0,0.0,472.0,0.0,0.0,0.0,1.0,0.0,3.0,11.0,35.0,206.0,135.0,303.0,22.0,32.0,262.0,478.0,35.0,13.0,11.0,40.0,100.0,5.0,Midfielder,51.65
12010.0,Renan Augusto Lodi dos Santos,Renan Lodi,male,1998-04-08T00:00:00+00:00,68.0,173.0,Atlético de Madrid,ATM,https://assets.laliga.com/assets/2019/06/07/medium/atletico.png,12.0,Defender,https://assets.laliga.com/squad/2021/t175/p233420/512x556/p233420_t175_2021_1_001_000.png,28.0,29.0,2.0,0.0,4.0,0.0,1.0,97.0,2.0,13.0,13.0,9.0,3.0,476.0,0.0,0.0,0.0,4.0,0.0,9.0,17.0,11.0,181.0,227.0,388.0,15.0,21.0,189.0,489.0,31.0,38.0,14.0,20.0,70.0,5.0,Goalkeeper,51.55
57.0,Marcelo Vieira Da Silva Junior,Marcelo,male,1988-05-12T00:00:00+00:00,75.0,174.0,Real Madrid,RMA,https://assets.laliga.com/assets/2019/06/07/medium/real-madrid.png,12.0,Defender,https://assets.laliga.com/squad/2021/t186/p39563/512x556/p39563_t186_2021_1_001_000.png,3.0,12.0,2.0,0.0,2.0,0.0,2.0,28.0,0.0,0.0,1.0,7.0,0.0,395.0,0.0,0.0,0.0,3.0,0.0,6.0,9.0,14.0,232.0,117.0,329.0,10.0,3.0,90.0,400.0,8.0,14.0,1.0,17.0,40.0,0.0,Defender,51.2
261.0,Ángel Montoro,Montoro J.m.,male,1988-06-25T00:00:00+00:00,72.0,181.0,Granada CF,GRA,https://assets.laliga.com/assets/2019/06/07/medium/granada.png,19.0,Midfielder,https://assets.laliga.com/squad/2021/t5683/p76597/512x556/p76597_t5683_2021_1_001_000.png,8.0,24.0,0.0,0.0,1.0,0.0,0.0,52.0,1.0,30.0,11.0,22.0,2.0,564.0,0.0,0.0,0.0,5.0,0.0,2.0,0.0,53.0,255.0,237.0,426.0,26.0,29.0,206.0,617.0,26.0,19.0,3.0,51.0,87.0,5.0,Defender,50.94999999999999
12623.0,Ismael Casas,Ismael,male,2001-03-07T00:00:00+00:00,62.0,174.0,Málaga CF,MGA,https://assets.laliga.com/assets/2019/06/07/medium/malaga.png,20.0,Defender,https://assets.laliga.com/squad/2021/t182/p485213/512x556/p485213_t182_2021_1_001_000.png,22.0,12.0,1.0,0.0,7.0,0.0,4.0,47.0,0.0,14.0,15.0,6.0,0.0,396.0,0.0,0.0,0.0,0.0,0.0,9.0,5.0,28.0,103.0,220.0,286.0,27.0,11.0,142.0,402.0,15.0,7.0,4.0,32.0,56.0,1.0,Goalkeeper,50.900000000000006
19558.0,Varazdat Haroyan,Haroyan,male,1992-08-24T00:00:00+00:00,75.0,185.0,Cádiz CF,CAD,https://assets.laliga.com/assets/2019/06/07/medium/cadiz.png,5.0,Defender,https://assets.laliga.com/squad/2021/t1737/p83350/512x556/p83350_t1737_2021_1_001_000.png,29.0,17.0,0.0,0.0,12.0,0.0,3.0,69.0,1.0,27.0,15.0,4.0,1.0,408.0,0.0,0.0,0.0,2.0,0.0,0.0,3.0,31.0,82.0,251.0,302.0,61.0,22.0,109.0,432.0,31.0,7.0,1.0,44.0,55.0,9.0,Forward,50.85
657.0,Alejandro Gálvez,Gálvez,male,1989-06-06T00:00:00+00:00,79.0,188.0,UD Ibiza,IBI,https://assets.laliga.com/assets/2021/06/24/medium/d7bc0d2c9bf06afd6b5ace9d62771713.png,6.0,Defender,https://assets.laliga.com/squad/2021/t16203/p90573/512x556/p90573_t16203_2021_1_001_000.png,21.0,13.0,0.0,0.0,8.0,0.0,2.0,52.0,0.0,13.0,8.0,4.0,1.0,450.0,0.0,2.0,0.0,1.0,0.0,0.0,4.0,49.0,89.0,291.0,331.0,26.0,16.0,107.0,472.0,20.0,7.0,0.0,62.0,30.0,0.0,Defender,50.8
15075.0,Mateusz Bogusz,M. Bogusz,male,2001-08-22T00:00:00+00:00,69.0,175.0,UD Ibiza,IBI,https://assets.laliga.com/assets/2021/06/24/medium/d7bc0d2c9bf06afd6b5ace9d62771713.png,19.0,Midfielder,https://assets.laliga.com/squad/2021/t16203/p480216/512x556/p480216_t16203_2021_1_001_000.png,5.0,20.0,5.0,5.0,3.0,0.0,0.0,94.0,4.0,15.0,3.0,20.0,1.0,500.0,0.0,0.0,0.0,9.0,0.0,12.0,19.0,22.0,268.0,168.0,395.0,6.0,26.0,232.0,523.0,43.0,33.0,16.0,20.0,86.0,2.0,Defender,50.75
7430.0,Chris Ramos,Chris Ramos,male,1997-01-16T00:00:00+00:00,80.0,193.0,CD Lugo,LUG,https://assets.laliga.com/assets/2019/06/07/medium/lugo.png,16.0,Forward,https://assets.laliga.com/squad/2021/t5730/p442838/512x556/p442838_t5730_2021_1_001_000.png,143.0,40.0,3.0,0.0,6.0,0.0,2.0,298.0,7.0,35.0,14.0,22.0,17.0,483.0,0.0,0.0,0.0,21.0,0.0,8.0,34.0,6.0,184.0,85.0,255.0,47.0,71.0,493.0,484.0,63.0,167.0,64.0,18.0,205.0,8.0,Defender,49.85000000000001
1573.0,Iván Rodríguez,Ivan R.,male,1996-04-30T00:00:00+00:00,70.0,180.0,SD Ponferradina,PON,https://assets.laliga.com/assets/2021/06/24/medium/20f0382ea9163a771b3e01bbe7cf78b7.png,2.0,Defender,https://assets.laliga.com/squad/2021/t3090/p195213/512x556/p195213_t3090_2021_1_001_000.png,31.0,17.0,0.0,0.0,4.0,0.0,2.0,97.0,0.0,15.0,21.0,6.0,0.0,409.0,0.0,0.0,0.0,2.0,0.0,7.0,17.0,17.0,180.0,161.0,317.0,24.0,24.0,193.0,418.0,28.0,17.0,20.0,18.0,66.0,3.0,Forward,49.70000000000002
540.0,David Juncà,Junca,male,1993-11-16T00:00:00+00:00,67.0,175.0,Girona FC,GIR,https://assets.laliga.com/assets/2019/06/07/medium/girona.png,17.0,Defender,https://assets.laliga.com/squad/2021/t2893/p105488/512x556/p105488_t2893_2021_1_001_000.png,8.0,25.0,0.0,0.0,5.0,0.0,1.0,55.0,1.0,17.0,11.0,4.0,1.0,470.0,0.0,0.0,0.0,2.0,1.0,6.0,5.0,28.0,188.0,209.0,363.0,23.0,19.0,140.0,479.0,32.0,17.0,7.0,23.0,65.0,2.0,Forward,49.5
5904.0,Antonio Moya,Toni Moya,male,1998-03-20T00:00:00+00:00,78.0,180.0,Deportivo Alavés,ALA,https://assets.laliga.com/assets/2020/09/01/medium/27002754a98bf535807fe49a24cc63ea.png,15.0,Defender,https://assets.laliga.com/squad/2021/t173/p179380/512x556/p179380_t173_2021_1_001_000.png,11.0,28.0,1.0,2.0,5.0,0.0,2.0,63.0,0.0,27.0,20.0,22.0,0.0,468.0,0.0,0.0,0.0,2.0,0.0,3.0,20.0,41.0,235.0,173.0,341.0,18.0,27.0,231.0,509.0,23.0,8.0,5.0,49.0,78.0,2.0,Midfielder,49.30000000000001
8542.0,Luis Suárez,L. Suárez,male,1997-12-02T00:00:00+00:00,74.0,185.0,Granada CF,GRA,https://assets.laliga.com/assets/2019/06/07/medium/granada.png,9.0,Forward,https://assets.laliga.com/squad/2021/t5683/p432838/512x556/p432838_t5683_2021_1_001_000.png,56.0,37.0,3.0,1.0,3.0,0.0,2.0,161.0,8.0,51.0,6.0,26.0,5.0,585.0,0.0,0.0,0.0,25.0,0.0,6.0,44.0,19.0,301.0,120.0,396.0,21.0,40.0,423.0,617.0,26.0,116.0,35.0,28.0,174.0,6.0,Defender,48.449999999999996
9540.0,Álvaro Vallés,Á.valles,male,1997-07-25T00:00:00+00:00,78.0,190.0,UD Las Palmas,LPA,https://assets.laliga.com/assets/2019/06/07/medium/las-palmas.png,13.0,Goalkeeper,https://assets.laliga.com/squad/2021/t407/p472194/512x556/p472194_t407_2021_1_001_000.png,4.0,16.0,0.0,0.0,0.0,12.0,6.0,6.0,0.0,16.0,0.0,0.0,0.0,357.0,1.0,0.0,40.0,0.0,0.0,0.0,0.0,99.0,37.0,320.0,258.0,11.0,0.0,174.0,525.0,0.0,0.0,0.0,161.0,7.0,0.0,Defender,48.3
1079.0,Álvaro Giménez,Alvaro G.c.,male,1991-05-19T00:00:00+00:00,83.0,183.0,Real Zaragoza,ZAR,https://assets.laliga.com/assets/2019/06/07/medium/zaragoza.png,20.0,Forward,https://assets.laliga.com/squad/2021/t190/p55175/512x556/p55175_t190_2021_1_001_000.png,85.0,34.0,2.0,0.0,5.0,0.0,1.0,150.0,5.0,27.0,2.0,14.0,14.0,480.0,0.0,0.0,0.0,16.0,0.0,0.0,14.0,13.0,231.0,111.0,329.0,14.0,32.0,289.0,505.0,6.0,94.0,18.0,5.0,158.0,4.0,Defender,48.199999999999996
4828.0,Ludwig Augustinsson,Augustinsson,male,1994-03-23T00:00:00+00:00,76.0,181.0,Sevilla FC,SEV,https://assets.laliga.com/assets/2019/06/07/medium/sevilla.png,3.0,Defender,https://assets.laliga.com/squad/2021/t179/p155561/512x556/p155561_t179_2021_1_001_000.png,15.0,19.0,1.0,0.0,3.0,0.0,2.0,45.0,0.0,13.0,5.0,8.0,0.0,413.0,0.0,0.0,0.0,2.0,0.0,7.0,2.0,15.0,159.0,208.0,342.0,18.0,13.0,130.0,421.0,18.0,11.0,0.0,24.0,40.0,3.0,Goalkeeper,46.949999999999996
1932.0,José María Angresola Jiménez,Mossa,male,1989-01-24T00:00:00+00:00,66.0,178.0,Real Oviedo,OVI,https://assets.laliga.com/assets/2019/06/07/medium/oviedo.png,23.0,Defender,https://assets.laliga.com/squad/2021/t187/p58884/512x556/p58884_t187_2021_1_001_000.png,15.0,19.0,1.0,0.0,5.0,0.0,1.0,45.0,0.0,16.0,11.0,11.0,0.0,521.0,0.0,0.0,0.0,1.0,0.0,10.0,4.0,30.0,232.0,174.0,365.0,20.0,15.0,200.0,532.0,19.0,19.0,1.0,51.0,86.0,5.0,Midfielder,46.900000000000006
6276.0,Juan Miranda,Miranda,male,2000-01-19T00:00:00+00:00,79.0,185.0,Real Betis,BET,https://assets.laliga.com/assets/2019/06/07/medium/betis.png,33.0,Defender,https://assets.laliga.com/squad/2021/t185/p433530/512x556/p433530_t185_2021_1_001_000.png,12.0,13.0,2.0,2.0,4.0,0.0,3.0,50.0,0.0,6.0,15.0,5.0,0.0,377.0,0.0,0.0,0.0,2.0,0.0,5.0,4.0,10.0,168.0,144.0,297.0,21.0,13.0,144.0,388.0,21.0,11.0,5.0,28.0,53.0,3.0,Midfielder,46.55000000000001
1907.0,Miguel Zabaco Tomé,Zabaco,male,1989-02-06T00:00:00+00:00,77.0,185.0,Burgos CF,BUR,https://assets.laliga.com/assets/2021/06/24/medium/8de24d38ab1472bbae1620d36582d7bd.png,4.0,Defender,https://assets.laliga.com/squad/2021/t951/p89303/512x556/p89303_t951_2021_1_001_000.png,18.0,16.0,0.0,0.0,11.0,0.0,4.0,37.0,0.0,11.0,15.0,2.0,1.0,379.0,0.0,0.0,0.0,1.0,0.0,0.0,0.0,29.0,91.0,194.0,256.0,51.0,19.0,118.0,392.0,15.0,6.0,1.0,61.0,46.0,4.0,Midfielder,45.900000000000006
572.0,Raúl García,Raul Garcia,male,1986-07-11T00:00:00+00:00,83.0,184.0,Athletic Club,ATH,https://assets.laliga.com/assets/2019/06/07/medium/athletic.png,22.0,Midfielder,https://assets.laliga.com/squad/2021/t174/p18498/512x556/p18498_t174_2021_1_001_000.png,57.0,35.0,2.0,0.0,4.0,0.0,0.0,125.0,6.0,17.0,9.0,16.0,12.0,578.0,0.0,0.0,0.0,14.0,0.0,2.0,9.0,19.0,253.0,110.0,342.0,20.0,49.0,293.0,582.0,27.0,70.0,3.0,25.0,196.0,4.0,Defender,45.75
1617.0,Francisco García Solsona,Fran Garcia,male,1992-12-07T00:00:00+00:00,70.0,170.0,Burgos CF,BUR,https://assets.laliga.com/assets/2021/06/24/medium/8de24d38ab1472bbae1620d36582d7bd.png,3.0,Defender,https://assets.laliga.com/squad/2021/t951/p84083/512x556/p84083_t951_2021_1_001_000.png,15.0,17.0,0.0,0.0,0.0,0.0,4.0,55.0,0.0,9.0,20.0,9.0,1.0,399.0,0.0,0.0,0.0,2.0,0.0,5.0,4.0,14.0,171.0,110.0,261.0,24.0,18.0,196.0,401.0,29.0,8.0,6.0,39.0,87.0,3.0,Forward,45.2
14847.0,Oier Zarraga,Zarraga,male,1999-01-04T00:00:00+00:00,76.0,175.0,Athletic Club,ATH,https://assets.laliga.com/assets/2019/06/07/medium/athletic.png,19.0,Midfielder,https://assets.laliga.com/squad/2021/t174/p245018/512x556/p245018_t174_2021_1_001_000.png,10.0,31.0,0.0,0.0,10.0,0.0,0.0,39.0,1.0,13.0,19.0,5.0,1.0,465.0,0.0,0.0,0.0,4.0,0.0,2.0,4.0,19.0,274.0,103.0,356.0,9.0,16.0,146.0,469.0,13.0,21.0,4.0,26.0,68.0,5.0,Defender,45.050000000000004
1531.0,Shkodran Mustafi,Mustafi,male,1992-04-17T00:00:00+00:00,82.0,184.0,Levante UD,LEV,https://assets.laliga.com/assets/2019/06/07/medium/levante.png,13.0,Defender,https://assets.laliga.com/squad/2021/t855/p69140/512x556/p69140_t855_2021_1_001_000.png,24.0,11.0,0.0,0.0,3.0,0.0,2.0,39.0,1.0,12.0,15.0,0.0,3.0,346.0,0.0,0.0,0.0,2.0,0.0,0.0,2.0,31.0,67.0,219.0,255.0,40.0,3.0,85.0,365.0,9.0,3.0,2.0,42.0,37.0,1.0,Forward,45.050000000000004
298.0,Juan Manuel Marrero Monzón,Juanma,male,1982-10-18T00:00:00+00:00,80.0,186.0,CF Fuenlabrada,FUE,https://assets.laliga.com/assets/2019/06/07/medium/fuenlabrada.png,5.0,Defender,https://assets.laliga.com/squad/2021/t7104/p56557/512x556/p56557_t7104_2021_1_001_000.png,23.0,16.0,0.0,0.0,5.0,0.0,4.0,56.0,0.0,12.0,19.0,0.0,0.0,299.0,0.0,0.0,0.0,0.0,0.0,0.0,4.0,42.0,76.0,147.0,181.0,45.0,13.0,123.0,325.0,17.0,9.0,0.0,57.0,45.0,1.0,Goalkeeper,44.65
4332.0,Matt Miazga,Miazga,male,1995-07-19T00:00:00+00:00,84.0,191.0,Deportivo Alavés,ALA,https://assets.laliga.com/assets/2020/09/01/medium/27002754a98bf535807fe49a24cc63ea.png,4.0,Defender,https://assets.laliga.com/squad/2021/t173/p163793/512x556/p163793_t173_2021_1_001_000.png,32.0,11.0,0.0,0.0,12.0,0.0,3.0,41.0,0.0,15.0,11.0,2.0,0.0,303.0,0.0,0.0,0.0,3.0,0.0,0.0,0.0,34.0,62.0,180.0,208.0,52.0,6.0,82.0,319.0,7.0,11.0,0.0,36.0,41.0,2.0,Defender,44.55
708.0,Antonio Barragán,A. Barragán,male,1987-06-12T00:00:00+00:00,76.0,182.0,Elche CF,ELC,https://assets.laliga.com/assets/2019/06/07/medium/elche.png,19.0,Defender,https://assets.laliga.com/squad/2021/t954/p20399/512x556/p20399_t954_2021_1_001_000.png,8.0,16.0,0.0,0.0,3.0,0.0,2.0,46.0,0.0,20.0,17.0,2.0,0.0,396.0,0.0,0.0,0.0,0.0,0.0,2.0,0.0,24.0,138.0,218.0,329.0,33.0,19.0,131.0,428.0,21.0,2.0,1.0,28.0,47.0,5.0,Defender,44.00000000000001
7357.0,Ramón Rodríguez Jiménez,Monchu,male,1999-09-13T00:00:00+00:00,68.0,173.0,Real Valladolid CF,VLL,https://assets.laliga.com/assets/2019/06/07/medium/valladolid.png,8.0,Midfielder,,6.0,15.0,4.0,6.0,0.0,0.0,0.0,56.0,2.0,9.0,4.0,14.0,0.0,365.0,0.0,0.0,0.0,3.0,1.0,1.0,10.0,34.0,175.0,194.0,320.0,2.0,19.0,91.0,398.0,23.0,2.0,7.0,8.0,36.0,0.0,Defender,42.800000000000004
6200.0,Maximiliano Gómez,M. Gómez,male,1996-08-14T00:00:00+00:00,91.0,186.0,Valencia CF,VAL,https://assets.laliga.com/assets/2019/06/07/medium/valencia.png,9.0,Forward,https://assets.laliga.com/squad/2021/t191/p215206/512x556/p215206_t191_2021_1_001_000.png,85.0,29.0,1.0,6.0,1.0,0.0,4.0,147.0,5.0,28.0,3.0,17.0,10.0,373.0,0.0,1.0,0.0,14.0,0.0,4.0,5.0,8.0,204.0,50.0,242.0,22.0,49.0,249.0,386.0,5.0,81.0,13.0,10.0,126.0,5.0,Defender,42.5
16295.0,Gorka Larrucea,Larru,male,1993-02-24T00:00:00+00:00,,,SD Amorebieta,AMO,https://assets.laliga.com/assets/2021/06/24/medium/7dcec1604142a8f60f876e4c7e839da7.png,8.0,Midfielder,https://assets.laliga.com/squad/2021/t6498/p220047/512x556/p220047_t6498_2021_1_001_000.png,30.0,20.0,0.0,1.0,2.0,0.0,0.0,83.0,1.0,17.0,29.0,22.0,0.0,422.0,0.0,0.0,0.0,7.0,0.0,3.0,8.0,34.0,186.0,129.0,268.0,19.0,22.0,190.0,445.0,33.0,2.0,2.0,49.0,94.0,5.0,Defender,42.449999999999996
1118.0,Xavi Quintillá,Quintillà,male,1996-08-23T00:00:00+00:00,70.0,183.0,CD Leganés,LEG,https://assets.laliga.com/assets/2019/06/07/medium/leganes.png,16.0,Defender,https://assets.laliga.com/squad/2021/t957/p164089/512x556/p164089_t957_2021_1_001_000.png,7.0,15.0,0.0,0.0,3.0,0.0,2.0,23.0,1.0,8.0,7.0,16.0,0.0,434.0,0.0,0.0,0.0,3.0,0.0,7.0,0.0,21.0,227.0,147.0,340.0,20.0,17.0,188.0,448.0,8.0,16.0,5.0,27.0,60.0,1.0,Goalkeeper,42.350000000000016
7444.0,Iván Martos,Ivan Martos,male,1997-04-11T00:00:00+00:00,68.0,182.0,UD Almería,ALM,https://assets.laliga.com/assets/2019/06/07/medium/almeria.png,3.0,Defender,https://assets.laliga.com/squad/2021/t1564/p441572/512x556/p441572_t1564_2021_1_001_000.png,12.0,11.0,0.0,0.0,5.0,0.0,0.0,28.0,0.0,9.0,12.0,2.0,0.0,449.0,0.0,1.0,0.0,0.0,0.0,0.0,1.0,40.0,91.0,300.0,351.0,28.0,14.0,79.0,463.0,8.0,3.0,1.0,38.0,34.0,2.0,Goalkeeper,42.1
12113.0,José Alejandro Suárez,Álex Suárez,male,1993-03-18T00:00:00+00:00,72.0,178.0,UD Las Palmas,LPA,https://assets.laliga.com/assets/2019/06/07/medium/las-palmas.png,4.0,Defender,https://assets.laliga.com/squad/2021/t407/p487703/512x556/p487703_t407_2021_1_001_000.png,10.0,4.0,0.0,0.0,1.0,0.0,2.0,19.0,0.0,3.0,5.0,0.0,0.0,291.0,0.0,0.0,0.0,1.0,0.0,0.0,1.0,11.0,61.0,226.0,276.0,6.0,3.0,15.0,299.0,4.0,3.0,0.0,6.0,6.0,1.0,Defender,40.400000000000006
774.0,Francisco Jiménez Tejada,Xisco,male,1986-06-26T00:00:00+00:00,84.0,190.0,AD Alcorcón,ALC,https://assets.laliga.com/assets/2019/06/07/medium/alcorcon.png,18.0,Forward,https://assets.laliga.com/squad/2021/t5233/p20085/512x556/p20085_t5233_2021_1_001_000.png,92.0,27.0,0.0,0.0,0.0,0.0,1.0,141.0,6.0,25.0,1.0,11.0,8.0,368.0,0.0,0.0,0.0,18.0,0.0,0.0,26.0,14.0,152.0,79.0,217.0,24.0,20.0,251.0,391.0,2.0,54.0,12.0,7.0,153.0,2.0,Defender,40.20000000000001
19637.0,Kevin Appin,Appin,male,1998-01-20T00:00:00+00:00,71.0,177.0,UD Ibiza,IBI,https://assets.laliga.com/assets/2021/06/24/medium/d7bc0d2c9bf06afd6b5ace9d62771713.png,20.0,Midfielder,https://assets.laliga.com/squad/2021/t16203/p240138/512x556/p240138_t16203_2021_1_001_000.png,26.0,29.0,1.0,0.0,6.0,0.0,0.0,98.0,1.0,10.0,12.0,7.0,2.0,392.0,0.0,0.0,0.0,2.0,0.0,0.0,17.0,13.0,178.0,126.0,291.0,16.0,29.0,178.0,394.0,26.0,21.0,8.0,10.0,80.0,2.0,Defender,40.0
25476.0,Nahuel Tenaglia,N. Tenaglia,male,1996-02-21T00:00:00+00:00,73.0,180.0,Deportivo Alavés,ALA,https://assets.laliga.com/assets/2020/09/01/medium/27002754a98bf535807fe49a24cc63ea.png,2.0,Defender,https://assets.laliga.com/squad/2021/t173/p432855/512x556/p432855_t173_2021_1_001_000.png,23.0,14.0,0.0,0.0,2.0,0.0,2.0,80.0,0.0,21.0,26.0,3.0,0.0,345.0,0.0,0.0,0.0,1.0,0.0,3.0,7.0,25.0,111.0,100.0,183.0,35.0,8.0,206.0,347.0,42.0,7.0,4.0,56.0,83.0,2.0,Midfielder,39.75
12132.0,Takefusa Kubo,Take,male,2001-06-04T00:00:00+00:00,67.0,173.0,RCD Mallorca,MLL,https://assets.laliga.com/assets/2019/06/07/medium/mallorca.png,17.0,Midfielder,https://assets.laliga.com/squad/2021/t181/p219271/512x556/p219271_t181_2021_1_001_000.png,11.0,28.0,0.0,2.0,3.0,0.0,0.0,129.0,1.0,33.0,8.0,32.0,5.0,433.0,0.0,0.0,0.0,8.0,0.0,6.0,40.0,10.0,261.0,84.0,322.0,4.0,17.0,279.0,443.0,31.0,70.0,24.0,12.0,99.0,4.0,Defender,39.35
9653.0,Paul Akouokou,Paul,male,1997-12-20T00:00:00+00:00,,190.0,Real Betis,BET,https://assets.laliga.com/assets/2019/06/07/medium/betis.png,4.0,Midfielder,https://assets.laliga.com/squad/2021/t185/p475177/512x556/p475177_t185_2021_1_001_000.png,6.0,8.0,0.0,0.0,0.0,0.0,2.0,28.0,0.0,3.0,11.0,3.0,0.0,319.0,0.0,0.0,0.0,0.0,1.0,1.0,6.0,13.0,149.0,135.0,270.0,6.0,13.0,50.0,323.0,14.0,3.0,2.0,10.0,30.0,2.0,Defender,39.1
12127.0,Iago López,Iago López,male,1999-04-06T00:00:00+00:00,70.0,177.0,CD Mirandés,MIR,https://assets.laliga.com/assets/2019/06/07/medium/mirandes.png,20.0,Defender,https://assets.laliga.com/squad/2021/t5741/p488278/512x556/p488278_t5741_2021_1_001_000.png,8.0,22.0,1.0,0.0,1.0,0.0,0.0,40.0,0.0,17.0,17.0,6.0,1.0,421.0,0.0,0.0,0.0,1.0,0.0,7.0,6.0,14.0,159.0,189.0,327.0,22.0,11.0,150.0,429.0,16.0,8.0,10.0,31.0,57.0,2.0,Forward,38.95
2536.0,Marta Torrejón,Marta Torrejón,female,1990-02-27T00:00:00+00:00,62.0,171.0,FC Barcelona,FCB,https://assets.laliga.com/assets/2019/06/07/medium/fc-barcelona-femenino.png,8.0,Defender,https://assets.laliga.com/squad/2021/t9121/p165361/512x556/p165361_t9121_2021_0_001_000.png,0.0,29.0,3.0,0.0,0.0,0.0,13.0,0.0,6.0,7.0,0.0,0.0,0.0,5.0,0.0,0.0,0.0,6.0,0.0,0.0,0.0,0.0,5.0,0.0,5.0,0.0,0.0,0.0,5.0,0.0,11.0,0.0,0.0,0.0,1.0,Midfielder,38.75
9397.0,Valery Fernández,Valery,male,1999-11-23T00:00:00+00:00,75.0,182.0,Girona FC,GIR,https://assets.laliga.com/assets/2019/06/07/medium/girona.png,11.0,Defender,https://assets.laliga.com/squad/2021/t2893/p469274/512x556/p469274_t2893_2021_1_001_000.png,3.0,26.0,0.0,0.0,0.0,0.0,2.0,59.0,1.0,10.0,7.0,8.0,2.0,300.0,0.0,0.0,0.0,5.0,0.0,7.0,19.0,8.0,156.0,109.0,250.0,2.0,5.0,118.0,301.0,21.0,41.0,16.0,8.0,35.0,2.0,Forward,38.650000000000006
9304.0,João Félix Sequeira,João Félix,male,1999-11-10T00:00:00+00:00,70.0,181.0,Atlético de Madrid,ATM,https://assets.laliga.com/assets/2019/06/07/medium/atletico.png,7.0,Forward,https://assets.laliga.com/squad/2021/t175/p428399/512x556/p428399_t175_2021_1_001_000.png,19.0,24.0,4.0,1.0,1.0,0.0,0.0,112.0,8.0,22.0,7.0,15.0,9.0,401.0,0.0,1.0,0.0,15.0,0.0,2.0,31.0,24.0,223.0,95.0,291.0,8.0,15.0,197.0,420.0,5.0,57.0,21.0,16.0,89.0,1.0,Defender,38.64999999999999
7055.0,Shaquell Moore,Moore,male,1996-11-02T00:00:00+00:00,74.0,180.0,CD Tenerife,TEN,https://assets.laliga.com/assets/2019/06/07/medium/tenerife.png,21.0,Defender,https://assets.laliga.com/squad/2021/t612/p209393/512x556/p209393_t612_2021_1_001_000.png,26.0,25.0,2.0,0.0,3.0,0.0,2.0,79.0,0.0,13.0,18.0,20.0,3.0,394.0,0.0,0.0,0.0,3.0,0.0,21.0,8.0,19.0,180.0,128.0,268.0,28.0,24.0,246.0,397.0,26.0,18.0,19.0,42.0,68.0,3.0,Midfielder,38.5
2270.0,Guido Carrillo,Carrillo,male,1991-05-25T00:00:00+00:00,87.0,191.0,Elche CF,ELC,https://assets.laliga.com/assets/2019/06/07/medium/elche.png,7.0,Forward,https://assets.laliga.com/squad/2021/t954/p98914/512x556/p98914_t954_2021_1_001_000.png,84.0,29.0,0.0,0.0,2.0,0.0,1.0,120.0,2.0,20.0,1.0,6.0,6.0,276.0,0.0,0.0,0.0,10.0,0.0,0.0,8.0,5.0,141.0,66.0,202.0,27.0,33.0,149.0,295.0,7.0,40.0,6.0,3.0,85.0,3.0,Defender,38.400000000000006
182.0,Joaquín Navarro Jiménez,X. Navarro,male,1990-01-23T00:00:00+00:00,75.0,176.0,Deportivo Alavés,ALA,https://assets.laliga.com/assets/2020/09/01/medium/27002754a98bf535807fe49a24cc63ea.png,23.0,Defender,https://assets.laliga.com/squad/2021/t173/p90728/512x556/p90728_t173_2021_1_001_000.png,9.0,18.0,0.0,0.0,5.0,0.0,2.0,67.0,0.0,23.0,22.0,4.0,2.0,418.0,0.0,0.0,0.0,3.0,1.0,1.0,5.0,18.0,123.0,197.0,301.0,54.0,16.0,207.0,429.0,28.0,10.0,7.0,56.0,54.0,4.0,Defender,38.0
12609.0,Oihan Sancet,O. Sancet,male,2000-04-25T00:00:00+00:00,73.0,188.0,Athletic Club,ATH,https://assets.laliga.com/assets/2019/06/07/medium/athletic.png,8.0,Midfielder,https://assets.laliga.com/squad/2021/t174/p439772/512x556/p439772_t174_2021_1_001_000.png,17.0,27.0,2.0,0.0,0.0,0.0,0.0,79.0,6.0,17.0,5.0,23.0,5.0,427.0,0.0,0.0,0.0,14.0,0.0,3.0,23.0,13.0,272.0,72.0,328.0,12.0,20.0,227.0,436.0,12.0,72.0,14.0,4.0,91.0,2.0,Defender,37.849999999999994
680.0,Claudio Bravo,C. Bravo,male,1983-04-13T00:00:00+00:00,80.0,184.0,Real Betis,BET,https://assets.laliga.com/assets/2019/06/07/medium/betis.png,25.0,Goalkeeper,https://assets.laliga.com/squad/2021/t185/p33148/512x556/p33148_t185_2021_1_001_000.png,6.0,17.0,0.0,0.0,0.0,6.0,5.0,7.0,0.0,19.0,0.0,1.0,0.0,254.0,0.0,0.0,39.0,0.0,0.0,0.0,0.0,120.0,72.0,209.0,161.0,14.0,1.0,175.0,451.0,0.0,0.0,0.0,167.0,3.0,2.0,Defender,37.8
22345.0,Mohamed Bouldini,M. Bouldini,male,1995-11-27T00:00:00+00:00,88.0,187.0,CF Fuenlabrada,FUE,https://assets.laliga.com/assets/2019/06/07/medium/fuenlabrada.png,25.0,Forward,,116.0,17.0,0.0,0.0,4.0,0.0,1.0,177.0,7.0,28.0,2.0,11.0,26.0,300.0,0.0,1.0,0.0,17.0,0.0,1.0,14.0,0.0,139.0,48.0,186.0,22.0,52.0,235.0,321.0,19.0,69.0,17.0,8.0,127.0,3.0,Defender,37.24999999999999
1352.0,Sergio Postigo,Postigo,male,1988-11-04T00:00:00+00:00,78.0,184.0,Levante UD,LEV,https://assets.laliga.com/assets/2019/06/07/medium/levante.png,15.0,Defender,https://assets.laliga.com/squad/2021/t855/p90400/512x556/p90400_t855_2021_1_001_000.png,12.0,13.0,0.0,0.0,5.0,0.0,0.0,26.0,0.0,23.0,7.0,3.0,0.0,343.0,0.0,0.0,0.0,0.0,0.0,0.0,0.0,18.0,78.0,225.0,285.0,45.0,5.0,65.0,363.0,11.0,6.0,1.0,37.0,23.0,3.0,Defender,37.0
6280.0,Unai Núñez,Nuñez,male,1997-01-30T00:00:00+00:00,80.0,186.0,Athletic Club,ATH,https://assets.laliga.com/assets/2019/06/07/medium/athletic.png,3.0,Defender,https://assets.laliga.com/squad/2021/t174/p242830/512x556/p242830_t174_2021_1_001_000.png,12.0,9.0,0.0,0.0,8.0,0.0,0.0,26.0,0.0,11.0,8.0,2.0,0.0,325.0,0.0,0.0,0.0,1.0,0.0,1.0,3.0,25.0,103.0,188.0,265.0,24.0,10.0,53.0,337.0,4.0,10.0,1.0,26.0,21.0,2.0,Forward,35.650000000000006
78.0,Mario Gaspar Pérez Martínez,Mario Gaspar,male,1990-11-24T00:00:00+00:00,74.0,182.0,Villarreal CF,VIL,https://assets.laliga.com/assets/2019/06/07/medium/villarreal.png,2.0,Defender,https://assets.laliga.com/squad/2021/t449/p76610/512x556/p76610_t449_2021_1_001_000.png,8.0,12.0,0.0,0.0,3.0,0.0,2.0,23.0,0.0,8.0,6.0,5.0,0.0,299.0,0.0,0.0,0.0,1.0,0.0,2.0,3.0,14.0,115.0,131.0,230.0,13.0,8.0,85.0,308.0,10.0,15.0,1.0,23.0,41.0,1.0,Forward,35.55
6308.0,Rey Manaj,R. Manaj,male,1997-02-24T00:00:00+00:00,76.0,182.0,Spezia,SPZ,https://assets.laliga.com/assets/2021/03/11/medium/9744bec98a29e159e991de7513818163.png,9.0,Forward,,70.0,30.0,0.0,6.0,0.0,0.0,1.0,172.0,5.0,36.0,4.0,13.0,11.0,382.0,0.0,0.0,0.0,16.0,0.0,1.0,22.0,3.0,197.0,132.0,324.0,13.0,54.0,285.0,440.0,19.0,70.0,27.0,6.0,107.0,9.0,Defender,35.55
9742.0,Álex Sola,Sola,male,1999-06-09T00:00:00+00:00,75.0,178.0,R. Sociedad B,RSOB,https://assets.laliga.com/assets/2019/06/07/medium/real-sociedad.png,2.0,Defender,https://assets.laliga.com/squad/2021/t3567/p477406/512x556/p477406_t3567_2021_1_001_000.png,8.0,16.0,1.0,1.0,1.0,0.0,1.0,110.0,2.0,17.0,14.0,8.0,1.0,376.0,0.0,1.0,0.0,10.0,0.0,11.0,30.0,15.0,161.0,145.0,280.0,9.0,16.0,232.0,394.0,38.0,32.0,28.0,12.0,87.0,4.0,Defender,35.44999999999999
9742.0,Álex Sola,Sola,male,1999-06-09T00:00:00+00:00,75.0,178.0,R. Sociedad B,RSOB,https://assets.laliga.com/assets/2019/06/07/medium/real-sociedad.png,2.0,Defender,https://assets.laliga.com/squad/2021/t3567/p477406/512x556/p477406_t3567_2021_1_001_000.png,8.0,16.0,1.0,1.0,1.0,0.0,1.0,110.0,2.0,17.0,14.0,8.0,1.0,376.0,0.0,1.0,0.0,10.0,0.0,11.0,30.0,15.0,161.0,145.0,280.0,9.0,16.0,232.0,394.0,38.0,32.0,28.0,12.0,87.0,4.0,Midfielder,35.44999999999999
1621.0,Unai Bustinza,Bustinza M.,male,1992-02-02T00:00:00+00:00,74.0,175.0,CD Leganés,LEG,https://assets.laliga.com/assets/2019/06/07/medium/leganes.png,3.0,Defender,https://assets.laliga.com/squad/2021/t957/p112540/512x556/p112540_t957_2021_1_001_000.png,13.0,12.0,0.0,0.0,3.0,0.0,2.0,35.0,0.0,4.0,16.0,6.0,1.0,357.0,0.0,1.0,0.0,0.0,0.0,5.0,2.0,21.0,127.0,137.0,238.0,18.0,9.0,135.0,359.0,13.0,5.0,2.0,34.0,66.0,2.0,Goalkeeper,35.2
838.0,Roberto Canella,R. Canella,male,1988-02-07T00:00:00+00:00,76.0,179.0,CD Lugo,LUG,https://assets.laliga.com/assets/2019/06/07/medium/lugo.png,15.0,Defender,https://assets.laliga.com/squad/2021/t5730/p51864/512x556/p51864_t5730_2021_1_001_000.png,14.0,23.0,0.0,0.0,2.0,0.0,2.0,54.0,0.0,18.0,16.0,4.0,1.0,311.0,0.0,0.0,0.0,0.0,0.0,3.0,6.0,12.0,111.0,101.0,197.0,27.0,3.0,183.0,315.0,26.0,9.0,4.0,33.0,73.0,0.0,Goalkeeper,34.95000000000001
7528.0,Martín Cáceres,Martin Caceres,male,1987-04-07T00:00:00+00:00,78.0,180.0,Levante UD,LEV,https://assets.laliga.com/assets/2019/06/07/medium/levante.png,7.0,Defender,https://assets.laliga.com/squad/2021/t855/p43693/512x556/p43693_t855_2021_1_001_000.png,7.0,10.0,0.0,0.0,2.0,0.0,1.0,18.0,0.0,13.0,11.0,3.0,0.0,335.0,0.0,0.0,0.0,0.0,0.0,1.0,1.0,24.0,118.0,165.0,258.0,15.0,8.0,71.0,344.0,2.0,4.0,0.0,31.0,31.0,2.0,Defender,34.949999999999996
8987.0,Samuel Chukwueze,Chukwueze,male,1999-05-22T00:00:00+00:00,70.0,172.0,Villarreal CF,VIL,https://assets.laliga.com/assets/2019/06/07/medium/villarreal.png,11.0,Midfielder,https://assets.laliga.com/squad/2021/t449/p218328/512x556/p218328_t449_2021_1_001_000.png,7.0,27.0,3.0,0.0,0.0,0.0,1.0,103.0,3.0,14.0,5.0,26.0,12.0,439.0,0.0,0.0,0.0,7.0,0.0,2.0,67.0,10.0,230.0,103.0,321.0,4.0,11.0,268.0,440.0,13.0,126.0,59.0,10.0,99.0,4.0,Defender,34.80000000000001
9536.0,Javier Mier,Javi Mier,male,1999-02-04T00:00:00+00:00,,176.0,Real Oviedo,OVI,https://assets.laliga.com/assets/2019/06/07/medium/oviedo.png,6.0,Defender,https://assets.laliga.com/squad/2021/t187/p472164/512x556/p472164_t187_2021_1_001_000.png,21.0,27.0,0.0,0.0,5.0,0.0,1.0,65.0,2.0,10.0,11.0,5.0,6.0,314.0,0.0,0.0,0.0,3.0,0.0,3.0,6.0,16.0,140.0,106.0,226.0,13.0,29.0,125.0,319.0,26.0,27.0,5.0,17.0,60.0,3.0,Defender,34.3
21807.0,Paolo Gozzi,Gozzi Iweru,male,2001-04-25T00:00:00+00:00,,180.0,CF Fuenlabrada,FUE,https://assets.laliga.com/assets/2019/06/07/medium/fuenlabrada.png,28.0,Defender,https://assets.laliga.com/squad/2021/t7104/p248667/512x556/p248667_t7104_2021_1_001_000.png,16.0,23.0,1.0,0.0,5.0,0.0,1.0,93.0,0.0,27.0,13.0,9.0,0.0,363.0,0.0,0.0,0.0,0.0,0.0,3.0,12.0,15.0,122.0,148.0,252.0,28.0,23.0,220.0,368.0,43.0,4.0,17.0,33.0,68.0,4.0,Defender,34.15
1586.0,Carlos Nieto,Nieto,male,1996-05-06T00:00:00+00:00,74.0,179.0,Real Zaragoza,ZAR,https://assets.laliga.com/assets/2019/06/07/medium/zaragoza.png,17.0,Defender,https://assets.laliga.com/squad/2021/t190/p195378/512x556/p195378_t190_2021_1_001_000.png,20.0,16.0,0.0,0.0,3.0,0.0,2.0,44.0,0.0,8.0,8.0,6.0,1.0,262.0,0.0,0.0,0.0,0.0,0.0,9.0,5.0,11.0,109.0,90.0,179.0,20.0,11.0,114.0,263.0,17.0,13.0,1.0,21.0,52.0,0.0,Goalkeeper,34.0
1202.0,Rubén Rochina,Rochina,male,1991-03-23T00:00:00+00:00,76.0,182.0,Granada CF,GRA,https://assets.laliga.com/assets/2019/06/07/medium/granada.png,21.0,Midfielder,https://assets.laliga.com/squad/2021/t5683/p86168/512x556/p86168_t5683_2021_1_001_000.png,6.0,15.0,2.0,1.0,1.0,0.0,2.0,57.0,1.0,12.0,6.0,10.0,1.0,321.0,0.0,0.0,0.0,5.0,0.0,4.0,14.0,35.0,169.0,86.0,211.0,4.0,11.0,172.0,338.0,21.0,5.0,5.0,34.0,58.0,3.0,Defender,33.45
11872.0,Antonio Cristian Glauder García,Glauder,male,1995-10-18T00:00:00+00:00,76.0,183.0,SD Eibar,EIB,https://assets.laliga.com/assets/2019/06/07/medium/eibar.png,24.0,Defender,https://assets.laliga.com/squad/2021/t953/p421012/512x556/p421012_t953_2021_1_001_000.png,19.0,13.0,0.0,0.0,3.0,0.0,0.0,47.0,0.0,13.0,14.0,1.0,0.0,332.0,0.0,0.0,0.0,3.0,0.0,0.0,2.0,28.0,115.0,140.0,227.0,21.0,16.0,118.0,339.0,20.0,11.0,3.0,31.0,53.0,2.0,Forward,32.900000000000006
1297.0,Dani Ceballos,D. Ceballos,male,1996-08-07T00:00:00+00:00,70.0,179.0,Real Madrid,RMA,https://assets.laliga.com/assets/2019/06/07/medium/real-madrid.png,19.0,Midfielder,https://assets.laliga.com/squad/2021/t186/p182539/512x556/p182539_t186_2021_1_001_000.png,0.0,11.0,0.0,1.0,2.0,0.0,1.0,19.0,0.0,2.0,4.0,3.0,0.0,256.0,0.0,0.0,0.0,4.0,0.0,0.0,5.0,11.0,126.0,113.0,228.0,1.0,3.0,39.0,260.0,7.0,9.0,6.0,5.0,16.0,1.0,Defender,32.800000000000004
12192.0,Lazar Randjelovic,Lazar Randelovic,male,1997-08-05T00:00:00+00:00,,,CD Leganés,LEG,https://assets.laliga.com/assets/2019/06/07/medium/leganes.png,12.0,Midfielder,https://assets.laliga.com/squad/2021/t957/p458797/512x556/p458797_t957_2021_1_001_000.png,10.0,34.0,3.0,0.0,0.0,0.0,1.0,77.0,5.0,18.0,8.0,12.0,7.0,461.0,0.0,0.0,0.0,13.0,0.0,14.0,28.0,9.0,259.0,93.0,329.0,4.0,30.0,316.0,462.0,29.0,74.0,42.0,12.0,112.0,3.0,Defender,32.050000000000004
13305.0,Largie Ramazani,L. Ramazani,male,2001-02-27T00:00:00+00:00,,167.0,UD Almería,ALM,https://assets.laliga.com/assets/2019/06/07/medium/almeria.png,32.0,Forward,https://assets.laliga.com/squad/2021/t1564/p433952/512x556/p433952_t1564_2021_1_001_000.png,9.0,30.0,1.0,4.0,2.0,0.0,0.0,143.0,8.0,21.0,13.0,30.0,7.0,521.0,0.0,0.0,0.0,28.0,0.0,6.0,52.0,17.0,289.0,110.0,375.0,5.0,48.0,365.0,538.0,30.0,101.0,32.0,18.0,128.0,7.0,Defender,31.70000000000001
8568.0,Alejandro Díez Salomon,Ale Díez,male,1996-02-17T00:00:00+00:00,64.0,173.0,UD Las Palmas,LPA,https://assets.laliga.com/assets/2019/06/07/medium/las-palmas.png,2.0,Defender,https://assets.laliga.com/squad/2021/t407/p179921/512x556/p179921_t407_2021_1_001_000.png,8.0,12.0,0.0,0.0,5.0,0.0,2.0,28.0,0.0,10.0,8.0,15.0,0.0,316.0,0.0,0.0,0.0,1.0,0.0,8.0,3.0,19.0,140.0,121.0,229.0,10.0,10.0,155.0,330.0,13.0,11.0,7.0,27.0,55.0,2.0,Midfielder,31.700000000000003
4072.0,Joel Valencia,Valencia,male,1994-11-16T00:00:00+00:00,61.0,164.0,AD Alcorcón,ALC,https://assets.laliga.com/assets/2019/06/07/medium/alcorcon.png,9.0,Forward,,1.0,18.0,1.0,0.0,1.0,0.0,0.0,39.0,0.0,11.0,2.0,12.0,2.0,289.0,0.0,0.0,0.0,2.0,0.0,6.0,12.0,8.0,173.0,86.0,243.0,2.0,4.0,119.0,296.0,16.0,22.0,15.0,1.0,44.0,0.0,Defender,31.400000000000002
9.0,Martín Montoya,Montoya,male,1991-04-14T00:00:00+00:00,73.0,175.0,Real Betis,BET,https://assets.laliga.com/assets/2019/06/07/medium/betis.png,2.0,Defender,https://assets.laliga.com/squad/2021/t185/p86153/512x556/p86153_t185_2021_1_001_000.png,10.0,6.0,1.0,0.0,0.0,0.0,0.0,40.0,0.0,8.0,11.0,2.0,0.0,261.0,0.0,0.0,0.0,2.0,0.0,1.0,0.0,9.0,128.0,93.0,211.0,17.0,8.0,76.0,266.0,20.0,15.0,1.0,12.0,34.0,2.0,Midfielder,31.0
1825.0,Aitor Buñuel,Aitor Buñuel,male,1998-02-10T00:00:00+00:00,70.0,173.0,UD Almería,ALM,https://assets.laliga.com/assets/2019/06/07/medium/almeria.png,2.0,Defender,https://assets.laliga.com/squad/2021/t1564/p209863/512x556/p209863_t1564_2021_1_001_000.png,11.0,13.0,0.0,0.0,1.0,0.0,1.0,41.0,0.0,7.0,14.0,1.0,1.0,287.0,0.0,0.0,0.0,0.0,0.0,0.0,6.0,12.0,102.0,118.0,208.0,25.0,14.0,106.0,296.0,14.0,5.0,4.0,31.0,45.0,1.0,Goalkeeper,30.849999999999998
23340.0,Peru Rodríguez,Rodriguez,male,2002-04-05T00:00:00+00:00,,,R. Sociedad B,RSOB,https://assets.laliga.com/assets/2019/06/07/medium/real-sociedad.png,37.0,Defender,https://assets.laliga.com/squad/2021/t3567/p547594/512x556/p547594_t3567_2021_1_001_000.png,2.0,3.0,0.0,0.0,2.0,0.0,1.0,3.0,0.0,4.0,0.0,0.0,0.0,270.0,0.0,0.0,0.0,0.0,0.0,0.0,0.0,5.0,60.0,197.0,252.0,7.0,4.0,16.0,272.0,1.0,1.0,0.0,9.0,6.0,1.0,Midfielder,30.500000000000004
554.0,Pere Pons,Pere Pons,male,1993-02-20T00:00:00+00:00,70.0,177.0,Deportivo Alavés,ALA,https://assets.laliga.com/assets/2020/09/01/medium/27002754a98bf535807fe49a24cc63ea.png,20.0,Midfielder,https://assets.laliga.com/squad/2021/t173/p131411/512x556/p131411_t173_2021_1_001_000.png,17.0,27.0,0.0,0.0,1.0,0.0,0.0,64.0,1.0,26.0,6.0,12.0,2.0,343.0,0.0,0.0,0.0,4.0,0.0,2.0,4.0,10.0,131.0,134.0,253.0,11.0,25.0,158.0,360.0,26.0,28.0,4.0,11.0,86.0,2.0,Defender,30.450000000000003
1585.0,Jesús Vallejo,Vallejo,male,1997-01-05T00:00:00+00:00,79.0,184.0,Real Madrid,RMA,https://assets.laliga.com/assets/2019/06/07/medium/real-madrid.png,5.0,Defender,https://assets.laliga.com/squad/2021/t186/p178876/512x556/p178876_t186_2021_1_001_000.png,11.0,5.0,0.0,0.0,8.0,0.0,2.0,21.0,0.0,2.0,6.0,1.0,0.0,202.0,0.0,0.0,0.0,0.0,0.0,0.0,2.0,7.0,41.0,140.0,174.0,15.0,4.0,33.0,209.0,7.0,2.0,2.0,13.0,15.0,1.0,Goalkeeper,30.15
16228.0,Jesús Vázquez,J. Vázquez,male,2003-01-02T00:00:00+00:00,,,Valencia CF,VAL,https://assets.laliga.com/assets/2019/06/07/medium/valencia.png,32.0,Defender,https://assets.laliga.com/squad/2021/t191/p466044/512x556/p466044_t191_2021_1_001_000.png,12.0,15.0,0.0,0.0,3.0,0.0,2.0,69.0,0.0,12.0,9.0,6.0,0.0,234.0,0.0,0.0,0.0,1.0,0.0,3.0,25.0,8.0,109.0,65.0,163.0,14.0,14.0,149.0,235.0,24.0,15.0,9.0,18.0,46.0,0.0,Goalkeeper,29.750000000000004
694.0,Javier Ros Añón,Javi Ros,male,1990-02-16T00:00:00+00:00,68.0,173.0,SD Amorebieta,AMO,https://assets.laliga.com/assets/2021/06/24/medium/7dcec1604142a8f60f876e4c7e839da7.png,4.0,Midfielder,https://assets.laliga.com/squad/2021/t6498/p61598/512x556/p61598_t6498_2021_1_001_000.png,10.0,16.0,0.0,0.0,1.0,0.0,0.0,33.0,1.0,14.0,10.0,14.0,0.0,288.0,0.0,0.0,0.0,4.0,0.0,6.0,4.0,23.0,169.0,106.0,236.0,5.0,13.0,115.0,314.0,8.0,10.0,6.0,11.0,44.0,2.0,Defender,29.6
1259.0,David Forniés,D. Fornies,male,1991-02-06T00:00:00+00:00,71.0,177.0,AD Alcorcón,ALC,https://assets.laliga.com/assets/2019/06/07/medium/alcorcon.png,23.0,Defender,https://assets.laliga.com/squad/2021/t5233/p88545/512x556/p88545_t5233_2021_1_001_000.png,5.0,18.0,0.0,0.0,3.0,0.0,0.0,40.0,0.0,17.0,10.0,6.0,0.0,323.0,0.0,0.0,0.0,0.0,0.0,5.0,6.0,15.0,152.0,125.0,257.0,17.0,21.0,118.0,326.0,18.0,6.0,3.0,16.0,38.0,3.0,Goalkeeper,29.400000000000006
3235.0,Jasper Cillessen,Cillessen,male,1989-04-22T00:00:00+00:00,83.0,185.0,Valencia CF,VAL,https://assets.laliga.com/assets/2019/06/07/medium/valencia.png,13.0,Goalkeeper,https://assets.laliga.com/squad/2021/t191/p72162/512x556/p72162_t191_2021_1_001_000.png,2.0,17.0,0.0,0.0,0.0,4.0,3.0,2.0,0.0,29.0,1.0,0.0,0.0,210.0,1.0,0.0,50.0,0.0,0.0,0.0,0.0,118.0,78.0,152.0,112.0,13.0,0.0,148.0,376.0,0.0,0.0,0.0,145.0,1.0,1.0,Defender,28.650000000000002
21.0,Sergi Roberto,S. Roberto,male,1992-02-07T00:00:00+00:00,68.0,178.0,FC Barcelona,BAR,https://assets.laliga.com/assets/2019/06/07/medium/barcelona.png,20.0,Defender,https://assets.laliga.com/squad/2021/t178/p86157/512x556/p86157_t178_2021_0_001_000.png,2.0,9.0,1.0,0.0,0.0,0.0,0.0,14.0,2.0,7.0,4.0,3.0,1.0,231.0,0.0,0.0,0.0,3.0,0.0,1.0,3.0,2.0,129.0,91.0,217.0,6.0,1.0,34.0,238.0,5.0,8.0,0.0,2.0,17.0,1.0,Midfielder,28.150000000000002
3959.0,Javier Ontiveros,J. Ontiveros,male,1997-09-09T00:00:00+00:00,75.0,170.0,CF Fuenlabrada,FUE,https://assets.laliga.com/assets/2019/06/07/medium/fuenlabrada.png,20.0,Forward,,14.0,16.0,4.0,6.0,0.0,0.0,0.0,93.0,1.0,27.0,18.0,10.0,4.0,347.0,0.0,0.0,0.0,15.0,0.0,9.0,31.0,16.0,197.0,91.0,256.0,4.0,20.0,227.0,375.0,27.0,25.0,24.0,17.0,86.0,7.0,Defender,28.10000000000001
16889.0,Nicholas Williams,Williams Jr,male,2002-02-17T00:00:00+00:00,,,Athletic Club,ATH,https://assets.laliga.com/assets/2019/06/07/medium/athletic.png,30.0,Forward,https://assets.laliga.com/squad/2021/t174/p523654/512x556/p523654_t174_2021_1_001_000.png,10.0,34.0,0.0,0.0,2.0,0.0,0.0,97.0,0.0,15.0,5.0,16.0,10.0,386.0,0.0,0.0,0.0,10.0,0.0,7.0,44.0,6.0,227.0,84.0,298.0,8.0,24.0,263.0,389.0,20.0,90.0,46.0,9.0,76.0,4.0,Defender,27.650000000000002
3266.0,Saidy Janko,Janko,male,1995-10-22T00:00:00+00:00,83.0,181.0,Real Valladolid CF,VLL,https://assets.laliga.com/assets/2019/06/07/medium/valladolid.png,18.0,Defender,https://assets.laliga.com/squad/2021/t192/p170929/512x556/p170929_t192_2021_1_001_000.png,7.0,15.0,0.0,0.0,1.0,0.0,0.0,28.0,0.0,14.0,4.0,9.0,0.0,291.0,0.0,0.0,0.0,0.0,0.0,12.0,12.0,8.0,136.0,116.0,232.0,8.0,6.0,100.0,297.0,3.0,7.0,7.0,14.0,43.0,1.0,Forward,27.450000000000006
23671.0,Brahim Konaté,B. Konate,male,1996-03-20T00:00:00+00:00,67.0,183.0,CF Fuenlabrada,FUE,https://assets.laliga.com/assets/2019/06/07/medium/fuenlabrada.png,16.0,Midfielder,https://assets.laliga.com/squad/2021/t7104/p216530/512x556/p216530_t7104_2021_1_001_000.png,20.0,18.0,1.0,0.0,0.0,0.0,2.0,48.0,2.0,16.0,13.0,9.0,0.0,293.0,0.0,1.0,0.0,4.0,0.0,1.0,5.0,20.0,132.0,98.0,209.0,10.0,27.0,104.0,295.0,8.0,16.0,6.0,13.0,53.0,5.0,Defender,27.250000000000007
608.0,Francisco Casilla Cortés,K. Casilla,male,1986-10-02T00:00:00+00:00,86.0,190.0,Elche CF,ELC,https://assets.laliga.com/assets/2019/06/07/medium/elche.png,1.0,Goalkeeper,https://assets.laliga.com/squad/2021/t954/p39790/512x556/p39790_t954_2021_1_001_000.png,3.0,14.0,0.0,0.0,0.0,7.0,3.0,5.0,0.0,17.0,1.0,1.0,0.0,202.0,0.0,0.0,43.0,0.0,0.0,0.0,0.0,102.0,58.0,194.0,150.0,10.0,0.0,163.0,407.0,0.0,0.0,0.0,151.0,4.0,3.0,Defender,27.100000000000005
125.0,Juan Torres Ruiz,Juan Cala,male,1989-11-26T00:00:00+00:00,78.0,185.0,Cádiz CF,CAD,https://assets.laliga.com/assets/2019/06/07/medium/cadiz.png,16.0,Defender,https://assets.laliga.com/squad/2021/t1737/p55412/512x556/p55412_t1737_2021_1_001_000.png,16.0,14.0,0.0,0.0,6.0,0.0,2.0,32.0,0.0,20.0,12.0,2.0,1.0,275.0,0.0,1.0,0.0,0.0,0.0,0.0,1.0,33.0,62.0,153.0,182.0,56.0,11.0,85.0,291.0,9.0,7.0,0.0,40.0,36.0,7.0,Forward,27.0
6095.0,Laia Aleixandri,Laia Aleixandri,female,2000-08-25T00:00:00+00:00,55.0,170.0,At. Madrid Femenino,ATM,https://assets.laliga.com/assets/2019/06/07/medium/atletico-feminas.png,4.0,Defender,https://assets.laliga.com/squad/2021/t11212/p434287/512x556/p434287_t11212_2021_1_001_000.png,0.0,29.0,0.0,0.0,0.0,0.0,10.0,0.0,4.0,24.0,0.0,0.0,0.0,0.0,0.0,0.0,0.0,4.0,0.0,0.0,0.0,0.0,0.0,0.0,0.0,0.0,0.0,0.0,0.0,0.0,4.0,0.0,0.0,0.0,3.0,Forward,27.0
5882.0,Juan José Nieto Zarzoso,Juanjo Nieto,male,1994-10-03T00:00:00+00:00,71.0,175.0,UD Almería,ALM,https://assets.laliga.com/assets/2019/06/07/medium/almeria.png,12.0,Defender,https://assets.laliga.com/squad/2021/t1564/p246186/512x556/p246186_t1564_2021_1_001_000.png,13.0,16.0,0.0,0.0,1.0,0.0,1.0,41.0,0.0,5.0,10.0,4.0,0.0,223.0,0.0,0.0,0.0,0.0,0.0,3.0,6.0,8.0,106.0,69.0,164.0,27.0,7.0,89.0,225.0,12.0,7.0,3.0,16.0,37.0,2.0,Forward,26.950000000000003
14930.0,Moriba Kourouma Kourouma,Ilaix,male,2003-01-19T00:00:00+00:00,73.0,185.0,Valencia CF,VAL,https://assets.laliga.com/assets/2019/06/07/medium/valencia.png,23.0,Midfielder,https://assets.laliga.com/squad/2021/t191/p465689/512x556/p465689_t191_2021_1_001_000.png,14.0,14.0,0.0,1.0,0.0,0.0,1.0,72.0,0.0,11.0,12.0,2.0,0.0,273.0,0.0,1.0,0.0,5.0,0.0,1.0,7.0,12.0,142.0,73.0,202.0,14.0,21.0,112.0,278.0,26.0,16.0,7.0,15.0,49.0,7.0,Defender,26.75
3622.0,Maitane López,Maitane López,female,1995-03-13T00:00:00+00:00,61.0,175.0,At. Madrid Femenino,ATM,https://assets.laliga.com/assets/2019/06/07/medium/atletico-feminas.png,7.0,Midfielder,https://assets.laliga.com/squad/2021/t11212/p192088/512x556/p192088_t11212_2021_0_001_000.png,0.0,30.0,1.0,0.0,0.0,0.0,10.0,0.0,5.0,28.0,0.0,0.0,0.0,4.0,0.0,0.0,0.0,5.0,0.0,0.0,0.0,0.0,3.0,1.0,4.0,0.0,0.0,0.0,4.0,0.0,9.0,0.0,0.0,0.0,4.0,Defender,26.55
2082.0,Adrián Castellano,A. Castellano,male,1994-06-26T00:00:00+00:00,73.0,180.0,SD Ponferradina,PON,https://assets.laliga.com/assets/2021/06/24/medium/20f0382ea9163a771b3e01bbe7cf78b7.png,15.0,Defender,https://assets.laliga.com/squad/2021/t3090/p216609/512x556/p216609_t3090_2021_1_001_000.png,6.0,10.0,0.0,0.0,2.0,0.0,0.0,16.0,0.0,10.0,11.0,5.0,0.0,275.0,0.0,0.0,0.0,0.0,0.0,3.0,0.0,15.0,76.0,151.0,209.0,21.0,3.0,94.0,284.0,9.0,0.0,0.0,31.0,29.0,0.0,Midfielder,26.1
1988.0,Marko Dmitrovic,Dmitrovic,male,1992-01-24T00:00:00+00:00,94.0,194.0,Sevilla FC,SEV,https://assets.laliga.com/assets/2019/06/07/medium/sevilla.png,1.0,Goalkeeper,https://assets.laliga.com/squad/2021/t179/p94618/512x556/p94618_t179_2021_1_001_000.png,1.0,6.0,0.0,0.0,0.0,4.0,4.0,1.0,0.0,5.0,0.0,0.0,0.0,148.0,0.0,0.0,15.0,0.0,0.0,0.0,0.0,27.0,15.0,144.0,132.0,4.0,0.0,39.0,197.0,0.0,0.0,0.0,38.0,0.0,1.0,Defender,26.1
3653.0,Núria Mendoza,Núria Mendoza,female,1995-12-15T00:00:00+00:00,60.0,169.0,Levante UD,LUD,https://assets.laliga.com/assets/2019/06/07/medium/levante-femenino.png,3.0,Defender,https://assets.laliga.com/squad/2021/t13319/p192089/512x556/p192089_t13319_2021_1_001_000.png,0.0,29.0,0.0,0.0,0.0,0.0,10.0,0.0,1.0,33.0,0.0,0.0,0.0,1.0,0.0,0.0,0.0,1.0,0.0,0.0,0.0,0.0,0.0,1.0,1.0,0.0,0.0,0.0,1.0,0.0,2.0,0.0,0.0,0.0,4.0,Midfielder,26.1
132.0,Sebastián Cristóforo,Cristóforo,male,1993-08-23T00:00:00+00:00,68.0,175.0,FC Cartagena,CAR,https://assets.laliga.com/assets/2022/02/11/medium/1628caa9b2002a11e564eb84b3677f78.png,25.0,Midfielder,https://assets.laliga.com/squad/2021/t3554/p151978/512x556/p151978_t3554_2021_1_001_000.png,3.0,14.0,0.0,0.0,3.0,0.0,0.0,42.0,0.0,5.0,9.0,3.0,0.0,242.0,0.0,0.0,0.0,0.0,0.0,0.0,1.0,10.0,76.0,130.0,196.0,5.0,15.0,60.0,248.0,21.0,1.0,4.0,9.0,33.0,2.0,Defender,25.950000000000003
14924.0,Pablo García Carrasco,P. Garcia,male,2000-06-05T00:00:00+00:00,68.0,178.0,Real Sporting,SPO,https://assets.laliga.com/assets/2019/06/07/medium/sporting.png,26.0,Defender,https://assets.laliga.com/squad/2021/t616/p514134/512x556/p514134_t616_2021_1_001_000.png,6.0,15.0,1.0,0.0,0.0,0.0,0.0,42.0,0.0,17.0,12.0,6.0,4.0,371.0,0.0,0.0,0.0,0.0,0.0,5.0,3.0,12.0,140.0,154.0,277.0,14.0,24.0,172.0,380.0,31.0,9.0,11.0,28.0,63.0,6.0,Forward,25.900000000000002
4084.0,Salvador Sánchez Ponce,Sánchez,male,1991-03-30T00:00:00+00:00,64.0,175.0,Cádiz CF,CAD,https://assets.laliga.com/assets/2019/06/07/medium/cadiz.png,7.0,Midfielder,https://assets.laliga.com/squad/2021/t1737/p94756/512x556/p94756_t1737_2021_1_001_000.png,15.0,23.0,1.0,0.0,2.0,0.0,2.0,60.0,2.0,20.0,6.0,7.0,1.0,277.0,0.0,1.0,0.0,8.0,0.0,10.0,9.0,8.0,127.0,73.0,181.0,10.0,9.0,194.0,279.0,20.0,30.0,7.0,26.0,64.0,1.0,Defender,25.750000000000007
1292.0,José Carlos Ramírez,Jose Carlos,male,1996-05-10T00:00:00+00:00,74.0,185.0,AD Alcorcón,ALC,https://assets.laliga.com/assets/2019/06/07/medium/alcorcon.png,3.0,Defender,https://assets.laliga.com/squad/2021/t5233/p181869/512x556/p181869_t5233_2021_1_001_000.png,10.0,10.0,0.0,0.0,4.0,0.0,1.0,24.0,0.0,7.0,12.0,1.0,1.0,252.0,0.0,0.0,0.0,0.0,0.0,0.0,4.0,33.0,64.0,132.0,163.0,32.0,3.0,95.0,271.0,4.0,0.0,1.0,46.0,29.0,2.0,Goalkeeper,25.550000000000004
22833.0,Martín Calderón,Martín,male,1999-03-01T00:00:00+00:00,78.0,183.0,CD Mirandés,MIR,https://assets.laliga.com/assets/2019/06/07/medium/mirandes.png,16.0,Midfielder,https://assets.laliga.com/squad/2021/t5741/p227170/512x556/p227170_t5741_2021_1_001_000.png,5.0,6.0,1.0,2.0,0.0,0.0,0.0,12.0,0.0,7.0,4.0,5.0,0.0,225.0,0.0,0.0,0.0,3.0,0.0,1.0,1.0,27.0,100.0,108.0,175.0,1.0,1.0,44.0,231.0,5.0,1.0,1.0,13.0,16.0,1.0,Defender,24.750000000000004
22833.0,Martín Calderón,Martín,male,1999-03-01T00:00:00+00:00,78.0,183.0,CD Mirandés,MIR,https://assets.laliga.com/assets/2019/06/07/medium/mirandes.png,16.0,Midfielder,https://assets.laliga.com/squad/2021/t5741/p227170/512x556/p227170_t5741_2021_1_001_000.png,5.0,6.0,1.0,2.0,0.0,0.0,0.0,12.0,0.0,7.0,4.0,5.0,0.0,225.0,0.0,0.0,0.0,3.0,0.0,1.0,1.0,27.0,100.0,108.0,175.0,1.0,1.0,44.0,231.0,5.0,1.0,1.0,13.0,16.0,1.0,Defender,24.750000000000004
1997.0,Sergio Guardiola Navarro,Sergi Guardiola,male,1991-05-29T00:00:00+00:00,78.0,184.0,Rayo Vallecano,RAY,https://assets.laliga.com/assets/2019/06/07/medium/rayo.png,16.0,Forward,https://assets.laliga.com/squad/2021/t184/p89850/512x556/p89850_t184_2021_1_001_000.png,24.0,32.0,1.0,0.0,2.0,0.0,0.0,75.0,8.0,25.0,4.0,13.0,14.0,365.0,0.0,0.0,0.0,18.0,0.0,3.0,13.0,11.0,186.0,82.0,254.0,17.0,29.0,232.0,384.0,10.0,88.0,7.0,4.0,115.0,3.0,Defender,24.55
6291.0,Alejandro Mula,Mula,male,1996-07-23T00:00:00+00:00,69.0,177.0,AD Alcorcón,ALC,https://assets.laliga.com/assets/2019/06/07/medium/alcorcon.png,7.0,Midfielder,,4.0,15.0,2.0,8.0,0.0,0.0,0.0,46.0,0.0,13.0,7.0,19.0,7.0,295.0,0.0,0.0,0.0,5.0,0.0,6.0,25.0,30.0,179.0,73.0,210.0,2.0,6.0,180.0,306.0,9.0,15.0,23.0,15.0,51.0,1.0,Defender,24.450000000000006
4431.0,Jon Bautista,Bautista,male,1995-07-03T00:00:00+00:00,72.0,180.0,CD Leganés,LEG,https://assets.laliga.com/assets/2019/06/07/medium/leganes.png,24.0,Forward,https://assets.laliga.com/squad/2021/t957/p201182/512x556/p201182_t957_2021_1_001_000.png,74.0,24.0,0.0,0.0,5.0,0.0,0.0,121.0,1.0,15.0,1.0,8.0,7.0,202.0,0.0,0.0,0.0,11.0,0.0,0.0,12.0,4.0,78.0,51.0,125.0,24.0,27.0,161.0,225.0,14.0,50.0,12.0,3.0,93.0,4.0,Defender,24.150000000000006
20043.0,Irene Paredes,Irene Paredes,female,1991-07-04T00:00:00+00:00,62.0,177.0,FC Barcelona,FCB,https://assets.laliga.com/assets/2019/06/07/medium/fc-barcelona-femenino.png,2.0,Defender,,0.0,24.0,0.0,0.0,0.0,0.0,9.0,0.0,4.0,6.0,0.0,0.0,0.0,1.0,0.0,0.0,0.0,4.0,0.0,0.0,0.0,0.0,1.0,0.0,1.0,0.0,0.0,0.0,1.0,0.0,5.0,0.0,0.0,0.0,3.0,Midfielder,24.150000000000002
1610.0,Cristo González,Cristo,male,1997-10-24T00:00:00+00:00,69.0,179.0,Real Valladolid CF,VLL,https://assets.laliga.com/assets/2019/06/07/medium/valladolid.png,23.0,Midfielder,https://assets.laliga.com/squad/2021/t192/p195504/512x556/p195504_t192_2021_1_001_000.png,6.0,29.0,1.0,1.0,0.0,0.0,1.0,39.0,2.0,14.0,1.0,15.0,8.0,254.0,0.0,0.0,0.0,17.0,0.0,0.0,13.0,8.0,140.0,52.0,184.0,3.0,10.0,131.0,264.0,11.0,58.0,9.0,6.0,66.0,1.0,Defender,23.950000000000003
2878.0,Kieran Trippier,Trippier,male,1990-09-19T00:00:00+00:00,71.0,178.0,Newcastle,NEW,https://assets.laliga.com/assets/2021/03/11/medium/b8127f91e409ae9ce07f12d48432b7c3.png,15.0,Defender,,10.0,6.0,0.0,2.0,3.0,0.0,1.0,31.0,2.0,5.0,10.0,7.0,0.0,191.0,0.0,0.0,0.0,2.0,0.0,0.0,1.0,17.0,82.0,62.0,115.0,10.0,3.0,99.0,203.0,17.0,0.0,2.0,25.0,46.0,0.0,Forward,23.9
3578.0,Claudia Zornoza,Claudia Zornoza,female,1990-10-20T00:00:00+00:00,57.0,164.0,Real Madrid Femenino,RMA,https://assets.laliga.com/assets/2019/06/07/medium/real-madrid.png,21.0,Midfielder,,0.0,28.0,5.0,0.0,0.0,0.0,11.0,0.0,2.0,25.0,0.0,0.0,0.0,10.0,0.0,1.0,0.0,2.0,0.0,0.0,0.0,0.0,5.0,1.0,8.0,0.0,0.0,2.0,10.0,0.0,9.0,0.0,0.0,2.0,8.0,Defender,23.849999999999994
3733.0,Luuk de Jong,De Jong,male,1990-08-27T00:00:00+00:00,86.0,188.0,FC Barcelona,BAR,https://assets.laliga.com/assets/2019/06/07/medium/barcelona.png,17.0,Forward,https://assets.laliga.com/squad/2021/t178/p53041/512x556/p53041_t178_2021_1_001_000.png,34.0,21.0,0.0,0.0,0.0,0.0,1.0,57.0,6.0,3.0,0.0,5.0,6.0,171.0,0.0,0.0,0.0,10.0,0.0,1.0,3.0,0.0,86.0,46.0,131.0,12.0,8.0,98.0,182.0,9.0,51.0,1.0,1.0,50.0,1.0,Defender,23.8
384.0,Sergio León,Sergio León,male,1989-01-06T00:00:00+00:00,73.0,178.0,Real Valladolid CF,VLL,https://assets.laliga.com/assets/2019/06/07/medium/valladolid.png,7.0,Forward,https://assets.laliga.com/squad/2021/t192/p82418/512x556/p82418_t192_2021_1_001_000.png,31.0,32.0,4.0,0.0,1.0,0.0,1.0,118.0,7.0,22.0,5.0,20.0,7.0,289.0,0.0,0.0,0.0,16.0,0.0,6.0,30.0,17.0,145.0,55.0,176.0,4.0,18.0,255.0,302.0,15.0,88.0,23.0,15.0,94.0,3.0,Defender,23.549999999999997
3605.0,Natalia Ramos,Natalia Ramos,female,1999-02-10T00:00:00+00:00,63.0,171.0,UD Granadilla Tenerife Egatesa,UDG,https://assets.laliga.com/assets/2019/06/07/medium/granadilla.png,14.0,Defender,https://assets.laliga.com/squad/2021/t13328/p434551/512x556/p434551_t13328_2021_1_001_000.png,0.0,30.0,0.0,0.0,0.0,0.0,9.0,0.0,2.0,44.0,0.0,0.0,0.0,3.0,0.0,0.0,0.0,2.0,0.0,0.0,0.0,0.0,1.0,0.0,3.0,0.0,0.0,0.0,3.0,0.0,5.0,0.0,0.0,0.0,4.0,Midfielder,23.25
2382.0,Esther González,Esther González,female,1992-12-08T00:00:00+00:00,55.0,163.0,Real Madrid Femenino,RMA,https://assets.laliga.com/assets/2019/06/07/medium/real-madrid.png,10.0,Forward,,0.0,27.0,0.0,0.0,0.0,0.0,8.0,0.0,14.0,23.0,0.0,0.0,0.0,1.0,0.0,0.0,0.0,14.0,0.0,0.0,0.0,0.0,1.0,0.0,1.0,0.0,0.0,0.0,1.0,0.0,14.0,0.0,0.0,0.0,1.0,Defender,23.150000000000002
5552.0,Luis Muñoz,Luis Muñoz,male,1997-02-23T00:00:00+00:00,76.0,182.0,Málaga CF,MGA,https://assets.laliga.com/assets/2019/06/07/medium/malaga.png,8.0,Defender,https://assets.laliga.com/squad/2021/t182/p242459/512x556/p242459_t182_2021_1_001_000.png,5.0,8.0,0.0,0.0,2.0,0.0,3.0,35.0,1.0,7.0,3.0,7.0,0.0,210.0,0.0,0.0,0.0,7.0,1.0,0.0,7.0,19.0,96.0,76.0,153.0,5.0,14.0,71.0,214.0,9.0,13.0,2.0,9.0,33.0,4.0,Forward,23.100000000000005
14506.0,Kristina Fisher,Kristina Fisher,female,1998-07-01T00:00:00+00:00,,,Sporting Huelva,SPH,https://assets.laliga.com/assets/2019/06/07/medium/sporting-club.png,10.0,Midfielder,https://assets.laliga.com/squad/2021/t13327/p448544/512x556/p448544_t13327_2021_1_001_000.png,0.0,29.0,0.0,0.0,0.0,0.0,8.0,0.0,2.0,44.0,0.0,0.0,0.0,0.0,0.0,0.0,0.0,2.0,0.0,0.0,0.0,0.0,0.0,0.0,0.0,0.0,0.0,0.0,0.0,0.0,2.0,0.0,0.0,0.0,1.0,Defender,23.0
16957.0,Carlos Domínguez,C. Dominguez,male,2001-02-11T00:00:00+00:00,,,RC Celta,CEL,https://assets.laliga.com/assets/2019/06/07/medium/celta.png,28.0,Defender,https://assets.laliga.com/squad/2021/t176/p523846/512x556/p523846_t176_2021_1_001_000.png,10.0,8.0,0.0,0.0,1.0,0.0,2.0,19.0,0.0,2.0,4.0,0.0,0.0,162.0,0.0,0.0,0.0,0.0,0.0,0.0,1.0,15.0,28.0,103.0,116.0,19.0,3.0,38.0,165.0,4.0,3.0,0.0,18.0,16.0,1.0,Defender,22.5
5705.0,Alberto Rodríguez,Tachi,male,1997-09-10T00:00:00+00:00,72.0,184.0,CF Fuenlabrada,FUE,https://assets.laliga.com/assets/2019/06/07/medium/fuenlabrada.png,12.0,Defender,,25.0,11.0,0.0,0.0,7.0,0.0,2.0,50.0,0.0,14.0,13.0,1.0,2.0,205.0,0.0,0.0,0.0,0.0,0.0,0.0,2.0,27.0,45.0,87.0,105.0,24.0,19.0,96.0,218.0,14.0,8.0,0.0,42.0,44.0,5.0,Forward,22.45
5705.0,Alberto Rodríguez,Tachi,male,1997-09-10T00:00:00+00:00,72.0,184.0,CF Fuenlabrada,FUE,https://assets.laliga.com/assets/2019/06/07/medium/fuenlabrada.png,12.0,Defender,,25.0,11.0,0.0,0.0,7.0,0.0,2.0,50.0,0.0,14.0,13.0,1.0,2.0,205.0,0.0,0.0,0.0,0.0,0.0,0.0,2.0,27.0,45.0,87.0,105.0,24.0,19.0,96.0,218.0,14.0,8.0,0.0,42.0,44.0,5.0,Midfielder,22.45
1730.0,Alexánder Alegría Moreno,Alegria,male,1992-10-14T00:00:00+00:00,82.0,190.0,Burgos CF,BUR,https://assets.laliga.com/assets/2021/06/24/medium/8de24d38ab1472bbae1620d36582d7bd.png,15.0,Forward,https://assets.laliga.com/squad/2021/t951/p91953/512x556/p91953_t951_2021_1_001_000.png,65.0,25.0,0.0,0.0,1.0,0.0,0.0,115.0,0.0,10.0,0.0,3.0,9.0,225.0,0.0,0.0,0.0,5.0,0.0,0.0,8.0,6.0,96.0,50.0,140.0,9.0,31.0,175.0,242.0,5.0,47.0,7.0,4.0,92.0,1.0,Defender,22.350000000000005
14522.0,Manuela Vanegas,Manuela Vanegas,female,2000-11-09T00:00:00+00:00,68.0,170.0,Real Sociedad,RSO,https://assets.laliga.com/assets/2019/06/07/medium/real-sociedad.png,22.0,Defender,,0.0,26.0,0.0,0.0,0.0,0.0,8.0,0.0,2.0,26.0,0.0,0.0,0.0,1.0,0.0,1.0,0.0,2.0,0.0,0.0,0.0,0.0,1.0,0.0,1.0,0.0,0.0,0.0,1.0,0.0,3.0,0.0,0.0,0.0,0.0,Defender,22.150000000000002
4654.0,Cinta Rodríguez,Cinta Rodríguez,female,1999-11-07T00:00:00+00:00,67.0,178.0,Sporting Huelva,SPH,https://assets.laliga.com/assets/2019/06/07/medium/sporting-club.png,5.0,Defender,https://assets.laliga.com/squad/2021/t13327/p434593/512x556/p434593_t13327_2021_1_001_000.png,0.0,28.0,0.0,0.0,0.0,0.0,9.0,0.0,0.0,38.0,0.0,0.0,0.0,1.0,0.0,1.0,0.0,0.0,0.0,0.0,0.0,0.0,1.0,0.0,1.0,0.0,0.0,0.0,1.0,0.0,1.0,0.0,0.0,0.0,3.0,Goalkeeper,22.150000000000002
11970.0,Simón Moreno,Simón,male,1997-07-02T00:00:00+00:00,,,CD Mirandés,MIR,https://assets.laliga.com/assets/2019/06/07/medium/mirandes.png,11.0,Forward,https://assets.laliga.com/squad/2021/t5741/p435046/512x556/p435046_t5741_2021_1_001_000.png,10.0,13.0,1.0,0.0,0.0,0.0,0.0,55.0,4.0,13.0,5.0,5.0,3.0,240.0,0.0,0.0,0.0,11.0,0.0,1.0,20.0,15.0,119.0,62.0,165.0,6.0,18.0,108.0,241.0,13.0,32.0,12.0,4.0,57.0,1.0,Defender,22.05
8502.0,Merel van Dongen,Merel van Dongen,female,1993-02-11T00:00:00+00:00,,170.0,At. Madrid Femenino,ATM,https://assets.laliga.com/assets/2019/06/07/medium/atletico-feminas.png,5.0,Defender,https://assets.laliga.com/squad/2021/t11212/p165609/512x556/p165609_t11212_2021_1_001_000.png,0.0,27.0,0.0,0.0,0.0,0.0,10.0,0.0,2.0,21.0,0.0,0.0,0.0,0.0,0.0,1.0,0.0,2.0,0.0,0.0,0.0,0.0,0.0,0.0,0.0,0.0,0.0,0.0,0.0,0.0,2.0,0.0,0.0,0.0,6.0,Forward,22.0
6319.0,Cristina Cubedo,Cristina Cubedo,female,1999-10-21T00:00:00+00:00,,,UD Granadilla Tenerife Egatesa,UDG,https://assets.laliga.com/assets/2019/06/07/medium/granadilla.png,3.0,Defender,https://assets.laliga.com/squad/2021/t13328/p434640/512x556/p434640_t13328_2021_1_001_000.png,0.0,24.0,0.0,0.0,0.0,0.0,9.0,0.0,0.0,26.0,0.0,0.0,0.0,0.0,0.0,0.0,0.0,0.0,1.0,0.0,0.0,0.0,0.0,0.0,0.0,0.0,0.0,0.0,0.0,0.0,0.0,0.0,0.0,0.0,2.0,Midfielder,22.0
1819.0,Borja Mayoral,B. Mayoral,male,1997-04-05T00:00:00+00:00,74.0,182.0,Getafe CF,GET,https://assets.laliga.com/assets/2019/06/07/medium/getafe.png,25.0,Forward,https://assets.laliga.com/squad/2021/t1450/p199248/512x556/p199248_t1450_2021_1_001_000.png,21.0,18.0,1.0,0.0,4.0,0.0,0.0,62.0,6.0,10.0,4.0,12.0,4.0,236.0,0.0,0.0,0.0,7.0,0.0,3.0,14.0,6.0,128.0,61.0,180.0,3.0,13.0,129.0,253.0,7.0,47.0,15.0,6.0,61.0,3.0,Defender,21.9
12034.0,Nuria Rábano,Nuria Rábano,female,1999-06-15T00:00:00+00:00,,165.0,Real Sociedad,RSO,https://assets.laliga.com/assets/2019/06/07/medium/real-sociedad.png,19.0,Defender,https://assets.laliga.com/squad/2021/t13324/p206239/512x556/p206239_t13324_2021_0_001_000.png,0.0,29.0,2.0,0.0,0.0,0.0,7.0,0.0,0.0,25.0,0.0,0.0,0.0,7.0,0.0,0.0,0.0,0.0,0.0,0.0,0.0,0.0,4.0,3.0,7.0,0.0,0.0,0.0,7.0,0.0,7.0,0.0,0.0,0.0,0.0,Defender,21.9
2302.0,Maria Pilar León,Mapi León,female,1995-06-13T00:00:00+00:00,61.0,169.0,FC Barcelona,FCB,https://assets.laliga.com/assets/2019/06/07/medium/fc-barcelona-femenino.png,4.0,Defender,https://assets.laliga.com/squad/2021/t9121/p246558/512x556/p246558_t9121_2021_0_001_000.png,0.0,22.0,2.0,0.0,0.0,0.0,8.0,0.0,2.0,8.0,0.0,0.0,0.0,5.0,0.0,0.0,0.0,2.0,0.0,0.0,0.0,0.0,5.0,0.0,5.0,0.0,0.0,0.0,5.0,0.0,7.0,0.0,0.0,0.0,3.0,Defender,21.75
849.0,Hugo Fraile,Hugo F.,male,1987-03-16T00:00:00+00:00,73.0,176.0,AD Alcorcón,ALC,https://assets.laliga.com/assets/2019/06/07/medium/alcorcon.png,10.0,Forward,https://assets.laliga.com/squad/2021/t5233/p55302/512x556/p55302_t5233_2021_1_001_000.png,13.0,34.0,4.0,3.0,0.0,0.0,0.0,51.0,1.0,26.0,7.0,19.0,3.0,361.0,0.0,0.0,0.0,2.0,1.0,10.0,16.0,16.0,203.0,106.0,261.0,3.0,17.0,246.0,392.0,13.0,8.0,13.0,24.0,91.0,3.0,Defender,21.700000000000003
17035.0,Augusto Solari,Solari,male,1992-01-03T00:00:00+00:00,80.0,180.0,RC Celta,CEL,https://assets.laliga.com/assets/2019/06/07/medium/celta.png,21.0,Midfielder,https://assets.laliga.com/squad/2021/t176/p143710/512x556/p143710_t176_2021_1_001_000.png,4.0,26.0,0.0,0.0,4.0,0.0,0.0,48.0,0.0,13.0,7.0,6.0,1.0,370.0,0.0,0.0,0.0,1.0,0.0,7.0,9.0,10.0,156.0,109.0,247.0,8.0,23.0,202.0,371.0,24.0,20.0,11.0,21.0,93.0,5.0,Defender,21.699999999999996
4232.0,Jonathan Montiel,Joni Montiel,male,1998-09-03T00:00:00+00:00,67.0,173.0,Real Oviedo,OVI,https://assets.laliga.com/assets/2019/06/07/medium/oviedo.png,17.0,Midfielder,https://assets.laliga.com/squad/2021/t187/p220549/512x556/p220549_t187_2021_1_001_000.png,4.0,28.0,3.0,2.0,0.0,0.0,0.0,52.0,3.0,7.0,4.0,16.0,0.0,277.0,0.0,0.0,0.0,8.0,0.0,5.0,22.0,20.0,178.0,66.0,207.0,2.0,13.0,157.0,298.0,13.0,23.0,12.0,20.0,51.0,5.0,Defender,21.599999999999994
3660.0,Leire Baños,Leire Baños,female,1996-11-29T00:00:00+00:00,62.0,166.0,Levante UD,LUD,https://assets.laliga.com/assets/2019/06/07/medium/levante-femenino.png,12.0,Midfielder,https://assets.laliga.com/squad/2021/t13319/p191673/512x556/p191673_t13319_2021_1_001_000.png,0.0,29.0,1.0,0.0,0.0,0.0,7.0,0.0,5.0,35.0,0.0,0.0,0.0,1.0,0.0,0.0,0.0,5.0,0.0,0.0,0.0,0.0,0.0,1.0,1.0,0.0,0.0,0.0,1.0,0.0,5.0,0.0,0.0,0.0,0.0,Defender,21.1
9229.0,Dorine Nina Chuigoue,Dorine Chuigoue,female,1988-11-28T00:00:00+00:00,,169.0,R. Betis Féminas,RBB,https://assets.laliga.com/assets/2019/06/07/medium/betis.png,19.0,Defender,https://assets.laliga.com/squad/2021/t13322/p97167/512x556/p97167_t13322_2021_1_001_000.png,0.0,27.0,0.0,0.0,0.0,0.0,9.0,0.0,0.0,43.0,0.0,0.0,0.0,0.0,0.0,0.0,0.0,0.0,0.0,0.0,0.0,0.0,0.0,0.0,0.0,0.0,0.0,0.0,0.0,0.0,0.0,0.0,0.0,0.0,6.0,Defender,21.0
2303.0,Beatriz Beltrán,Beatriz Beltrán,female,1997-12-10T00:00:00+00:00,52.0,160.0,VCF Femenino,VCF,https://assets.laliga.com/assets/2019/06/07/medium/valencia-femenino.png,3.0,Defender,https://assets.laliga.com/squad/2021/t13329/p176166/512x556/p176166_t13329_2021_1_001_000.png,0.0,25.0,0.0,0.0,0.0,0.0,8.0,0.0,1.0,32.0,0.0,0.0,0.0,0.0,0.0,0.0,0.0,1.0,0.0,0.0,0.0,0.0,0.0,0.0,0.0,0.0,0.0,0.0,0.0,0.0,2.0,0.0,0.0,0.0,3.0,Defender,21.0
1360.0,Javier Eraso,Eraso,male,1990-03-22T00:00:00+00:00,71.0,180.0,CD Leganés,LEG,https://assets.laliga.com/assets/2019/06/07/medium/leganes.png,17.0,Midfielder,https://assets.laliga.com/squad/2021/t957/p90483/512x556/p90483_t957_2021_1_001_000.png,6.0,12.0,0.0,0.0,0.0,0.0,0.0,27.0,0.0,8.0,2.0,5.0,2.0,176.0,0.0,0.0,0.0,1.0,0.0,2.0,1.0,7.0,114.0,42.0,147.0,6.0,10.0,54.0,181.0,7.0,9.0,5.0,3.0,24.0,0.0,Defender,20.65
1931.0,Gerard Valentín,Gerard V.,male,1993-07-28T00:00:00+00:00,75.0,177.0,SD Huesca,HUE,https://assets.laliga.com/assets/2019/06/07/medium/huesca.png,9.0,Defender,,8.0,13.0,2.0,0.0,0.0,0.0,3.0,60.0,2.0,7.0,2.0,7.0,2.0,186.0,0.0,0.0,0.0,2.0,0.0,5.0,20.0,12.0,65.0,70.0,118.0,10.0,5.0,170.0,188.0,16.0,18.0,26.0,10.0,48.0,1.0,Midfielder,20.5
8540.0,Anna Torrodà,Anna Torrodà,female,2000-01-21T00:00:00+00:00,,163.0,VCF Femenino,VCF,https://assets.laliga.com/assets/2019/06/07/medium/valencia-femenino.png,21.0,Midfielder,https://assets.laliga.com/squad/2021/t13329/p455812/512x556/p455812_t13329_2021_1_001_000.png,0.0,29.0,3.0,0.0,0.0,0.0,8.0,0.0,2.0,47.0,0.0,0.0,0.0,4.0,0.0,1.0,0.0,2.0,0.0,0.0,0.0,0.0,3.0,0.0,4.0,0.0,0.0,0.0,4.0,0.0,7.0,0.0,0.0,0.0,2.0,Defender,20.5
4715.0,Antonio Latorre,Lato,male,1997-11-21T00:00:00+00:00,64.0,171.0,Valencia CF,VAL,https://assets.laliga.com/assets/2019/06/07/medium/valencia.png,3.0,Defender,https://assets.laliga.com/squad/2021/t191/p221306/512x556/p221306_t191_2021_1_001_000.png,4.0,11.0,1.0,0.0,0.0,0.0,1.0,35.0,0.0,9.0,8.0,2.0,1.0,226.0,0.0,0.0,0.0,0.0,0.0,4.0,8.0,16.0,104.0,79.0,163.0,12.0,14.0,97.0,234.0,17.0,3.0,0.0,23.0,32.0,5.0,Midfielder,20.45
455.0,Roberto Torres,R. Torres,male,1989-03-07T00:00:00+00:00,72.0,178.0,CA Osasuna,OSA,https://assets.laliga.com/assets/2019/06/07/medium/osasuna.png,10.0,Midfielder,https://assets.laliga.com/squad/2021/t450/p90402/512x556/p90402_t450_2021_1_001_000.png,4.0,28.0,2.0,0.0,0.0,0.0,0.0,27.0,2.0,14.0,8.0,22.0,0.0,328.0,0.0,0.0,0.0,6.0,0.0,10.0,5.0,28.0,167.0,93.0,211.0,4.0,8.0,194.0,346.0,7.0,12.0,7.0,26.0,81.0,3.0,Defender,20.349999999999998
12078.0,Oscar Sielva,Sielva,male,1991-08-06T00:00:00+00:00,78.0,178.0,SD Eibar,EIB,https://assets.laliga.com/assets/2019/06/07/medium/eibar.png,8.0,Midfielder,https://assets.laliga.com/squad/2021/t953/p54431/512x556/p54431_t953_2021_1_001_000.png,7.0,18.0,0.0,1.0,1.0,0.0,0.0,21.0,0.0,5.0,2.0,7.0,0.0,200.0,0.0,0.0,0.0,1.0,0.0,0.0,3.0,9.0,98.0,71.0,154.0,13.0,4.0,62.0,204.0,3.0,6.0,1.0,9.0,32.0,1.0,Defender,20.300000000000004
231.0,Fernando Seoane,F. Seoane,male,1983-03-25T00:00:00+00:00,73.0,176.0,CD Lugo,LUG,https://assets.laliga.com/assets/2019/06/07/medium/lugo.png,8.0,Midfielder,https://assets.laliga.com/squad/2021/t5730/p87253/512x556/p87253_t5730_2021_1_001_000.png,15.0,22.0,1.0,0.0,4.0,0.0,0.0,50.0,0.0,13.0,10.0,4.0,1.0,228.0,0.0,0.0,0.0,0.0,0.0,3.0,1.0,10.0,80.0,89.0,156.0,9.0,25.0,94.0,238.0,25.0,6.0,3.0,11.0,61.0,4.0,Defender,20.25
1832.0,Rodrigo Tarín,Rodri Tarín,male,1996-07-05T00:00:00+00:00,76.0,184.0,Real Oviedo,OVI,https://assets.laliga.com/assets/2019/06/07/medium/oviedo.png,3.0,Defender,,10.0,4.0,0.0,0.0,1.0,0.0,2.0,18.0,0.0,2.0,1.0,2.0,0.0,134.0,0.0,0.0,0.0,1.0,0.0,0.0,1.0,10.0,33.0,78.0,101.0,24.0,6.0,33.0,138.0,4.0,4.0,0.0,14.0,13.0,1.0,Midfielder,20.15
3576.0,Natalia Gaitán,Natalia Gaitán,female,1991-04-03T00:00:00+00:00,63.0,164.0,Sevilla FC,SFC,https://assets.laliga.com/assets/2019/06/07/medium/sevilla.png,23.0,Midfielder,https://assets.laliga.com/squad/2021/t13326/p98864/512x556/p98864_t13326_2021_1_001_000.png,0.0,26.0,0.0,0.0,0.0,0.0,7.0,0.0,1.0,41.0,0.0,0.0,0.0,0.0,0.0,0.0,0.0,1.0,0.0,0.0,0.0,0.0,0.0,0.0,0.0,0.0,0.0,0.0,0.0,0.0,1.0,0.0,0.0,0.0,1.0,Defender,20.0
2279.0,María Dolores Gallardo,Lola Gallardo,female,1993-06-10T00:00:00+00:00,57.0,172.0,At. Madrid Femenino,ATM,https://assets.laliga.com/assets/2019/06/07/medium/atletico-feminas.png,13.0,Goalkeeper,https://assets.laliga.com/squad/2021/t11212/p165356/512x556/p165356_t11212_2021_0_001_000.png,0.0,22.0,0.0,0.0,0.0,0.0,7.0,0.0,0.0,23.0,0.0,0.0,0.0,0.0,0.0,0.0,0.0,0.0,0.0,0.0,0.0,0.0,0.0,0.0,0.0,0.0,0.0,0.0,0.0,0.0,0.0,0.0,0.0,0.0,1.0,Defender,20.0
6382.0,Uros Djurdjevic,Djuka,male,1994-03-02T00:00:00+00:00,78.0,181.0,Real Sporting,SPO,https://assets.laliga.com/assets/2019/06/07/medium/sporting.png,23.0,Forward,https://assets.laliga.com/squad/2021/t616/p104227/512x556/p104227_t616_2021_1_001_000.png,22.0,36.0,3.0,1.0,2.0,0.0,6.0,141.0,14.0,37.0,6.0,29.0,46.0,353.0,0.0,0.0,0.0,44.0,0.0,3.0,28.0,6.0,174.0,53.0,218.0,25.0,57.0,345.0,363.0,10.0,189.0,38.0,3.0,136.0,12.0,Defender,19.85
7570.0,Francisco Barbosa Vieites,F. Vieites,male,1999-05-07T00:00:00+00:00,88.0,196.0,CD Lugo,LUG,https://assets.laliga.com/assets/2019/06/07/medium/lugo.png,34.0,Goalkeeper,https://assets.laliga.com/squad/2021/t5730/p447091/512x556/p447091_t5730_2021_1_001_000.png,4.0,12.0,0.0,0.0,0.0,12.0,2.0,6.0,0.0,15.0,1.0,0.0,0.0,129.0,0.0,0.0,34.0,0.0,0.0,0.0,1.0,105.0,92.0,86.0,73.0,11.0,1.0,160.0,332.0,0.0,0.0,0.0,152.0,2.0,2.0,Defender,19.750000000000004
14098.0,Ricard Pujol,Pujol,male,1998-03-04T00:00:00+00:00,73.0,185.0,SD Ponferradina,PON,https://assets.laliga.com/assets/2021/06/24/medium/20f0382ea9163a771b3e01bbe7cf78b7.png,14.0,Defender,https://assets.laliga.com/squad/2021/t3090/p464493/512x556/p464493_t3090_2021_1_001_000.png,23.0,16.0,0.0,0.0,3.0,0.0,0.0,46.0,0.0,10.0,15.0,5.0,1.0,241.0,0.0,0.0,0.0,2.0,0.0,4.0,2.0,7.0,103.0,70.0,161.0,21.0,12.0,152.0,242.0,17.0,18.0,4.0,21.0,53.0,3.0,Defender,19.75
24043.0,Jokin Gabilondo,Gabilondo,male,1999-04-09T00:00:00+00:00,,,R. Sociedad B,RSOB,https://assets.laliga.com/assets/2019/06/07/medium/real-sociedad.png,39.0,Defender,,1.0,16.0,0.0,0.0,3.0,0.0,1.0,19.0,0.0,17.0,7.0,13.0,0.0,282.0,0.0,0.0,0.0,1.0,0.0,5.0,7.0,10.0,118.0,83.0,186.0,13.0,8.0,163.0,283.0,8.0,11.0,3.0,37.0,50.0,1.0,Goalkeeper,19.649999999999995
2525.0,Gemma Gili,Gemma Gili,female,1994-05-21T00:00:00+00:00,58.0,166.0,Real Sociedad,RSO,https://assets.laliga.com/assets/2019/06/07/medium/real-sociedad.png,21.0,Midfielder,https://assets.laliga.com/squad/2021/t13324/p225121/512x556/p225121_t13324_2021_0_001_000.png,0.0,30.0,0.0,0.0,0.0,0.0,7.0,0.0,3.0,35.0,0.0,0.0,0.0,3.0,0.0,0.0,0.0,3.0,0.0,0.0,0.0,0.0,2.0,0.0,3.0,0.0,0.0,0.0,3.0,0.0,6.0,0.0,0.0,0.0,2.0,Defender,19.349999999999998
3569.0,Ivana Andrés,Ivana Andrés,female,1994-07-13T00:00:00+00:00,60.0,163.0,Real Madrid Femenino,RMA,https://assets.laliga.com/assets/2019/06/07/medium/real-madrid.png,5.0,Defender,,0.0,27.0,1.0,0.0,0.0,0.0,8.0,0.0,0.0,25.0,0.0,0.0,0.0,2.0,0.0,0.0,0.0,0.0,0.0,0.0,0.0,0.0,2.0,0.0,2.0,0.0,0.0,0.0,2.0,0.0,1.0,0.0,0.0,0.0,5.0,Midfielder,19.3
4505.0,David González Plata,Nono,male,1991-05-28T00:00:00+00:00,63.0,170.0,UD Ibiza,IBI,https://assets.laliga.com/assets/2021/06/24/medium/d7bc0d2c9bf06afd6b5ace9d62771713.png,9.0,Forward,https://assets.laliga.com/squad/2021/t16203/p84076/512x556/p84076_t16203_2021_1_001_000.png,7.0,23.0,1.0,0.0,2.0,0.0,0.0,59.0,2.0,13.0,4.0,13.0,1.0,316.0,0.0,0.0,0.0,6.0,0.0,11.0,15.0,8.0,159.0,93.0,231.0,2.0,19.0,232.0,324.0,18.0,18.0,21.0,15.0,70.0,2.0,Defender,19.09999999999999
12677.0,José Fontán,Fontan,male,2000-02-11T00:00:00+00:00,,,RC Celta,CEL,https://assets.laliga.com/assets/2019/06/07/medium/celta.png,19.0,Defender,https://assets.laliga.com/squad/2021/t176/p490862/512x556/p490862_t176_2021_1_001_000.png,4.0,9.0,0.0,0.0,1.0,0.0,1.0,10.0,0.0,4.0,10.0,2.0,0.0,190.0,0.0,0.0,0.0,0.0,0.0,2.0,1.0,8.0,47.0,120.0,157.0,10.0,10.0,36.0,193.0,5.0,1.0,0.0,13.0,15.0,3.0,Forward,19.0
19347.0,Jimmy Giraudon,Jimmy Giraudon,male,1992-01-16T00:00:00+00:00,66.0,184.0,CD Leganés,LEG,https://assets.laliga.com/assets/2019/06/07/medium/leganes.png,15.0,Defender,https://assets.laliga.com/squad/2021/t957/p110350/512x556/p110350_t957_2021_1_001_000.png,8.0,5.0,0.0,0.0,1.0,0.0,1.0,14.0,0.0,6.0,5.0,1.0,0.0,179.0,0.0,0.0,0.0,0.0,0.0,0.0,1.0,8.0,42.0,107.0,141.0,10.0,4.0,47.0,191.0,3.0,0.0,1.0,27.0,15.0,2.0,Forward,18.950000000000003
4488.0,Andoni López,Andoni López,male,1996-04-05T00:00:00+00:00,76.0,187.0,SD Amorebieta,AMO,https://assets.laliga.com/assets/2021/06/24/medium/7dcec1604142a8f60f876e4c7e839da7.png,14.0,Defender,https://assets.laliga.com/squad/2021/t6498/p201600/512x556/p201600_t6498_2021_1_001_000.png,15.0,13.0,2.0,2.0,2.0,0.0,0.0,50.0,0.0,17.0,7.0,13.0,1.0,267.0,0.0,0.0,0.0,1.0,0.0,18.0,6.0,26.0,129.0,64.0,147.0,13.0,8.0,208.0,271.0,18.0,6.0,7.0,33.0,65.0,1.0,Defender,18.750000000000004
12407.0,Enric Franquesa,Franquesa,male,1997-02-26T00:00:00+00:00,70.0,174.0,Levante UD,LEV,https://assets.laliga.com/assets/2019/06/07/medium/levante.png,3.0,Midfielder,https://assets.laliga.com/squad/2021/t855/p435031/512x556/p435031_t855_2021_1_001_000.png,8.0,16.0,0.0,0.0,0.0,0.0,1.0,30.0,0.0,12.0,7.0,3.0,1.0,199.0,0.0,0.0,0.0,0.0,0.0,1.0,10.0,6.0,75.0,73.0,141.0,8.0,7.0,95.0,199.0,5.0,4.0,9.0,9.0,43.0,1.0,Defender,18.500000000000007
16580.0,Miguel Villar Alonso,Miki Villar,male,1996-09-19T00:00:00+00:00,,,UD Ibiza,IBI,https://assets.laliga.com/assets/2021/06/24/medium/d7bc0d2c9bf06afd6b5ace9d62771713.png,22.0,Forward,https://assets.laliga.com/squad/2021/t16203/p464585/512x556/p464585_t16203_2021_1_001_000.png,10.0,32.0,0.0,0.0,2.0,0.0,0.0,47.0,1.0,16.0,8.0,16.0,1.0,305.0,0.0,0.0,0.0,2.0,0.0,7.0,15.0,7.0,130.0,86.0,202.0,14.0,8.0,209.0,306.0,12.0,42.0,14.0,16.0,81.0,2.0,Defender,18.499999999999996
12137.0,Marcos André de Sousa Mendonça,Marcos Andre,male,1996-10-20T00:00:00+00:00,78.0,184.0,Valencia CF,VAL,https://assets.laliga.com/assets/2019/06/07/medium/valencia.png,22.0,Forward,https://assets.laliga.com/squad/2021/t191/p421294/512x556/p421294_t191_2021_1_001_000.png,42.0,29.0,2.0,0.0,0.0,0.0,0.0,92.0,1.0,16.0,7.0,10.0,4.0,170.0,0.0,0.0,0.0,9.0,0.0,0.0,14.0,7.0,87.0,33.0,113.0,12.0,23.0,129.0,176.0,15.0,47.0,19.0,6.0,50.0,3.0,Defender,18.450000000000003
12474.0,Miguel Gutiérrez,Gutierrez,male,2001-07-27T00:00:00+00:00,68.0,180.0,Real Madrid,RMA,https://assets.laliga.com/assets/2019/06/07/medium/real-madrid.png,35.0,Defender,https://assets.laliga.com/squad/2021/t186/p248498/512x556/p248498_t186_2021_1_001_000.png,2.0,3.0,1.0,0.0,0.0,0.0,0.0,23.0,0.0,3.0,2.0,2.0,0.0,147.0,0.0,0.0,0.0,0.0,0.0,2.0,6.0,13.0,63.0,81.0,129.0,2.0,3.0,23.0,151.0,7.0,3.0,3.0,3.0,6.0,1.0,Midfielder,18.3
797.0,Edgar Méndez,Edgar,male,1990-01-02T00:00:00+00:00,80.0,187.0,Deportivo Alavés,ALA,https://assets.laliga.com/assets/2020/09/01/medium/27002754a98bf535807fe49a24cc63ea.png,17.0,Forward,https://assets.laliga.com/squad/2021/t173/p89215/512x556/p89215_t173_2021_1_001_000.png,35.0,32.0,1.0,0.0,0.0,0.0,0.0,104.0,1.0,35.0,4.0,17.0,15.0,362.0,0.0,0.0,0.0,8.0,0.0,14.0,14.0,19.0,164.0,83.0,214.0,16.0,50.0,269.0,373.0,25.0,40.0,12.0,24.0,116.0,6.0,Defender,18.150000000000006
532.0,Sandro Ramírez,Sandro,male,1995-07-09T00:00:00+00:00,71.0,175.0,Getafe CF,GET,https://assets.laliga.com/assets/2019/06/07/medium/getafe.png,12.0,Forward,https://assets.laliga.com/squad/2021/t1450/p108438/512x556/p108438_t1450_2021_1_001_000.png,14.0,29.0,0.0,7.0,3.0,0.0,0.0,79.0,3.0,15.0,2.0,13.0,11.0,325.0,0.0,0.0,0.0,13.0,0.0,1.0,13.0,11.0,193.0,81.0,260.0,3.0,31.0,213.0,342.0,7.0,63.0,31.0,4.0,67.0,7.0,Defender,18.15
12023.0,María Méndez,María Méndez,female,2001-04-10T00:00:00+00:00,,170.0,Levante UD,LUD,https://assets.laliga.com/assets/2019/06/07/medium/levante-femenino.png,4.0,Defender,https://assets.laliga.com/squad/2021/t13319/p248512/512x556/p248512_t13319_2021_1_001_000.png,0.0,9.0,0.0,0.0,0.0,0.0,6.0,0.0,0.0,5.0,0.0,0.0,0.0,1.0,0.0,0.0,0.0,0.0,0.0,0.0,0.0,0.0,0.0,0.0,1.0,0.0,0.0,0.0,1.0,0.0,1.0,0.0,0.0,0.0,0.0,Defender,18.05
9224.0,Näis Djouahra,Djouahra,male,1999-11-23T00:00:00+00:00,67.0,171.0,R. Sociedad B,RSOB,https://assets.laliga.com/assets/2019/06/07/medium/real-sociedad.png,21.0,Midfielder,https://assets.laliga.com/squad/2021/t3567/p466464/512x556/p466464_t3567_2021_1_001_000.png,2.0,19.0,0.0,1.0,3.0,0.0,0.0,54.0,0.0,15.0,7.0,21.0,1.0,234.0,0.0,0.0,0.0,3.0,0.0,9.0,30.0,4.0,151.0,47.0,176.0,6.0,8.0,204.0,249.0,14.0,14.0,35.0,12.0,57.0,0.0,Defender,17.849999999999998
25275.0,Marc Pubill,Marc Pubill,male,2003-06-20T00:00:00+00:00,,,Levante UD,LEV,https://assets.laliga.com/assets/2019/06/07/medium/levante.png,42.0,Defender,https://assets.laliga.com/squad/2021/t855/p562720/512x556/p562720_t855_2021_1_001_000.png,5.0,11.0,0.0,0.0,2.0,0.0,0.0,29.0,0.0,17.0,4.0,5.0,0.0,197.0,0.0,0.0,0.0,1.0,0.0,2.0,4.0,3.0,86.0,76.0,157.0,7.0,11.0,87.0,202.0,12.0,13.0,6.0,9.0,33.0,1.0,Midfielder,17.7
12675.0,Jon Pacheco,Pacheco,male,2001-01-08T00:00:00+00:00,77.0,184.0,R. Sociedad B,RSOB,https://assets.laliga.com/assets/2019/06/07/medium/real-sociedad.png,12.0,Defender,,0.0,2.0,0.0,0.0,4.0,0.0,1.0,8.0,0.0,2.0,2.0,0.0,0.0,129.0,0.0,0.0,0.0,0.0,0.0,0.0,0.0,3.0,27.0,96.0,120.0,5.0,2.0,16.0,137.0,6.0,0.0,0.0,6.0,8.0,1.0,Defender,17.400000000000002
12675.0,Jon Pacheco,Pacheco,male,2001-01-08T00:00:00+00:00,77.0,184.0,R. Sociedad B,RSOB,https://assets.laliga.com/assets/2019/06/07/medium/real-sociedad.png,12.0,Defender,,0.0,2.0,0.0,0.0,4.0,0.0,1.0,8.0,0.0,2.0,2.0,0.0,0.0,129.0,0.0,0.0,0.0,0.0,0.0,0.0,0.0,3.0,27.0,96.0,120.0,5.0,2.0,16.0,137.0,6.0,0.0,0.0,6.0,8.0,1.0,Goalkeeper,17.400000000000002
4177.0,Eray Cömert,Cömert,male,1998-02-04T00:00:00+00:00,80.0,183.0,Valencia CF,VAL,https://assets.laliga.com/assets/2019/06/07/medium/valencia.png,24.0,Defender,https://assets.laliga.com/squad/2021/t191/p220327/512x556/p220327_t191_2021_1_001_000.png,2.0,8.0,0.0,0.0,2.0,0.0,0.0,7.0,0.0,6.0,2.0,1.0,0.0,193.0,0.0,0.0,0.0,1.0,0.0,0.0,0.0,17.0,44.0,125.0,152.0,6.0,3.0,35.0,200.0,5.0,4.0,0.0,19.0,12.0,2.0,Forward,17.35
2301.0,Marta Carro,Marta Carro,female,1991-01-06T00:00:00+00:00,68.0,177.0,VCF Femenino,VCF,https://assets.laliga.com/assets/2019/06/07/medium/valencia-femenino.png,5.0,Defender,https://assets.laliga.com/squad/2021/t13329/p434300/512x556/p434300_t13329_2021_1_001_000.png,0.0,30.0,2.0,0.0,0.0,0.0,7.0,0.0,5.0,54.0,0.0,0.0,0.0,2.0,0.0,0.0,0.0,5.0,0.0,0.0,0.0,0.0,1.0,1.0,2.0,0.0,0.0,0.0,2.0,0.0,7.0,0.0,0.0,0.0,4.0,Defender,17.250000000000004
17033.0,Andrés Caro,Andrés,male,2004-02-01T00:00:00+00:00,70.0,184.0,Málaga CF,MGA,https://assets.laliga.com/assets/2019/06/07/medium/malaga.png,31.0,Forward,https://assets.laliga.com/squad/2021/t182/p530063/512x556/p530063_t182_2021_1_001_000.png,4.0,7.0,0.0,0.0,2.0,0.0,0.0,23.0,0.0,4.0,3.0,1.0,0.0,211.0,0.0,0.0,0.0,0.0,0.0,0.0,1.0,22.0,56.0,112.0,146.0,7.0,9.0,58.0,219.0,9.0,0.0,1.0,24.0,27.0,3.0,Defender,17.200000000000003
5462.0,Kévin Manuel Rodrigues,Rodrigues,male,1994-03-05T00:00:00+00:00,70.0,170.0,Rayo Vallecano,RAY,https://assets.laliga.com/assets/2019/06/07/medium/rayo.png,19.0,Defender,https://assets.laliga.com/squad/2021/t184/p116626/512x556/p116626_t184_2021_1_001_000.png,10.0,13.0,0.0,0.0,1.0,0.0,0.0,34.0,0.0,13.0,7.0,3.0,0.0,165.0,0.0,0.0,0.0,0.0,0.0,1.0,2.0,6.0,63.0,59.0,115.0,4.0,5.0,85.0,170.0,15.0,2.0,2.0,12.0,37.0,0.0,Defender,17.200000000000003
1859.0,Antonio Luna,A. Luna,male,1991-03-17T00:00:00+00:00,68.0,178.0,FC Cartagena,CAR,https://assets.laliga.com/assets/2022/02/11/medium/1628caa9b2002a11e564eb84b3677f78.png,19.0,Defender,https://assets.laliga.com/squad/2021/t3554/p83564/512x556/p83564_t3554_2021_1_001_000.png,6.0,12.0,0.0,0.0,1.0,0.0,0.0,19.0,1.0,9.0,7.0,7.0,3.0,202.0,0.0,0.0,0.0,1.0,0.0,7.0,5.0,3.0,90.0,71.0,151.0,8.0,4.0,92.0,208.0,5.0,8.0,2.0,13.0,41.0,1.0,Goalkeeper,16.999999999999996
124.0,Daniel Filipe Martins Carriço,Carriço,male,1988-08-04T00:00:00+00:00,79.0,180.0,UD Almería,ALM,https://assets.laliga.com/assets/2019/06/07/medium/almeria.png,23.0,Defender,https://assets.laliga.com/squad/2021/t1564/p46479/512x556/p46479_t1564_2021_1_001_000.png,8.0,6.0,0.0,0.0,1.0,0.0,0.0,13.0,0.0,2.0,3.0,1.0,0.0,146.0,0.0,0.0,0.0,0.0,0.0,0.0,0.0,14.0,27.0,100.0,113.0,13.0,3.0,27.0,152.0,5.0,1.0,0.0,6.0,19.0,0.0,Midfielder,16.6
21673.0,Alejandro Balde Martínez,Balde,male,2003-10-18T00:00:00+00:00,69.0,175.0,FC Barcelona,BAR,https://assets.laliga.com/assets/2019/06/07/medium/barcelona.png,31.0,Defender,https://assets.laliga.com/squad/2021/t178/p493019/512x556/p493019_t178_2021_1_001_000.png,0.0,5.0,0.0,0.0,2.0,0.0,0.0,7.0,0.0,4.0,1.0,1.0,0.0,137.0,0.0,0.0,0.0,0.0,0.0,2.0,1.0,0.0,82.0,53.0,133.0,0.0,4.0,24.0,139.0,2.0,7.0,4.0,3.0,3.0,0.0,Goalkeeper,16.099999999999998
7359.0,María Jiménez,María Jiménez,female,2000-09-17T00:00:00+00:00,,,VCF Femenino,VCF,https://assets.laliga.com/assets/2019/06/07/medium/valencia-femenino.png,4.0,Defender,https://assets.laliga.com/squad/2021/t13329/p441599/512x556/p441599_t13329_2021_1_001_000.png,0.0,26.0,0.0,0.0,0.0,0.0,8.0,0.0,1.0,44.0,0.0,0.0,0.0,0.0,0.0,0.0,0.0,1.0,0.0,0.0,0.0,0.0,0.0,0.0,0.0,0.0,0.0,0.0,0.0,0.0,1.0,0.0,0.0,0.0,8.0,Midfielder,16.0
23341.0,Jon Magunacelaya,Magunazelaia,male,2001-07-13T00:00:00+00:00,,,R. Sociedad B,RSOB,https://assets.laliga.com/assets/2019/06/07/medium/real-sociedad.png,31.0,Midfielder,https://assets.laliga.com/squad/2021/t3567/p546813/512x556/p546813_t3567_2021_1_001_000.png,12.0,26.0,0.0,0.0,0.0,0.0,0.0,51.0,3.0,22.0,3.0,13.0,6.0,241.0,0.0,0.0,0.0,7.0,0.0,0.0,9.0,3.0,113.0,54.0,164.0,8.0,20.0,157.0,249.0,13.0,36.0,14.0,5.0,77.0,1.0,Defender,15.949999999999996
3648.0,Cristina Martín-Prieto,Cristina Martín-Prieto,female,1993-03-14T00:00:00+00:00,74.0,173.0,UD Granadilla Tenerife Egatesa,UDG,https://assets.laliga.com/assets/2019/06/07/medium/granadilla.png,9.0,Forward,https://assets.laliga.com/squad/2021/t13328/p434331/512x556/p434331_t13328_2021_1_001_000.png,0.0,30.0,2.0,0.0,0.0,0.0,6.0,0.0,13.0,42.0,0.0,0.0,0.0,4.0,0.0,0.0,0.0,13.0,0.0,0.0,0.0,0.0,2.0,1.0,4.0,0.0,0.0,0.0,4.0,0.0,17.0,0.0,0.0,0.0,3.0,Defender,15.45
7056.0,Emma Ramírez,Emma Ramírez,female,2002-05-10T00:00:00+00:00,63.0,167.0,Real Sociedad,RSO,https://assets.laliga.com/assets/2019/06/07/medium/real-sociedad.png,18.0,Defender,,0.0,26.0,0.0,0.0,0.0,0.0,6.0,0.0,4.0,29.0,0.0,0.0,0.0,3.0,0.0,0.0,0.0,4.0,0.0,0.0,0.0,0.0,2.0,1.0,3.0,0.0,0.0,0.0,3.0,0.0,7.0,0.0,0.0,0.0,3.0,Midfielder,15.399999999999999
14849.0,Miguel Baeza,M. Baeza,male,2000-03-27T00:00:00+00:00,67.0,177.0,SD Ponferradina,PON,https://assets.laliga.com/assets/2021/06/24/medium/20f0382ea9163a771b3e01bbe7cf78b7.png,16.0,Midfielder,https://assets.laliga.com/squad/2021/t3090/p437803/512x556/p437803_t3090_2021_1_001_000.png,5.0,13.0,0.0,0.0,0.0,0.0,0.0,16.0,0.0,8.0,4.0,7.0,1.0,156.0,0.0,0.0,0.0,3.0,0.0,1.0,2.0,8.0,77.0,50.0,117.0,4.0,3.0,61.0,162.0,4.0,10.0,4.0,4.0,33.0,0.0,Defender,15.349999999999996
618.0,Víctor Sánchez,Victor S.,male,1987-09-08T00:00:00+00:00,72.0,174.0,Girona FC,GIR,https://assets.laliga.com/assets/2019/06/07/medium/girona.png,4.0,Midfielder,,5.0,6.0,0.0,0.0,1.0,0.0,1.0,26.0,0.0,2.0,3.0,1.0,1.0,104.0,0.0,0.0,0.0,0.0,0.0,0.0,1.0,6.0,41.0,50.0,85.0,5.0,9.0,28.0,106.0,14.0,2.0,1.0,6.0,9.0,2.0,Defender,15.150000000000002
2710.0,Santiago Arias,Arias,male,1992-01-13T00:00:00+00:00,72.0,178.0,Granada CF,GRA,https://assets.laliga.com/assets/2019/06/07/medium/granada.png,2.0,Defender,https://assets.laliga.com/squad/2021/t5683/p102383/512x556/p102383_t5683_2021_1_001_000.png,9.0,12.0,0.0,0.0,4.0,0.0,0.0,29.0,1.0,9.0,5.0,5.0,2.0,151.0,0.0,0.0,0.0,1.0,0.0,3.0,3.0,8.0,69.0,53.0,111.0,9.0,6.0,80.0,152.0,12.0,6.0,4.0,8.0,25.0,1.0,Goalkeeper,15.150000000000002
25561.0,Giovanni González,G. Gonzalez,male,1994-09-20T00:00:00+00:00,73.0,173.0,RCD Mallorca,MLL,https://assets.laliga.com/assets/2019/06/07/medium/mallorca.png,2.0,Defender,https://assets.laliga.com/squad/2021/t181/p195923/512x556/p195923_t181_2021_1_001_000.png,6.0,9.0,0.0,0.0,2.0,0.0,0.0,21.0,1.0,9.0,4.0,6.0,0.0,149.0,0.0,0.0,0.0,1.0,0.0,1.0,3.0,5.0,64.0,53.0,111.0,13.0,3.0,61.0,153.0,9.0,9.0,1.0,10.0,27.0,1.0,Defender,15.149999999999999
25844.0,Víctor Olmo,Víctor Olmo,male,2001-06-17T00:00:00+00:00,,170.0,Málaga CF,MGA,https://assets.laliga.com/assets/2019/06/07/medium/malaga.png,43.0,Defender,,5.0,3.0,0.0,0.0,0.0,0.0,1.0,16.0,0.0,1.0,7.0,0.0,0.0,122.0,0.0,0.0,0.0,0.0,0.0,1.0,1.0,3.0,50.0,48.0,94.0,3.0,2.0,42.0,122.0,5.0,1.0,2.0,6.0,19.0,1.0,Goalkeeper,15.100000000000005
3612.0,Elena de Toro,Elena de Toro,female,1997-01-31T00:00:00+00:00,71.0,169.0,Villarreal CF,VIL,https://assets.laliga.com/assets/2021/06/28/medium/9fbd53c24db4a5ff2257fa8ba57b59d4.png,1.0,Goalkeeper,https://assets.laliga.com/squad/2021/t18273/p434501/512x556/p434501_t18273_2021_0_001_000.png,0.0,25.0,0.0,0.0,0.0,0.0,5.0,0.0,0.0,53.0,0.0,0.0,0.0,0.0,0.0,0.0,0.0,0.0,0.0,0.0,0.0,0.0,0.0,0.0,0.0,0.0,0.0,0.0,0.0,0.0,0.0,0.0,0.0,0.0,0.0,Defender,15.0
4545.0,Ana González,Ana González,female,1995-03-26T00:00:00+00:00,60.0,161.0,R. Betis Féminas,RBB,https://assets.laliga.com/assets/2019/06/07/medium/betis.png,4.0,Defender,https://assets.laliga.com/squad/2021/t13322/p434438/512x556/p434438_t13322_2021_1_001_000.png,0.0,28.0,0.0,0.0,0.0,0.0,8.0,0.0,0.0,42.0,0.0,0.0,0.0,0.0,0.0,0.0,0.0,0.0,0.0,0.0,0.0,0.0,0.0,0.0,0.0,0.0,0.0,0.0,0.0,0.0,0.0,0.0,0.0,0.0,9.0,Forward,15.0
3567.0,Esther Sullastres,Esther Sullastres,female,1993-03-20T00:00:00+00:00,58.0,173.0,Sevilla FC,SFC,https://assets.laliga.com/assets/2019/06/07/medium/sevilla.png,24.0,Goalkeeper,https://assets.laliga.com/squad/2021/t13326/p249047/512x556/p249047_t13326_2021_1_001_000.png,0.0,24.0,0.0,0.0,0.0,0.0,5.0,0.0,0.0,46.0,0.0,0.0,0.0,0.0,0.0,0.0,0.0,0.0,0.0,0.0,0.0,0.0,0.0,0.0,0.0,0.0,0.0,0.0,0.0,0.0,0.0,0.0,0.0,0.0,0.0,Defender,15.0
9582.0,Ander Barrenetxea,Barrenetxea,male,2001-12-27T00:00:00+00:00,75.0,178.0,Real Sociedad,RSO,https://assets.laliga.com/assets/2019/06/07/medium/real-sociedad.png,22.0,Forward,https://assets.laliga.com/squad/2021/t188/p471138/512x556/p471138_t188_2021_1_001_000.png,4.0,11.0,1.0,0.0,0.0,0.0,0.0,50.0,1.0,8.0,2.0,5.0,1.0,176.0,0.0,0.0,0.0,3.0,0.0,0.0,15.0,5.0,91.0,38.0,124.0,2.0,10.0,117.0,176.0,15.0,28.0,22.0,3.0,44.0,0.0,Defender,15.0
19216.0,Alex Petxarroman,Petxarroman,male,1997-02-06T00:00:00+00:00,,,Athletic Club,ATH,https://assets.laliga.com/assets/2019/06/07/medium/athletic.png,2.0,Defender,https://assets.laliga.com/squad/2021/t174/p233996/512x556/p233996_t174_2021_1_001_000.png,6.0,17.0,0.0,0.0,2.0,0.0,0.0,33.0,0.0,8.0,4.0,1.0,0.0,204.0,0.0,0.0,0.0,1.0,0.0,0.0,3.0,13.0,85.0,73.0,145.0,6.0,11.0,93.0,210.0,12.0,4.0,6.0,17.0,35.0,4.0,Midfielder,14.75
23125.0,Julio Buffarini,Buffarini,male,1988-08-18T00:00:00+00:00,72.0,172.0,FC Cartagena,CAR,https://assets.laliga.com/assets/2022/02/11/medium/1628caa9b2002a11e564eb84b3677f78.png,4.0,Defender,https://assets.laliga.com/squad/2021/t3554/p113808/512x556/p113808_t3554_2021_1_001_000.png,4.0,7.0,0.0,0.0,0.0,0.0,0.0,25.0,1.0,8.0,8.0,4.0,1.0,170.0,0.0,0.0,0.0,1.0,0.0,5.0,3.0,6.0,61.0,75.0,125.0,7.0,9.0,74.0,173.0,10.0,6.0,3.0,18.0,24.0,1.0,Midfielder,14.55
544.0,Jonás Ramalho,Ramalho,male,1993-06-10T00:00:00+00:00,68.0,181.0,CA Osasuna,OSA,https://assets.laliga.com/assets/2019/06/07/medium/osasuna.png,15.0,Defender,https://assets.laliga.com/squad/2021/t450/p80077/512x556/p80077_t450_2021_1_001_000.png,7.0,3.0,0.0,0.0,1.0,0.0,1.0,11.0,0.0,2.0,3.0,0.0,0.0,108.0,0.0,0.0,0.0,0.0,0.0,0.0,0.0,4.0,50.0,36.0,82.0,9.0,1.0,43.0,108.0,4.0,1.0,2.0,9.0,13.0,0.0,Defender,14.55
11821.0,Josu Ozkoidi,Ozkoidi,male,1990-04-23T00:00:00+00:00,62.0,170.0,SD Amorebieta,AMO,https://assets.laliga.com/assets/2021/06/24/medium/7dcec1604142a8f60f876e4c7e839da7.png,3.0,Defender,https://assets.laliga.com/squad/2021/t6498/p90332/512x556/p90332_t6498_2021_1_001_000.png,8.0,16.0,0.0,0.0,0.0,0.0,1.0,38.0,0.0,15.0,10.0,5.0,0.0,255.0,0.0,0.0,0.0,0.0,0.0,11.0,4.0,12.0,105.0,49.0,130.0,16.0,10.0,216.0,265.0,15.0,4.0,5.0,56.0,67.0,1.0,Defender,14.399999999999999
3571.0,Leila Ouahabi,Leila Ouahabi,female,1993-03-22T00:00:00+00:00,58.0,171.0,FC Barcelona,FCB,https://assets.laliga.com/assets/2019/06/07/medium/fc-barcelona-femenino.png,15.0,Defender,https://assets.laliga.com/squad/2021/t9121/p242633/512x556/p242633_t9121_2021_0_001_000.png,0.0,25.0,1.0,0.0,0.0,0.0,5.0,0.0,2.0,6.0,0.0,0.0,0.0,2.0,0.0,0.0,0.0,2.0,0.0,0.0,0.0,0.0,2.0,0.0,2.0,0.0,0.0,0.0,2.0,0.0,4.0,0.0,0.0,0.0,1.0,Midfielder,14.299999999999999
7455.0,Andrés Martín,Andrés,male,1999-07-11T00:00:00+00:00,64.0,177.0,CD Tenerife,TEN,https://assets.laliga.com/assets/2019/06/07/medium/tenerife.png,20.0,Forward,https://assets.laliga.com/squad/2021/t612/p444284/512x556/p444284_t612_2021_1_001_000.png,6.0,18.0,0.0,0.0,1.0,0.0,0.0,48.0,2.0,9.0,9.0,13.0,2.0,179.0,0.0,0.0,0.0,5.0,0.0,1.0,14.0,10.0,95.0,30.0,111.0,2.0,6.0,134.0,181.0,13.0,33.0,8.0,15.0,45.0,1.0,Defender,13.900000000000002
9675.0,Lucas Olaza,L. Olaza,male,1994-07-21T00:00:00+00:00,68.0,173.0,Elche CF,ELC,https://assets.laliga.com/assets/2019/06/07/medium/elche.png,12.0,Defender,https://assets.laliga.com/squad/2021/t954/p152563/512x556/p152563_t954_2021_1_001_000.png,1.0,5.0,0.0,0.0,1.0,0.0,0.0,12.0,1.0,4.0,4.0,6.0,0.0,158.0,0.0,0.0,0.0,1.0,0.0,2.0,2.0,5.0,66.0,65.0,124.0,5.0,3.0,56.0,160.0,5.0,3.0,0.0,4.0,27.0,1.0,Forward,13.799999999999999
9675.0,Lucas Olaza,L. Olaza,male,1994-07-21T00:00:00+00:00,68.0,173.0,Elche CF,ELC,https://assets.laliga.com/assets/2019/06/07/medium/elche.png,12.0,Defender,https://assets.laliga.com/squad/2021/t954/p152563/512x556/p152563_t954_2021_1_001_000.png,1.0,5.0,0.0,0.0,1.0,0.0,0.0,12.0,1.0,4.0,4.0,6.0,0.0,158.0,0.0,0.0,0.0,1.0,0.0,2.0,2.0,5.0,66.0,65.0,124.0,5.0,3.0,56.0,160.0,5.0,3.0,0.0,4.0,27.0,1.0,Defender,13.799999999999999
14855.0,Aboubakary Kante,A. Kante,male,1994-08-11T00:00:00+00:00,81.0,184.0,CF Fuenlabrada,FUE,https://assets.laliga.com/assets/2019/06/07/medium/fuenlabrada.png,11.0,Forward,https://assets.laliga.com/squad/2021/t7104/p213579/512x556/p213579_t7104_2021_1_001_000.png,26.0,25.0,0.0,0.0,1.0,0.0,1.0,63.0,5.0,24.0,5.0,7.0,10.0,144.0,0.0,0.0,0.0,11.0,1.0,0.0,15.0,1.0,82.0,44.0,125.0,6.0,26.0,106.0,169.0,7.0,70.0,8.0,1.0,42.0,2.0,Defender,13.600000000000005
12109.0,Aleksander Sedlar,Sedlar,male,1991-12-13T00:00:00+00:00,79.0,178.0,RCD Mallorca,MLL,https://assets.laliga.com/assets/2019/06/07/medium/mallorca.png,20.0,Defender,https://assets.laliga.com/squad/2021/t181/p215792/512x556/p215792_t181_2021_1_001_000.png,8.0,10.0,0.0,0.0,4.0,0.0,0.0,19.0,0.0,9.0,5.0,2.0,0.0,171.0,0.0,1.0,0.0,0.0,0.0,0.0,0.0,9.0,37.0,106.0,134.0,18.0,9.0,36.0,175.0,5.0,1.0,0.0,13.0,19.0,3.0,Goalkeeper,13.45
3562.0,Carmen Menayo,Carmen Menayo,female,1998-04-14T00:00:00+00:00,62.0,170.0,At. Madrid Femenino,ATM,https://assets.laliga.com/assets/2019/06/07/medium/atletico-feminas.png,11.0,Defender,https://assets.laliga.com/squad/2021/t11212/p176175/512x556/p176175_t11212_2021_1_001_000.png,0.0,27.0,1.0,0.0,0.0,0.0,5.0,0.0,0.0,21.0,0.0,0.0,0.0,1.0,0.0,0.0,0.0,0.0,0.0,0.0,0.0,0.0,1.0,0.0,1.0,0.0,0.0,0.0,1.0,0.0,1.0,0.0,0.0,0.0,2.0,Midfielder,13.15
15156.0,Facundo Pellistri,Pellistri,male,2001-12-20T00:00:00+00:00,69.0,175.0,Deportivo Alavés,ALA,https://assets.laliga.com/assets/2020/09/01/medium/27002754a98bf535807fe49a24cc63ea.png,18.0,Forward,https://assets.laliga.com/squad/2021/t173/p488404/512x556/p488404_t173_2021_1_001_000.png,8.0,21.0,0.0,0.0,2.0,0.0,0.0,48.0,0.0,10.0,6.0,6.0,3.0,131.0,0.0,0.0,0.0,2.0,0.0,1.0,11.0,1.0,71.0,34.0,103.0,5.0,8.0,98.0,135.0,9.0,22.0,15.0,5.0,26.0,0.0,Defender,13.100000000000003
20471.0,Santiago Arzamendia,Arzamendia,male,1997-05-05T00:00:00+00:00,74.0,173.0,Cádiz CF,CAD,https://assets.laliga.com/assets/2019/06/07/medium/cadiz.png,19.0,Defender,https://assets.laliga.com/squad/2021/t1737/p242445/512x556/p242445_t1737_2021_1_001_000.png,12.0,14.0,0.0,0.0,0.0,0.0,1.0,33.0,1.0,7.0,4.0,1.0,1.0,132.0,0.0,0.0,0.0,1.0,0.0,3.0,3.0,5.0,45.0,50.0,85.0,6.0,6.0,92.0,136.0,14.0,4.0,7.0,19.0,27.0,2.0,Forward,13.000000000000004
14827.0,Kerlly Lizeth Real,Kerlly Lizeth Real,female,1998-11-07T00:00:00+00:00,,163.0,VCF Femenino,VCF,https://assets.laliga.com/assets/2019/06/07/medium/valencia-femenino.png,19.0,Defender,https://assets.laliga.com/squad/2021/t13329/p210050/512x556/p210050_t13329_2021_1_001_000.png,0.0,27.0,0.0,0.0,0.0,0.0,6.0,0.0,0.0,42.0,0.0,0.0,0.0,0.0,0.0,0.0,0.0,0.0,0.0,0.0,0.0,0.0,0.0,0.0,0.0,0.0,0.0,0.0,0.0,0.0,0.0,0.0,0.0,0.0,5.0,Defender,13.0
4077.0,José Manuel Sánchez Guillén,Josema,male,1996-06-05T00:00:00+00:00,81.0,184.0,Real Valladolid CF,VLL,https://assets.laliga.com/assets/2019/06/07/medium/valladolid.png,6.0,Defender,,9.0,5.0,0.0,0.0,4.0,0.0,0.0,19.0,0.0,5.0,5.0,0.0,0.0,119.0,0.0,0.0,0.0,0.0,0.0,0.0,1.0,5.0,21.0,66.0,82.0,7.0,5.0,40.0,121.0,7.0,1.0,2.0,14.0,20.0,0.0,Defender,12.55
4077.0,José Manuel Sánchez Guillén,Josema,male,1996-06-05T00:00:00+00:00,81.0,184.0,Real Valladolid CF,VLL,https://assets.laliga.com/assets/2019/06/07/medium/valladolid.png,6.0,Defender,,9.0,5.0,0.0,0.0,4.0,0.0,0.0,19.0,0.0,5.0,5.0,0.0,0.0,119.0,0.0,0.0,0.0,0.0,0.0,0.0,1.0,5.0,21.0,66.0,82.0,7.0,5.0,40.0,121.0,7.0,1.0,2.0,14.0,20.0,0.0,Defender,12.55
14159.0,Aitor Aldalur,Aldalur,male,1991-12-26T00:00:00+00:00,71.0,178.0,SD Amorebieta,AMO,https://assets.laliga.com/assets/2021/06/24/medium/7dcec1604142a8f60f876e4c7e839da7.png,2.0,Defender,https://assets.laliga.com/squad/2021/t6498/p90315/512x556/p90315_t6498_2021_1_001_000.png,6.0,15.0,0.0,0.0,2.0,0.0,0.0,35.0,0.0,12.0,8.0,4.0,0.0,198.0,0.0,0.0,0.0,1.0,0.0,8.0,6.0,10.0,71.0,65.0,118.0,20.0,7.0,133.0,200.0,17.0,7.0,6.0,33.0,39.0,3.0,Goalkeeper,12.549999999999999
13538.0,Antonio David Álvarez Rey,Davo,male,1994-12-18T00:00:00+00:00,71.0,178.0,UD Ibiza,IBI,https://assets.laliga.com/assets/2021/06/24/medium/d7bc0d2c9bf06afd6b5ace9d62771713.png,7.0,Forward,https://assets.laliga.com/squad/2021/t16203/p439954/512x556/p439954_t16203_2021_1_001_000.png,10.0,36.0,2.0,0.0,1.0,0.0,0.0,51.0,2.0,19.0,4.0,12.0,9.0,326.0,0.0,0.0,0.0,11.0,0.0,8.0,18.0,5.0,156.0,74.0,217.0,2.0,29.0,248.0,334.0,8.0,75.0,25.0,17.0,95.0,2.0,Defender,12.25
14820.0,Javiera Toro,Javiera Toro,female,1998-04-22T00:00:00+00:00,,161.0,Sevilla FC,SFC,https://assets.laliga.com/assets/2019/06/07/medium/sevilla.png,20.0,Defender,https://assets.laliga.com/squad/2021/t13326/p435933/512x556/p435933_t13326_2021_1_001_000.png,0.0,18.0,1.0,0.0,0.0,0.0,6.0,0.0,0.0,25.0,0.0,0.0,0.0,1.0,0.0,0.0,0.0,0.0,0.0,0.0,0.0,0.0,1.0,0.0,1.0,0.0,0.0,0.0,1.0,0.0,1.0,0.0,0.0,0.0,6.0,Goalkeeper,12.150000000000002
7294.0,Candela Andujar,Candela Andujar,female,2000-03-26T00:00:00+00:00,,160.0,VCF Femenino,VCF,https://assets.laliga.com/assets/2019/06/07/medium/valencia-femenino.png,8.0,Forward,https://assets.laliga.com/squad/2021/t13329/p441556/512x556/p441556_t13329_2021_1_001_000.png,0.0,29.0,1.0,0.0,0.0,0.0,4.0,0.0,5.0,43.0,0.0,0.0,0.0,1.0,0.0,0.0,0.0,5.0,0.0,0.0,0.0,0.0,1.0,0.0,1.0,0.0,0.0,0.0,1.0,0.0,6.0,0.0,0.0,0.0,0.0,Defender,12.15
6055.0,Lucía Ramírez,Lucía Ramírez,female,1998-12-02T00:00:00+00:00,63.0,168.0,Sevilla FC,SFC,https://assets.laliga.com/assets/2019/06/07/medium/sevilla.png,3.0,Defender,https://assets.laliga.com/squad/2021/t13326/p434544/512x556/p434544_t13326_2021_1_001_000.png,0.0,22.0,0.0,0.0,0.0,0.0,5.0,0.0,0.0,31.0,0.0,0.0,0.0,0.0,0.0,0.0,0.0,0.0,0.0,0.0,0.0,0.0,0.0,0.0,0.0,0.0,0.0,0.0,0.0,0.0,0.0,0.0,0.0,0.0,3.0,Forward,12.0
1937.0,Jordi Calavera,J. Calavera,male,1995-08-02T00:00:00+00:00,74.0,182.0,Real Sporting,SPO,https://assets.laliga.com/assets/2019/06/07/medium/sporting.png,20.0,Defender,,5.0,7.0,0.0,0.0,1.0,0.0,1.0,11.0,0.0,4.0,1.0,3.0,0.0,107.0,0.0,0.0,0.0,0.0,0.0,1.0,1.0,6.0,33.0,53.0,79.0,8.0,2.0,42.0,110.0,3.0,3.0,0.0,7.0,18.0,1.0,Forward,11.950000000000001
16407.0,John Chetauya Nwankwo Donald,John C.,male,2000-09-25T00:00:00+00:00,,,Elche CF,ELC,https://assets.laliga.com/assets/2019/06/07/medium/elche.png,26.0,Defender,https://assets.laliga.com/squad/2021/t954/p522785/512x556/p522785_t954_2021_1_001_000.png,2.0,2.0,0.0,0.0,3.0,0.0,0.0,10.0,0.0,2.0,3.0,2.0,0.0,83.0,0.0,0.0,0.0,1.0,0.0,0.0,1.0,1.0,30.0,44.0,73.0,3.0,2.0,14.0,84.0,7.0,2.0,0.0,5.0,5.0,0.0,Defender,11.2
5154.0,Armando Sadiku,Sadiku,male,1991-05-27T00:00:00+00:00,81.0,182.0,UD Las Palmas,LPA,https://assets.laliga.com/assets/2019/06/07/medium/las-palmas.png,19.0,Forward,https://assets.laliga.com/squad/2021/t407/p69793/512x556/p69793_t407_2021_1_001_000.png,16.0,24.0,0.0,0.0,2.0,0.0,1.0,36.0,4.0,14.0,2.0,5.0,12.0,154.0,0.0,0.0,0.0,11.0,0.0,1.0,2.0,2.0,78.0,44.0,119.0,9.0,20.0,90.0,176.0,2.0,29.0,1.0,2.0,53.0,5.0,Defender,11.150000000000002
12935.0,Babett Peter,Babett Peter,female,1988-05-12T00:00:00+00:00,64.0,170.0,Real Madrid Femenino,RMA,https://assets.laliga.com/assets/2019/06/07/medium/real-madrid.png,4.0,Defender,,0.0,22.0,0.0,0.0,0.0,0.0,5.0,0.0,0.0,21.0,0.0,0.0,0.0,0.0,0.0,0.0,0.0,0.0,0.0,0.0,0.0,0.0,0.0,0.0,0.0,0.0,0.0,0.0,0.0,0.0,0.0,0.0,0.0,0.0,4.0,Forward,11.0
16158.0,Roberto Alarcón,R. Alarcón,male,1994-04-14T00:00:00+00:00,,,Burgos CF,BUR,https://assets.laliga.com/assets/2021/06/24/medium/8de24d38ab1472bbae1620d36582d7bd.png,11.0,Midfielder,https://assets.laliga.com/squad/2021/t951/p521527/512x556/p521527_t951_2021_1_001_000.png,13.0,17.0,1.0,0.0,0.0,0.0,0.0,21.0,0.0,2.0,3.0,3.0,0.0,109.0,0.0,0.0,0.0,1.0,0.0,2.0,0.0,1.0,52.0,34.0,80.0,4.0,6.0,52.0,110.0,7.0,4.0,3.0,5.0,24.0,1.0,Defender,10.950000000000003
12650.0,Javier López,Javi Lopez,male,2002-03-25T00:00:00+00:00,,184.0,Deportivo Alavés,ALA,https://assets.laliga.com/assets/2020/09/01/medium/27002754a98bf535807fe49a24cc63ea.png,27.0,Defender,https://assets.laliga.com/squad/2021/t173/p484406/512x556/p484406_t173_2021_1_001_000.png,0.0,9.0,0.0,0.0,1.0,0.0,0.0,22.0,0.0,12.0,4.0,4.0,0.0,151.0,0.0,0.0,0.0,0.0,0.0,4.0,2.0,10.0,55.0,72.0,113.0,11.0,6.0,80.0,159.0,8.0,0.0,4.0,17.0,19.0,2.0,Forward,10.75
9132.0,Erik Jirka,Jirka,male,1997-09-19T00:00:00+00:00,73.0,182.0,Real Oviedo,OVI,https://assets.laliga.com/assets/2019/06/07/medium/oviedo.png,11.0,Defender,https://assets.laliga.com/squad/2021/t187/p210934/512x556/p210934_t187_2021_1_001_000.png,17.0,19.0,1.0,0.0,0.0,0.0,0.0,38.0,0.0,8.0,5.0,7.0,6.0,171.0,0.0,0.0,0.0,1.0,0.0,4.0,5.0,8.0,76.0,49.0,113.0,5.0,12.0,111.0,172.0,6.0,18.0,10.0,4.0,47.0,3.0,Midfielder,10.450000000000001
6313.0,Erick Cabaco,Cabaco,male,1995-04-19T00:00:00+00:00,84.0,185.0,Getafe CF,GET,https://assets.laliga.com/assets/2019/06/07/medium/getafe.png,3.0,Defender,https://assets.laliga.com/squad/2021/t1450/p169586/512x556/p169586_t1450_2021_1_001_000.png,8.0,10.0,1.0,0.0,2.0,0.0,0.0,14.0,0.0,5.0,4.0,1.0,0.0,164.0,0.0,0.0,0.0,0.0,0.0,0.0,0.0,16.0,51.0,61.0,96.0,8.0,7.0,59.0,169.0,2.0,2.0,0.0,34.0,23.0,3.0,Defender,10.400000000000002
7165.0,Matheus Aiás Barrozo Rodrigues,Matheus Aias,male,1996-12-30T00:00:00+00:00,72.0,175.0,Real Oviedo,OVI,https://assets.laliga.com/assets/2019/06/07/medium/oviedo.png,19.0,Forward,https://assets.laliga.com/squad/2021/t187/p434630/512x556/p434630_t187_2021_1_001_000.png,17.0,26.0,0.0,0.0,1.0,0.0,0.0,48.0,2.0,5.0,1.0,1.0,1.0,135.0,0.0,0.0,0.0,6.0,0.0,0.0,11.0,4.0,68.0,23.0,87.0,2.0,13.0,92.0,139.0,8.0,21.0,7.0,6.0,42.0,2.0,Defender,10.400000000000002
7412.0,Sekou Gassama,S. Gassama,male,1995-05-06T00:00:00+00:00,88.0,189.0,Málaga CF,MGA,https://assets.laliga.com/assets/2019/06/07/medium/malaga.png,22.0,Forward,https://assets.laliga.com/squad/2021/t182/p210204/512x556/p210204_t182_2021_1_001_000.png,44.0,22.0,0.0,0.0,4.0,0.0,0.0,65.0,3.0,12.0,0.0,6.0,7.0,139.0,0.0,0.0,0.0,8.0,0.0,0.0,6.0,1.0,59.0,25.0,83.0,4.0,23.0,112.0,143.0,5.0,53.0,7.0,1.0,58.0,3.0,Defender,10.399999999999991
2524.0,Melanie Serrano,Melanie Serrano,female,1989-10-12T00:00:00+00:00,56.0,169.0,FC Barcelona,FCB,https://assets.laliga.com/assets/2019/06/07/medium/fc-barcelona-femenino.png,5.0,Defender,https://assets.laliga.com/squad/2021/t9121/p209836/512x556/p209836_t9121_2021_0_001_000.png,0.0,23.0,0.0,0.0,0.0,0.0,4.0,0.0,3.0,6.0,0.0,0.0,0.0,2.0,0.0,0.0,0.0,3.0,0.0,0.0,0.0,0.0,2.0,0.0,2.0,0.0,0.0,0.0,2.0,0.0,5.0,0.0,0.0,0.0,2.0,Goalkeeper,10.299999999999999
4321.0,Iván Salvador Edú,I. Salvador,male,1995-12-11T00:00:00+00:00,72.0,173.0,CF Fuenlabrada,FUE,https://assets.laliga.com/assets/2019/06/07/medium/fuenlabrada.png,6.0,Forward,https://assets.laliga.com/squad/2021/t7104/p222944/512x556/p222944_t7104_2021_1_001_000.png,8.0,13.0,1.0,0.0,0.0,0.0,0.0,71.0,0.0,5.0,12.0,9.0,3.0,172.0,0.0,1.0,0.0,3.0,0.0,3.0,4.0,8.0,91.0,34.0,114.0,2.0,15.0,113.0,178.0,16.0,13.0,6.0,8.0,48.0,6.0,Defender,10.2
16359.0,Damián Cáceres,Damián,male,2003-05-31T00:00:00+00:00,76.0,181.0,CF Fuenlabrada,FUE,https://assets.laliga.com/assets/2019/06/07/medium/fuenlabrada.png,29.0,Midfielder,https://assets.laliga.com/squad/2021/t7104/p523225/512x556/p523225_t7104_2021_1_001_000.png,5.0,7.0,0.0,0.0,1.0,0.0,0.0,19.0,1.0,6.0,4.0,1.0,0.0,96.0,0.0,0.0,0.0,2.0,0.0,0.0,2.0,2.0,35.0,35.0,68.0,5.0,4.0,41.0,97.0,10.0,12.0,5.0,3.0,24.0,1.0,Defender,9.649999999999999
2023.0,Asier Villalibre,Villalibre,male,1997-09-30T00:00:00+00:00,86.0,184.0,Athletic Club,ATH,https://assets.laliga.com/assets/2019/06/07/medium/athletic.png,20.0,Forward,https://assets.laliga.com/squad/2021/t174/p212770/512x556/p212770_t174_2021_1_001_000.png,19.0,19.0,0.0,0.0,1.0,0.0,0.0,40.0,2.0,8.0,1.0,3.0,3.0,109.0,0.0,0.0,0.0,6.0,0.0,0.0,4.0,0.0,48.0,21.0,69.0,7.0,10.0,83.0,111.0,4.0,30.0,1.0,3.0,39.0,0.0,Defender,9.350000000000001
6210.0,Emmanuel Apeh,Emmanuel,male,1996-10-25T00:00:00+00:00,75.0,185.0,AD Alcorcón,ALC,https://assets.laliga.com/assets/2019/06/07/medium/alcorcon.png,11.0,Forward,,18.0,17.0,1.0,0.0,2.0,0.0,0.0,61.0,2.0,14.0,0.0,7.0,14.0,133.0,0.0,0.0,0.0,10.0,0.0,1.0,12.0,2.0,74.0,23.0,94.0,16.0,21.0,121.0,137.0,11.0,48.0,11.0,2.0,39.0,2.0,Defender,9.200000000000003
6310.0,Jucinara Thaís Soares Paz,Jucinara,female,1993-08-03T00:00:00+00:00,54.0,162.0,Levante UD,LUD,https://assets.laliga.com/assets/2019/06/07/medium/levante-femenino.png,16.0,Defender,https://assets.laliga.com/squad/2021/t13319/p424166/512x556/p424166_t13319_2021_1_001_000.png,0.0,17.0,0.0,0.0,0.0,0.0,3.0,0.0,0.0,13.0,0.0,0.0,0.0,1.0,0.0,0.0,0.0,0.0,0.0,0.0,0.0,0.0,1.0,0.0,1.0,0.0,0.0,0.0,1.0,0.0,0.0,0.0,0.0,0.0,0.0,Midfielder,9.15
6071.0,Francisca Lara,Francisca Lara,female,1990-07-29T00:00:00+00:00,,164.0,Villarreal CF,VIL,https://assets.laliga.com/assets/2021/06/28/medium/9fbd53c24db4a5ff2257fa8ba57b59d4.png,15.0,Defender,https://assets.laliga.com/squad/2021/t18273/p434603/512x556/p434603_t18273_2021_0_001_000.png,0.0,21.0,1.0,0.0,0.0,0.0,4.0,0.0,1.0,34.0,0.0,0.0,0.0,1.0,0.0,0.0,0.0,1.0,0.0,0.0,0.0,0.0,1.0,0.0,1.0,0.0,0.0,0.0,1.0,0.0,2.0,0.0,0.0,0.0,3.0,Goalkeeper,9.15
3652.0,Iraia Iparraguirre,Iraia Iparraguirre,female,1995-07-09T00:00:00+00:00,61.0,167.0,Real Sociedad,RSO,https://assets.laliga.com/assets/2019/06/07/medium/real-sociedad.png,2.0,Defender,https://assets.laliga.com/squad/2021/t13324/p434334/512x556/p434334_t13324_2021_0_001_000.png,0.0,12.0,1.0,0.0,0.0,0.0,3.0,0.0,0.0,12.0,0.0,0.0,0.0,1.0,0.0,0.0,0.0,0.0,0.0,0.0,0.0,0.0,1.0,0.0,1.0,0.0,0.0,0.0,1.0,0.0,1.0,0.0,0.0,0.0,0.0,Midfielder,9.15
6350.0,Luca Zidane,Luca,male,1998-05-13T00:00:00+00:00,78.0,183.0,Rayo Vallecano,RAY,https://assets.laliga.com/assets/2019/06/07/medium/rayo.png,1.0,Goalkeeper,https://assets.laliga.com/squad/2021/t184/p199673/512x556/p199673_t184_2021_1_001_000.png,1.0,8.0,0.0,0.0,0.0,6.0,0.0,4.0,0.0,13.0,0.0,0.0,0.0,117.0,0.0,0.0,24.0,0.0,1.0,0.0,2.0,59.0,27.0,104.0,72.0,4.0,1.0,59.0,189.0,0.0,0.0,0.0,57.0,1.0,0.0,Defender,9.000000000000002
2280.0,Noelia Gil,Noelia Gil,female,1994-05-23T00:00:00+00:00,62.0,172.0,VCF Femenino,VCF,https://assets.laliga.com/assets/2019/06/07/medium/valencia-femenino.png,13.0,Goalkeeper,https://assets.laliga.com/squad/2021/t13329/p434313/512x556/p434313_t13329_2021_1_001_000.png,0.0,12.0,0.0,0.0,0.0,0.0,3.0,0.0,0.0,26.0,0.0,0.0,0.0,0.0,0.0,0.0,0.0,0.0,0.0,0.0,0.0,0.0,0.0,0.0,0.0,0.0,0.0,0.0,0.0,0.0,0.0,0.0,0.0,0.0,0.0,Defender,9.0
12788.0,Osinachi Ohale,Osinachi Ohale,female,1991-12-21T00:00:00+00:00,67.0,173.0,Deportivo Alavés,ALA,https://assets.laliga.com/assets/2021/06/28/medium/42d681848c77e9a837be29b98e03557b.png,3.0,Defender,,0.0,24.0,0.0,0.0,0.0,0.0,4.0,0.0,3.0,47.0,0.0,0.0,0.0,0.0,0.0,0.0,0.0,3.0,0.0,0.0,0.0,0.0,0.0,0.0,0.0,0.0,0.0,0.0,0.0,0.0,2.0,0.0,0.0,0.0,3.0,Midfielder,9.0
890.0,Christian Fernández,Bolaño,male,1985-10-15T00:00:00+00:00,77.0,182.0,Real Oviedo,OVI,https://assets.laliga.com/assets/2019/06/07/medium/oviedo.png,18.0,Defender,https://assets.laliga.com/squad/2021/t187/p38544/512x556/p38544_t187_2021_1_001_000.png,4.0,3.0,0.0,0.0,0.0,0.0,1.0,4.0,0.0,1.0,1.0,0.0,0.0,69.0,0.0,0.0,0.0,0.0,0.0,0.0,0.0,7.0,18.0,34.0,45.0,4.0,2.0,20.0,70.0,0.0,0.0,0.0,11.0,7.0,0.0,Defender,8.9
2281.0,Kenti Robles,Kenti Robles,female,1991-02-15T00:00:00+00:00,58.0,163.0,Real Madrid Femenino,RMA,https://assets.laliga.com/assets/2019/06/07/medium/real-madrid.png,2.0,Defender,,0.0,28.0,1.0,0.0,0.0,0.0,3.0,0.0,0.0,22.0,0.0,0.0,0.0,2.0,0.0,0.0,0.0,0.0,0.0,0.0,0.0,0.0,2.0,0.0,2.0,0.0,0.0,0.0,2.0,0.0,2.0,0.0,0.0,0.0,1.0,Goalkeeper,8.299999999999999
2448.0,Ainhoa Vicente Moraza,Moraza,female,1995-08-20T00:00:00+00:00,53.0,166.0,Athletic Club,ATH,https://assets.laliga.com/assets/2019/06/07/medium/athletic-femenino.png,3.0,Defender,https://assets.laliga.com/squad/2021/t12034/p434266/512x556/p434266_t12034_2021_1_001_000.png,0.0,28.0,0.0,0.0,0.0,0.0,4.0,0.0,0.0,39.0,0.0,0.0,0.0,1.0,0.0,0.0,0.0,0.0,0.0,0.0,0.0,0.0,0.0,0.0,1.0,0.0,0.0,0.0,1.0,0.0,1.0,0.0,0.0,0.0,4.0,Goalkeeper,8.05
9251.0,Marcelo Saracchi,Marcelo Saracchi,male,1998-04-23T00:00:00+00:00,69.0,185.0,Levante UD,LEV,https://assets.laliga.com/assets/2019/06/07/medium/levante.png,25.0,Defender,,1.0,4.0,1.0,0.0,0.0,0.0,0.0,11.0,0.0,4.0,4.0,5.0,0.0,81.0,0.0,0.0,0.0,0.0,0.0,2.0,2.0,6.0,35.0,35.0,62.0,7.0,3.0,24.0,83.0,8.0,2.0,0.0,2.0,13.0,2.0,Midfielder,8.0
3675.0,Maddi Torre,Maddi Torre,female,1996-03-30T00:00:00+00:00,61.0,171.0,Real Sociedad,RSO,https://assets.laliga.com/assets/2019/06/07/medium/real-sociedad.png,5.0,Defender,https://assets.laliga.com/squad/2021/t13324/p434440/512x556/p434440_t13324_2021_0_001_000.png,0.0,17.0,0.0,0.0,0.0,0.0,3.0,0.0,0.0,16.0,0.0,0.0,0.0,0.0,0.0,0.0,0.0,0.0,0.0,0.0,0.0,0.0,0.0,0.0,0.0,0.0,0.0,0.0,0.0,0.0,0.0,0.0,0.0,0.0,1.0,Midfielder,8.0
19551.0,Beatriz Prades,Beatriz Prades,female,1999-11-16T00:00:00+00:00,,,Villarreal CF,VIL,https://assets.laliga.com/assets/2021/06/28/medium/9fbd53c24db4a5ff2257fa8ba57b59d4.png,16.0,Midfielder,https://assets.laliga.com/squad/2021/t18273/p543159/512x556/p543159_t18273_2021_0_001_000.png,0.0,20.0,0.0,0.0,0.0,0.0,3.0,0.0,0.0,20.0,0.0,0.0,0.0,0.0,0.0,0.0,0.0,0.0,0.0,0.0,0.0,0.0,0.0,0.0,0.0,0.0,0.0,0.0,0.0,0.0,0.0,0.0,0.0,0.0,1.0,Defender,8.0
3532.0,Cristina Isabel Sánchez Auñón,Cristina Auñón,female,1989-03-23T00:00:00+00:00,51.0,154.0,Deportivo Alavés,ALA,https://assets.laliga.com/assets/2021/06/28/medium/42d681848c77e9a837be29b98e03557b.png,22.0,Defender,,0.0,26.0,0.0,0.0,0.0,0.0,3.0,0.0,0.0,40.0,0.0,0.0,0.0,0.0,0.0,0.0,0.0,0.0,0.0,0.0,0.0,0.0,0.0,0.0,0.0,0.0,0.0,0.0,0.0,0.0,0.0,0.0,0.0,0.0,1.0,Midfielder,8.0
2527.0,María Francesca Caldentey Oliver,Mariona Caldentey,female,1996-03-19T00:00:00+00:00,62.0,164.0,FC Barcelona,FCB,https://assets.laliga.com/assets/2019/06/07/medium/fc-barcelona-femenino.png,9.0,Forward,https://assets.laliga.com/squad/2021/t9121/p191678/512x556/p191678_t9121_2021_0_001_000.png,0.0,15.0,2.0,0.0,0.0,0.0,3.0,0.0,6.0,5.0,0.0,0.0,0.0,6.0,0.0,0.0,0.0,6.0,0.0,0.0,0.0,0.0,5.0,1.0,6.0,0.0,0.0,0.0,6.0,0.0,12.0,0.0,0.0,0.0,2.0,Defender,7.850000000000001
25345.0,Iván Fresneda,Fresneda,male,2004-09-28T00:00:00+00:00,,,Real Valladolid CF,VLL,https://assets.laliga.com/assets/2019/06/07/medium/valladolid.png,46.0,Defender,,1.0,1.0,0.0,0.0,1.0,0.0,1.0,6.0,0.0,0.0,2.0,1.0,0.0,38.0,0.0,0.0,0.0,0.0,0.0,1.0,1.0,5.0,18.0,17.0,29.0,1.0,1.0,16.0,40.0,4.0,0.0,2.0,2.0,4.0,0.0,Defender,7.800000000000002
16539.0,Juan Antonio Iglesias,Iglesias,male,1998-07-03T00:00:00+00:00,,,Getafe CF,GET,https://assets.laliga.com/assets/2019/06/07/medium/getafe.png,21.0,Defender,https://assets.laliga.com/squad/2021/t1450/p464283/512x556/p464283_t1450_2021_1_001_000.png,10.0,20.0,0.0,0.0,2.0,0.0,0.0,51.0,0.0,14.0,10.0,7.0,1.0,188.0,0.0,0.0,0.0,0.0,0.0,9.0,5.0,21.0,58.0,54.0,81.0,21.0,16.0,191.0,194.0,19.0,3.0,4.0,45.0,47.0,1.0,Goalkeeper,7.650000000000002
12017.0,Caroline Hansen,Caroline Hansen,female,1995-02-18T00:00:00+00:00,,174.0,FC Barcelona,FCB,https://assets.laliga.com/assets/2019/06/07/medium/fc-barcelona-femenino.png,7.0,Forward,https://assets.laliga.com/squad/2021/t9121/p164900/512x556/p164900_t9121_2021_0_001_000.png,0.0,23.0,6.0,0.0,0.0,0.0,2.0,0.0,6.0,7.0,0.0,0.0,0.0,13.0,0.0,0.0,0.0,6.0,0.0,0.0,0.0,0.0,9.0,2.0,13.0,0.0,0.0,0.0,13.0,0.0,19.0,0.0,0.0,0.0,0.0,Defender,7.65
12052.0,Esther Martín-Pozuelo,Esther Martín-Pozuelo,female,1998-10-08T00:00:00+00:00,,,VCF Femenino,VCF,https://assets.laliga.com/assets/2019/06/07/medium/valencia-femenino.png,15.0,Defender,https://assets.laliga.com/squad/2021/t13329/p484940/512x556/p484940_t13329_2021_1_001_000.png,0.0,29.0,2.0,0.0,0.0,0.0,4.0,0.0,1.0,51.0,0.0,0.0,0.0,3.0,0.0,0.0,0.0,1.0,0.0,0.0,0.0,0.0,3.0,0.0,3.0,0.0,0.0,0.0,3.0,0.0,4.0,0.0,0.0,0.0,5.0,Forward,7.450000000000001
8638.0,Hugo Rama,Hugo Rama,male,1996-11-22T00:00:00+00:00,75.0,177.0,Real Oviedo,OVI,https://assets.laliga.com/assets/2019/06/07/medium/oviedo.png,2.0,Midfielder,,4.0,10.0,0.0,0.0,1.0,0.0,0.0,10.0,1.0,0.0,0.0,2.0,1.0,90.0,0.0,0.0,0.0,2.0,0.0,0.0,2.0,2.0,48.0,32.0,78.0,0.0,3.0,34.0,96.0,2.0,7.0,3.0,4.0,12.0,2.0,Defender,7.350000000000001
25096.0,Biel Farrés del Castillo,Biel Farrés,male,2002-05-01T00:00:00+00:00,,,Girona FC,GIR,https://assets.laliga.com/assets/2019/06/07/medium/girona.png,41.0,Defender,,0.0,2.0,0.0,0.0,2.0,0.0,0.0,0.0,0.0,3.0,4.0,0.0,0.0,66.0,0.0,0.0,0.0,0.0,0.0,0.0,0.0,3.0,16.0,46.0,59.0,2.0,1.0,5.0,67.0,0.0,0.0,0.0,2.0,3.0,0.0,Midfielder,7.3500000000000005
891.0,Raúl García Carnero,R. Carnero,male,1989-04-30T00:00:00+00:00,74.0,180.0,Real Valladolid CF,VLL,https://assets.laliga.com/assets/2019/06/07/medium/valladolid.png,3.0,Defender,https://assets.laliga.com/squad/2021/t192/p80908/512x556/p80908_t192_2021_1_001_000.png,6.0,6.0,1.0,0.0,1.0,0.0,0.0,21.0,0.0,4.0,3.0,1.0,0.0,91.0,0.0,0.0,0.0,0.0,1.0,3.0,6.0,2.0,40.0,37.0,70.0,8.0,3.0,49.0,94.0,6.0,0.0,4.0,11.0,11.0,0.0,Defender,7.100000000000001
9537.0,Jana Fernández,Jana Fernández,female,2002-02-18T00:00:00+00:00,,162.0,FC Barcelona,FCB,https://assets.laliga.com/assets/2019/06/07/medium/fc-barcelona-femenino.png,3.0,Defender,https://assets.laliga.com/squad/2021/t9121/p248514/512x556/p248514_t9121_2021_0_001_000.png,0.0,12.0,0.0,0.0,0.0,0.0,3.0,0.0,2.0,1.0,0.0,0.0,0.0,0.0,0.0,0.0,0.0,2.0,0.0,0.0,0.0,0.0,0.0,0.0,0.0,0.0,0.0,0.0,0.0,0.0,2.0,0.0,0.0,0.0,2.0,Midfielder,7.0
8774.0,Ana Tejada,Ana Tejada,female,2002-06-02T00:00:00+00:00,66.0,169.0,Real Sociedad,RSO,https://assets.laliga.com/assets/2019/06/07/medium/real-sociedad.png,3.0,Defender,https://assets.laliga.com/squad/2021/t13324/p453545/512x556/p453545_t13324_2021_0_001_000.png,0.0,18.0,0.0,0.0,0.0,0.0,3.0,0.0,0.0,24.0,0.0,0.0,0.0,0.0,0.0,0.0,0.0,0.0,0.0,0.0,0.0,0.0,0.0,0.0,0.0,0.0,0.0,0.0,0.0,0.0,0.0,0.0,0.0,0.0,2.0,Goalkeeper,7.0
1314.0,Yacine Qasmi,Qasmi,male,1991-01-03T00:00:00+00:00,79.0,184.0,CD Leganés,LEG,https://assets.laliga.com/assets/2019/06/07/medium/leganes.png,21.0,Forward,https://assets.laliga.com/squad/2021/t957/p91952/512x556/p91952_t957_2021_1_001_000.png,35.0,16.0,0.0,0.0,0.0,0.0,0.0,58.0,3.0,11.0,5.0,5.0,6.0,113.0,0.0,0.0,0.0,4.0,0.0,0.0,2.0,1.0,56.0,22.0,77.0,10.0,24.0,90.0,121.0,5.0,21.0,5.0,1.0,42.0,5.0,Defender,7.0
7207.0,Mônica Hickmann Alves,Mônica Hickmann,female,1987-04-21T00:00:00+00:00,64.0,172.0,Madrid CFF,MAD,https://assets.laliga.com/assets/2019/06/07/medium/madrid-futbol-femenino.png,5.0,Defender,https://assets.laliga.com/squad/2021/t13320/p186298/512x556/p186298_t13320_2021_0_001_000.png,0.0,30.0,0.0,0.0,0.0,0.0,3.0,0.0,1.0,59.0,0.0,0.0,0.0,0.0,0.0,0.0,0.0,1.0,0.0,0.0,0.0,0.0,0.0,0.0,0.0,0.0,1.0,0.0,0.0,0.0,1.0,0.0,0.0,0.0,2.0,Midfielder,6.800000000000001
24053.0,Cristhian Mosquera,Cristhian,male,2004-06-27T00:00:00+00:00,,188.0,Valencia CF,VAL,https://assets.laliga.com/assets/2019/06/07/medium/valencia.png,37.0,Defender,https://assets.laliga.com/squad/2021/t191/p500040/512x556/p500040_t191_2021_1_001_000.png,1.0,6.0,0.0,0.0,0.0,0.0,0.0,5.0,0.0,5.0,3.0,0.0,0.0,73.0,0.0,0.0,0.0,0.0,0.0,0.0,0.0,7.0,20.0,45.0,58.0,1.0,4.0,14.0,76.0,4.0,1.0,0.0,4.0,7.0,1.0,Defender,6.6499999999999995
13338.0,Ana-Maria Crnogorcevic,Ana-Maria Crnogorcevic,female,1990-10-03T00:00:00+00:00,65.0,175.0,FC Barcelona,FCB,https://assets.laliga.com/assets/2019/06/07/medium/fc-barcelona-femenino.png,18.0,Defender,https://assets.laliga.com/squad/2021/t9121/p112574/512x556/p112574_t9121_2021_0_001_000.png,0.0,20.0,2.0,0.0,0.0,0.0,2.0,0.0,5.0,4.0,0.0,0.0,0.0,2.0,0.0,0.0,0.0,5.0,0.0,0.0,0.0,0.0,0.0,2.0,2.0,0.0,0.0,0.0,2.0,0.0,7.0,0.0,0.0,0.0,0.0,Forward,6.199999999999999
9800.0,Izarne Sarasola,Izarne Sarasola,female,2002-02-17T00:00:00+00:00,,,Real Sociedad,RSO,https://assets.laliga.com/assets/2019/06/07/medium/real-sociedad.png,23.0,Midfielder,,0.0,15.0,1.0,0.0,0.0,0.0,2.0,0.0,0.0,14.0,0.0,0.0,0.0,1.0,0.0,0.0,0.0,0.0,0.0,0.0,0.0,0.0,1.0,0.0,1.0,0.0,0.0,0.0,1.0,0.0,1.0,0.0,0.0,0.0,0.0,Defender,6.1499999999999995
9665.0,Almudena Rivero,Almudena Rivero,female,2002-03-07T00:00:00+00:00,,,Sevilla FC,SFC,https://assets.laliga.com/assets/2019/06/07/medium/sevilla.png,16.0,Defender,https://assets.laliga.com/squad/2021/t13326/p476162/512x556/p476162_t13326_2021_1_001_000.png,0.0,22.0,0.0,0.0,0.0,0.0,2.0,0.0,0.0,19.0,0.0,0.0,0.0,1.0,0.0,0.0,0.0,0.0,0.0,0.0,0.0,0.0,1.0,0.0,1.0,0.0,0.0,0.0,1.0,0.0,1.0,0.0,0.0,0.0,0.0,Defender,6.1499999999999995
147.0,Carlos Bacca,Bacca,male,1986-09-08T00:00:00+00:00,77.0,181.0,Granada CF,GRA,https://assets.laliga.com/assets/2019/06/07/medium/granada.png,20.0,Forward,https://assets.laliga.com/squad/2021/t5683/p111274/512x556/p111274_t5683_2021_1_001_000.png,8.0,17.0,1.0,0.0,0.0,0.0,0.0,27.0,0.0,9.0,1.0,6.0,5.0,88.0,0.0,0.0,0.0,2.0,0.0,0.0,7.0,2.0,46.0,15.0,59.0,4.0,3.0,53.0,93.0,4.0,21.0,4.0,2.0,30.0,3.0,Defender,6.100000000000001
8819.0,Gemma Font,Gemma Font,female,1999-10-23T00:00:00+00:00,60.0,165.0,FC Barcelona,FCB,https://assets.laliga.com/assets/2019/06/07/medium/fc-barcelona-femenino.png,24.0,Goalkeeper,https://assets.laliga.com/squad/2021/t9121/p460027/512x556/p460027_t9121_2021_0_001_000.png,0.0,6.0,0.0,0.0,0.0,0.0,2.0,0.0,0.0,3.0,0.0,0.0,0.0,0.0,0.0,0.0,0.0,0.0,0.0,0.0,0.0,0.0,0.0,0.0,0.0,0.0,0.0,0.0,0.0,0.0,0.0,0.0,0.0,0.0,0.0,Defender,6.0
25426.0,Young-Ju Lee,Lee Young-Ju,female,1992-04-22T00:00:00+00:00,,163.0,Madrid CFF,MAD,https://assets.laliga.com/assets/2019/06/07/medium/madrid-futbol-femenino.png,17.0,Midfielder,,0.0,8.0,0.0,0.0,0.0,0.0,2.0,0.0,0.0,10.0,0.0,0.0,0.0,0.0,0.0,0.0,0.0,0.0,0.0,0.0,0.0,0.0,0.0,0.0,0.0,0.0,0.0,0.0,0.0,0.0,0.0,0.0,0.0,0.0,0.0,Defender,6.0
23057.0,Freja Abilda,Freja Abilda,female,1998-05-11T00:00:00+00:00,,168.0,Sporting Huelva,SPH,https://assets.laliga.com/assets/2019/06/07/medium/sporting-club.png,18.0,Midfielder,https://assets.laliga.com/squad/2021/t13327/p216049/512x556/p216049_t13327_2021_1_001_000.png,0.0,23.0,0.0,0.0,0.0,0.0,3.0,0.0,0.0,28.0,0.0,0.0,0.0,0.0,0.0,0.0,0.0,0.0,0.0,0.0,0.0,0.0,0.0,0.0,0.0,0.0,0.0,0.0,0.0,0.0,0.0,0.0,0.0,0.0,3.0,Defender,6.0
3624.0,Nerea Pérez,Nerea Pérez,female,1994-01-11T00:00:00+00:00,53.0,165.0,Villarreal CF,VIL,https://assets.laliga.com/assets/2021/06/28/medium/9fbd53c24db4a5ff2257fa8ba57b59d4.png,14.0,Forward,https://assets.laliga.com/squad/2021/t18273/p434561/512x556/p434561_t18273_2021_0_001_000.png,0.0,26.0,0.0,0.0,0.0,0.0,4.0,0.0,0.0,44.0,0.0,0.0,0.0,0.0,0.0,0.0,0.0,0.0,0.0,0.0,0.0,0.0,0.0,0.0,0.0,0.0,0.0,0.0,0.0,0.0,0.0,0.0,0.0,0.0,6.0,Defender,6.0
4577.0,María Bores,María Bores,female,1997-11-11T00:00:00+00:00,57.0,162.0,Rayo Vallecano,RVM,https://assets.laliga.com/assets/2019/06/07/medium/rayo-femenino.png,22.0,Defender,https://assets.laliga.com/squad/2021/t13321/p434553/512x556/p434553_t13321_2021_1_001_000.png,0.0,29.0,0.0,0.0,0.0,0.0,3.0,0.0,0.0,64.0,0.0,0.0,0.0,0.0,0.0,0.0,0.0,0.0,0.0,0.0,0.0,0.0,0.0,0.0,0.0,0.0,0.0,0.0,0.0,0.0,0.0,0.0,0.0,0.0,3.0,Forward,6.0
3545.0,Andrea Pereira,Andrea Pereira,female,1993-09-19T00:00:00+00:00,62.0,164.0,FC Barcelona,FCB,https://assets.laliga.com/assets/2019/06/07/medium/fc-barcelona-femenino.png,17.0,Defender,https://assets.laliga.com/squad/2021/t9121/p242634/512x556/p242634_t9121_2021_0_001_000.png,0.0,19.0,0.0,0.0,0.0,0.0,2.0,0.0,0.0,6.0,0.0,0.0,0.0,0.0,0.0,0.0,0.0,0.0,0.0,0.0,0.0,0.0,0.0,0.0,0.0,0.0,0.0,0.0,0.0,0.0,0.0,0.0,0.0,0.0,0.0,Forward,6.0
4546.0,Nuria Ligero,Nuria Ligero,female,1991-09-04T00:00:00+00:00,50.0,151.0,R. Betis Féminas,RBB,https://assets.laliga.com/assets/2019/06/07/medium/betis.png,11.0,Defender,https://assets.laliga.com/squad/2021/t13322/p434439/512x556/p434439_t13322_2021_1_001_000.png,0.0,27.0,0.0,0.0,0.0,0.0,2.0,0.0,0.0,26.0,0.0,0.0,0.0,0.0,0.0,0.0,0.0,0.0,0.0,0.0,0.0,0.0,0.0,0.0,0.0,0.0,0.0,0.0,0.0,0.0,0.0,0.0,0.0,0.0,0.0,Forward,6.0
19064.0,Alejandro Cantero,Cantero,male,2000-06-08T00:00:00+00:00,,,Levante UD,LEV,https://assets.laliga.com/assets/2019/06/07/medium/levante.png,29.0,Forward,https://assets.laliga.com/squad/2021/t855/p494567/512x556/p494567_t855_2021_1_001_000.png,3.0,25.0,1.0,0.0,0.0,0.0,0.0,21.0,0.0,16.0,1.0,2.0,0.0,116.0,0.0,0.0,0.0,5.0,0.0,3.0,8.0,5.0,62.0,23.0,77.0,0.0,13.0,77.0,120.0,6.0,29.0,7.0,3.0,35.0,1.0,Defender,5.900000000000004
25555.0,Niko Datkovic,Datković,male,1993-04-21T00:00:00+00:00,82.0,190.0,CD Mirandés,MIR,https://assets.laliga.com/assets/2019/06/07/medium/mirandes.png,21.0,Defender,https://assets.laliga.com/squad/2021/t5741/p94280/512x556/p94280_t5741_2021_1_001_000.png,4.0,3.0,0.0,0.0,1.0,0.0,0.0,7.0,0.0,3.0,1.0,0.0,0.0,59.0,0.0,0.0,0.0,0.0,0.0,0.0,0.0,2.0,7.0,42.0,47.0,8.0,1.0,10.0,59.0,2.0,1.0,0.0,7.0,3.0,1.0,Goalkeeper,5.900000000000001
9221.0,Nerea Nevado,Nerea Nevado,female,2001-04-27T00:00:00+00:00,55.0,160.0,Deportivo Alavés,ALA,https://assets.laliga.com/assets/2021/06/28/medium/42d681848c77e9a837be29b98e03557b.png,20.0,Defender,,0.0,27.0,1.0,0.0,0.0,0.0,2.0,0.0,0.0,35.0,0.0,0.0,0.0,5.0,0.0,0.0,0.0,1.0,0.0,0.0,0.0,0.0,4.0,1.0,5.0,0.0,0.0,0.0,5.0,0.0,5.0,0.0,0.0,0.0,1.0,Forward,5.7
131.0,Jorge Andújar Moreno,Coke,male,1987-04-26T00:00:00+00:00,78.0,182.0,Levante UD,LEV,https://assets.laliga.com/assets/2019/06/07/medium/levante.png,23.0,Defender,https://assets.laliga.com/squad/2021/t855/p55268/512x556/p55268_t855_2021_1_001_000.png,4.0,6.0,0.0,0.0,0.0,0.0,0.0,10.0,1.0,2.0,2.0,2.0,0.0,54.0,0.0,0.0,0.0,1.0,0.0,0.0,2.0,5.0,20.0,26.0,41.0,7.0,4.0,14.0,57.0,3.0,3.0,1.0,1.0,10.0,1.0,Defender,5.7
19076.0,Jeremy Socorro,Jeremy,male,1999-09-01T00:00:00+00:00,,,CD Tenerife,TEN,https://assets.laliga.com/assets/2019/06/07/medium/tenerife.png,33.0,Defender,https://assets.laliga.com/squad/2021/t612/p538284/512x556/p538284_t612_2021_1_001_000.png,4.0,1.0,0.0,0.0,0.0,0.0,0.0,9.0,0.0,2.0,2.0,4.0,0.0,38.0,0.0,0.0,0.0,0.0,0.0,3.0,1.0,6.0,21.0,13.0,25.0,2.0,1.0,12.0,38.0,3.0,1.0,1.0,1.0,6.0,0.0,Defender,5.65
1158.0,Víctor Camarasa,Camarasa,male,1994-05-28T00:00:00+00:00,76.0,183.0,Real Betis,BET,https://assets.laliga.com/assets/2019/06/07/medium/betis.png,22.0,Midfielder,https://assets.laliga.com/squad/2021/t185/p175946/512x556/p175946_t185_2021_1_001_000.png,2.0,7.0,0.0,0.0,1.0,0.0,0.0,7.0,0.0,2.0,2.0,0.0,0.0,50.0,0.0,0.0,0.0,0.0,0.0,0.0,0.0,0.0,23.0,18.0,41.0,2.0,2.0,15.0,50.0,2.0,2.0,1.0,0.0,9.0,0.0,Defender,5.65
13149.0,José Javier Belman Calvo,Belman,male,1998-10-04T00:00:00+00:00,80.0,184.0,CF Fuenlabrada,FUE,https://assets.laliga.com/assets/2019/06/07/medium/fuenlabrada.png,31.0,Goalkeeper,https://assets.laliga.com/squad/2021/t7104/p223768/512x556/p223768_t7104_2021_1_001_000.png,0.0,5.0,0.0,0.0,0.0,2.0,1.0,1.0,0.0,12.0,1.0,0.0,0.0,56.0,1.0,1.0,14.0,0.0,0.0,0.0,0.0,38.0,34.0,27.0,23.0,4.0,0.0,71.0,129.0,0.0,0.0,0.0,68.0,0.0,0.0,Defender,5.500000000000001
4651.0,Ane Azkona,Ane Azkona,female,1998-07-15T00:00:00+00:00,56.0,164.0,Athletic Club,ATH,https://assets.laliga.com/assets/2019/06/07/medium/athletic-femenino.png,16.0,Forward,https://assets.laliga.com/squad/2021/t12034/p434284/512x556/p434284_t12034_2021_1_001_000.png,0.0,30.0,2.0,0.0,0.0,0.0,3.0,0.0,10.0,44.0,0.0,0.0,0.0,3.0,0.0,0.0,0.0,10.0,0.0,0.0,0.0,0.0,3.0,0.0,3.0,0.0,0.0,0.0,3.0,0.0,13.0,0.0,0.0,0.0,4.0,Defender,5.450000000000001
301.0,Luis Valcarce,L. Valcarce,male,1993-02-03T00:00:00+00:00,70.0,173.0,AD Alcorcón,ALC,https://assets.laliga.com/assets/2019/06/07/medium/alcorcon.png,21.0,Defender,,1.0,5.0,0.0,0.0,1.0,0.0,0.0,19.0,0.0,4.0,2.0,1.0,1.0,54.0,0.0,0.0,0.0,0.0,0.0,2.0,1.0,4.0,23.0,20.0,37.0,2.0,7.0,32.0,58.0,11.0,0.0,2.0,5.0,12.0,1.0,Defender,5.300000000000002
14521.0,Andrea Medina,Andrea Medina,female,2004-05-11T00:00:00+00:00,,,R. Betis Féminas,RBB,https://assets.laliga.com/assets/2019/06/07/medium/betis.png,3.0,Defender,https://assets.laliga.com/squad/2021/t13322/p502631/512x556/p502631_t13322_2021_1_001_000.png,0.0,26.0,0.0,0.0,0.0,0.0,4.0,0.0,2.0,32.0,0.0,0.0,0.0,3.0,0.0,0.0,0.0,2.0,0.0,0.0,0.0,0.0,3.0,0.0,3.0,0.0,1.0,0.0,3.0,0.0,4.0,0.0,0.0,0.0,7.0,Defender,5.250000000000002
21452.0,Garazi Facila,Garazi Facila,female,1999-10-25T00:00:00+00:00,,,Deportivo Alavés,ALA,https://assets.laliga.com/assets/2021/06/28/medium/42d681848c77e9a837be29b98e03557b.png,12.0,Defender,,0.0,25.0,2.0,0.0,0.0,0.0,2.0,0.0,0.0,39.0,0.0,0.0,0.0,2.0,0.0,0.0,0.0,0.0,0.0,0.0,0.0,0.0,1.0,1.0,2.0,0.0,0.0,0.0,2.0,0.0,1.0,0.0,0.0,0.0,1.0,Forward,5.249999999999999
25809.0,Pol García,Garcia Tena,male,1995-02-18T00:00:00+00:00,71.0,185.0,CD Lugo,LUG,https://assets.laliga.com/assets/2019/06/07/medium/lugo.png,12.0,Defender,,4.0,2.0,0.0,0.0,0.0,0.0,0.0,6.0,0.0,2.0,5.0,0.0,0.0,38.0,0.0,0.0,0.0,0.0,0.0,0.0,0.0,9.0,10.0,23.0,24.0,3.0,1.0,8.0,40.0,1.0,0.0,0.0,2.0,5.0,0.0,Forward,5.2
12477.0,Athenea Del Castillo,Athenea Del Castillo,female,2000-10-24T00:00:00+00:00,52.0,160.0,Real Madrid Femenino,RMA,https://assets.laliga.com/assets/2019/06/07/medium/real-madrid.png,22.0,Forward,,0.0,29.0,0.0,0.0,0.0,0.0,3.0,0.0,5.0,23.0,0.0,0.0,0.0,2.0,0.0,0.0,0.0,5.0,0.0,0.0,0.0,0.0,1.0,0.0,2.0,0.0,0.0,0.0,2.0,0.0,7.0,0.0,0.0,0.0,4.0,Defender,5.199999999999999
2306.0,Samuel Umtiti,Umtiti,male,1993-11-14T00:00:00+00:00,75.0,182.0,FC Barcelona,BAR,https://assets.laliga.com/assets/2019/06/07/medium/barcelona.png,23.0,Defender,https://assets.laliga.com/squad/2021/t178/p88580/512x556/p88580_t178_2021_1_001_000.png,3.0,1.0,0.0,0.0,1.0,0.0,0.0,6.0,0.0,2.0,0.0,0.0,1.0,46.0,0.0,0.0,0.0,0.0,0.0,0.0,0.0,5.0,14.0,27.0,36.0,4.0,0.0,8.0,47.0,2.0,0.0,0.0,0.0,6.0,1.0,Midfielder,5.1000000000000005
14161.0,Aimar Sagastibeltza,Aimar,male,1984-07-05T00:00:00+00:00,73.0,179.0,SD Amorebieta,AMO,https://assets.laliga.com/assets/2021/06/24/medium/7dcec1604142a8f60f876e4c7e839da7.png,21.0,Defender,https://assets.laliga.com/squad/2021/t6498/p58774/512x556/p58774_t6498_2021_1_001_000.png,3.0,4.0,0.0,0.0,1.0,0.0,0.0,7.0,0.0,5.0,4.0,0.0,0.0,61.0,0.0,0.0,0.0,0.0,0.0,0.0,0.0,6.0,21.0,22.0,37.0,12.0,5.0,21.0,61.0,3.0,3.0,0.0,7.0,11.0,1.0,Defender,5.050000000000001
9654.0,Víctor Campuzano,V. Campuzano,male,1997-05-31T00:00:00+00:00,72.0,174.0,Real Sporting,SPO,https://assets.laliga.com/assets/2019/06/07/medium/sporting.png,11.0,Forward,https://assets.laliga.com/squad/2021/t616/p241703/512x556/p241703_t616_2021_1_001_000.png,8.0,18.0,1.0,0.0,0.0,0.0,0.0,31.0,1.0,6.0,2.0,3.0,0.0,87.0,0.0,0.0,0.0,5.0,0.0,0.0,8.0,3.0,38.0,28.0,63.0,1.0,12.0,80.0,97.0,4.0,17.0,4.0,4.0,27.0,0.0,Defender,5.000000000000002
3581.0,Olivia Oprea,Olivia Oprea,female,1987-03-19T00:00:00+00:00,55.0,165.0,Villarreal CF,VIL,https://assets.laliga.com/assets/2021/06/28/medium/9fbd53c24db4a5ff2257fa8ba57b59d4.png,2.0,Defender,https://assets.laliga.com/squad/2021/t18273/p119345/512x556/p119345_t18273_2021_0_001_000.png,0.0,21.0,0.0,0.0,0.0,0.0,4.0,0.0,0.0,36.0,0.0,0.0,0.0,0.0,0.0,0.0,0.0,0.0,0.0,0.0,0.0,0.0,0.0,0.0,0.0,0.0,0.0,0.0,0.0,0.0,0.0,0.0,0.0,0.0,7.0,Goalkeeper,5.0
23607.0,Bénédicte Simon,Bénédicte Simon,female,1997-06-02T00:00:00+00:00,,,At. Madrid Femenino,ATM,https://assets.laliga.com/assets/2019/06/07/medium/atletico-feminas.png,2.0,Defender,https://assets.laliga.com/squad/2021/t11212/p512058/512x556/p512058_t11212_2021_0_001_000.png,0.0,12.0,0.0,0.0,0.0,0.0,2.0,0.0,0.0,6.0,0.0,0.0,0.0,0.0,0.0,0.0,0.0,0.0,0.0,0.0,0.0,0.0,0.0,0.0,0.0,0.0,0.0,0.0,0.0,0.0,0.0,0.0,0.0,0.0,1.0,Defender,5.0
8601.0,Claudio Medina,C. Medina,male,1993-09-04T00:00:00+00:00,83.0,186.0,Burgos CF,BUR,https://assets.laliga.com/assets/2021/06/24/medium/8de24d38ab1472bbae1620d36582d7bd.png,19.0,Forward,https://assets.laliga.com/squad/2021/t951/p459921/512x556/p459921_t951_2021_1_001_000.png,13.0,13.0,0.0,0.0,3.0,0.0,0.0,32.0,1.0,4.0,4.0,2.0,4.0,72.0,0.0,0.0,0.0,3.0,0.0,0.0,7.0,1.0,28.0,16.0,43.0,3.0,10.0,63.0,76.0,3.0,19.0,4.0,0.0,32.0,1.0,Defender,4.850000000000001
908.0,Dídac Vilá,Didac,male,1989-06-09T00:00:00+00:00,74.0,185.0,RCD Espanyol de Barcelona,ESP,https://assets.laliga.com/assets/2019/06/07/medium/espanyol.png,17.0,Defender,https://assets.laliga.com/squad/2021/t177/p59790/512x556/p59790_t177_2021_1_001_000.png,3.0,9.0,0.0,0.0,1.0,0.0,0.0,12.0,0.0,4.0,3.0,3.0,0.0,68.0,0.0,0.0,0.0,0.0,0.0,0.0,1.0,1.0,25.0,31.0,55.0,8.0,7.0,23.0,70.0,7.0,3.0,0.0,5.0,9.0,3.0,Defender,4.75
8678.0,Martín Merquelanz,Merquelanz,male,1995-06-12T00:00:00+00:00,72.0,176.0,Rayo Vallecano,RAY,https://assets.laliga.com/assets/2019/06/07/medium/rayo.png,17.0,Forward,https://assets.laliga.com/squad/2021/t184/p201177/512x556/p201177_t184_2021_1_001_000.png,3.0,4.0,0.0,1.0,0.0,0.0,0.0,10.0,0.0,1.0,0.0,7.0,0.0,54.0,0.0,0.0,0.0,0.0,0.0,2.0,3.0,1.0,32.0,16.0,41.0,1.0,2.0,37.0,57.0,2.0,2.0,7.0,3.0,12.0,0.0,Defender,4.6499999999999995
19961.0,Fridolina Rolfö,Fridolina Rolfö,female,1993-11-24T00:00:00+00:00,74.0,178.0,FC Barcelona,FCB,https://assets.laliga.com/assets/2019/06/07/medium/fc-barcelona-femenino.png,16.0,Forward,,0.0,26.0,3.0,0.0,0.0,0.0,1.0,0.0,9.0,6.0,0.0,0.0,0.0,10.0,0.0,0.0,0.0,9.0,0.0,0.0,0.0,0.0,9.0,0.0,10.0,0.0,0.0,0.0,10.0,0.0,19.0,0.0,0.0,0.0,0.0,Defender,4.4
7427.0,Cristian Rivero,C.rivero,male,1998-03-21T00:00:00+00:00,75.0,188.0,AD Alcorcón,ALC,https://assets.laliga.com/assets/2019/06/07/medium/alcorcon.png,13.0,Goalkeeper,,0.0,3.0,0.0,0.0,0.0,0.0,0.0,0.0,0.0,6.0,0.0,0.0,0.0,42.0,0.0,0.0,11.0,0.0,0.0,0.0,0.0,22.0,14.0,34.0,26.0,3.0,0.0,27.0,75.0,0.0,0.0,0.0,27.0,0.0,0.0,Defender,4.3
3587.0,Lara Mata,Lara Mata,female,1993-02-18T00:00:00+00:00,58.0,160.0,Villarreal CF,VIL,https://assets.laliga.com/assets/2021/06/28/medium/9fbd53c24db4a5ff2257fa8ba57b59d4.png,22.0,Defender,https://assets.laliga.com/squad/2021/t18273/p434419/512x556/p434419_t18273_2021_0_001_000.png,0.0,27.0,1.0,0.0,0.0,0.0,4.0,0.0,1.0,59.0,0.0,0.0,0.0,2.0,0.0,1.0,0.0,1.0,0.0,0.0,0.0,0.0,1.0,1.0,2.0,0.0,0.0,0.0,2.0,0.0,2.0,0.0,0.0,0.0,6.0,Defender,4.25
8651.0,Lucia Rodriguez,Lucia Rodriguez,female,1999-05-24T00:00:00+00:00,60.0,164.0,Real Madrid Femenino,RMA,https://assets.laliga.com/assets/2019/06/07/medium/real-madrid.png,18.0,Defender,,0.0,25.0,0.0,0.0,0.0,0.0,2.0,0.0,0.0,12.0,0.0,0.0,0.0,1.0,0.0,0.0,0.0,0.0,0.0,0.0,0.0,0.0,1.0,0.0,1.0,0.0,0.0,0.0,1.0,0.0,1.0,0.0,0.0,0.0,2.0,Midfielder,4.1499999999999995
4532.0,Laura Domínguez,Laura Domínguez,female,1997-08-12T00:00:00+00:00,,,Madrid CFF,MAD,https://assets.laliga.com/assets/2019/06/07/medium/madrid-futbol-femenino.png,7.0,Forward,https://assets.laliga.com/squad/2021/t13320/p213488/512x556/p213488_t13320_2021_0_001_000.png,0.0,27.0,0.0,0.0,0.0,0.0,2.0,0.0,0.0,46.0,0.0,0.0,0.0,1.0,0.0,0.0,0.0,0.0,0.0,0.0,0.0,0.0,1.0,0.0,1.0,0.0,0.0,0.0,1.0,0.0,1.0,0.0,0.0,0.0,2.0,Defender,4.1499999999999995
19547.0,Irene Miguélez,Irene Miguélez,female,2004-07-05T00:00:00+00:00,,,Villarreal CF,VIL,https://assets.laliga.com/assets/2021/06/28/medium/9fbd53c24db4a5ff2257fa8ba57b59d4.png,4.0,Defender,https://assets.laliga.com/squad/2021/t18273/p504871/512x556/p504871_t18273_2021_0_001_000.png,0.0,16.0,1.0,0.0,0.0,0.0,2.0,0.0,0.0,30.0,0.0,0.0,0.0,1.0,0.0,0.0,0.0,0.0,0.0,0.0,0.0,0.0,1.0,0.0,1.0,0.0,0.0,0.0,1.0,0.0,1.0,0.0,0.0,0.0,2.0,Forward,4.1499999999999995
16144.0,Jordi González-Pola González,Jordi,male,2000-04-12T00:00:00+00:00,,,Real Sporting,SPO,https://assets.laliga.com/assets/2019/06/07/medium/sporting.png,29.0,Defender,,2.0,1.0,0.0,0.0,1.0,0.0,0.0,3.0,0.0,1.0,4.0,0.0,0.0,30.0,0.0,0.0,0.0,0.0,0.0,0.0,0.0,1.0,3.0,24.0,26.0,3.0,0.0,4.0,31.0,1.0,0.0,0.0,2.0,2.0,0.0,Forward,4.1499999999999995
3546.0,Elba Vergés,Elba Vergés,female,1995-10-24T00:00:00+00:00,58.0,170.0,SD Eibar,EIB,https://assets.laliga.com/assets/2019/06/07/medium/eibar.png,4.0,Defender,,0.0,30.0,0.0,0.0,0.0,0.0,3.0,0.0,2.0,62.0,0.0,0.0,0.0,1.0,0.0,0.0,0.0,2.0,0.0,0.0,0.0,0.0,0.0,0.0,1.0,0.0,0.0,0.0,1.0,0.0,2.0,0.0,0.0,0.0,5.0,Forward,4.050000000000001
15070.0,Alejandro Velasco Fariñas,Jano,male,1986-12-23T00:00:00+00:00,78.0,188.0,CF Fuenlabrada,FUE,https://assets.laliga.com/assets/2019/06/07/medium/fuenlabrada.png,23.0,Midfielder,https://assets.laliga.com/squad/2021/t7104/p88803/512x556/p88803_t7104_2021_1_001_000.png,4.0,1.0,0.0,0.0,0.0,0.0,0.0,7.0,0.0,1.0,2.0,0.0,0.0,27.0,0.0,0.0,0.0,0.0,0.0,0.0,0.0,0.0,9.0,10.0,19.0,2.0,0.0,9.0,27.0,3.0,0.0,0.0,3.0,5.0,0.0,Defender,4.05
2513.0,Garazi Murua,Garazi Murua,female,1995-01-24T00:00:00+00:00,63.0,167.0,Athletic Club,ATH,https://assets.laliga.com/assets/2019/06/07/medium/athletic-femenino.png,4.0,Defender,https://assets.laliga.com/squad/2021/t12034/p192087/512x556/p192087_t12034_2021_1_001_000.png,0.0,22.0,0.0,0.0,0.0,0.0,2.0,0.0,2.0,28.0,0.0,0.0,0.0,0.0,0.0,0.0,0.0,2.0,0.0,0.0,0.0,0.0,0.0,0.0,0.0,0.0,0.0,0.0,0.0,0.0,2.0,0.0,0.0,0.0,2.0,Midfielder,4.0
8589.0,Aïssatou Tounkara,Aïssatou Tounkara,female,1995-03-16T00:00:00+00:00,60.0,174.0,At. Madrid Femenino,ATM,https://assets.laliga.com/assets/2019/06/07/medium/atletico-feminas.png,19.0,Defender,https://assets.laliga.com/squad/2021/t11212/p176058/512x556/p176058_t11212_2021_1_001_000.png,0.0,15.0,0.0,0.0,0.0,0.0,2.0,0.0,2.0,7.0,0.0,0.0,0.0,0.0,0.0,0.0,0.0,2.0,0.0,0.0,0.0,0.0,0.0,0.0,0.0,0.0,0.0,0.0,0.0,0.0,2.0,0.0,0.0,0.0,2.0,Forward,4.0
9652.0,Diego Lainez,Diego Lainez,male,2000-06-09T00:00:00+00:00,58.0,168.0,Real Betis,BET,https://assets.laliga.com/assets/2019/06/07/medium/betis.png,20.0,Midfielder,,0.0,7.0,0.0,0.0,0.0,0.0,0.0,8.0,0.0,2.0,1.0,3.0,0.0,54.0,0.0,0.0,0.0,1.0,0.0,0.0,6.0,1.0,32.0,11.0,42.0,0.0,4.0,29.0,54.0,1.0,6.0,3.0,1.0,10.0,0.0,Defender,3.8500000000000005
62.0,Gareth Bale,Bale,male,1989-07-16T00:00:00+00:00,81.0,185.0,Real Madrid,RMA,https://assets.laliga.com/assets/2019/06/07/medium/real-madrid.png,18.0,Forward,https://assets.laliga.com/squad/2021/t186/p36903/512x556/p36903_t186_2021_1_001_000.png,7.0,5.0,0.0,2.0,0.0,0.0,0.0,10.0,1.0,3.0,2.0,2.0,1.0,59.0,0.0,0.0,0.0,6.0,0.0,2.0,1.0,1.0,33.0,12.0,42.0,0.0,3.0,31.0,59.0,2.0,15.0,3.0,2.0,14.0,2.0,Defender,3.8000000000000007
1241.0,Alejandro Pérez Navarro,Alex Perez,male,1991-08-11T00:00:00+00:00,88.0,191.0,CD Lugo,LUG,https://assets.laliga.com/assets/2019/06/07/medium/lugo.png,2.0,Defender,https://assets.laliga.com/squad/2021/t5730/p89345/512x556/p89345_t5730_2021_01_001_000.png,3.0,3.0,0.0,0.0,1.0,0.0,0.0,7.0,0.0,0.0,1.0,0.0,0.0,47.0,0.0,0.0,0.0,0.0,0.0,0.0,3.0,6.0,6.0,37.0,37.0,4.0,4.0,10.0,50.0,0.0,2.0,0.0,6.0,1.0,1.0,Goalkeeper,3.750000000000001
4115.0,Miguel Llambrich,M. Llambrich,male,1996-01-18T00:00:00+00:00,68.0,170.0,RCD Espanyol de Barcelona,ESP,https://assets.laliga.com/assets/2019/06/07/medium/espanyol.png,2.0,Defender,https://assets.laliga.com/squad/2021/t177/p220162/512x556/p220162_t177_2021_1_001_000.png,0.0,2.0,0.0,0.0,0.0,0.0,0.0,5.0,0.0,2.0,0.0,0.0,0.0,38.0,0.0,0.0,0.0,0.0,0.0,0.0,2.0,0.0,14.0,14.0,28.0,3.0,0.0,16.0,38.0,2.0,0.0,1.0,4.0,6.0,0.0,Forward,3.4500000000000006
19217.0,Ander Martín,Martin,male,2000-11-16T00:00:00+00:00,,,Real Sociedad,RSO,https://assets.laliga.com/assets/2019/06/07/medium/real-sociedad.png,,Forward,,2.0,5.0,0.0,0.0,0.0,0.0,0.0,4.0,0.0,2.0,3.0,2.0,0.0,41.0,0.0,0.0,0.0,2.0,0.0,0.0,1.0,0.0,25.0,10.0,34.0,1.0,4.0,23.0,43.0,1.0,4.0,3.0,3.0,6.0,0.0,Defender,3.3
25202.0,Rubén Iranzo,R. Iranzo,male,2003-03-14T00:00:00+00:00,,182.0,Valencia CF,VAL,https://assets.laliga.com/assets/2019/06/07/medium/valencia.png,39.0,Defender,,0.0,4.0,0.0,0.0,0.0,0.0,0.0,3.0,0.0,6.0,2.0,0.0,0.0,46.0,0.0,0.0,0.0,0.0,0.0,0.0,0.0,2.0,20.0,18.0,36.0,6.0,2.0,10.0,47.0,3.0,2.0,0.0,5.0,4.0,2.0,Midfielder,3.25
12084.0,Pablo Chavarria,Chavarria,male,1988-01-02T00:00:00+00:00,74.0,182.0,Málaga CF,MGA,https://assets.laliga.com/assets/2019/06/07/medium/malaga.png,12.0,Forward,https://assets.laliga.com/squad/2021/t182/p85659/512x556/p85659_t182_2021_1_001_000.png,14.0,15.0,0.0,0.0,0.0,0.0,1.0,22.0,0.0,4.0,1.0,3.0,10.0,80.0,0.0,0.0,0.0,1.0,0.0,1.0,1.0,0.0,32.0,15.0,46.0,5.0,14.0,66.0,85.0,4.0,21.0,3.0,2.0,37.0,4.0,Defender,3.2499999999999964
14524.0,Ana Carolina Dias de Almeida Sampaio,Ana Carol,female,1990-08-21T00:00:00+00:00,65.0,173.0,Sporting Huelva,SPH,https://assets.laliga.com/assets/2019/06/07/medium/sporting-club.png,3.0,Defender,https://assets.laliga.com/squad/2021/t13327/p456357/512x556/p456357_t13327_2021_0_001_000.png,0.0,10.0,0.0,0.0,0.0,0.0,1.0,0.0,0.0,14.0,0.0,0.0,0.0,0.0,0.0,0.0,0.0,0.0,0.0,0.0,0.0,0.0,0.0,0.0,0.0,0.0,0.0,0.0,0.0,0.0,0.0,0.0,0.0,0.0,0.0,Defender,3.0
5884.0,Claudia Florentino,Claudia Florentino,female,1998-03-10T00:00:00+00:00,54.0,164.0,Real Madrid Femenino,RMA,https://assets.laliga.com/assets/2019/06/07/medium/real-madrid.png,15.0,Defender,,0.0,11.0,0.0,0.0,0.0,0.0,1.0,0.0,0.0,5.0,0.0,0.0,0.0,0.0,0.0,0.0,0.0,0.0,0.0,0.0,0.0,0.0,0.0,0.0,0.0,0.0,0.0,0.0,0.0,0.0,0.0,0.0,0.0,0.0,0.0,Forward,3.0
12773.0,Adriana Nanclares,Adriana Nanclares,female,2002-05-09T00:00:00+00:00,52.0,170.0,Real Sociedad,RSO,https://assets.laliga.com/assets/2019/06/07/medium/real-sociedad.png,1.0,Goalkeeper,https://assets.laliga.com/squad/2021/t13324/p492096/512x556/p492096_t13324_2021_0_001_000.png,0.0,8.0,0.0,0.0,0.0,0.0,1.0,0.0,0.0,23.0,0.0,0.0,0.0,0.0,0.0,0.0,0.0,0.0,0.0,0.0,0.0,0.0,0.0,0.0,0.0,0.0,0.0,0.0,0.0,0.0,0.0,0.0,0.0,0.0,0.0,Defender,3.0
15045.0,Danielle Hayden,Danielle Hayden,female,1998-08-11T00:00:00+00:00,,,Rayo Vallecano,RVM,https://assets.laliga.com/assets/2019/06/07/medium/rayo-femenino.png,2.0,Defender,https://assets.laliga.com/squad/2021/t13321/p516484/512x556/p516484_t13321_2021_1_001_000.png,0.0,12.0,0.0,0.0,0.0,0.0,1.0,0.0,0.0,8.0,0.0,0.0,0.0,0.0,0.0,0.0,0.0,0.0,0.0,0.0,0.0,0.0,0.0,0.0,0.0,0.0,0.0,0.0,0.0,0.0,0.0,0.0,0.0,0.0,0.0,Forward,3.0
14777.0,Noelia García,Noelia García,female,1992-09-25T00:00:00+00:00,,,SD Eibar,EIB,https://assets.laliga.com/assets/2019/06/07/medium/eibar.png,1.0,Goalkeeper,https://assets.laliga.com/squad/2021/t16881/p477901/512x556/p477901_t16881_2021_0_001_000.png,0.0,9.0,0.0,0.0,0.0,0.0,1.0,0.0,0.0,18.0,0.0,0.0,0.0,0.0,0.0,0.0,0.0,0.0,0.0,0.0,0.0,0.0,0.0,0.0,0.0,0.0,0.0,0.0,0.0,0.0,0.0,0.0,0.0,0.0,0.0,Defender,3.0
15058.0,Bibiane Schulze,Bibiane Schulze,female,1998-11-12T00:00:00+00:00,,174.0,VCF Femenino,VCF,https://assets.laliga.com/assets/2019/06/07/medium/valencia-femenino.png,22.0,Defender,https://assets.laliga.com/squad/2021/t13329/p516904/512x556/p516904_t13329_2021_0_001_000.png,0.0,15.0,0.0,0.0,0.0,0.0,2.0,0.0,0.0,20.0,0.0,0.0,0.0,0.0,0.0,0.0,0.0,0.0,0.0,0.0,0.0,0.0,0.0,0.0,0.0,0.0,0.0,0.0,0.0,0.0,0.0,0.0,0.0,0.0,3.0,Forward,3.0
1850.0,John Guidetti,Guidetti,male,1992-04-15T00:00:00+00:00,79.0,185.0,Deportivo Alavés,ALA,https://assets.laliga.com/assets/2020/09/01/medium/27002754a98bf535807fe49a24cc63ea.png,10.0,Forward,https://assets.laliga.com/squad/2021/t173/p82970/512x556/p82970_t173_2021_1_001_000.png,1.0,10.0,0.0,1.0,0.0,0.0,0.0,10.0,0.0,7.0,0.0,4.0,3.0,66.0,0.0,0.0,0.0,2.0,0.0,0.0,4.0,1.0,43.0,11.0,53.0,0.0,9.0,32.0,70.0,2.0,19.0,2.0,1.0,15.0,2.0,Defender,2.8999999999999986
24268.0,Víctor Narro,Victor Narro,male,1999-05-28T00:00:00+00:00,,176.0,Real Valladolid CF,VLL,https://assets.laliga.com/assets/2019/06/07/medium/valladolid.png,38.0,Midfielder,,2.0,3.0,0.0,0.0,0.0,0.0,0.0,4.0,0.0,0.0,2.0,1.0,0.0,19.0,0.0,0.0,0.0,0.0,0.0,0.0,0.0,0.0,13.0,4.0,17.0,2.0,1.0,6.0,19.0,1.0,1.0,2.0,0.0,2.0,0.0,Defender,2.85
4735.0,Daniel Lasure,Lasure,male,1994-02-27T00:00:00+00:00,72.0,176.0,Real Zaragoza,ZAR,https://assets.laliga.com/assets/2019/06/07/medium/zaragoza.png,16.0,Defender,https://assets.laliga.com/squad/2021/t190/p235801/512x556/p235801_t190_2021_1_001_000.png,2.0,2.0,0.0,0.0,0.0,0.0,0.0,3.0,0.0,1.0,2.0,1.0,0.0,27.0,0.0,0.0,0.0,1.0,0.0,1.0,0.0,1.0,10.0,11.0,19.0,3.0,0.0,14.0,29.0,1.0,5.0,0.0,4.0,5.0,0.0,Midfielder,2.75
2932.0,Jonathan Silva,J. Silva,male,1994-06-29T00:00:00+00:00,72.0,178.0,Getafe CF,GET,https://assets.laliga.com/assets/2019/06/07/medium/getafe.png,14.0,Defender,https://assets.laliga.com/squad/2021/t1450/p116132/512x556/p116132_t1450_2021_1_001_000.png,1.0,9.0,0.0,0.0,0.0,0.0,0.0,17.0,0.0,8.0,3.0,2.0,0.0,71.0,0.0,0.0,0.0,1.0,0.0,1.0,1.0,3.0,37.0,14.0,47.0,7.0,10.0,38.0,72.0,10.0,2.0,0.0,7.0,15.0,4.0,Midfielder,2.700000000000001
2932.0,Jonathan Silva,J. Silva,male,1994-06-29T00:00:00+00:00,72.0,178.0,Getafe CF,GET,https://assets.laliga.com/assets/2019/06/07/medium/getafe.png,14.0,Defender,https://assets.laliga.com/squad/2021/t1450/p116132/512x556/p116132_t1450_2021_1_001_000.png,1.0,9.0,0.0,0.0,0.0,0.0,0.0,17.0,0.0,8.0,3.0,2.0,0.0,71.0,0.0,0.0,0.0,1.0,0.0,1.0,1.0,3.0,37.0,14.0,47.0,7.0,10.0,38.0,72.0,10.0,2.0,0.0,7.0,15.0,4.0,Defender,2.700000000000001
6941.0,Francisco Feuillasier Abalo,Feuillassier,male,1998-05-12T00:00:00+00:00,68.0,172.0,SD Eibar,EIB,https://assets.laliga.com/assets/2019/06/07/medium/eibar.png,11.0,Forward,https://assets.laliga.com/squad/2021/t953/p235639/512x556/p235639_t953_2021_1_001_000.png,0.0,8.0,0.0,0.0,0.0,0.0,0.0,15.0,0.0,2.0,3.0,3.0,0.0,43.0,0.0,0.0,0.0,2.0,0.0,0.0,7.0,1.0,27.0,9.0,35.0,2.0,9.0,28.0,43.0,5.0,11.0,7.0,1.0,6.0,1.0,Defender,2.6000000000000005
25520.0,Mario Gila,Gila,male,2000-08-29T00:00:00+00:00,74.0,185.0,Real Madrid,RMA,https://assets.laliga.com/assets/2019/06/07/medium/real-madrid.png,34.0,Defender,,0.0,2.0,0.0,0.0,0.0,0.0,0.0,2.0,0.0,0.0,1.0,0.0,0.0,21.0,0.0,0.0,0.0,0.0,0.0,0.0,1.0,0.0,3.0,16.0,19.0,1.0,0.0,3.0,22.0,1.0,0.0,0.0,2.0,1.0,0.0,Forward,2.45
17031.0,Josep Antoni Gayá Martinez,J. Gayà,male,2000-07-07T00:00:00+00:00,,,RCD Mallorca,MLL,https://assets.laliga.com/assets/2019/06/07/medium/mallorca.png,29.0,Defender,https://assets.laliga.com/squad/2021/t181/p508460/512x556/p508460_t181_2021_1_001_000.png,0.0,1.0,0.0,0.0,0.0,0.0,0.0,0.0,0.0,4.0,1.0,0.0,0.0,26.0,0.0,0.0,0.0,0.0,0.0,0.0,0.0,1.0,4.0,19.0,22.0,3.0,0.0,6.0,28.0,0.0,0.0,0.0,1.0,4.0,0.0,Goalkeeper,2.4
14788.0,Carla Morera,Carla Morera,female,1995-03-17T00:00:00+00:00,,,SD Eibar,EIB,https://assets.laliga.com/assets/2019/06/07/medium/eibar.png,11.0,Defender,https://assets.laliga.com/squad/2021/t16881/p508010/512x556/p508010_t16881_2021_0_001_000.png,0.0,19.0,1.0,0.0,0.0,0.0,1.0,0.0,3.0,30.0,0.0,0.0,0.0,2.0,0.0,0.0,0.0,3.0,0.0,0.0,0.0,0.0,2.0,0.0,2.0,0.0,0.0,0.0,2.0,0.0,5.0,0.0,0.0,0.0,1.0,Goalkeeper,2.3000000000000003
4648.0,David Mayoral,D. Mayoral,male,1997-04-05T00:00:00+00:00,71.0,172.0,CD Lugo,LUG,https://assets.laliga.com/assets/2019/06/07/medium/lugo.png,7.0,Midfielder,https://assets.laliga.com/squad/2021/t5730/p234482/512x556/p234482_t5730_2021_1_001_000.png,4.0,4.0,0.0,0.0,0.0,0.0,0.0,15.0,0.0,3.0,2.0,1.0,0.0,18.0,0.0,0.0,0.0,0.0,0.0,0.0,3.0,1.0,7.0,2.0,8.0,1.0,4.0,22.0,18.0,6.0,8.0,2.0,1.0,8.0,0.0,Defender,2.250000000000001
1703.0,Florin Andone,Andone,male,1993-04-11T00:00:00+00:00,78.0,180.0,Cádiz CF,CAD,https://assets.laliga.com/assets/2019/06/07/medium/cadiz.png,17.0,Forward,https://assets.laliga.com/squad/2021/t1737/p93284/512x556/p93284_t1737_2021_1_001_000.png,7.0,5.0,0.0,0.0,0.0,0.0,0.0,12.0,0.0,7.0,0.0,3.0,3.0,32.0,0.0,0.0,0.0,1.0,0.0,0.0,2.0,0.0,14.0,11.0,25.0,1.0,3.0,25.0,38.0,1.0,7.0,0.0,1.0,12.0,1.0,Defender,2.2500000000000004
2446.0,Hernâni Jorge Santos Fortes,Hernani,male,1991-08-20T00:00:00+00:00,72.0,179.0,UD Las Palmas,LPA,https://assets.laliga.com/assets/2019/06/07/medium/las-palmas.png,3.0,Forward,,1.0,5.0,0.0,0.0,0.0,0.0,0.0,7.0,0.0,4.0,0.0,1.0,1.0,22.0,0.0,0.0,0.0,2.0,0.0,1.0,5.0,0.0,15.0,5.0,19.0,0.0,0.0,17.0,23.0,0.0,7.0,2.0,1.0,3.0,0.0,Defender,2.05
22904.0,Catalina Pérez,Catalina Pérez,female,1994-11-08T00:00:00+00:00,62.0,170.0,R. Betis Féminas,RBB,https://assets.laliga.com/assets/2019/06/07/medium/betis.png,13.0,Goalkeeper,https://assets.laliga.com/squad/2021/t13322/p120861/512x556/p120861_t13322_2021_1_001_000.png,0.0,3.0,0.0,0.0,0.0,0.0,1.0,0.0,0.0,5.0,0.0,0.0,0.0,0.0,0.0,0.0,0.0,0.0,0.0,0.0,0.0,0.0,0.0,0.0,0.0,0.0,0.0,0.0,0.0,0.0,0.0,0.0,0.0,0.0,1.0,Defender,2.0
3665.0,Itziar Gastearena Artola,Gaste,female,1993-05-04T00:00:00+00:00,49.0,161.0,Deportivo Alavés,ALA,https://assets.laliga.com/assets/2021/06/28/medium/42d681848c77e9a837be29b98e03557b.png,4.0,Defender,,0.0,8.0,0.0,0.0,0.0,0.0,1.0,0.0,0.0,19.0,0.0,0.0,0.0,0.0,0.0,0.0,0.0,0.0,0.0,0.0,0.0,0.0,0.0,0.0,0.0,0.0,0.0,0.0,0.0,0.0,0.0,0.0,0.0,0.0,1.0,Midfielder,2.0
6076.0,Berta Pujadas,Berta Pujadas,female,2000-04-09T00:00:00+00:00,66.0,172.0,VCF Femenino,VCF,https://assets.laliga.com/assets/2019/06/07/medium/valencia-femenino.png,2.0,Defender,https://assets.laliga.com/squad/2021/t13329/p212405/512x556/p212405_t13329_2021_1_001_000.png,0.0,10.0,0.0,0.0,0.0,0.0,1.0,0.0,0.0,19.0,0.0,0.0,0.0,0.0,0.0,0.0,0.0,0.0,0.0,0.0,0.0,0.0,0.0,0.0,0.0,0.0,0.0,0.0,0.0,0.0,0.0,0.0,0.0,0.0,1.0,Midfielder,2.0
15065.0,David Rodríguez,David,male,2000-06-26T00:00:00+00:00,,,CD Tenerife,TEN,https://assets.laliga.com/assets/2019/06/07/medium/tenerife.png,32.0,Defender,https://assets.laliga.com/squad/2021/t612/p516035/512x556/p516035_t612_2021_1_001_000.png,0.0,1.0,0.0,0.0,0.0,0.0,0.0,6.0,0.0,1.0,2.0,0.0,0.0,13.0,0.0,0.0,0.0,0.0,0.0,0.0,0.0,0.0,3.0,6.0,9.0,3.0,1.0,6.0,13.0,3.0,0.0,0.0,1.0,3.0,0.0,Goalkeeper,2.0
15068.0,Noko Matlou,Noko Matlou,female,1985-09-30T00:00:00+00:00,61.0,166.0,SD Eibar,EIB,https://assets.laliga.com/assets/2019/06/07/medium/eibar.png,17.0,Defender,,0.0,22.0,0.0,0.0,0.0,0.0,2.0,0.0,0.0,45.0,0.0,0.0,0.0,0.0,0.0,0.0,0.0,0.0,0.0,0.0,0.0,0.0,0.0,0.0,0.0,0.0,0.0,0.0,0.0,0.0,0.0,0.0,0.0,0.0,4.0,Forward,2.0
25471.0,Lauren Leal Costa,Lauren Costa,female,2002-09-13T00:00:00+00:00,,177.0,Madrid CFF,MAD,https://assets.laliga.com/assets/2019/06/07/medium/madrid-futbol-femenino.png,20.0,Defender,,0.0,11.0,0.0,0.0,0.0,0.0,1.0,0.0,0.0,16.0,0.0,0.0,0.0,0.0,0.0,0.0,0.0,0.0,0.0,0.0,0.0,0.0,0.0,0.0,0.0,0.0,0.0,0.0,0.0,0.0,0.0,0.0,0.0,0.0,1.0,Defender,2.0
14586.0,Naroa Uriarte,Naroa Uriarte,female,2001-02-05T00:00:00+00:00,65.0,168.0,Athletic Club,ATH,https://assets.laliga.com/assets/2019/06/07/medium/athletic-femenino.png,5.0,Defender,https://assets.laliga.com/squad/2021/t12034/p469671/512x556/p469671_t12034_2021_1_001_000.png,0.0,10.0,0.0,0.0,0.0,0.0,2.0,0.0,1.0,6.0,0.0,0.0,0.0,0.0,0.0,0.0,0.0,1.0,0.0,0.0,0.0,0.0,0.0,0.0,0.0,0.0,0.0,0.0,0.0,0.0,1.0,0.0,0.0,0.0,4.0,Defender,2.0
1187.0,Matías Nahuel Leiva Esquivel,Nahuel,male,1996-11-22T00:00:00+00:00,70.0,176.0,CD Tenerife,TEN,https://assets.laliga.com/assets/2019/06/07/medium/tenerife.png,17.0,Forward,https://assets.laliga.com/squad/2021/t612/p178063/512x556/p178063_t612_2021_1_001_000.png,0.0,4.0,0.0,0.0,1.0,0.0,0.0,2.0,0.0,3.0,0.0,1.0,0.0,42.0,0.0,0.0,0.0,0.0,0.0,0.0,0.0,3.0,25.0,12.0,34.0,0.0,2.0,15.0,43.0,1.0,6.0,3.0,2.0,4.0,2.0,Defender,1.9000000000000008
26557.0,Alejandro Primo,A. Primo,male,2004-07-10T00:00:00+00:00,,,Levante UD,LEV,https://assets.laliga.com/assets/2019/06/07/medium/levante.png,45.0,Goalkeeper,,0.0,1.0,0.0,0.0,0.0,0.0,0.0,0.0,0.0,1.0,0.0,0.0,0.0,16.0,0.0,0.0,1.0,0.0,0.0,0.0,0.0,3.0,2.0,18.0,17.0,0.0,0.0,5.0,25.0,0.0,0.0,0.0,5.0,0.0,0.0,Defender,1.85
23644.0,Pedro Alejandro García Mejías,Ale Garcia,male,2003-03-19T00:00:00+00:00,,179.0,UD Las Palmas,LPA,https://assets.laliga.com/assets/2019/06/07/medium/las-palmas.png,27.0,Forward,https://assets.laliga.com/squad/2021/t407/p549552/512x556/p549552_t407_2021_1_001_000.png,1.0,4.0,0.0,0.0,0.0,0.0,0.0,2.0,0.0,0.0,0.0,0.0,0.0,21.0,0.0,0.0,0.0,0.0,0.0,0.0,0.0,0.0,8.0,7.0,15.0,1.0,0.0,10.0,21.0,1.0,1.0,0.0,0.0,6.0,0.0,Defender,1.7999999999999998
25331.0,Javier Moreno,Javi Moreno,male,2000-05-16T00:00:00+00:00,,,Real Oviedo,OVI,https://assets.laliga.com/assets/2019/06/07/medium/oviedo.png,28.0,Defender,,2.0,1.0,0.0,0.0,0.0,0.0,0.0,2.0,0.0,0.0,1.0,0.0,0.0,21.0,0.0,0.0,0.0,0.0,0.0,0.0,0.0,2.0,6.0,8.0,12.0,0.0,0.0,10.0,22.0,0.0,0.0,0.0,4.0,4.0,0.0,Forward,1.7000000000000002
16375.0,Raúl Parra,Raúl Parra,male,1999-11-26T00:00:00+00:00,,,Cádiz CF,CAD,https://assets.laliga.com/assets/2019/06/07/medium/cadiz.png,36.0,Defender,,0.0,2.0,0.0,0.0,0.0,0.0,0.0,3.0,0.0,1.0,0.0,0.0,0.0,24.0,0.0,0.0,0.0,0.0,0.0,0.0,0.0,1.0,4.0,10.0,13.0,5.0,0.0,14.0,25.0,2.0,0.0,1.0,4.0,7.0,0.0,Forward,1.7
23363.0,Pedro Ortiz,P. Ortiz,male,2000-08-19T00:00:00+00:00,,184.0,Sevilla FC,SEV,https://assets.laliga.com/assets/2019/06/07/medium/sevilla.png,34.0,Defender,https://assets.laliga.com/squad/2021/t179/p546002/512x556/p546002_t179_2021_1_001_000.png,0.0,1.0,0.0,0.0,0.0,0.0,0.0,0.0,0.0,0.0,0.0,1.0,0.0,14.0,0.0,0.0,0.0,1.0,0.0,0.0,0.0,2.0,9.0,5.0,12.0,1.0,1.0,0.0,14.0,0.0,1.0,0.0,0.0,0.0,0.0,Midfielder,1.7
13804.0,Jesús Areso,Areso,male,1999-07-02T00:00:00+00:00,81.0,182.0,CA Osasuna,OSA,https://assets.laliga.com/assets/2019/06/07/medium/osasuna.png,32.0,Defender,https://assets.laliga.com/squad/2021/t450/p437549/512x556/p437549_t450_2021_1_001_000.png,3.0,3.0,0.0,0.0,0.0,0.0,0.0,10.0,0.0,5.0,0.0,1.0,0.0,38.0,0.0,0.0,0.0,0.0,0.0,0.0,0.0,2.0,17.0,15.0,30.0,2.0,3.0,33.0,38.0,3.0,1.0,0.0,3.0,3.0,1.0,Goalkeeper,1.6000000000000005
4574.0,Álvaro José Jiménez Guerrero,Alvaro J.g.,male,1995-05-19T00:00:00+00:00,71.0,175.0,UD Ibiza,IBI,https://assets.laliga.com/assets/2021/06/24/medium/d7bc0d2c9bf06afd6b5ace9d62771713.png,19.0,Forward,,1.0,8.0,0.0,0.0,0.0,0.0,0.0,18.0,1.0,4.0,1.0,7.0,3.0,78.0,0.0,0.0,0.0,1.0,0.0,3.0,7.0,5.0,36.0,23.0,47.0,2.0,7.0,65.0,81.0,2.0,11.0,6.0,6.0,23.0,2.0,Defender,1.450000000000001
14411.0,Germán Valera,Valera,male,2002-03-16T00:00:00+00:00,68.0,170.0,Real Sociedad,RSO,https://assets.laliga.com/assets/2019/06/07/medium/real-sociedad.png,,Midfielder,,1.0,3.0,0.0,0.0,0.0,0.0,0.0,6.0,0.0,1.0,0.0,0.0,0.0,17.0,0.0,0.0,0.0,0.0,0.0,0.0,2.0,1.0,10.0,4.0,13.0,1.0,3.0,14.0,17.0,3.0,0.0,5.0,1.0,2.0,0.0,Defender,1.4499999999999997
25282.0,Álvaro Roncal,Alvaro Roncal,male,2000-12-25T00:00:00+00:00,,,SD Eibar,EIB,https://assets.laliga.com/assets/2019/06/07/medium/eibar.png,47.0,Midfielder,,0.0,1.0,0.0,0.0,0.0,0.0,0.0,3.0,0.0,2.0,1.0,0.0,0.0,14.0,0.0,0.0,0.0,0.0,0.0,0.0,0.0,2.0,3.0,6.0,7.0,3.0,2.0,7.0,15.0,3.0,0.0,0.0,4.0,2.0,0.0,Defender,1.4
24213.0,Álvaro Sanz,Alvaro Sanz,male,2001-02-14T00:00:00+00:00,,,FC Barcelona,BAR,https://assets.laliga.com/assets/2019/06/07/medium/barcelona.png,34.0,Midfielder,,0.0,2.0,0.0,0.0,0.0,0.0,0.0,1.0,0.0,1.0,0.0,1.0,0.0,12.0,0.0,0.0,0.0,0.0,0.0,0.0,0.0,0.0,8.0,2.0,10.0,0.0,0.0,3.0,12.0,0.0,0.0,1.0,1.0,1.0,0.0,Defender,1.3
26699.0,Diego Sanchez,Diego S.,male,2003-07-18T00:00:00+00:00,,,Real Sporting,SPO,https://assets.laliga.com/assets/2019/06/07/medium/sporting.png,43.0,Defender,,0.0,1.0,0.0,0.0,0.0,0.0,0.0,0.0,0.0,0.0,1.0,0.0,0.0,16.0,0.0,0.0,0.0,0.0,0.0,0.0,0.0,2.0,7.0,8.0,13.0,0.0,1.0,5.0,16.0,0.0,0.0,1.0,0.0,1.0,0.0,Midfielder,1.3
23328.0,Ángel López,Angel,male,2003-02-17T00:00:00+00:00,,176.0,Real Zaragoza,ZAR,https://assets.laliga.com/assets/2019/06/07/medium/zaragoza.png,34.0,Defender,https://assets.laliga.com/squad/2021/t190/p503739/512x556/p503739_t190_2021_1_001_000.png,0.0,1.0,0.0,0.0,0.0,0.0,0.0,4.0,0.0,0.0,0.0,0.0,0.0,6.0,0.0,0.0,0.0,0.0,0.0,0.0,0.0,0.0,2.0,1.0,3.0,0.0,0.0,5.0,6.0,4.0,0.0,0.0,0.0,3.0,0.0,Goalkeeper,1.2500000000000002
14915.0,Jofre Carreras,Jofre C.,male,2001-06-17T00:00:00+00:00,,,RCD Espanyol de Barcelona,ESP,https://assets.laliga.com/assets/2019/06/07/medium/espanyol.png,29.0,Forward,https://assets.laliga.com/squad/2021/t177/p513950/512x556/p513950_t177_2021_0_001_000.png,1.0,3.0,1.0,0.0,0.0,0.0,0.0,6.0,0.0,0.0,0.0,1.0,0.0,5.0,0.0,0.0,0.0,0.0,0.0,2.0,0.0,0.0,5.0,1.0,4.0,0.0,0.0,5.0,5.0,1.0,3.0,1.0,0.0,1.0,0.0,Defender,1.25
14997.0,David Arguelles,David,male,2002-01-10T00:00:00+00:00,,,Real Sporting,SPO,https://assets.laliga.com/assets/2019/06/07/medium/sporting.png,37.0,Defender,https://assets.laliga.com/squad/2021/t616/p514190/512x556/p514190_t616_2021_0_001_000.png,1.0,2.0,0.0,0.0,0.0,0.0,0.0,3.0,0.0,0.0,1.0,0.0,0.0,8.0,0.0,0.0,0.0,0.0,0.0,0.0,0.0,0.0,1.0,6.0,7.0,3.0,0.0,7.0,8.0,2.0,0.0,1.0,0.0,1.0,0.0,Midfielder,1.2000000000000002
16953.0,Javier Mecerreyes,Mecerreyes,male,2000-07-04T00:00:00+00:00,,,Real Sporting,SPO,https://assets.laliga.com/assets/2019/06/07/medium/sporting.png,31.0,Midfielder,,1.0,1.0,0.0,0.0,0.0,0.0,0.0,2.0,0.0,0.0,0.0,0.0,0.0,19.0,0.0,0.0,0.0,0.0,0.0,0.0,0.0,0.0,6.0,12.0,18.0,0.0,2.0,1.0,19.0,1.0,0.0,0.0,0.0,1.0,1.0,Defender,1.2000000000000002
14482.0,Amanda Frisbie,Amanda Frisbie,female,1992-05-29T00:00:00+00:00,,173.0,At. Madrid Femenino,ATM,https://assets.laliga.com/assets/2019/06/07/medium/atletico-feminas.png,12.0,Defender,https://assets.laliga.com/squad/2021/t11212/p186338/512x556/p186338_t11212_2021_0_001_000.png,0.0,8.0,0.0,0.0,0.0,0.0,1.0,0.0,0.0,3.0,0.0,0.0,0.0,1.0,0.0,0.0,0.0,0.0,0.0,0.0,0.0,0.0,1.0,0.0,1.0,0.0,0.0,0.0,1.0,0.0,1.0,0.0,0.0,0.0,2.0,Midfielder,1.15
14408.0,Clare Pleuler,Clare Pleuler,female,1993-12-20T00:00:00+00:00,59.0,,Real Sociedad,RSO,https://assets.laliga.com/assets/2019/06/07/medium/real-sociedad.png,4.0,Midfielder,,0.0,11.0,0.0,0.0,0.0,0.0,1.0,0.0,0.0,1.0,0.0,0.0,0.0,1.0,0.0,0.0,0.0,0.0,0.0,0.0,0.0,0.0,1.0,0.0,1.0,0.0,0.0,0.0,1.0,0.0,1.0,0.0,0.0,0.0,2.0,Defender,1.15
9627.0,Aldana Cometti,Aldana Cometti,female,1996-03-03T00:00:00+00:00,56.0,166.0,Levante UD,LUD,https://assets.laliga.com/assets/2019/06/07/medium/levante-femenino.png,21.0,Defender,https://assets.laliga.com/squad/2021/t13319/p448429/512x556/p448429_t13319_2021_1_001_000.png,0.0,24.0,1.0,0.0,0.0,0.0,2.0,0.0,1.0,31.0,0.0,0.0,0.0,1.0,0.0,0.0,0.0,1.0,0.0,0.0,0.0,0.0,1.0,0.0,1.0,0.0,0.0,0.0,1.0,0.0,2.0,0.0,0.0,0.0,5.0,Goalkeeper,1.1499999999999995
14481.0,Antônia Ronnycleide da Costa Silva,Antônia,female,1994-04-26T00:00:00+00:00,61.0,167.0,Madrid CFF,MAD,https://assets.laliga.com/assets/2019/06/07/medium/madrid-futbol-femenino.png,3.0,Defender,https://assets.laliga.com/squad/2021/t13320/p428805/512x556/p428805_t13320_2021_0_001_000.png,0.0,29.0,0.0,0.0,0.0,0.0,2.0,0.0,0.0,59.0,0.0,0.0,0.0,1.0,0.0,0.0,0.0,0.0,0.0,0.0,0.0,0.0,0.0,1.0,1.0,0.0,0.0,0.0,1.0,0.0,1.0,0.0,0.0,0.0,5.0,Defender,1.0999999999999996
23360.0,Jacques Dago,Dago,male,1999-03-10T00:00:00+00:00,,,CF Fuenlabrada,FUE,https://assets.laliga.com/assets/2019/06/07/medium/fuenlabrada.png,30.0,Forward,https://assets.laliga.com/squad/2021/t7104/p547725/512x556/p547725_t7104_2021_1_001_000.png,10.0,7.0,0.0,0.0,1.0,0.0,0.0,20.0,0.0,3.0,0.0,2.0,2.0,45.0,0.0,0.0,0.0,0.0,1.0,0.0,1.0,1.0,19.0,8.0,26.0,2.0,3.0,34.0,48.0,3.0,12.0,1.0,0.0,21.0,1.0,Defender,1.0500000000000007
12440.0,Kosovare Asllani,Kosovare Asllani,female,1989-07-29T00:00:00+00:00,58.0,166.0,Real Madrid Femenino,RMA,https://assets.laliga.com/assets/2019/06/07/medium/real-madrid.png,9.0,Forward,,0.0,17.0,0.0,0.0,0.0,0.0,1.0,0.0,3.0,11.0,0.0,0.0,0.0,0.0,0.0,0.0,0.0,3.0,0.0,0.0,0.0,0.0,0.0,0.0,0.0,0.0,0.0,0.0,0.0,0.0,3.0,0.0,0.0,0.0,2.0,Defender,1.0
14585.0,Laia Ballesté,Laia Ballesté,female,1999-09-22T00:00:00+00:00,,,Rayo Vallecano,RVM,https://assets.laliga.com/assets/2019/06/07/medium/rayo-femenino.png,3.0,Defender,https://assets.laliga.com/squad/2021/t13321/p504747/512x556/p504747_t13321_2021_1_001_000.png,0.0,28.0,0.0,0.0,0.0,0.0,2.0,0.0,1.0,60.0,0.0,0.0,0.0,0.0,0.0,0.0,0.0,1.0,0.0,0.0,0.0,0.0,0.0,0.0,0.0,0.0,0.0,0.0,0.0,0.0,1.0,0.0,0.0,0.0,5.0,Goalkeeper,1.0
12740.0,Raúl Caballero,Raul Caballero,male,2001-11-16T00:00:00+00:00,,,UD Almería,ALM,https://assets.laliga.com/assets/2019/06/07/medium/almeria.png,28.0,Forward,https://assets.laliga.com/squad/2021/t1564/p491867/512x556/p491867_t1564_2021_1_001_000.png,1.0,3.0,0.0,0.0,0.0,0.0,0.0,2.0,0.0,1.0,0.0,0.0,0.0,13.0,0.0,0.0,0.0,0.0,0.0,0.0,1.0,0.0,6.0,3.0,9.0,0.0,0.0,9.0,13.0,0.0,2.0,1.0,1.0,3.0,0.0,Defender,0.85
15770.0,Eusebio Monzó,Euse,male,2000-12-04T00:00:00+00:00,,188.0,SD Huesca,HUE,https://assets.laliga.com/assets/2019/06/07/medium/huesca.png,38.0,Defender,,0.0,1.0,0.0,0.0,0.0,0.0,0.0,0.0,0.0,0.0,0.0,0.0,0.0,12.0,0.0,0.0,0.0,0.0,0.0,0.0,0.0,1.0,3.0,6.0,8.0,0.0,0.0,4.0,12.0,0.0,0.0,0.0,0.0,3.0,0.0,Defender,0.8000000000000002
15592.0,Sergio Santos,Santos,male,2001-01-03T00:00:00+00:00,,178.0,Real Madrid,RMA,https://assets.laliga.com/assets/2019/06/07/medium/real-madrid.png,43.0,Defender,,0.0,1.0,0.0,0.0,0.0,0.0,0.0,0.0,0.0,0.0,0.0,1.0,0.0,6.0,0.0,0.0,0.0,0.0,0.0,1.0,0.0,0.0,2.0,5.0,6.0,0.0,0.0,0.0,6.0,0.0,0.0,0.0,0.0,0.0,0.0,Goalkeeper,0.75
1814.0,Juan Pérez,Juan Perez,male,1996-07-15T00:00:00+00:00,83.0,187.0,CA Osasuna,OSA,https://assets.laliga.com/assets/2019/06/07/medium/osasuna.png,13.0,Goalkeeper,https://assets.laliga.com/squad/2021/t450/p208765/512x556/p208765_t450_2021_1_001_000.png,0.0,2.0,0.0,0.0,0.0,1.0,0.0,0.0,0.0,3.0,0.0,0.0,0.0,20.0,0.0,0.0,2.0,0.0,0.0,0.0,0.0,11.0,6.0,8.0,3.0,2.0,0.0,21.0,35.0,0.0,0.0,0.0,19.0,2.0,0.0,Defender,0.75
1462.0,Daniel Hernández,Dani H.,male,1985-10-21T00:00:00+00:00,89.0,196.0,CD Tenerife,TEN,https://assets.laliga.com/assets/2019/06/07/medium/tenerife.png,13.0,Goalkeeper,https://assets.laliga.com/squad/2021/t612/p76559/512x556/p76559_t612_2021_1_001_000.png,0.0,1.0,0.0,0.0,0.0,0.0,0.0,0.0,0.0,2.0,0.0,0.0,0.0,6.0,0.0,0.0,3.0,0.0,0.0,0.0,0.0,3.0,2.0,6.0,5.0,0.0,0.0,4.0,12.0,0.0,0.0,0.0,4.0,0.0,0.0,Defender,0.7000000000000001
23362.0,Kevin Manzano Cortés,Kevin,male,1999-02-25T00:00:00+00:00,,,CF Fuenlabrada,FUE,https://assets.laliga.com/assets/2019/06/07/medium/fuenlabrada.png,33.0,Defender,https://assets.laliga.com/squad/2021/t7104/p518932/512x556/p518932_t7104_2021_1_001_000.png,1.0,2.0,0.0,0.0,0.0,0.0,0.0,3.0,0.0,0.0,0.0,0.0,0.0,11.0,0.0,0.0,0.0,0.0,0.0,0.0,1.0,0.0,6.0,1.0,7.0,0.0,2.0,8.0,11.0,1.0,1.0,0.0,0.0,4.0,0.0,Defender,0.6500000000000002
23368.0,Jesús Owono,Owono,male,2001-03-01T00:00:00+00:00,67.0,183.0,Deportivo Alavés,ALA,https://assets.laliga.com/assets/2020/09/01/medium/27002754a98bf535807fe49a24cc63ea.png,31.0,Goalkeeper,https://assets.laliga.com/squad/2021/t173/p470312/512x556/p470312_t173_2021_1_001_000.png,0.0,1.0,0.0,0.0,0.0,0.0,0.0,0.0,0.0,1.0,0.0,0.0,0.0,8.0,0.0,0.0,3.0,0.0,0.0,0.0,0.0,8.0,6.0,3.0,1.0,1.0,0.0,12.0,21.0,0.0,0.0,0.0,12.0,0.0,0.0,Defender,0.6499999999999999
15768.0,Sergio Barcia,S. Barcia,male,2000-12-31T00:00:00+00:00,,,Granada CF,GRA,https://assets.laliga.com/assets/2019/06/07/medium/granada.png,29.0,Defender,https://assets.laliga.com/squad/2021/t5683/p519841/512x556/p519841_t5683_2021_1_001_000.png,1.0,1.0,0.0,0.0,1.0,0.0,0.0,1.0,0.0,1.0,1.0,0.0,0.0,22.0,0.0,0.0,0.0,0.0,0.0,0.0,0.0,0.0,1.0,7.0,8.0,0.0,0.0,15.0,22.0,0.0,0.0,0.0,7.0,7.0,0.0,Midfielder,0.5500000000000003
12621.0,Cristo Romero,Romero,male,2000-04-30T00:00:00+00:00,62.0,173.0,Real Sociedad,RSO,https://assets.laliga.com/assets/2019/06/07/medium/real-sociedad.png,42.0,Defender,,0.0,1.0,0.0,0.0,0.0,0.0,0.0,0.0,0.0,0.0,0.0,1.0,0.0,7.0,0.0,0.0,0.0,0.0,0.0,2.0,0.0,0.0,6.0,2.0,6.0,0.0,1.0,3.0,7.0,0.0,0.0,2.0,1.0,0.0,0.0,Defender,0.55
12621.0,Cristo Romero,Romero,male,2000-04-30T00:00:00+00:00,62.0,173.0,Real Sociedad,RSO,https://assets.laliga.com/assets/2019/06/07/medium/real-sociedad.png,,Defender,,0.0,1.0,0.0,0.0,0.0,0.0,0.0,0.0,0.0,0.0,0.0,1.0,0.0,7.0,0.0,0.0,0.0,0.0,0.0,2.0,0.0,0.0,6.0,2.0,6.0,0.0,1.0,3.0,7.0,0.0,0.0,2.0,1.0,0.0,0.0,Forward,0.55
3603.0,María José Pérez,María José Pérez,female,1984-03-19T00:00:00+00:00,52.0,156.0,UD Granadilla Tenerife Egatesa,UDG,https://assets.laliga.com/assets/2019/06/07/medium/granadilla.png,17.0,Forward,https://assets.laliga.com/squad/2021/t13328/p434332/512x556/p434332_t13328_2021_1_001_000.png,0.0,30.0,0.0,0.0,0.0,0.0,1.0,0.0,11.0,31.0,0.0,0.0,0.0,4.0,0.0,0.0,0.0,11.0,0.0,0.0,0.0,0.0,3.0,1.0,4.0,0.0,0.0,0.0,4.0,0.0,15.0,0.0,0.0,0.0,3.0,Defender,0.5499999999999998
23364.0,José Ángel Carmona,Carmona,male,2002-01-29T00:00:00+00:00,,183.0,Sevilla FC,SEV,https://assets.laliga.com/assets/2019/06/07/medium/sevilla.png,30.0,Defender,https://assets.laliga.com/squad/2021/t179/p545998/512x556/p545998_t179_2021_1_001_000.png,0.0,1.0,0.0,0.0,0.0,0.0,0.0,2.0,0.0,0.0,1.0,0.0,0.0,8.0,0.0,0.0,0.0,0.0,0.0,0.0,1.0,1.0,2.0,4.0,5.0,0.0,0.0,6.0,9.0,0.0,1.0,0.0,1.0,2.0,0.0,Defender,0.5499999999999998
24270.0,Xavier Pons,Xavi Pons,male,2000-11-14T00:00:00+00:00,,,FC Cartagena,CAR,https://assets.laliga.com/assets/2022/02/11/medium/1628caa9b2002a11e564eb84b3677f78.png,31.0,Midfielder,,0.0,1.0,0.0,0.0,0.0,0.0,0.0,1.0,0.0,0.0,0.0,0.0,0.0,3.0,0.0,0.0,0.0,0.0,0.0,0.0,0.0,0.0,1.0,1.0,2.0,0.0,0.0,1.0,3.0,1.0,0.0,0.0,1.0,0.0,0.0,Defender,0.5000000000000001
25408.0,Iñaki León Merino,Iñaki,male,2000-02-13T00:00:00+00:00,,,CF Fuenlabrada,FUE,https://assets.laliga.com/assets/2019/06/07/medium/fuenlabrada.png,40.0,Defender,,0.0,1.0,0.0,0.0,0.0,0.0,0.0,1.0,0.0,2.0,0.0,0.0,0.0,15.0,0.0,0.0,0.0,0.0,0.0,0.0,1.0,2.0,5.0,9.0,12.0,0.0,1.0,2.0,16.0,0.0,0.0,0.0,1.0,1.0,1.0,Forward,0.4500000000000002
9642.0,Hugo Vallejo,Hugo Vallejo,male,2000-02-15T00:00:00+00:00,77.0,181.0,Real Valladolid CF,VLL,https://assets.laliga.com/assets/2019/06/07/medium/valladolid.png,27.0,Forward,https://assets.laliga.com/squad/2021/t192/p474289/512x556/p474289_t192_2021_1_001_000.png,2.0,2.0,0.0,0.0,0.0,0.0,0.0,4.0,0.0,0.0,0.0,0.0,0.0,15.0,0.0,0.0,0.0,0.0,0.0,0.0,1.0,0.0,11.0,0.0,11.0,1.0,1.0,10.0,15.0,0.0,2.0,2.0,0.0,4.0,1.0,Defender,0.40000000000000013
25605.0,Israel García,Israel,male,2004-01-29T00:00:00+00:00,,,AD Alcorcón,ALC,https://assets.laliga.com/assets/2019/06/07/medium/alcorcon.png,34.0,Forward,,2.0,4.0,0.0,0.0,0.0,0.0,0.0,4.0,0.0,1.0,0.0,1.0,1.0,8.0,0.0,0.0,0.0,1.0,0.0,0.0,0.0,0.0,4.0,0.0,4.0,0.0,1.0,11.0,8.0,1.0,4.0,1.0,0.0,4.0,0.0,Defender,0.4000000000000001
23694.0,Iker Bachiller,Iker,male,2002-09-14T00:00:00+00:00,,,AD Alcorcón,ALC,https://assets.laliga.com/assets/2019/06/07/medium/alcorcon.png,27.0,Defender,https://assets.laliga.com/squad/2021/t5233/p467022/512x556/p467022_t5233_2021_1_001_000.png,0.0,1.0,0.0,0.0,0.0,0.0,0.0,0.0,0.0,0.0,0.0,0.0,0.0,4.0,0.0,0.0,0.0,0.0,0.0,0.0,0.0,0.0,2.0,2.0,4.0,0.0,0.0,1.0,4.0,0.0,0.0,0.0,0.0,0.0,0.0,Forward,0.4
25264.0,Mika Mármol,Mika Marmol,male,2001-07-03T00:00:00+00:00,,,FC Barcelona,BAR,https://assets.laliga.com/assets/2019/06/07/medium/barcelona.png,41.0,Defender,,0.0,1.0,0.0,0.0,0.0,0.0,0.0,0.0,0.0,0.0,0.0,0.0,0.0,5.0,0.0,0.0,0.0,0.0,0.0,0.0,0.0,0.0,1.0,3.0,4.0,0.0,0.0,1.0,5.0,0.0,0.0,0.0,0.0,1.0,0.0,Forward,0.4
13342.0,María Inmaculada Gabarro,Inma Gabarro,female,2002-11-05T00:00:00+00:00,,,Sevilla FC,SFC,https://assets.laliga.com/assets/2019/06/07/medium/sevilla.png,10.0,Midfielder,https://assets.laliga.com/squad/2021/t13326/p499954/512x556/p499954_t13326_2021_1_001_000.png,0.0,30.0,0.0,0.0,0.0,0.0,1.0,0.0,5.0,34.0,0.0,0.0,0.0,3.0,0.0,0.0,0.0,5.0,0.0,0.0,0.0,0.0,2.0,1.0,3.0,0.0,0.0,0.0,3.0,0.0,8.0,0.0,0.0,0.0,3.0,Defender,0.3999999999999999
23692.0,Pablo Marín,Marin,male,2003-07-03T00:00:00+00:00,,,R. Sociedad B,RSOB,https://assets.laliga.com/assets/2019/06/07/medium/real-sociedad.png,36.0,Midfielder,https://assets.laliga.com/squad/2021/t3567/p547455/512x556/p547455_t3567_2021_1_001_000.png,0.0,1.0,0.0,0.0,0.0,0.0,0.0,0.0,0.0,0.0,0.0,0.0,0.0,3.0,0.0,0.0,0.0,0.0,0.0,0.0,0.0,0.0,1.0,2.0,3.0,0.0,0.0,0.0,3.0,0.0,0.0,0.0,0.0,0.0,0.0,Defender,0.35000000000000003
1397.0,Saul García,Saul,male,1994-11-09T00:00:00+00:00,76.0,182.0,Deportivo Alavés,ALA,https://assets.laliga.com/assets/2020/09/01/medium/27002754a98bf535807fe49a24cc63ea.png,12.0,Defender,https://assets.laliga.com/squad/2021/t173/p174955/512x556/p174955_t173_2021_1_001_000.png,0.0,1.0,0.0,0.0,0.0,0.0,0.0,1.0,0.0,0.0,0.0,0.0,0.0,3.0,0.0,0.0,0.0,0.0,0.0,0.0,0.0,1.0,0.0,1.0,0.0,0.0,0.0,2.0,3.0,1.0,0.0,0.0,1.0,1.0,0.0,Midfielder,0.3
8588.0,Camila Sáez,Camila Sáez,female,1994-10-17T00:00:00+00:00,,167.0,Rayo Vallecano,RVM,https://assets.laliga.com/assets/2019/06/07/medium/rayo-femenino.png,18.0,Defender,https://assets.laliga.com/squad/2021/t13321/p435934/512x556/p435934_t13321_2021_1_001_000.png,0.0,26.0,2.0,0.0,0.0,0.0,3.0,0.0,4.0,59.0,0.0,0.0,0.0,2.0,0.0,0.0,0.0,5.0,0.0,0.0,0.0,0.0,2.0,0.0,2.0,0.0,0.0,0.0,2.0,0.0,6.0,0.0,0.0,0.0,9.0,Goalkeeper,0.29999999999999893
1849.0,Daniel Wass,Wass,male,1989-05-31T00:00:00+00:00,74.0,181.0,Atlético de Madrid,ATM,https://assets.laliga.com/assets/2019/06/07/medium/atletico.png,17.0,Midfielder,https://assets.laliga.com/squad/2021/t175/p56624/512x556/p56624_t175_2021_1_001_000.png,0.0,1.0,0.0,0.0,0.0,0.0,0.0,2.0,0.0,1.0,0.0,0.0,1.0,17.0,0.0,0.0,0.0,0.0,0.0,0.0,1.0,0.0,6.0,7.0,13.0,3.0,1.0,8.0,17.0,0.0,0.0,0.0,2.0,2.0,1.0,Defender,0.15000000000000036
16100.0,Víctor Sanchís,Sanchís,male,2001-03-28T00:00:00+00:00,,,CD Mirandés,MIR,https://assets.laliga.com/assets/2019/06/07/medium/mirandes.png,32.0,Defender,https://assets.laliga.com/squad/2021/t5741/p522741/512x556/p522741_t5741_2021_1_001_000.png,1.0,1.0,0.0,0.0,1.0,0.0,0.0,2.0,0.0,0.0,2.0,0.0,0.0,8.0,0.0,0.0,0.0,0.0,0.0,0.0,0.0,1.0,1.0,4.0,4.0,2.0,1.0,4.0,9.0,1.0,0.0,0.0,2.0,2.0,1.0,Forward,0.15000000000000013
24283.0,Luis Miguel Cruz Hernández,Luismi Cruz,male,2001-05-23T00:00:00+00:00,,166.0,Sevilla FC,SEV,https://assets.laliga.com/assets/2019/06/07/medium/sevilla.png,27.0,Forward,https://assets.laliga.com/squad/2021/t179/p546000/512x556/p546000_t179_2021_1_001_000.png,0.0,2.0,0.0,0.0,0.0,0.0,0.0,1.0,0.0,0.0,0.0,0.0,0.0,6.0,0.0,0.0,0.0,0.0,0.0,0.0,1.0,0.0,1.0,1.0,2.0,0.0,0.0,4.0,6.0,0.0,0.0,0.0,1.0,3.0,0.0,Defender,0.15000000000000002
7598.0,Laura Moreno,Laura Moreno,female,2000-11-11T00:00:00+00:00,,,R. Betis Féminas,RBB,https://assets.laliga.com/assets/2019/06/07/medium/betis.png,27.0,Forward,https://assets.laliga.com/squad/2021/t13322/p434453/512x556/p434453_t13322_2021_1_001_000.png,0.0,15.0,0.0,0.0,0.0,0.0,0.0,0.0,0.0,7.0,0.0,0.0,0.0,1.0,0.0,0.0,0.0,0.0,0.0,0.0,0.0,0.0,1.0,0.0,1.0,0.0,0.0,0.0,1.0,0.0,1.0,0.0,0.0,0.0,0.0,Defender,0.15000000000000002
164.0,Ander Capa,Capa,male,1992-02-08T00:00:00+00:00,75.0,175.0,Athletic Club,ATH,https://assets.laliga.com/assets/2019/06/07/medium/athletic.png,21.0,Defender,https://assets.laliga.com/squad/2021/t174/p140266/512x556/p140266_t174_2021_1_001_000.png,0.0,1.0,0.0,0.0,0.0,0.0,0.0,0.0,0.0,0.0,0.0,0.0,0.0,2.0,0.0,0.0,0.0,0.0,0.0,0.0,0.0,0.0,1.0,0.0,1.0,0.0,0.0,1.0,2.0,0.0,0.0,0.0,0.0,1.0,0.0,Midfielder,0.1
19086.0,Hugo Sotelo,Hugo Sotelo,male,2003-12-19T00:00:00+00:00,,,RC Celta,CEL,https://assets.laliga.com/assets/2019/06/07/medium/celta.png,33.0,Midfielder,https://assets.laliga.com/squad/2021/t176/p538283/512x556/p538283_t176_2021_1_001_000.png,0.0,1.0,0.0,0.0,0.0,0.0,0.0,0.0,0.0,1.0,0.0,0.0,0.0,1.0,0.0,0.0,0.0,0.0,0.0,0.0,0.0,0.0,0.0,1.0,1.0,0.0,0.0,0.0,1.0,0.0,0.0,0.0,0.0,0.0,0.0,Defender,0.1
24970.0,Álvaro Aguirre,Aguirre,male,2000-02-03T00:00:00+00:00,,,Rayo Vallecano,RAY,https://assets.laliga.com/assets/2019/06/07/medium/rayo.png,28.0,Midfielder,,0.0,1.0,0.0,0.0,0.0,0.0,0.0,0.0,0.0,0.0,0.0,0.0,0.0,2.0,0.0,0.0,0.0,0.0,0.0,0.0,0.0,0.0,0.0,2.0,2.0,0.0,0.0,1.0,2.0,0.0,0.0,0.0,0.0,0.0,0.0,Defender,0.1
26572.0,Unai Ropero,Ropero,male,2001-11-20T00:00:00+00:00,,188.0,Deportivo Alavés,ALA,https://assets.laliga.com/assets/2020/09/01/medium/27002754a98bf535807fe49a24cc63ea.png,41.0,Forward,,0.0,1.0,0.0,0.0,0.0,0.0,0.0,1.0,0.0,0.0,1.0,0.0,0.0,1.0,0.0,0.0,0.0,0.0,0.0,0.0,0.0,0.0,0.0,1.0,1.0,0.0,0.0,2.0,1.0,0.0,0.0,0.0,0.0,0.0,0.0,Defender,0.09999999999999998
22854.0,Javier Serrano Martínez,J.serrano,male,2003-01-16T00:00:00+00:00,,,Atlético de Madrid,ATM,https://assets.laliga.com/assets/2019/06/07/medium/atletico.png,26.0,Midfielder,https://assets.laliga.com/squad/2021/t175/p494930/512x556/p494930_t175_2021_1_001_000.png,4.0,5.0,0.0,0.0,0.0,0.0,0.0,8.0,0.0,0.0,3.0,0.0,0.0,37.0,0.0,0.0,0.0,0.0,1.0,0.0,0.0,1.0,8.0,21.0,28.0,2.0,4.0,12.0,37.0,3.0,0.0,1.0,2.0,6.0,1.0,Defender,0.09999999999999964
26573.0,Giorgi Gagua,Gagua,male,2001-10-10T00:00:00+00:00,,193.0,Deportivo Alavés,ALA,https://assets.laliga.com/assets/2020/09/01/medium/27002754a98bf535807fe49a24cc63ea.png,34.0,Forward,,0.0,0.0,0.0,0.0,0.0,0.0,0.0,0.0,0.0,0.0,0.0,0.0,0.0,0.0,0.0,0.0,0.0,0.0,0.0,0.0,0.0,0.0,0.0,0.0,0.0,0.0,0.0,0.0,0.0,0.0,0.0,0.0,0.0,0.0,0.0,Defender,0.0
14778.0,Eider Egaña,Eider Egaña,female,2002-08-02T00:00:00+00:00,,,SD Eibar,EIB,https://assets.laliga.com/assets/2019/06/07/medium/eibar.png,30.0,Goalkeeper,https://assets.laliga.com/squad/2021/t16881/p508003/512x556/p508003_t16881_2021_0_001_000.png,0.0,0.0,0.0,0.0,0.0,0.0,0.0,0.0,0.0,0.0,0.0,0.0,0.0,0.0,0.0,0.0,0.0,0.0,0.0,0.0,0.0,0.0,0.0,0.0,0.0,0.0,0.0,0.0,0.0,0.0,0.0,0.0,0.0,0.0,0.0,Defender,0.0
14942.0,Francisco Delgado,F. Delgado,male,2001-07-11T00:00:00+00:00,,,Real Betis,BET,https://assets.laliga.com/assets/2019/06/07/medium/betis.png,32.0,Defender,https://assets.laliga.com/squad/2021/t185/p514476/512x556/p514476_t185_2021_1_001_000.png,0.0,0.0,0.0,0.0,0.0,0.0,0.0,0.0,0.0,0.0,0.0,0.0,0.0,0.0,0.0,0.0,0.0,0.0,0.0,0.0,0.0,0.0,0.0,0.0,0.0,0.0,0.0,0.0,0.0,0.0,0.0,0.0,0.0,0.0,0.0,Defender,0.0
19075.0,Estela Carbonell,Estela Carbonell,female,2004-10-18T00:00:00+00:00,,168.0,Levante UD,LUD,https://assets.laliga.com/assets/2019/06/07/medium/levante-femenino.png,26.0,Defender,https://assets.laliga.com/squad/2021/t13319/p504709/512x556/p504709_t13319_2021_1_001_000.png,0.0,4.0,0.0,0.0,0.0,0.0,0.0,0.0,0.0,5.0,0.0,0.0,0.0,0.0,0.0,0.0,0.0,0.0,0.0,0.0,0.0,0.0,0.0,0.0,0.0,0.0,0.0,0.0,0.0,0.0,0.0,0.0,0.0,0.0,0.0,Goalkeeper,0.0
25820.0,Elisabet López,Elisabet López,female,2004-05-27T00:00:00+00:00,,,Sevilla FC,SFC,https://assets.laliga.com/assets/2019/06/07/medium/sevilla.png,30.0,Goalkeeper,,0.0,0.0,0.0,0.0,0.0,0.0,0.0,0.0,0.0,0.0,0.0,0.0,0.0,0.0,0.0,0.0,0.0,0.0,0.0,0.0,0.0,0.0,0.0,0.0,0.0,0.0,0.0,0.0,0.0,0.0,0.0,0.0,0.0,0.0,0.0,Defender,0.0
25756.0,Emma Tovar,Emma Tovar,female,2003-12-04T00:00:00+00:00,,,VCF Femenino,VCF,https://assets.laliga.com/assets/2019/06/07/medium/valencia-femenino.png,40.0,Defender,,0.0,1.0,0.0,0.0,0.0,0.0,0.0,0.0,0.0,0.0,0.0,0.0,0.0,0.0,0.0,0.0,0.0,0.0,0.0,0.0,0.0,0.0,0.0,0.0,0.0,0.0,0.0,0.0,0.0,0.0,0.0,0.0,0.0,0.0,0.0,Goalkeeper,0.0
24214.0,Esther Calderón,Esther Calderón,female,1999-11-11T00:00:00+00:00,,,Rayo Vallecano,RVM,https://assets.laliga.com/assets/2019/06/07/medium/rayo-femenino.png,28.0,Defender,,0.0,0.0,0.0,0.0,0.0,0.0,0.0,0.0,0.0,0.0,0.0,0.0,0.0,0.0,0.0,0.0,0.0,0.0,0.0,0.0,0.0,0.0,0.0,0.0,0.0,0.0,0.0,0.0,0.0,0.0,0.0,0.0,0.0,0.0,0.0,Forward,0.0
18998.0,Cristina Librán,Cristina Librán,female,2006-01-11T00:00:00+00:00,,,Madrid CFF,MAD,https://assets.laliga.com/assets/2019/06/07/medium/madrid-futbol-femenino.png,25.0,Midfielder,,0.0,4.0,0.0,0.0,0.0,0.0,0.0,0.0,1.0,8.0,0.0,0.0,0.0,0.0,0.0,0.0,0.0,1.0,0.0,0.0,0.0,0.0,0.0,0.0,0.0,0.0,0.0,0.0,0.0,0.0,1.0,0.0,0.0,0.0,0.0,Defender,0.0
6322.0,Gaizka Campos,Gaizka,male,1997-05-16T00:00:00+00:00,80.0,189.0,RC Celta,CEL,https://assets.laliga.com/assets/2019/06/07/medium/celta.png,26.0,Goalkeeper,,0.0,0.0,0.0,0.0,0.0,0.0,0.0,0.0,0.0,0.0,0.0,0.0,0.0,0.0,0.0,0.0,0.0,0.0,0.0,0.0,0.0,0.0,0.0,0.0,0.0,0.0,0.0,0.0,0.0,0.0,0.0,0.0,0.0,0.0,0.0,Defender,0.0
12697.0,Fernando Medrano,Medrano,male,2000-03-26T00:00:00+00:00,,,RC Celta,CEL,https://assets.laliga.com/assets/2019/06/07/medium/celta.png,34.0,Defender,https://assets.laliga.com/squad/2021/t176/p439321/512x556/p439321_t176_2021_1_001_000.png,0.0,0.0,0.0,0.0,0.0,0.0,0.0,0.0,0.0,0.0,0.0,0.0,0.0,0.0,0.0,0.0,0.0,0.0,0.0,0.0,0.0,0.0,0.0,0.0,0.0,0.0,0.0,0.0,0.0,0.0,0.0,0.0,0.0,0.0,0.0,Goalkeeper,0.0
25550.0,Gastón Álvarez,Gaston,male,2000-03-24T00:00:00+00:00,72.0,184.0,Getafe CF,GET,https://assets.laliga.com/assets/2019/06/07/medium/getafe.png,4.0,Defender,https://assets.laliga.com/squad/2021/t1450/p501039/512x556/p501039_t1450_2021_1_001_000.png,0.0,0.0,0.0,0.0,0.0,0.0,0.0,0.0,0.0,0.0,0.0,0.0,0.0,0.0,0.0,0.0,0.0,0.0,0.0,0.0,0.0,0.0,0.0,0.0,0.0,0.0,0.0,0.0,0.0,0.0,0.0,0.0,0.0,0.0,0.0,Defender,0.0
25810.0,Esther Laborde,Esther Laborde,female,2004-04-20T00:00:00+00:00,,,FC Barcelona,FCB,https://assets.laliga.com/assets/2019/06/07/medium/fc-barcelona-femenino.png,39.0,Defender,,0.0,1.0,0.0,0.0,0.0,0.0,0.0,0.0,0.0,1.0,0.0,0.0,0.0,0.0,0.0,0.0,0.0,0.0,0.0,0.0,0.0,0.0,0.0,0.0,0.0,0.0,0.0,0.0,0.0,0.0,0.0,0.0,0.0,0.0,0.0,Goalkeeper,0.0
24263.0,Elene Guridi,Elene Guridi,female,2002-07-26T00:00:00+00:00,,,Real Sociedad,RSO,https://assets.laliga.com/assets/2019/06/07/medium/real-sociedad.png,31.0,Midfielder,,0.0,0.0,0.0,0.0,0.0,0.0,0.0,0.0,0.0,0.0,0.0,0.0,0.0,0.0,0.0,0.0,0.0,0.0,0.0,0.0,0.0,0.0,0.0,0.0,0.0,0.0,0.0,0.0,0.0,0.0,0.0,0.0,0.0,0.0,0.0,Defender,0.0
23703.0,José Ramón de Diego Martín,Joserra,male,1999-01-18T00:00:00+00:00,,,CD Leganés,LEG,https://assets.laliga.com/assets/2019/06/07/medium/leganes.png,40.0,Defender,,0.0,0.0,0.0,0.0,0.0,0.0,0.0,0.0,0.0,0.0,0.0,0.0,0.0,0.0,0.0,0.0,0.0,0.0,0.0,0.0,0.0,0.0,0.0,0.0,0.0,0.0,0.0,0.0,0.0,0.0,0.0,0.0,0.0,0.0,0.0,Goalkeeper,0.0
24048.0,Diego López,Diego,male,2001-10-21T00:00:00+00:00,,,Getafe CF,GET,https://assets.laliga.com/assets/2019/06/07/medium/getafe.png,34.0,Midfielder,,0.0,0.0,0.0,0.0,0.0,0.0,0.0,0.0,0.0,0.0,0.0,0.0,0.0,0.0,0.0,0.0,0.0,0.0,0.0,0.0,0.0,0.0,0.0,0.0,0.0,0.0,0.0,0.0,0.0,0.0,0.0,0.0,0.0,0.0,0.0,Defender,0.0
12427.0,Grace Asantewaa,Grace Asantewaa,female,2000-12-05T00:00:00+00:00,,159.0,R. Betis Féminas,RBB,https://assets.laliga.com/assets/2019/06/07/medium/betis.png,15.0,Midfielder,https://assets.laliga.com/squad/2021/t13322/p447996/512x556/p447996_t13322_2021_1_001_000.png,0.0,28.0,0.0,0.0,0.0,0.0,2.0,0.0,7.0,34.0,0.0,0.0,0.0,0.0,0.0,1.0,0.0,7.0,0.0,0.0,0.0,0.0,0.0,0.0,0.0,0.0,0.0,0.0,0.0,0.0,6.0,0.0,0.0,0.0,4.0,Defender,0.0
3593.0,Marta Cardona De Miguel,Marta Cardona,female,1995-05-26T00:00:00+00:00,53.0,161.0,Real Madrid Femenino,RMA,https://assets.laliga.com/assets/2019/06/07/medium/real-madrid.png,11.0,Forward,,0.0,7.0,0.0,0.0,0.0,0.0,0.0,0.0,1.0,1.0,0.0,0.0,0.0,0.0,0.0,0.0,0.0,1.0,0.0,0.0,0.0,0.0,0.0,0.0,0.0,0.0,0.0,0.0,0.0,0.0,1.0,0.0,0.0,0.0,0.0,Defender,0.0
14652.0,Antonio Pacheco,Pacheco,male,2002-01-03T00:00:00+00:00,,,Villarreal CF,VIL,https://assets.laliga.com/assets/2019/06/07/medium/villarreal.png,39.0,Midfielder,,0.0,0.0,0.0,0.0,0.0,0.0,0.0,0.0,0.0,0.0,0.0,0.0,0.0,0.0,0.0,0.0,0.0,0.0,0.0,0.0,0.0,0.0,0.0,0.0,0.0,0.0,0.0,0.0,0.0,0.0,0.0,0.0,0.0,0.0,0.0,Defender,0.0
5549.0,Marta Corredera,Marta Corredera,female,1991-08-08T00:00:00+00:00,60.0,164.0,Real Madrid Femenino,RMA,https://assets.laliga.com/assets/2019/06/07/medium/real-madrid.png,17.0,Defender,,0.0,7.0,0.0,0.0,0.0,0.0,0.0,0.0,0.0,4.0,0.0,0.0,0.0,0.0,0.0,0.0,0.0,0.0,0.0,0.0,0.0,0.0,0.0,0.0,0.0,0.0,0.0,0.0,0.0,0.0,0.0,0.0,0.0,0.0,0.0,Goalkeeper,0.0
6945.0,María Molina,María Molina,female,2000-05-09T00:00:00+00:00,,,FC Barcelona,FCB,https://assets.laliga.com/assets/2019/06/07/medium/fc-barcelona-femenino.png,28.0,Defender,,0.0,1.0,0.0,0.0,0.0,0.0,0.0,0.0,0.0,0.0,0.0,0.0,0.0,0.0,0.0,0.0,0.0,0.0,0.0,0.0,0.0,0.0,0.0,0.0,0.0,0.0,0.0,0.0,0.0,0.0,0.0,0.0,0.0,0.0,0.0,Midfielder,0.0
7551.0,Alfonso González Martínez,Alfonso,male,1999-05-04T00:00:00+00:00,60.0,172.0,RC Celta,CEL,https://assets.laliga.com/assets/2019/06/07/medium/celta.png,32.0,Forward,https://assets.laliga.com/squad/2021/t176/p446814/512x556/p446814_t176_2021_1_001_000.png,0.0,0.0,0.0,0.0,0.0,0.0,0.0,0.0,0.0,0.0,0.0,0.0,0.0,0.0,0.0,0.0,0.0,0.0,0.0,0.0,0.0,0.0,0.0,0.0,0.0,0.0,0.0,0.0,0.0,0.0,0.0,0.0,0.0,0.0,0.0,Defender,0.0
8808.0,María Ortíz,María Ortíz,female,1999-02-10T00:00:00+00:00,,,UD Granadilla Tenerife Egatesa,UDG,https://assets.laliga.com/assets/2019/06/07/medium/granadilla.png,33.0,Defender,https://assets.laliga.com/squad/2021/t13328/p456922/512x556/p456922_t13328_2021_1_001_000.png,0.0,1.0,0.0,0.0,0.0,0.0,0.0,0.0,0.0,1.0,0.0,0.0,0.0,0.0,0.0,0.0,0.0,0.0,0.0,0.0,0.0,0.0,0.0,0.0,0.0,0.0,0.0,0.0,0.0,0.0,0.0,0.0,0.0,0.0,0.0,Goalkeeper,0.0
25584.0,Matilde Mota Veiga Santiago Fidalgo,Matilde Fidalgo,female,1994-05-15T00:00:00+00:00,,,R. Betis Féminas,RBB,https://assets.laliga.com/assets/2019/06/07/medium/betis.png,22.0,Defender,,0.0,4.0,0.0,0.0,0.0,0.0,0.0,0.0,0.0,0.0,0.0,0.0,0.0,0.0,0.0,0.0,0.0,0.0,0.0,0.0,0.0,0.0,0.0,0.0,0.0,0.0,0.0,0.0,0.0,0.0,0.0,0.0,0.0,0.0,0.0,Defender,0.0
23676.0,Millene Cabral Vieira,Millene Cabral,female,1997-11-29T00:00:00+00:00,,,Rayo Vallecano,RVM,https://assets.laliga.com/assets/2019/06/07/medium/rayo-femenino.png,17.0,Forward,,0.0,26.0,0.0,0.0,0.0,0.0,0.0,0.0,3.0,33.0,0.0,0.0,0.0,0.0,0.0,0.0,0.0,3.0,0.0,0.0,0.0,0.0,0.0,0.0,0.0,0.0,0.0,0.0,0.0,0.0,3.0,0.0,0.0,0.0,0.0,Defender,0.0
19208.0,Naia Landaluze,Naia Landaluze,female,2000-09-25T00:00:00+00:00,,,Athletic Club,ATH,https://assets.laliga.com/assets/2019/06/07/medium/athletic-femenino.png,30.0,Defender,https://assets.laliga.com/squad/2021/t12034/p540733/512x556/p540733_t12034_2021_0_001_000.png,0.0,0.0,0.0,0.0,0.0,0.0,0.0,0.0,0.0,0.0,0.0,0.0,0.0,0.0,0.0,0.0,0.0,0.0,0.0,0.0,0.0,0.0,0.0,0.0,0.0,0.0,0.0,0.0,0.0,0.0,0.0,0.0,0.0,0.0,0.0,Forward,0.0
25330.0,Aleix Gorjón,Gorjon,male,2002-09-26T00:00:00+00:00,,,RCD Espanyol de Barcelona,ESP,https://assets.laliga.com/assets/2019/06/07/medium/espanyol.png,27.0,Forward,,0.0,0.0,0.0,0.0,0.0,0.0,0.0,0.0,0.0,0.0,0.0,0.0,0.0,0.0,0.0,0.0,0.0,0.0,0.0,0.0,0.0,0.0,0.0,0.0,0.0,0.0,0.0,0.0,0.0,0.0,0.0,0.0,0.0,0.0,0.0,Defender,0.0
25281.0,Alberto Flores,Alberto F.,male,2003-11-10T00:00:00+00:00,,186.0,Sevilla FC,SEV,https://assets.laliga.com/assets/2019/06/07/medium/sevilla.png,41.0,Goalkeeper,,0.0,0.0,0.0,0.0,0.0,0.0,0.0,0.0,0.0,0.0,0.0,0.0,0.0,0.0,0.0,0.0,0.0,0.0,0.0,0.0,0.0,0.0,0.0,0.0,0.0,0.0,0.0,0.0,0.0,0.0,0.0,0.0,0.0,0.0,0.0,Defender,0.0
26556.0,Natalia Serrano,Natalia Serrano,female,2004-05-06T00:00:00+00:00,,,Madrid CFF,MAD,https://assets.laliga.com/assets/2019/06/07/medium/madrid-futbol-femenino.png,44.0,Defender,,0.0,0.0,0.0,0.0,0.0,0.0,0.0,0.0,0.0,0.0,0.0,0.0,0.0,0.0,0.0,0.0,0.0,0.0,0.0,0.0,0.0,0.0,0.0,0.0,0.0,0.0,0.0,0.0,0.0,0.0,0.0,0.0,0.0,0.0,0.0,Forward,0.0
15047.0,Aitor Paredes,Paredes,male,2000-04-29T00:00:00+00:00,,,Athletic Club,ATH,https://assets.laliga.com/assets/2019/06/07/medium/athletic.png,31.0,Defender,https://assets.laliga.com/squad/2021/t174/p440593/512x556/p440593_t174_2021_1_001_000.png,0.0,0.0,0.0,0.0,0.0,0.0,0.0,0.0,0.0,0.0,0.0,0.0,0.0,0.0,0.0,0.0,0.0,0.0,0.0,0.0,0.0,0.0,0.0,0.0,0.0,0.0,0.0,0.0,0.0,0.0,0.0,0.0,0.0,0.0,0.0,Forward,0.0
3650.0,Noelia Villegas,Noelia Villegas,female,1996-01-07T00:00:00+00:00,58.0,169.0,VCF Femenino,VCF,https://assets.laliga.com/assets/2019/06/07/medium/valencia-femenino.png,20.0,Defender,https://assets.laliga.com/squad/2021/t13329/p434510/512x556/p434510_t13329_2021_0_001_000.png,0.0,10.0,0.0,0.0,0.0,0.0,0.0,0.0,0.0,17.0,0.0,0.0,0.0,0.0,0.0,0.0,0.0,0.0,0.0,0.0,0.0,0.0,0.0,0.0,0.0,0.0,0.0,0.0,0.0,0.0,0.0,0.0,0.0,0.0,0.0,Defender,0.0
25595.0,Nora Sarriegi,Nora Sarriegi,female,2001-02-24T00:00:00+00:00,,,Real Sociedad,RSO,https://assets.laliga.com/assets/2019/06/07/medium/real-sociedad.png,34.0,Midfielder,,0.0,1.0,0.0,0.0,0.0,0.0,0.0,0.0,0.0,0.0,0.0,0.0,0.0,0.0,0.0,0.0,0.0,0.0,0.0,0.0,0.0,0.0,0.0,0.0,0.0,0.0,0.0,0.0,0.0,0.0,0.0,0.0,0.0,0.0,0.0,Defender,0.0
15038.0,Nuria Martinez,Nuria Martinez,female,2003-01-03T00:00:00+00:00,,,Madrid CFF,MAD,https://assets.laliga.com/assets/2019/06/07/medium/madrid-futbol-femenino.png,6.0,Defender,,0.0,11.0,0.0,0.0,0.0,0.0,0.0,0.0,0.0,8.0,0.0,0.0,0.0,0.0,0.0,0.0,0.0,0.0,0.0,0.0,0.0,0.0,0.0,0.0,0.0,0.0,0.0,0.0,0.0,0.0,0.0,0.0,0.0,0.0,0.0,Midfielder,0.0
12600.0,Adrián Rodríguez,A. Rodriguez,male,2000-12-12T00:00:00+00:00,82.0,195.0,Deportivo Alavés,ALA,https://assets.laliga.com/assets/2020/09/01/medium/27002754a98bf535807fe49a24cc63ea.png,33.0,Goalkeeper,https://assets.laliga.com/squad/2021/t173/p466131/512x556/p466131_t173_2021_0_001_000.png,0.0,0.0,0.0,0.0,0.0,0.0,0.0,0.0,0.0,0.0,0.0,0.0,0.0,0.0,0.0,0.0,0.0,0.0,0.0,0.0,0.0,0.0,0.0,0.0,0.0,0.0,0.0,0.0,0.0,0.0,0.0,0.0,0.0,0.0,0.0,Defender,0.0
9395.0,Adrián De la Fuente,De La Fuente,male,1999-02-26T00:00:00+00:00,77.0,179.0,Villarreal CF,VIL,https://assets.laliga.com/assets/2019/06/07/medium/villarreal.png,27.0,Defender,,0.0,0.0,0.0,0.0,0.0,0.0,0.0,0.0,0.0,0.0,0.0,0.0,0.0,0.0,0.0,0.0,0.0,0.0,0.0,0.0,0.0,0.0,0.0,0.0,0.0,0.0,0.0,0.0,0.0,0.0,0.0,0.0,0.0,0.0,0.0,Forward,0.0
19092.0,Olatz Santana,Olatz Santana,female,1997-08-05T00:00:00+00:00,,,Real Sociedad,RSO,https://assets.laliga.com/assets/2019/06/07/medium/real-sociedad.png,32.0,Goalkeeper,,0.0,1.0,0.0,0.0,0.0,0.0,0.0,0.0,0.0,1.0,0.0,0.0,0.0,0.0,0.0,0.0,0.0,0.0,0.0,0.0,0.0,0.0,0.0,0.0,0.0,0.0,0.0,0.0,0.0,0.0,0.0,0.0,0.0,0.0,0.0,Defender,0.0
3541.0,María del Carmen García Uceda,Mari Carmen García,female,1988-03-01T00:00:00+00:00,60.0,164.0,Madrid CFF,MAD,https://assets.laliga.com/assets/2019/06/07/medium/madrid-futbol-femenino.png,,Midfielder,,0.0,0.0,0.0,0.0,0.0,0.0,0.0,0.0,0.0,0.0,0.0,0.0,0.0,0.0,0.0,0.0,0.0,0.0,0.0,0.0,0.0,0.0,0.0,0.0,0.0,0.0,0.0,0.0,0.0,0.0,0.0,0.0,0.0,0.0,0.0,Defender,0.0
7577.0,Mar Segarra,Mar Segarra,female,2001-07-05T00:00:00+00:00,,,Levante UD,LUD,https://assets.laliga.com/assets/2019/06/07/medium/levante-femenino.png,27.0,Goalkeeper,https://assets.laliga.com/squad/2021/t13319/p447978/512x556/p447978_t13319_2021_1_001_000.png,0.0,3.0,0.0,0.0,0.0,0.0,0.0,0.0,0.0,5.0,0.0,0.0,0.0,0.0,0.0,0.0,0.0,0.0,0.0,0.0,0.0,0.0,0.0,0.0,0.0,0.0,0.0,0.0,0.0,0.0,0.0,0.0,0.0,0.0,0.0,Defender,0.0
8226.0,Antonio Zarzana,Zarzana,male,2002-03-21T00:00:00+00:00,,180.0,Sevilla FC,SEV,https://assets.laliga.com/assets/2019/06/07/medium/sevilla.png,38.0,Forward,https://assets.laliga.com/squad/2021/t179/p451587/512x556/p451587_t179_2021_0_001_000.png,0.0,0.0,0.0,0.0,0.0,0.0,0.0,0.0,0.0,0.0,0.0,0.0,0.0,0.0,0.0,0.0,0.0,0.0,0.0,0.0,0.0,0.0,0.0,0.0,0.0,0.0,0.0,0.0,0.0,0.0,0.0,0.0,0.0,0.0,0.0,Defender,0.0
13156.0,Laida Balerdi,Laida Balerdi,female,2003-03-08T00:00:00+00:00,,,Real Sociedad,RSO,https://assets.laliga.com/assets/2019/06/07/medium/real-sociedad.png,28.0,Defender,https://assets.laliga.com/squad/2021/t13324/p494770/512x556/p494770_t13324_2021_0_001_000.png,0.0,0.0,0.0,0.0,0.0,0.0,0.0,0.0,0.0,0.0,0.0,0.0,0.0,0.0,0.0,0.0,0.0,0.0,0.0,0.0,0.0,0.0,0.0,0.0,0.0,0.0,0.0,0.0,0.0,0.0,0.0,0.0,0.0,0.0,0.0,Goalkeeper,0.0
15037.0,Grace Kazadi,Grace Kazadi,female,2001-01-31T00:00:00+00:00,,,Sevilla FC,SFC,https://assets.laliga.com/assets/2019/06/07/medium/sevilla.png,2.0,Defender,,0.0,6.0,0.0,0.0,0.0,0.0,0.0,0.0,0.0,14.0,0.0,0.0,0.0,0.0,0.0,0.0,0.0,0.0,0.0,0.0,0.0,0.0,0.0,0.0,0.0,0.0,0.0,0.0,0.0,0.0,0.0,0.0,0.0,0.0,0.0,Defender,0.0
25811.0,Haizea Uranga,Haizea,female,2003-03-03T00:00:00+00:00,,,Real Sociedad,RSO,https://assets.laliga.com/assets/2019/06/07/medium/real-sociedad.png,35.0,Defender,,0.0,0.0,0.0,0.0,0.0,0.0,0.0,0.0,0.0,0.0,0.0,0.0,0.0,0.0,0.0,0.0,0.0,0.0,0.0,0.0,0.0,0.0,0.0,0.0,0.0,0.0,0.0,0.0,0.0,0.0,0.0,0.0,0.0,0.0,0.0,Defender,0.0
23120.0,Diego López,Diego López,male,2002-05-13T00:00:00+00:00,,,Valencia CF,VAL,https://assets.laliga.com/assets/2019/06/07/medium/valencia.png,33.0,Forward,https://assets.laliga.com/squad/2021/t191/p493072/512x556/p493072_t191_2021_1_001_000.png,0.0,0.0,0.0,0.0,0.0,0.0,0.0,0.0,0.0,0.0,0.0,0.0,0.0,0.0,0.0,0.0,0.0,0.0,0.0,0.0,0.0,0.0,0.0,0.0,0.0,0.0,0.0,0.0,0.0,0.0,0.0,0.0,0.0,0.0,0.0,Defender,0.0
15044.0,Irati Martín,Irati Martín,female,2003-07-06T00:00:00+00:00,,,SD Eibar,EIB,https://assets.laliga.com/assets/2019/06/07/medium/eibar.png,29.0,Forward,,0.0,2.0,0.0,0.0,0.0,0.0,0.0,0.0,0.0,2.0,0.0,0.0,0.0,0.0,0.0,0.0,0.0,0.0,0.0,0.0,0.0,0.0,0.0,0.0,0.0,0.0,0.0,0.0,0.0,0.0,0.0,0.0,0.0,0.0,0.0,Defender,0.0
19204.0,Irene Guillem,Irene Guillem,female,2004-11-11T00:00:00+00:00,,,VCF Femenino,VCF,https://assets.laliga.com/assets/2019/06/07/medium/valencia-femenino.png,32.0,Defender,,0.0,1.0,0.0,0.0,0.0,0.0,0.0,0.0,0.0,0.0,0.0,0.0,0.0,0.0,0.0,0.0,0.0,0.0,0.0,0.0,0.0,0.0,0.0,0.0,0.0,0.0,0.0,0.0,0.0,0.0,0.0,0.0,0.0,0.0,0.0,Defender,0.0
25469.0,Irune Cervera,Irune Cervera,female,2002-11-11T00:00:00+00:00,,,VCF Femenino,VCF,https://assets.laliga.com/assets/2019/06/07/medium/valencia-femenino.png,33.0,Defender,,0.0,1.0,0.0,0.0,0.0,0.0,0.0,0.0,0.0,0.0,0.0,0.0,0.0,0.0,0.0,0.0,0.0,0.0,0.0,0.0,0.0,0.0,0.0,0.0,0.0,0.0,0.0,0.0,0.0,0.0,0.0,0.0,0.0,0.0,0.0,Forward,0.0
24258.0,César Tárrega,C. Tárrega,male,2002-02-26T00:00:00+00:00,,,Valencia CF,VAL,https://assets.laliga.com/assets/2019/06/07/medium/valencia.png,38.0,Defender,,0.0,0.0,0.0,0.0,0.0,0.0,0.0,0.0,0.0,0.0,0.0,0.0,0.0,0.0,0.0,0.0,0.0,0.0,0.0,0.0,0.0,0.0,0.0,0.0,0.0,0.0,0.0,0.0,0.0,0.0,0.0,0.0,0.0,0.0,0.0,Midfielder,0.0
8776.0,Judith Luzuriaga,Judith Luzuriaga,female,1999-03-17T00:00:00+00:00,54.0,168.0,Sporting Huelva,SPH,https://assets.laliga.com/assets/2019/06/07/medium/sporting-club.png,7.0,Midfielder,https://assets.laliga.com/squad/2021/t13327/p453553/512x556/p453553_t13327_2021_1_001_000.png,0.0,20.0,0.0,0.0,0.0,0.0,0.0,0.0,1.0,11.0,0.0,0.0,0.0,0.0,0.0,0.0,0.0,1.0,0.0,0.0,0.0,0.0,0.0,0.0,0.0,0.0,0.0,0.0,0.0,0.0,1.0,0.0,0.0,0.0,0.0,Defender,0.0
25303.0,Laura Rodriguez,Laura Rodriguez,female,2001-09-25T00:00:00+00:00,,,At. Madrid Femenino,ATM,https://assets.laliga.com/assets/2019/06/07/medium/atletico-feminas.png,28.0,Midfielder,,0.0,1.0,0.0,0.0,0.0,0.0,0.0,0.0,0.0,0.0,0.0,0.0,0.0,0.0,0.0,0.0,0.0,0.0,0.0,0.0,0.0,0.0,0.0,0.0,0.0,0.0,0.0,0.0,0.0,0.0,0.0,0.0,0.0,0.0,0.0,Defender,0.0
14262.0,Arnau Comas,Arnau Comas,male,2000-04-11T00:00:00+00:00,,,FC Barcelona,BAR,https://assets.laliga.com/assets/2019/06/07/medium/barcelona.png,35.0,Defender,https://assets.laliga.com/squad/2021/t178/p437774/512x556/p437774_t178_2021_1_001_000.png,0.0,0.0,0.0,0.0,0.0,0.0,0.0,0.0,0.0,0.0,0.0,0.0,0.0,0.0,0.0,0.0,0.0,0.0,0.0,0.0,0.0,0.0,0.0,0.0,0.0,0.0,0.0,0.0,0.0,0.0,0.0,0.0,0.0,0.0,0.0,Midfielder,0.0
18847.0,Cesar Fernandez,Cesar Fernández,male,2004-01-28T00:00:00+00:00,,,RC Celta,CEL,https://assets.laliga.com/assets/2019/06/07/medium/celta.png,41.0,Goalkeeper,,0.0,0.0,0.0,0.0,0.0,0.0,0.0,0.0,0.0,0.0,0.0,0.0,0.0,0.0,0.0,0.0,0.0,0.0,0.0,0.0,0.0,0.0,0.0,0.0,0.0,0.0,0.0,0.0,0.0,0.0,0.0,0.0,0.0,0.0,0.0,Defender,0.0
13152.0,Leire Peña,Leire Peña,female,2001-06-20T00:00:00+00:00,,164.0,R. Betis Féminas,RBB,https://assets.laliga.com/assets/2019/06/07/medium/betis.png,12.0,Midfielder,https://assets.laliga.com/squad/2021/t13322/p469675/512x556/p469675_t13322_2021_1_001_000.png,0.0,6.0,0.0,0.0,0.0,0.0,0.0,0.0,0.0,3.0,0.0,0.0,0.0,0.0,0.0,0.0,0.0,0.0,0.0,0.0,0.0,0.0,0.0,0.0,0.0,0.0,0.0,0.0,0.0,0.0,0.0,0.0,0.0,0.0,0.0,Defender,0.0
3583.0,Leticia Méndez,Leticia Méndez,female,1992-07-25T00:00:00+00:00,60.0,165.0,Sporting Huelva,SPH,https://assets.laliga.com/assets/2019/06/07/medium/sporting-club.png,6.0,Defender,https://assets.laliga.com/squad/2021/t13327/p434615/512x556/p434615_t13327_2021_1_001_000.png,0.0,0.0,0.0,0.0,0.0,0.0,0.0,0.0,0.0,0.0,0.0,0.0,0.0,0.0,0.0,0.0,0.0,0.0,0.0,0.0,0.0,0.0,0.0,0.0,0.0,0.0,0.0,0.0,0.0,0.0,0.0,0.0,0.0,0.0,0.0,Forward,0.0
5712.0,Leyre Monente,Leyre Monente,female,2000-02-15T00:00:00+00:00,64.0,167.0,Athletic Club,ATH,https://assets.laliga.com/assets/2019/06/07/medium/athletic-femenino.png,10.0,Forward,https://assets.laliga.com/squad/2021/t12034/p212409/512x556/p212409_t12034_2021_1_001_000.png,0.0,2.0,0.0,0.0,0.0,0.0,0.0,0.0,0.0,1.0,0.0,0.0,0.0,0.0,0.0,0.0,0.0,0.0,0.0,0.0,0.0,0.0,0.0,0.0,0.0,0.0,0.0,0.0,0.0,0.0,0.0,0.0,0.0,0.0,0.0,Defender,0.0
26562.0,Carlos Giménez,Carlos Gimenez,male,2003-02-18T00:00:00+00:00,,,Levante UD,LEV,https://assets.laliga.com/assets/2019/06/07/medium/levante.png,44.0,Defender,,0.0,0.0,0.0,0.0,0.0,0.0,0.0,0.0,0.0,0.0,0.0,0.0,0.0,0.0,0.0,0.0,0.0,0.0,0.0,0.0,0.0,0.0,0.0,0.0,0.0,0.0,0.0,0.0,0.0,0.0,0.0,0.0,0.0,0.0,0.0,Midfielder,0.0
12053.0,Lucia Suárez,Lucia Suárez,female,2001-07-29T00:00:00+00:00,62.0,162.0,Madrid CFF,MAD,https://assets.laliga.com/assets/2019/06/07/medium/madrid-futbol-femenino.png,27.0,Defender,https://assets.laliga.com/squad/2021/t13320/p248513/512x556/p248513_t13320_2021_0_001_000.png,0.0,0.0,0.0,0.0,0.0,0.0,0.0,0.0,0.0,0.0,0.0,0.0,0.0,0.0,0.0,0.0,0.0,0.0,0.0,0.0,0.0,0.0,0.0,0.0,0.0,0.0,0.0,0.0,0.0,0.0,0.0,0.0,0.0,0.0,0.0,Midfielder,0.0
14952.0,Carles Marco,Carles,male,2000-04-05T00:00:00+00:00,,,Elche CF,ELC,https://assets.laliga.com/assets/2019/06/07/medium/elche.png,27.0,Defender,,0.0,0.0,0.0,0.0,0.0,0.0,0.0,0.0,0.0,0.0,0.0,0.0,0.0,0.0,0.0,0.0,0.0,0.0,0.0,0.0,0.0,0.0,0.0,0.0,0.0,0.0,0.0,0.0,0.0,0.0,0.0,0.0,0.0,0.0,0.0,Forward,0.0
23606.0,Maite Zubieta,Maite Zubieta,female,2004-05-28T00:00:00+00:00,,,Athletic Club,ATH,https://assets.laliga.com/assets/2019/06/07/medium/athletic-femenino.png,32.0,Midfielder,https://assets.laliga.com/squad/2021/t12034/p497441/512x556/p497441_t12034_2021_0_001_000.png,0.0,0.0,0.0,0.0,0.0,0.0,0.0,0.0,0.0,0.0,0.0,0.0,0.0,0.0,0.0,0.0,0.0,0.0,0.0,0.0,0.0,0.0,0.0,0.0,0.0,0.0,0.0,0.0,0.0,0.0,0.0,0.0,0.0,0.0,0.0,Defender,0.0
17046.0,Diego Trueba Chinchurreta,Chinchu,male,2002-03-05T00:00:00+00:00,,,Getafe CF,GET,https://assets.laliga.com/assets/2019/06/07/medium/getafe.png,,Defender,https://assets.laliga.com/squad/2021/t1450/p530304/512x556/p530304_t1450_2021_1_001_000.png,0.0,0.0,0.0,0.0,0.0,0.0,0.0,0.0,0.0,0.0,0.0,0.0,0.0,0.0,0.0,0.0,0.0,0.0,0.0,0.0,0.0,0.0,0.0,0.0,0.0,0.0,0.0,0.0,0.0,0.0,0.0,0.0,0.0,0.0,0.0,Defender,0.0
25511.0,Amanda Edgren,Amanda Edgren,female,1993-08-24T00:00:00+00:00,,,Sporting Huelva,SPH,https://assets.laliga.com/assets/2019/06/07/medium/sporting-club.png,20.0,Midfielder,,0.0,7.0,0.0,0.0,0.0,0.0,0.0,0.0,1.0,5.0,0.0,0.0,0.0,0.0,0.0,0.0,0.0,1.0,0.0,0.0,0.0,0.0,0.0,0.0,0.0,0.0,0.0,0.0,0.0,0.0,1.0,0.0,0.0,0.0,0.0,Defender,0.0
14628.0,Giorgi Kochorashvili,Giorgi,male,1999-06-29T00:00:00+00:00,74.0,178.0,Levante UD,LEV,https://assets.laliga.com/assets/2019/06/07/medium/levante.png,46.0,Midfielder,,0.0,0.0,0.0,0.0,0.0,0.0,0.0,0.0,0.0,0.0,0.0,0.0,0.0,0.0,0.0,0.0,0.0,0.0,0.0,0.0,0.0,0.0,0.0,0.0,0.0,0.0,0.0,0.0,0.0,0.0,0.0,0.0,0.0,0.0,0.0,Defender,0.0
25343.0,David Cuenca Barreno,D. Cuenca,male,2002-04-05T00:00:00+00:00,,,UD Almería,ALM,https://assets.laliga.com/assets/2019/06/07/medium/almeria.png,29.0,Defender,,0.0,0.0,0.0,0.0,0.0,0.0,0.0,0.0,0.0,0.0,0.0,0.0,0.0,0.0,0.0,0.0,0.0,0.0,0.0,0.0,0.0,0.0,0.0,0.0,0.0,0.0,0.0,0.0,0.0,0.0,0.0,0.0,0.0,0.0,0.0,Goalkeeper,0.0
24058.0,Carlos Rojas,C.rojas,male,2002-04-18T00:00:00+00:00,,,UD Almería,ALM,https://assets.laliga.com/assets/2019/06/07/medium/almeria.png,34.0,Midfielder,,0.0,0.0,0.0,0.0,0.0,0.0,0.0,0.0,0.0,0.0,0.0,0.0,0.0,0.0,0.0,0.0,0.0,0.0,0.0,0.0,0.0,0.0,0.0,0.0,0.0,0.0,0.0,0.0,0.0,0.0,0.0,0.0,0.0,0.0,0.0,Defender,0.0
26564.0,Pablo Jordán,Pablo,male,2001-11-21T00:00:00+00:00,,,CF Fuenlabrada,FUE,https://assets.laliga.com/assets/2019/06/07/medium/fuenlabrada.png,43.0,Defender,,0.0,0.0,0.0,0.0,0.0,0.0,0.0,0.0,0.0,0.0,0.0,0.0,0.0,0.0,0.0,0.0,0.0,0.0,0.0,0.0,0.0,0.0,0.0,0.0,0.0,0.0,0.0,0.0,0.0,0.0,0.0,0.0,0.0,0.0,0.0,Midfielder,0.0
19008.0,Antonio Sánchez,Antonio Sanchez,male,2000-06-09T00:00:00+00:00,,,FC Cartagena,CAR,https://assets.laliga.com/assets/2022/02/11/medium/1628caa9b2002a11e564eb84b3677f78.png,36.0,Defender,,0.0,0.0,0.0,0.0,0.0,0.0,0.0,0.0,0.0,0.0,0.0,0.0,0.0,0.0,0.0,0.0,0.0,0.0,0.0,0.0,0.0,0.0,0.0,0.0,0.0,0.0,0.0,0.0,0.0,0.0,0.0,0.0,0.0,0.0,0.0,Defender,0.0
24267.0,Alejandro Carbonell,Carbonell,male,2001-03-13T00:00:00+00:00,,,R. Sociedad B,RSOB,https://assets.laliga.com/assets/2019/06/07/medium/real-sociedad.png,27.0,Defender,,0.0,0.0,0.0,0.0,0.0,0.0,0.0,0.0,0.0,0.0,0.0,0.0,0.0,0.0,0.0,0.0,0.0,0.0,0.0,0.0,0.0,0.0,0.0,0.0,0.0,0.0,0.0,0.0,0.0,0.0,0.0,0.0,0.0,0.0,0.0,Forward,0.0
14956.0,Alejandro Benítez,Benitez,male,2000-05-15T00:00:00+00:00,55.0,169.0,Málaga CF,MGA,https://assets.laliga.com/assets/2019/06/07/medium/malaga.png,28.0,Defender,https://assets.laliga.com/squad/2021/t182/p508447/512x556/p508447_t182_2021_1_001_000.png,0.0,0.0,0.0,0.0,0.0,0.0,0.0,0.0,0.0,0.0,0.0,0.0,0.0,0.0,0.0,0.0,0.0,0.0,0.0,0.0,0.0,0.0,0.0,0.0,0.0,0.0,0.0,0.0,0.0,0.0,0.0,0.0,0.0,0.0,0.0,Midfielder,0.0
14620.0,Alberto Quintana,Quintana,male,2001-10-05T00:00:00+00:00,74.0,186.0,Málaga CF,MGA,https://assets.laliga.com/assets/2019/06/07/medium/malaga.png,30.0,Midfielder,https://assets.laliga.com/squad/2021/t182/p508448/512x556/p508448_t182_2021_1_001_000.png,0.0,0.0,0.0,0.0,0.0,0.0,0.0,0.0,0.0,0.0,0.0,0.0,0.0,0.0,0.0,0.0,0.0,0.0,0.0,0.0,0.0,0.0,0.0,0.0,0.0,0.0,0.0,0.0,0.0,0.0,0.0,0.0,0.0,0.0,0.0,Defender,0.0
15780.0,Alberto Hórreo,B. Horreo,male,2000-06-24T00:00:00+00:00,,191.0,Real Oviedo,OVI,https://assets.laliga.com/assets/2019/06/07/medium/oviedo.png,26.0,Goalkeeper,,0.0,0.0,0.0,0.0,0.0,0.0,0.0,0.0,0.0,0.0,0.0,0.0,0.0,0.0,0.0,0.0,0.0,0.0,0.0,0.0,0.0,0.0,0.0,0.0,0.0,0.0,0.0,0.0,0.0,0.0,0.0,0.0,0.0,0.0,0.0,Defender,0.0
25337.0,Alberto Dadie,Dadie,male,2002-07-20T00:00:00+00:00,,,R. Sociedad B,RSOB,https://assets.laliga.com/assets/2019/06/07/medium/real-sociedad.png,26.0,Midfielder,,0.0,0.0,0.0,0.0,0.0,0.0,0.0,0.0,0.0,0.0,0.0,0.0,0.0,0.0,0.0,0.0,0.0,0.0,0.0,0.0,0.0,0.0,0.0,0.0,0.0,0.0,0.0,0.0,0.0,0.0,0.0,0.0,0.0,0.0,0.0,Defender,0.0
12648.0,Aitor Puñal,Aitor Puñal,male,1999-04-01T00:00:00+00:00,,177.0,UD Almería,ALM,https://assets.laliga.com/assets/2019/06/07/medium/almeria.png,35.0,Defender,https://assets.laliga.com/squad/2021/t1564/p437822/512x556/p437822_t1564_2021_1_001_000.png,0.0,0.0,0.0,0.0,0.0,0.0,0.0,0.0,0.0,0.0,0.0,0.0,0.0,0.0,0.0,0.0,0.0,0.0,0.0,0.0,0.0,0.0,0.0,0.0,0.0,0.0,0.0,0.0,0.0,0.0,0.0,0.0,0.0,0.0,0.0,Defender,0.0
24147.0,Rafael Diz,Rafa Diz,male,2000-10-09T00:00:00+00:00,,170.0,AD Alcorcón,ALC,https://assets.laliga.com/assets/2019/06/07/medium/alcorcon.png,30.0,Midfielder,,0.0,0.0,0.0,0.0,0.0,0.0,0.0,0.0,0.0,0.0,0.0,0.0,0.0,0.0,0.0,0.0,0.0,0.0,0.0,0.0,0.0,0.0,0.0,0.0,0.0,0.0,0.0,0.0,0.0,0.0,0.0,0.0,0.0,0.0,0.0,Defender,0.0
24479.0,Alejandro Balboa Bandeira,Alex Balboa,male,2001-03-06T00:00:00+00:00,,,Deportivo Alavés,ALA,https://assets.laliga.com/assets/2020/09/01/medium/27002754a98bf535807fe49a24cc63ea.png,28.0,Midfielder,,0.0,0.0,0.0,0.0,0.0,0.0,0.0,0.0,0.0,0.0,0.0,0.0,0.0,0.0,0.0,0.0,0.0,0.0,0.0,0.0,0.0,0.0,0.0,0.0,0.0,0.0,0.0,0.0,0.0,0.0,0.0,0.0,0.0,0.0,0.0,Defender,0.0
22803.0,Toni Fuidias,Fuidias,male,2001-04-15T00:00:00+00:00,,195.0,Real Madrid,RMA,https://assets.laliga.com/assets/2019/06/07/medium/real-madrid.png,40.0,Goalkeeper,https://assets.laliga.com/squad/2021/t186/p448169/512x556/p448169_t186_2021_1_001_000.png,0.0,0.0,0.0,0.0,0.0,0.0,0.0,0.0,0.0,0.0,0.0,0.0,0.0,0.0,0.0,0.0,0.0,0.0,0.0,0.0,0.0,0.0,0.0,0.0,0.0,0.0,0.0,0.0,0.0,0.0,0.0,0.0,0.0,0.0,0.0,Defender,0.0
24376.0,Roberto Barba,Barba,male,1999-05-19T00:00:00+00:00,,,SD Huesca,HUE,https://assets.laliga.com/assets/2019/06/07/medium/huesca.png,35.0,Defender,,0.0,0.0,0.0,0.0,0.0,0.0,0.0,0.0,0.0,0.0,0.0,0.0,0.0,0.0,0.0,0.0,0.0,0.0,0.0,0.0,0.0,0.0,0.0,0.0,0.0,0.0,0.0,0.0,0.0,0.0,0.0,0.0,0.0,0.0,0.0,Defender,0.0
25397.0,Thomas Giaquinto,Giaquinto,male,2000-03-20T00:00:00+00:00,,,RCD Mallorca,MLL,https://assets.laliga.com/assets/2019/06/07/medium/mallorca.png,32.0,Midfielder,,0.0,0.0,0.0,0.0,0.0,0.0,0.0,0.0,0.0,0.0,0.0,0.0,0.0,0.0,0.0,0.0,0.0,0.0,0.0,0.0,0.0,0.0,0.0,0.0,0.0,0.0,0.0,0.0,0.0,0.0,0.0,0.0,0.0,0.0,0.0,Defender,0.0
16394.0,Thomas Carrique,Carrique,male,1999-02-26T00:00:00+00:00,,,RC Celta,CEL,https://assets.laliga.com/assets/2019/06/07/medium/celta.png,39.0,Defender,,0.0,0.0,0.0,0.0,0.0,0.0,0.0,0.0,0.0,0.0,0.0,0.0,0.0,0.0,0.0,0.0,0.0,0.0,0.0,0.0,0.0,0.0,0.0,0.0,0.0,0.0,0.0,0.0,0.0,0.0,0.0,0.0,0.0,0.0,0.0,Defender,0.0
25509.0,Sergio Diez Roldán,Sergio Díez,male,2003-07-28T00:00:00+00:00,,178.0,Atlético de Madrid,ATM,https://assets.laliga.com/assets/2019/06/07/medium/atletico.png,57.0,Defender,,0.0,0.0,0.0,0.0,0.0,0.0,0.0,0.0,0.0,0.0,0.0,0.0,0.0,0.0,0.0,0.0,0.0,0.0,0.0,0.0,0.0,0.0,0.0,0.0,0.0,0.0,0.0,0.0,0.0,0.0,0.0,0.0,0.0,0.0,0.0,Defender,0.0
983.0,Rubén Yáñez,R. Yáñez,male,1993-10-12T00:00:00+00:00,85.0,190.0,Getafe CF,GET,https://assets.laliga.com/assets/2019/06/07/medium/getafe.png,1.0,Goalkeeper,https://assets.laliga.com/squad/2021/t1450/p110713/512x556/p110713_t1450_2021_1_001_000.png,0.0,0.0,0.0,0.0,0.0,0.0,0.0,0.0,0.0,0.0,0.0,0.0,0.0,0.0,0.0,0.0,0.0,0.0,0.0,0.0,0.0,0.0,0.0,0.0,0.0,0.0,0.0,0.0,0.0,0.0,0.0,0.0,0.0,0.0,0.0,Defender,0.0
585.0,Rubén Blanco,Ruben Blanco,male,1995-07-25T00:00:00+00:00,70.0,188.0,RC Celta,CEL,https://assets.laliga.com/assets/2019/06/07/medium/celta.png,13.0,Goalkeeper,https://assets.laliga.com/squad/2021/t176/p106539/512x556/p106539_t176_2021_1_001_000.png,0.0,0.0,0.0,0.0,0.0,0.0,0.0,0.0,0.0,0.0,0.0,0.0,0.0,0.0,0.0,0.0,0.0,0.0,0.0,0.0,0.0,0.0,0.0,0.0,0.0,0.0,0.0,0.0,0.0,0.0,0.0,0.0,0.0,0.0,0.0,Defender,0.0
25316.0,Rafael Marín Zamora,Rafa Marin,male,2002-05-19T00:00:00+00:00,,190.0,Real Madrid,RMA,https://assets.laliga.com/assets/2019/06/07/medium/real-madrid.png,41.0,Defender,,0.0,0.0,0.0,0.0,0.0,0.0,0.0,0.0,0.0,0.0,0.0,0.0,0.0,0.0,0.0,0.0,0.0,0.0,0.0,0.0,0.0,0.0,0.0,0.0,0.0,0.0,0.0,0.0,0.0,0.0,0.0,0.0,0.0,0.0,0.0,Forward,0.0
13531.0,José Sanchez,Pepe,male,2000-03-02T00:00:00+00:00,63.0,185.0,Granada CF,GRA,https://assets.laliga.com/assets/2019/06/07/medium/granada.png,27.0,Defender,https://assets.laliga.com/squad/2021/t5683/p500697/512x556/p500697_t5683_2021_1_001_000.png,0.0,0.0,0.0,0.0,0.0,0.0,0.0,0.0,0.0,0.0,0.0,0.0,0.0,0.0,0.0,0.0,0.0,0.0,0.0,0.0,0.0,0.0,0.0,0.0,0.0,0.0,0.0,0.0,0.0,0.0,0.0,0.0,0.0,0.0,0.0,Forward,0.0
14638.0,Pablo Pérez,Pablo P.,male,2001-08-18T00:00:00+00:00,,174.0,Sevilla FC,SEV,https://assets.laliga.com/assets/2019/06/07/medium/sevilla.png,26.0,Defender,https://assets.laliga.com/squad/2021/t179/p504804/512x556/p504804_t179_2021_1_001_000.png,0.0,0.0,0.0,0.0,0.0,0.0,0.0,0.0,0.0,0.0,0.0,0.0,0.0,0.0,0.0,0.0,0.0,0.0,0.0,0.0,0.0,0.0,0.0,0.0,0.0,0.0,0.0,0.0,0.0,0.0,0.0,0.0,0.0,0.0,0.0,Midfielder,0.0
26541.0,Claudia Diaz,Claudia Diaz,female,2000-11-11T00:00:00+00:00,,,Madrid CFF,MAD,https://assets.laliga.com/assets/2019/06/07/medium/madrid-futbol-femenino.png,27.0,Goalkeeper,,0.0,0.0,0.0,0.0,0.0,0.0,0.0,0.0,0.0,0.0,0.0,0.0,0.0,0.0,0.0,0.0,0.0,0.0,0.0,0.0,0.0,0.0,0.0,0.0,0.0,0.0,0.0,0.0,0.0,0.0,0.0,0.0,0.0,0.0,0.0,Defender,0.0
24684.0,Ignacio Quintana Navarro,N. Quintana,male,2001-02-23T00:00:00+00:00,,178.0,Sevilla FC,SEV,https://assets.laliga.com/assets/2019/06/07/medium/sevilla.png,43.0,Midfielder,https://assets.laliga.com/squad/2021/t179/p493084/512x556/p493084_t179_2021_1_001_000.png,0.0,0.0,0.0,0.0,0.0,0.0,0.0,0.0,0.0,0.0,0.0,0.0,0.0,0.0,0.0,0.0,0.0,0.0,0.0,0.0,0.0,0.0,0.0,0.0,0.0,0.0,0.0,0.0,0.0,0.0,0.0,0.0,0.0,0.0,0.0,Defender,0.0
25482.0,Miguel Martín García,Miguelito,male,2001-01-12T00:00:00+00:00,,,RCD Mallorca,MLL,https://assets.laliga.com/assets/2019/06/07/medium/mallorca.png,36.0,Defender,,0.0,0.0,0.0,0.0,0.0,0.0,0.0,0.0,0.0,0.0,0.0,0.0,0.0,0.0,0.0,0.0,0.0,0.0,0.0,0.0,0.0,0.0,0.0,0.0,0.0,0.0,0.0,0.0,0.0,0.0,0.0,0.0,0.0,0.0,0.0,Forward,0.0
25856.0,Miguel Ángel Brau,Brau,male,2001-12-27T00:00:00+00:00,,,Granada CF,GRA,https://assets.laliga.com/assets/2019/06/07/medium/granada.png,36.0,Defender,,0.0,0.0,0.0,0.0,0.0,0.0,0.0,0.0,0.0,0.0,0.0,0.0,0.0,0.0,0.0,0.0,0.0,0.0,0.0,0.0,0.0,0.0,0.0,0.0,0.0,0.0,0.0,0.0,0.0,0.0,0.0,0.0,0.0,0.0,0.0,Goalkeeper,0.0
25140.0,Andrés López Gallo,Castrin,male,2003-05-26T00:00:00+00:00,,,CD Lugo,LUG,https://assets.laliga.com/assets/2019/06/07/medium/lugo.png,27.0,Defender,,0.0,0.0,0.0,0.0,0.0,0.0,0.0,0.0,0.0,0.0,0.0,0.0,0.0,0.0,0.0,0.0,0.0,0.0,0.0,0.0,0.0,0.0,0.0,0.0,0.0,0.0,0.0,0.0,0.0,0.0,0.0,0.0,0.0,0.0,0.0,Defender,0.0
25800.0,Nélson Macedo Monte,Nelson,male,1995-07-20T00:00:00+00:00,77.0,187.0,UD Almería,ALM,https://assets.laliga.com/assets/2019/06/07/medium/almeria.png,24.0,Defender,,0.0,0.0,0.0,0.0,0.0,0.0,0.0,0.0,0.0,0.0,0.0,0.0,0.0,0.0,0.0,0.0,0.0,0.0,0.0,0.0,0.0,0.0,0.0,0.0,0.0,0.0,0.0,0.0,0.0,0.0,0.0,0.0,0.0,0.0,0.0,Midfielder,0.0
25815.0,Marcos Fernández,Marcos Fdez,male,2003-07-18T00:00:00+00:00,,,RCD Mallorca,MLL,https://assets.laliga.com/assets/2019/06/07/medium/mallorca.png,37.0,Defender,,0.0,0.0,0.0,0.0,0.0,0.0,0.0,0.0,0.0,0.0,0.0,0.0,0.0,0.0,0.0,0.0,0.0,0.0,0.0,0.0,0.0,0.0,0.0,0.0,0.0,0.0,0.0,0.0,0.0,0.0,0.0,0.0,0.0,0.0,0.0,Forward,0.0
24266.0,Daniel Queipo,Queipo,male,2002-05-22T00:00:00+00:00,,168.0,Real Sporting,SPO,https://assets.laliga.com/assets/2019/06/07/medium/sporting.png,39.0,Forward,,0.0,0.0,0.0,0.0,0.0,0.0,0.0,0.0,0.0,0.0,0.0,0.0,0.0,0.0,0.0,0.0,0.0,0.0,0.0,0.0,0.0,0.0,0.0,0.0,0.0,0.0,0.0,0.0,0.0,0.0,0.0,0.0,0.0,0.0,0.0,Defender,0.0
13277.0,Jorge Padilla,Jorge,male,2001-04-23T00:00:00+00:00,66.0,175.0,Levante UD,LEV,https://assets.laliga.com/assets/2019/06/07/medium/levante.png,38.0,Forward,,0.0,0.0,0.0,0.0,0.0,0.0,0.0,0.0,0.0,0.0,0.0,0.0,0.0,0.0,0.0,0.0,0.0,0.0,0.0,0.0,0.0,0.0,0.0,0.0,0.0,0.0,0.0,0.0,0.0,0.0,0.0,0.0,0.0,0.0,0.0,Defender,0.0
25822.0,Juan Pérez-Villas,Juampe,male,1999-04-19T00:00:00+00:00,,,FC Cartagena,CAR,https://assets.laliga.com/assets/2022/02/11/medium/1628caa9b2002a11e564eb84b3677f78.png,30.0,Defender,,0.0,0.0,0.0,0.0,0.0,0.0,0.0,0.0,0.0,0.0,0.0,0.0,0.0,0.0,0.0,0.0,0.0,0.0,0.0,0.0,0.0,0.0,0.0,0.0,0.0,0.0,0.0,0.0,0.0,0.0,0.0,0.0,0.0,0.0,0.0,Defender,0.0
24122.0,Jonathan Gómez,Gomez,male,2003-09-01T00:00:00+00:00,71.0,176.0,Real Sociedad,RSO,https://assets.laliga.com/assets/2019/06/07/medium/real-sociedad.png,,Defender,,0.0,0.0,0.0,0.0,0.0,0.0,0.0,0.0,0.0,0.0,0.0,0.0,0.0,0.0,0.0,0.0,0.0,0.0,0.0,0.0,0.0,0.0,0.0,0.0,0.0,0.0,0.0,0.0,0.0,0.0,0.0,0.0,0.0,0.0,0.0,Forward,0.0
13075.0,Javier Rubio,J.rubio,male,1999-05-12T00:00:00+00:00,,,CD Leganés,LEG,https://assets.laliga.com/assets/2019/06/07/medium/leganes.png,26.0,Defender,https://assets.laliga.com/squad/2021/t957/p493688/512x556/p493688_t957_2021_1_001_000.png,0.0,0.0,0.0,0.0,0.0,0.0,0.0,0.0,0.0,0.0,0.0,0.0,0.0,0.0,0.0,0.0,0.0,0.0,0.0,0.0,0.0,0.0,0.0,0.0,0.0,0.0,0.0,0.0,0.0,0.0,0.0,0.0,0.0,0.0,0.0,Forward,0.0
15782.0,Javier Hernández Tarroc,Javi H.,male,2000-09-14T00:00:00+00:00,,,Real Zaragoza,ZAR,https://assets.laliga.com/assets/2019/06/07/medium/zaragoza.png,28.0,Defender,https://assets.laliga.com/squad/2021/t190/p503802/512x556/p503802_t190_2021_1_001_000.png,0.0,0.0,0.0,0.0,0.0,0.0,0.0,0.0,0.0,0.0,0.0,0.0,0.0,0.0,0.0,0.0,0.0,0.0,0.0,0.0,0.0,0.0,0.0,0.0,0.0,0.0,0.0,0.0,0.0,0.0,0.0,0.0,0.0,0.0,0.0,Defender,0.0
15764.0,Karl Strindholm,D. Strindholm,male,2001-10-07T00:00:00+00:00,,,Málaga CF,MGA,https://assets.laliga.com/assets/2019/06/07/medium/malaga.png,27.0,Goalkeeper,https://assets.laliga.com/squad/2021/t182/p514202/512x556/p514202_t182_2021_0_001_000.png,0.0,0.0,0.0,0.0,0.0,0.0,0.0,0.0,0.0,0.0,0.0,0.0,0.0,0.0,0.0,0.0,0.0,0.0,0.0,0.0,0.0,0.0,0.0,0.0,0.0,0.0,0.0,0.0,0.0,0.0,0.0,0.0,0.0,0.0,0.0,Defender,0.0
14665.0,Kevin Omoruyi,Carlos Kevin,male,2001-04-10T00:00:00+00:00,,,SD Huesca,HUE,https://assets.laliga.com/assets/2019/06/07/medium/huesca.png,28.0,Forward,https://assets.laliga.com/squad/2021/t2894/p509201/512x556/p509201_t2894_2021_1_001_000.png,0.0,1.0,0.0,0.0,0.0,0.0,0.0,0.0,0.0,0.0,0.0,0.0,0.0,0.0,0.0,0.0,0.0,0.0,0.0,0.0,0.0,0.0,0.0,0.0,0.0,0.0,0.0,0.0,0.0,0.0,0.0,0.0,0.0,0.0,0.0,Defender,0.0
22796.0,Loïc Williams,Loïc,male,2002-01-07T00:00:00+00:00,,,Girona FC,GIR,https://assets.laliga.com/assets/2019/06/07/medium/girona.png,33.0,Defender,https://assets.laliga.com/squad/2021/t2893/p492904/512x556/p492904_t2893_2021_1_001_000.png,0.0,0.0,0.0,0.0,0.0,0.0,0.0,0.0,0.0,0.0,0.0,0.0,0.0,0.0,0.0,0.0,0.0,0.0,0.0,0.0,0.0,0.0,0.0,0.0,0.0,0.0,0.0,0.0,0.0,0.0,0.0,0.0,0.0,0.0,0.0,Defender,0.0
24223.0,Hugo Anglada,Hugo Anglada,male,2004-03-17T00:00:00+00:00,,,SD Huesca,HUE,https://assets.laliga.com/assets/2019/06/07/medium/huesca.png,33.0,Defender,,0.0,0.0,0.0,0.0,0.0,0.0,0.0,0.0,0.0,0.0,0.0,0.0,0.0,0.0,0.0,0.0,0.0,0.0,0.0,0.0,0.0,0.0,0.0,0.0,0.0,0.0,0.0,0.0,0.0,0.0,0.0,0.0,0.0,0.0,0.0,Midfielder,0.0
17005.0,Gustavo Abizanda,Gustavo,male,2000-05-01T00:00:00+00:00,,170.0,SD Huesca,HUE,https://assets.laliga.com/assets/2019/06/07/medium/huesca.png,32.0,Forward,,0.0,0.0,0.0,0.0,0.0,0.0,0.0,0.0,0.0,0.0,0.0,0.0,0.0,0.0,0.0,0.0,0.0,0.0,0.0,0.0,0.0,0.0,0.0,0.0,0.0,0.0,0.0,0.0,0.0,0.0,0.0,0.0,0.0,0.0,0.0,Defender,0.0
25393.0,Luis Miguel Luengo Herrera,Luismi,male,2001-03-19T00:00:00+00:00,,,Real Zaragoza,ZAR,https://assets.laliga.com/assets/2019/06/07/medium/zaragoza.png,37.0,Defender,,0.0,0.0,0.0,0.0,0.0,0.0,0.0,0.0,0.0,0.0,0.0,0.0,0.0,0.0,0.0,0.0,0.0,0.0,0.0,0.0,0.0,0.0,0.0,0.0,0.0,0.0,0.0,0.0,0.0,0.0,0.0,0.0,0.0,0.0,0.0,Goalkeeper,0.0
13651.0,Marc Echarri,M. Echarri,male,1999-03-04T00:00:00+00:00,82.0,190.0,CD Leganés,LEG,https://assets.laliga.com/assets/2019/06/07/medium/leganes.png,36.0,Forward,https://assets.laliga.com/squad/2021/t957/p500731/512x556/p500731_t957_2021_1_001_000.png,0.0,0.0,0.0,0.0,0.0,0.0,0.0,0.0,0.0,0.0,0.0,0.0,0.0,0.0,0.0,0.0,0.0,0.0,0.0,0.0,0.0,0.0,0.0,0.0,0.0,0.0,0.0,0.0,0.0,0.0,0.0,0.0,0.0,0.0,0.0,Defender,0.0
14649.0,Gerard Barri,Barri,male,2001-01-02T00:00:00+00:00,,,SD Huesca,HUE,https://assets.laliga.com/assets/2019/06/07/medium/huesca.png,29.0,Defender,https://assets.laliga.com/squad/2021/t2894/p508463/512x556/p508463_t2894_2021_1_001_000.png,0.0,0.0,0.0,0.0,0.0,0.0,0.0,0.0,0.0,0.0,0.0,0.0,0.0,0.0,0.0,0.0,0.0,0.0,0.0,0.0,0.0,0.0,0.0,0.0,0.0,0.0,0.0,0.0,0.0,0.0,0.0,0.0,0.0,0.0,0.0,Forward,0.0
24138.0,Félix Ofoli,Felix,male,2000-06-22T00:00:00+00:00,,,CD Leganés,LEG,https://assets.laliga.com/assets/2019/06/07/medium/leganes.png,38.0,Defender,,0.0,0.0,0.0,0.0,0.0,0.0,0.0,0.0,0.0,0.0,0.0,0.0,0.0,0.0,0.0,0.0,0.0,0.0,0.0,0.0,0.0,0.0,0.0,0.0,0.0,0.0,0.0,0.0,0.0,0.0,0.0,0.0,0.0,0.0,0.0,Goalkeeper,0.0
24137.0,José María Pérez García,Farru,male,2001-02-25T00:00:00+00:00,,,FC Cartagena,CAR,https://assets.laliga.com/assets/2022/02/11/medium/1628caa9b2002a11e564eb84b3677f78.png,26.0,Defender,,0.0,0.0,0.0,0.0,0.0,0.0,0.0,0.0,0.0,0.0,0.0,0.0,0.0,0.0,0.0,0.0,0.0,0.0,0.0,0.0,0.0,0.0,0.0,0.0,0.0,0.0,0.0,0.0,0.0,0.0,0.0,0.0,0.0,0.0,0.0,Defender,0.0
15704.0,Eric Monjonell,Monjonell,male,2001-12-16T00:00:00+00:00,,,Girona FC,GIR,https://assets.laliga.com/assets/2019/06/07/medium/girona.png,31.0,Defender,,0.0,0.0,0.0,0.0,0.0,0.0,0.0,0.0,0.0,0.0,0.0,0.0,0.0,0.0,0.0,0.0,0.0,0.0,0.0,0.0,0.0,0.0,0.0,0.0,0.0,0.0,0.0,0.0,0.0,0.0,0.0,0.0,0.0,0.0,0.0,Midfielder,0.0
15918.0,Enrique Rios,Kike Ríos,male,2000-01-21T00:00:00+00:00,,187.0,Real Valladolid CF,VLL,https://assets.laliga.com/assets/2019/06/07/medium/valladolid.png,31.0,Defender,,0.0,0.0,0.0,0.0,0.0,0.0,0.0,0.0,0.0,0.0,0.0,0.0,0.0,0.0,0.0,0.0,0.0,0.0,0.0,0.0,0.0,0.0,0.0,0.0,0.0,0.0,0.0,0.0,0.0,0.0,0.0,0.0,0.0,0.0,0.0,Defender,0.0
24184.0,Enol Coto,Coto,male,2001-03-23T00:00:00+00:00,,174.0,Real Sporting,SPO,https://assets.laliga.com/assets/2019/06/07/medium/sporting.png,38.0,Defender,,0.0,0.0,0.0,0.0,0.0,0.0,0.0,0.0,0.0,0.0,0.0,0.0,0.0,0.0,0.0,0.0,0.0,0.0,0.0,0.0,0.0,0.0,0.0,0.0,0.0,0.0,0.0,0.0,0.0,0.0,0.0,0.0,0.0,0.0,0.0,Forward,0.0
24506.0,Emiliano Hernández Moreno,Emi,male,2000-08-03T00:00:00+00:00,,,AD Alcorcón,ALC,https://assets.laliga.com/assets/2019/06/07/medium/alcorcon.png,28.0,Defender,,0.0,0.0,0.0,0.0,0.0,0.0,0.0,0.0,0.0,0.0,0.0,0.0,0.0,0.0,0.0,0.0,0.0,0.0,0.0,0.0,0.0,0.0,0.0,0.0,0.0,0.0,0.0,0.0,0.0,0.0,0.0,0.0,0.0,0.0,0.0,Midfielder,0.0
19044.0,Eduardo Martínez,Edu Martinez,male,1999-04-12T00:00:00+00:00,,180.0,FC Cartagena,CAR,https://assets.laliga.com/assets/2022/02/11/medium/1628caa9b2002a11e564eb84b3677f78.png,35.0,Forward,https://assets.laliga.com/squad/2021/t3554/p523872/512x556/p523872_t3554_2021_1_001_000.png,0.0,0.0,0.0,0.0,0.0,0.0,0.0,0.0,0.0,0.0,0.0,0.0,0.0,0.0,0.0,0.0,0.0,0.0,0.0,0.0,0.0,0.0,0.0,0.0,0.0,0.0,0.0,0.0,0.0,0.0,0.0,0.0,0.0,0.0,0.0,Defender,0.0
15869.0,Dylan Perera,Dylan,male,2003-05-12T00:00:00+00:00,,175.0,CD Tenerife,TEN,https://assets.laliga.com/assets/2019/06/07/medium/tenerife.png,35.0,Midfielder,https://assets.laliga.com/squad/2021/t612/p521478/512x556/p521478_t612_2021_1_001_000.png,0.0,0.0,0.0,0.0,0.0,0.0,0.0,0.0,0.0,0.0,0.0,0.0,0.0,0.0,0.0,0.0,0.0,0.0,0.0,0.0,0.0,0.0,0.0,0.0,0.0,0.0,0.0,0.0,0.0,0.0,0.0,0.0,0.0,0.0,0.0,Defender,0.0
23372.0,Moussa Diarra,Moussa,male,2002-01-20T00:00:00+00:00,,186.0,Málaga CF,MGA,https://assets.laliga.com/assets/2019/06/07/medium/malaga.png,41.0,Defender,https://assets.laliga.com/squad/2021/t182/p547730/512x556/p547730_t182_2021_1_001_000.png,0.0,0.0,0.0,0.0,0.0,0.0,0.0,0.0,0.0,0.0,0.0,0.0,0.0,0.0,0.0,0.0,0.0,0.0,0.0,0.0,0.0,0.0,0.0,0.0,0.0,0.0,0.0,0.0,0.0,0.0,0.0,0.0,0.0,0.0,0.0,Defender,0.0
7277.0,David Vicente,David Vicente,male,1999-04-23T00:00:00+00:00,,172.0,UD Las Palmas,LPA,https://assets.laliga.com/assets/2019/06/07/medium/las-palmas.png,33.0,Defender,https://assets.laliga.com/squad/2021/t407/p441311/512x556/p441311_t407_2021_1_001_000.png,0.0,0.0,0.0,0.0,0.0,0.0,0.0,0.0,0.0,0.0,0.0,0.0,0.0,0.0,0.0,0.0,0.0,0.0,0.0,0.0,0.0,0.0,0.0,0.0,0.0,0.0,0.0,0.0,0.0,0.0,0.0,0.0,0.0,0.0,0.0,Forward,0.0
14661.0,David Larrubia,Larrubia,male,2002-04-20T00:00:00+00:00,59.0,172.0,Málaga CF,MGA,https://assets.laliga.com/assets/2019/06/07/medium/malaga.png,33.0,Midfielder,https://assets.laliga.com/squad/2021/t182/p495391/512x556/p495391_t182_2021_1_001_000.png,0.0,0.0,0.0,0.0,0.0,0.0,0.0,0.0,0.0,0.0,0.0,0.0,0.0,0.0,0.0,0.0,0.0,0.0,0.0,0.0,0.0,0.0,0.0,0.0,0.0,0.0,0.0,0.0,0.0,0.0,0.0,0.0,0.0,0.0,0.0,Defender,0.0
7602.0,David Alba,Alba,male,1999-05-05T00:00:00+00:00,,,CD Leganés,LEG,https://assets.laliga.com/assets/2019/06/07/medium/leganes.png,37.0,Defender,,0.0,0.0,0.0,0.0,0.0,0.0,0.0,0.0,0.0,0.0,0.0,0.0,0.0,0.0,0.0,0.0,0.0,0.0,0.0,0.0,0.0,0.0,0.0,0.0,0.0,0.0,0.0,0.0,0.0,0.0,0.0,0.0,0.0,0.0,0.0,Defender,0.0
25110.0,Sergio Ortuño,Ortuño,male,1999-03-02T00:00:00+00:00,,,Real Valladolid CF,VLL,https://assets.laliga.com/assets/2019/06/07/medium/valladolid.png,47.0,Midfielder,,0.0,0.0,0.0,0.0,0.0,0.0,0.0,0.0,0.0,0.0,0.0,0.0,0.0,0.0,0.0,0.0,0.0,0.0,0.0,0.0,0.0,0.0,0.0,0.0,0.0,0.0,0.0,0.0,0.0,0.0,0.0,0.0,0.0,0.0,0.0,Defender,0.0
25352.0,Oscar Medina,Oscar,male,2004-01-19T00:00:00+00:00,,,Deportivo Alavés,ALA,https://assets.laliga.com/assets/2020/09/01/medium/27002754a98bf535807fe49a24cc63ea.png,32.0,Goalkeeper,,0.0,0.0,0.0,0.0,0.0,0.0,0.0,0.0,0.0,0.0,0.0,0.0,0.0,0.0,0.0,0.0,0.0,0.0,0.0,0.0,0.0,0.0,0.0,0.0,0.0,0.0,0.0,0.0,0.0,0.0,0.0,0.0,0.0,0.0,0.0,Defender,0.0
25766.0,Marco Moreno,Marco,male,2001-02-20T00:00:00+00:00,,192.0,Atlético de Madrid,ATM,https://assets.laliga.com/assets/2019/06/07/medium/atletico.png,32.0,Defender,,0.0,0.0,0.0,0.0,0.0,0.0,0.0,0.0,0.0,0.0,0.0,0.0,0.0,0.0,0.0,0.0,0.0,0.0,0.0,0.0,0.0,0.0,0.0,0.0,0.0,0.0,0.0,0.0,0.0,0.0,0.0,0.0,0.0,0.0,0.0,Goalkeeper,0.0
23684.0,Andrea López,Andrea López,female,2001-03-17T00:00:00+00:00,,,R. Betis Féminas,RBB,https://assets.laliga.com/assets/2019/06/07/medium/betis.png,29.0,Midfielder,https://assets.laliga.com/squad/2021/t13322/p550078/512x556/p550078_t13322_2021_1_001_000.png,0.0,2.0,0.0,0.0,0.0,0.0,0.0,0.0,0.0,2.0,0.0,0.0,0.0,0.0,0.0,0.0,0.0,0.0,0.0,0.0,0.0,0.0,0.0,0.0,0.0,0.0,0.0,0.0,0.0,0.0,0.0,0.0,0.0,0.0,0.0,Defender,0.0
1728.0,Jokin Ezkieta,Jokin Ezkieta,male,1996-08-17T00:00:00+00:00,82.0,193.0,Athletic Club,ATH,https://assets.laliga.com/assets/2019/06/07/medium/athletic.png,13.0,Goalkeeper,https://assets.laliga.com/squad/2021/t174/p195383/512x556/p195383_t174_2021_1_001_000.png,0.0,0.0,0.0,0.0,0.0,0.0,0.0,0.0,0.0,0.0,0.0,0.0,0.0,0.0,0.0,0.0,0.0,0.0,0.0,0.0,0.0,0.0,0.0,0.0,0.0,0.0,0.0,0.0,0.0,0.0,0.0,0.0,0.0,0.0,0.0,Defender,0.0
26698.0,Álex Rico,Alex Rico,male,2002-01-25T00:00:00+00:00,,,Málaga CF,MGA,https://assets.laliga.com/assets/2019/06/07/medium/malaga.png,44.0,Midfielder,,0.0,0.0,0.0,0.0,0.0,0.0,0.0,0.0,0.0,0.0,0.0,0.0,0.0,0.0,0.0,0.0,0.0,0.0,0.0,0.0,0.0,0.0,0.0,0.0,0.0,0.0,0.0,0.0,0.0,0.0,0.0,0.0,0.0,0.0,0.0,Defender,0.0
15785.0,Suleiman Camara,Suleiman,male,2001-02-07T00:00:00+00:00,,,Girona FC,GIR,https://assets.laliga.com/assets/2019/06/07/medium/girona.png,43.0,Defender,,0.0,0.0,0.0,0.0,0.0,0.0,0.0,0.0,0.0,0.0,0.0,0.0,0.0,0.0,0.0,0.0,0.0,0.0,0.0,0.0,0.0,0.0,0.0,0.0,0.0,0.0,0.0,0.0,0.0,0.0,0.0,0.0,0.0,0.0,0.0,Goalkeeper,0.0
15872.0,John Patrick,J. Patrick,male,2003-09-24T00:00:00+00:00,,,Getafe CF,GET,https://assets.laliga.com/assets/2019/06/07/medium/getafe.png,30.0,Midfielder,https://assets.laliga.com/squad/2021/t1450/p521510/512x556/p521510_t1450_2021_1_001_000.png,0.0,0.0,0.0,0.0,0.0,0.0,0.0,0.0,0.0,0.0,0.0,0.0,0.0,0.0,0.0,0.0,0.0,0.0,0.0,0.0,0.0,0.0,0.0,0.0,0.0,0.0,0.0,0.0,0.0,0.0,0.0,0.0,0.0,0.0,0.0,Defender,0.0
25442.0,Joan Rojas,Rojas,male,2000-01-14T00:00:00+00:00,,,Atlético de Madrid,ATM,https://assets.laliga.com/assets/2019/06/07/medium/atletico.png,44.0,Defender,,0.0,0.0,0.0,0.0,0.0,0.0,0.0,0.0,0.0,0.0,0.0,0.0,0.0,0.0,0.0,0.0,0.0,0.0,0.0,0.0,0.0,0.0,0.0,0.0,0.0,0.0,0.0,0.0,0.0,0.0,0.0,0.0,0.0,0.0,0.0,Midfielder,0.0
23124.0,Javier Guerra,Javi Guerra,male,2003-05-13T00:00:00+00:00,,,Valencia CF,VAL,https://assets.laliga.com/assets/2019/06/07/medium/valencia.png,30.0,Midfielder,https://assets.laliga.com/squad/2021/t191/p546540/512x556/p546540_t191_2021_1_001_000.png,0.0,0.0,0.0,0.0,0.0,0.0,0.0,0.0,0.0,0.0,0.0,0.0,0.0,0.0,0.0,0.0,0.0,0.0,0.0,0.0,0.0,0.0,0.0,0.0,0.0,0.0,0.0,0.0,0.0,0.0,0.0,0.0,0.0,0.0,0.0,Defender,0.0
25493.0,Adriana García,Adriana García,female,2004-07-07T00:00:00+00:00,,,UD Granadilla Tenerife Egatesa,UDG,https://assets.laliga.com/assets/2019/06/07/medium/granadilla.png,37.0,Defender,,0.0,0.0,0.0,0.0,0.0,0.0,0.0,0.0,0.0,0.0,0.0,0.0,0.0,0.0,0.0,0.0,0.0,0.0,0.0,0.0,0.0,0.0,0.0,0.0,0.0,0.0,0.0,0.0,0.0,0.0,0.0,0.0,0.0,0.0,0.0,Midfielder,0.0
19548.0,Alba María López Montiel,Albeta,female,2001-01-14T00:00:00+00:00,,,Villarreal CF,VIL,https://assets.laliga.com/assets/2021/06/28/medium/9fbd53c24db4a5ff2257fa8ba57b59d4.png,30.0,Defender,https://assets.laliga.com/squad/2021/t18273/p543161/512x556/p543161_t18273_2021_0_001_000.png,0.0,0.0,0.0,0.0,0.0,0.0,0.0,0.0,0.0,0.0,0.0,0.0,0.0,0.0,0.0,0.0,0.0,0.0,0.0,0.0,0.0,0.0,0.0,0.0,0.0,0.0,0.0,0.0,0.0,0.0,0.0,0.0,0.0,0.0,0.0,Defender,0.0
11779.0,Ana Fernández,Ana Fernández,female,2000-03-03T00:00:00+00:00,,,Madrid CFF,MAD,https://assets.laliga.com/assets/2019/06/07/medium/madrid-futbol-femenino.png,31.0,Defender,https://assets.laliga.com/squad/2021/t13320/p465218/512x556/p465218_t13320_2021_0_001_000.png,0.0,3.0,0.0,0.0,0.0,0.0,0.0,0.0,0.0,6.0,0.0,0.0,0.0,0.0,0.0,0.0,0.0,0.0,0.0,0.0,0.0,0.0,0.0,0.0,0.0,0.0,0.0,0.0,0.0,0.0,0.0,0.0,0.0,0.0,0.0,Midfielder,0.0
14526.0,Javier Castro,Castro,male,2000-09-13T00:00:00+00:00,75.0,183.0,RC Celta,CEL,https://assets.laliga.com/assets/2019/06/07/medium/celta.png,38.0,Defender,,0.0,0.0,0.0,0.0,0.0,0.0,0.0,0.0,0.0,0.0,0.0,0.0,0.0,0.0,0.0,0.0,0.0,0.0,0.0,0.0,0.0,0.0,0.0,0.0,0.0,0.0,0.0,0.0,0.0,0.0,0.0,0.0,0.0,0.0,0.0,Goalkeeper,0.0
23605.0,Ane Elexpuru,Ane Elexpuru,female,2003-05-02T00:00:00+00:00,,,Athletic Club,ATH,https://assets.laliga.com/assets/2019/06/07/medium/athletic-femenino.png,31.0,Defender,https://assets.laliga.com/squad/2021/t12034/p478151/512x556/p478151_t12034_2021_1_001_000.png,0.0,0.0,0.0,0.0,0.0,0.0,0.0,0.0,0.0,0.0,0.0,0.0,0.0,0.0,0.0,0.0,0.0,0.0,0.0,0.0,0.0,0.0,0.0,0.0,0.0,0.0,0.0,0.0,0.0,0.0,0.0,0.0,0.0,0.0,0.0,Goalkeeper,0.0
23121.0,José David Menargues Manzanares,Joseda,male,2002-05-01T00:00:00+00:00,,180.0,Valencia CF,VAL,https://assets.laliga.com/assets/2019/06/07/medium/valencia.png,34.0,Defender,https://assets.laliga.com/squad/2021/t191/p488031/512x556/p488031_t191_2021_1_001_000.png,0.0,0.0,0.0,0.0,0.0,0.0,0.0,0.0,0.0,0.0,0.0,0.0,0.0,0.0,0.0,0.0,0.0,0.0,0.0,0.0,0.0,0.0,0.0,0.0,0.0,0.0,0.0,0.0,0.0,0.0,0.0,0.0,0.0,0.0,0.0,Goalkeeper,0.0
9409.0,Ignacio Peña Sotorres,Iñaki Peña,male,1999-03-02T00:00:00+00:00,78.0,184.0,FC Barcelona,BAR,https://assets.laliga.com/assets/2019/06/07/medium/barcelona.png,,Goalkeeper,https://assets.laliga.com/squad/2021/t178/p210341/512x556/p210341_t178_2021_1_001_000.png,0.0,0.0,0.0,0.0,0.0,0.0,0.0,0.0,0.0,0.0,0.0,0.0,0.0,0.0,0.0,0.0,0.0,0.0,0.0,0.0,0.0,0.0,0.0,0.0,0.0,0.0,0.0,0.0,0.0,0.0,0.0,0.0,0.0,0.0,0.0,Defender,0.0
17022.0,Ariadna Mingueza,Ariadna Mingueza,female,2003-03-22T00:00:00+00:00,,,FC Barcelona,FCB,https://assets.laliga.com/assets/2019/06/07/medium/fc-barcelona-femenino.png,27.0,Defender,,0.0,0.0,0.0,0.0,0.0,0.0,0.0,0.0,0.0,0.0,0.0,0.0,0.0,0.0,0.0,0.0,0.0,0.0,0.0,0.0,0.0,0.0,0.0,0.0,0.0,0.0,0.0,0.0,0.0,0.0,0.0,0.0,0.0,0.0,0.0,Forward,0.0
15816.0,Iker Recio,Iker Recio,male,2001-06-17T00:00:00+00:00,,,Rayo Vallecano,RAY,https://assets.laliga.com/assets/2019/06/07/medium/rayo.png,27.0,Defender,https://assets.laliga.com/squad/2021/t184/p493097/512x556/p493097_t184_2021_1_001_000.png,0.0,0.0,0.0,0.0,0.0,0.0,0.0,0.0,0.0,0.0,0.0,0.0,0.0,0.0,0.0,0.0,0.0,0.0,0.0,0.0,0.0,0.0,0.0,0.0,0.0,0.0,0.0,0.0,0.0,0.0,0.0,0.0,0.0,0.0,0.0,Goalkeeper,0.0
19003.0,Ainhoa Estevez Bascuñan,Bascu,female,2004-02-23T00:00:00+00:00,,,Levante UD,LUD,https://assets.laliga.com/assets/2019/06/07/medium/levante-femenino.png,28.0,Midfielder,https://assets.laliga.com/squad/2021/t13319/p535785/512x556/p535785_t13319_2021_1_001_000.png,0.0,0.0,0.0,0.0,0.0,0.0,0.0,0.0,0.0,0.0,0.0,0.0,0.0,0.0,0.0,0.0,0.0,0.0,0.0,0.0,0.0,0.0,0.0,0.0,0.0,0.0,0.0,0.0,0.0,0.0,0.0,0.0,0.0,0.0,0.0,Defender,0.0
25194.0,Ibrahima Vaniel Cámara Silva,Ibra,male,2003-01-18T00:00:00+00:00,,,Atlético de Madrid,ATM,https://assets.laliga.com/assets/2019/06/07/medium/atletico.png,47.0,Defender,,0.0,0.0,0.0,0.0,0.0,0.0,0.0,0.0,0.0,0.0,0.0,0.0,0.0,0.0,0.0,0.0,0.0,0.0,0.0,0.0,0.0,0.0,0.0,0.0,0.0,0.0,0.0,0.0,0.0,0.0,0.0,0.0,0.0,0.0,0.0,Midfielder,0.0
23059.0,Beatrice Goad,Beattie Goad,female,1997-05-31T00:00:00+00:00,,,UD Granadilla Tenerife Egatesa,UDG,https://assets.laliga.com/assets/2019/06/07/medium/granadilla.png,5.0,Defender,https://assets.laliga.com/squad/2021/t13328/p197228/512x556/p197228_t13328_2021_1_001_000.png,0.0,18.0,0.0,0.0,0.0,0.0,0.0,0.0,1.0,9.0,0.0,0.0,0.0,0.0,0.0,0.0,0.0,1.0,0.0,0.0,0.0,0.0,0.0,0.0,0.0,0.0,0.0,0.0,0.0,0.0,1.0,0.0,0.0,0.0,0.0,Goalkeeper,0.0
9526.0,Guillem Jaime,Guillem Jaime,male,1999-01-06T00:00:00+00:00,70.0,177.0,FC Barcelona,BAR,https://assets.laliga.com/assets/2019/06/07/medium/barcelona.png,38.0,Defender,,0.0,0.0,0.0,0.0,0.0,0.0,0.0,0.0,0.0,0.0,0.0,0.0,0.0,0.0,0.0,0.0,0.0,0.0,0.0,0.0,0.0,0.0,0.0,0.0,0.0,0.0,0.0,0.0,0.0,0.0,0.0,0.0,0.0,0.0,0.0,Midfielder,0.0
25814.0,Carmen Repullo,Carmen Repullo,female,,,,Madrid CFF,MAD,https://assets.laliga.com/assets/2019/06/07/medium/madrid-futbol-femenino.png,,Defender,,0.0,0.0,0.0,0.0,0.0,0.0,0.0,0.0,0.0,0.0,0.0,0.0,0.0,0.0,0.0,0.0,0.0,0.0,0.0,0.0,0.0,0.0,0.0,0.0,0.0,0.0,0.0,0.0,0.0,0.0,0.0,0.0,0.0,0.0,0.0,Defender,0.0
18838.0,Cathaysa Rodriguez,Cathy,female,2001-09-04T00:00:00+00:00,,,UD Granadilla Tenerife Egatesa,UDG,https://assets.laliga.com/assets/2019/06/07/medium/granadilla.png,36.0,Defender,,0.0,0.0,0.0,0.0,0.0,0.0,0.0,0.0,0.0,0.0,0.0,0.0,0.0,0.0,0.0,0.0,0.0,0.0,0.0,0.0,0.0,0.0,0.0,0.0,0.0,0.0,0.0,0.0,0.0,0.0,0.0,0.0,0.0,0.0,0.0,Midfielder,0.0
19191.0,Clara Pinedo,Clara Pinedo,female,2003-09-09T00:00:00+00:00,,,Athletic Club,ATH,https://assets.laliga.com/assets/2019/06/07/medium/athletic-femenino.png,28.0,Midfielder,https://assets.laliga.com/squad/2021/t12034/p539768/512x556/p539768_t12034_2021_0_001_000.png,0.0,6.0,0.0,0.0,0.0,0.0,0.0,0.0,1.0,3.0,0.0,0.0,0.0,0.0,0.0,0.0,0.0,1.0,0.0,0.0,0.0,0.0,0.0,0.0,0.0,0.0,0.0,0.0,0.0,0.0,1.0,0.0,0.0,0.0,0.0,Defender,0.0
24122.0,Jonathan Gómez,Gomez,male,2003-09-01T00:00:00+00:00,71.0,176.0,Real Sociedad,RSO,https://assets.laliga.com/assets/2019/06/07/medium/real-sociedad.png,39.0,Defender,,0.0,0.0,0.0,0.0,0.0,0.0,0.0,0.0,0.0,0.0,0.0,0.0,0.0,0.0,0.0,0.0,0.0,0.0,0.0,0.0,0.0,0.0,0.0,0.0,0.0,0.0,0.0,0.0,0.0,0.0,0.0,0.0,0.0,0.0,0.0,Forward,0.0
8715.0,Abdelkabir Abqar,Abqar,male,1999-03-10T00:00:00+00:00,80.0,188.0,Deportivo Alavés,ALA,https://assets.laliga.com/assets/2020/09/01/medium/27002754a98bf535807fe49a24cc63ea.png,26.0,Defender,https://assets.laliga.com/squad/2021/t173/p463001/512x556/p463001_t173_2021_1_001_000.png,0.0,0.0,0.0,0.0,0.0,0.0,0.0,0.0,0.0,0.0,0.0,0.0,0.0,0.0,0.0,0.0,0.0,0.0,0.0,0.0,0.0,0.0,0.0,0.0,0.0,0.0,0.0,0.0,0.0,0.0,0.0,0.0,0.0,0.0,0.0,Goalkeeper,0.0
17232.0,Unai Ruiz-Zeberio,Ruiz-Zeberio,male,2000-06-19T00:00:00+00:00,,,SD Eibar,EIB,https://assets.laliga.com/assets/2019/06/07/medium/eibar.png,26.0,Goalkeeper,,0.0,0.0,0.0,0.0,0.0,0.0,0.0,0.0,0.0,0.0,0.0,0.0,0.0,0.0,0.0,0.0,0.0,0.0,0.0,0.0,0.0,0.0,0.0,0.0,0.0,0.0,0.0,0.0,0.0,0.0,0.0,0.0,0.0,0.0,0.0,Defender,0.0
14989.0,Víctor Méndez,Víctor,male,2000-03-24T00:00:00+00:00,,,CD Tenerife,TEN,https://assets.laliga.com/assets/2019/06/07/medium/tenerife.png,30.0,Goalkeeper,https://assets.laliga.com/squad/2021/t612/p503138/512x556/p503138_t612_2021_1_001_000.png,0.0,0.0,0.0,0.0,0.0,0.0,0.0,0.0,0.0,0.0,0.0,0.0,0.0,0.0,0.0,0.0,0.0,0.0,0.0,0.0,0.0,0.0,0.0,0.0,0.0,0.0,0.0,0.0,0.0,0.0,0.0,0.0,0.0,0.0,0.0,Defender,0.0
14678.0,Luis Federico López Andúgar,Luis López,male,2001-05-08T00:00:00+00:00,,,Real Madrid,RMA,https://assets.laliga.com/assets/2019/06/07/medium/real-madrid.png,26.0,Goalkeeper,https://assets.laliga.com/squad/2021/t186/p466118/512x556/p466118_t186_2021_1_001_000.png,0.0,0.0,0.0,0.0,0.0,0.0,0.0,0.0,0.0,0.0,0.0,0.0,0.0,0.0,0.0,0.0,0.0,0.0,0.0,0.0,0.0,0.0,0.0,0.0,0.0,0.0,0.0,0.0,0.0,0.0,0.0,0.0,0.0,0.0,0.0,Defender,0.0
25383.0,Luis Bilbao,Luis Bilbao,male,2003-03-24T00:00:00+00:00,,,Athletic Club,ATH,https://assets.laliga.com/assets/2019/06/07/medium/athletic.png,36.0,Forward,,0.0,0.0,0.0,0.0,0.0,0.0,0.0,0.0,0.0,0.0,0.0,0.0,0.0,0.0,0.0,0.0,0.0,0.0,0.0,0.0,0.0,0.0,0.0,0.0,0.0,0.0,0.0,0.0,0.0,0.0,0.0,0.0,0.0,0.0,0.0,Defender,0.0
23344.0,Alejandro Alda López,Alex Alda,male,2003-03-03T00:00:00+00:00,,,CD Leganés,LEG,https://assets.laliga.com/assets/2019/06/07/medium/leganes.png,27.0,Defender,https://assets.laliga.com/squad/2021/t957/p547452/512x556/p547452_t957_2021_1_001_000.png,0.0,0.0,0.0,0.0,0.0,0.0,0.0,0.0,0.0,0.0,0.0,0.0,0.0,0.0,0.0,0.0,0.0,0.0,0.0,0.0,0.0,0.0,0.0,0.0,0.0,0.0,0.0,0.0,0.0,0.0,0.0,0.0,0.0,0.0,0.0,Midfielder,0.0
19218.0,Yago Cantero,Cantero,male,2000-01-26T00:00:00+00:00,,,R. Sociedad B,RSOB,https://assets.laliga.com/assets/2019/06/07/medium/real-sociedad.png,33.0,Defender,,0.0,0.0,0.0,0.0,0.0,0.0,0.0,0.0,0.0,0.0,0.0,0.0,0.0,0.0,0.0,0.0,0.0,0.0,0.0,0.0,0.0,0.0,0.0,0.0,0.0,0.0,0.0,0.0,0.0,0.0,0.0,0.0,0.0,0.0,0.0,Goalkeeper,0.0
25609.0,José David Álvarez Adsuar,Joseda,male,2001-01-22T00:00:00+00:00,,183.0,Levante UD,LEV,https://assets.laliga.com/assets/2019/06/07/medium/levante.png,27.0,Defender,,0.0,0.0,0.0,0.0,0.0,0.0,0.0,0.0,0.0,0.0,0.0,0.0,0.0,0.0,0.0,0.0,0.0,0.0,0.0,0.0,0.0,0.0,0.0,0.0,0.0,0.0,0.0,0.0,0.0,0.0,0.0,0.0,0.0,0.0,0.0,Defender,0.0
24046.0,Marc Carmona,M. Carmona,male,2001-01-08T00:00:00+00:00,,,RCD Mallorca,MLL,https://assets.laliga.com/assets/2019/06/07/medium/mallorca.png,28.0,Defender,https://assets.laliga.com/squad/2021/t181/p549224/512x556/p549224_t181_2021_1_001_000.png,0.0,0.0,0.0,0.0,0.0,0.0,0.0,0.0,0.0,0.0,0.0,0.0,0.0,0.0,0.0,0.0,0.0,0.0,0.0,0.0,0.0,0.0,0.0,0.0,0.0,0.0,0.0,0.0,0.0,0.0,0.0,0.0,0.0,0.0,0.0,Defender,0.0
23578.0,José Manuel López Sánchez,Jose Manuel,male,1999-02-25T00:00:00+00:00,,,Levante UD,LEV,https://assets.laliga.com/assets/2019/06/07/medium/levante.png,28.0,Defender,https://assets.laliga.com/squad/2021/t855/p493721/512x556/p493721_t855_2021_1_001_000.png,0.0,0.0,0.0,0.0,0.0,0.0,0.0,0.0,0.0,0.0,0.0,0.0,0.0,0.0,0.0,0.0,0.0,0.0,0.0,0.0,0.0,0.0,0.0,0.0,0.0,0.0,0.0,0.0,0.0,0.0,0.0,0.0,0.0,0.0,0.0,Forward,0.0
15036.0,José Manuel Cabrera,Lanchi,male,2001-06-23T00:00:00+00:00,,,Villarreal CF,VIL,https://assets.laliga.com/assets/2019/06/07/medium/villarreal.png,32.0,Defender,https://assets.laliga.com/squad/2021/t449/p513948/512x556/p513948_t449_2021_0_001_000.png,0.0,0.0,0.0,0.0,0.0,0.0,0.0,0.0,0.0,0.0,0.0,0.0,0.0,0.0,0.0,0.0,0.0,0.0,0.0,0.0,0.0,0.0,0.0,0.0,0.0,0.0,0.0,0.0,0.0,0.0,0.0,0.0,0.0,0.0,0.0,Defender,0.0
22808.0,Juan Artola,Artola,male,2000-04-07T00:00:00+00:00,,,Athletic Club,ATH,https://assets.laliga.com/assets/2019/06/07/medium/athletic.png,34.0,Forward,https://assets.laliga.com/squad/2021/t174/p442485/512x556/p442485_t174_2021_1_001_000.png,0.0,0.0,0.0,0.0,0.0,0.0,0.0,0.0,0.0,0.0,0.0,0.0,0.0,0.0,0.0,0.0,0.0,0.0,0.0,0.0,0.0,0.0,0.0,0.0,0.0,0.0,0.0,0.0,0.0,0.0,0.0,0.0,0.0,0.0,0.0,Defender,0.0
25514.0,Enrique Jesús Salas Valiente,Kike Salas,male,2002-04-23T00:00:00+00:00,,,Sevilla FC,SEV,https://assets.laliga.com/assets/2019/06/07/medium/sevilla.png,45.0,Defender,,0.0,0.0,0.0,0.0,0.0,0.0,0.0,0.0,0.0,0.0,0.0,0.0,0.0,0.0,0.0,0.0,0.0,0.0,0.0,0.0,0.0,0.0,0.0,0.0,0.0,0.0,0.0,0.0,0.0,0.0,0.0,0.0,0.0,0.0,0.0,Forward,0.0
16964.0,Manuel Lama,Lama,male,2001-02-12T00:00:00+00:00,,,Atlético de Madrid,ATM,https://assets.laliga.com/assets/2019/06/07/medium/atletico.png,42.0,Defender,,0.0,0.0,0.0,0.0,0.0,0.0,0.0,0.0,0.0,0.0,0.0,0.0,0.0,0.0,0.0,0.0,0.0,0.0,0.0,0.0,0.0,0.0,0.0,0.0,0.0,0.0,0.0,0.0,0.0,0.0,0.0,0.0,0.0,0.0,0.0,Midfielder,0.0
24868.0,Juan Durán,Durán,male,2001-01-08T00:00:00+00:00,,,CD Mirandés,MIR,https://assets.laliga.com/assets/2019/06/07/medium/mirandes.png,33.0,Defender,,0.0,1.0,0.0,0.0,0.0,0.0,0.0,0.0,0.0,0.0,0.0,0.0,0.0,3.0,0.0,0.0,0.0,0.0,0.0,0.0,0.0,0.0,0.0,2.0,2.0,0.0,1.0,1.0,3.0,0.0,0.0,0.0,1.0,0.0,0.0,Midfielder,-0.05000000000000002
24683.0,Valentino Fattore,Valentino,male,2001-08-10T00:00:00+00:00,,,Sevilla FC,SEV,https://assets.laliga.com/assets/2019/06/07/medium/sevilla.png,42.0,Defender,https://assets.laliga.com/squad/2021/t179/p438163/512x556/p438163_t179_2021_1_001_000.png,0.0,1.0,0.0,0.0,0.0,0.0,0.0,0.0,0.0,0.0,0.0,0.0,0.0,0.0,0.0,0.0,0.0,0.0,0.0,0.0,0.0,0.0,0.0,0.0,0.0,0.0,0.0,1.0,0.0,0.0,0.0,0.0,0.0,0.0,0.0,Midfielder,-0.1
12585.0,Diego Conde,Diego Conde,male,1998-10-28T00:00:00+00:00,,188.0,Getafe CF,GET,https://assets.laliga.com/assets/2019/06/07/medium/getafe.png,27.0,Goalkeeper,https://assets.laliga.com/squad/2021/t1450/p439597/512x556/p439597_t1450_2021_1_001_000.png,0.0,1.0,0.0,0.0,0.0,1.0,0.0,0.0,0.0,0.0,0.0,0.0,0.0,2.0,0.0,0.0,0.0,0.0,0.0,0.0,0.0,0.0,0.0,0.0,0.0,0.0,0.0,6.0,6.0,0.0,0.0,0.0,6.0,0.0,0.0,Defender,-0.30000000000000004
18851.0,Gregorio Gracia Sánchez,Gori,male,2002-05-15T00:00:00+00:00,,,RCD Espanyol de Barcelona,ESP,https://assets.laliga.com/assets/2019/06/07/medium/espanyol.png,32.0,Defender,https://assets.laliga.com/squad/2021/t177/p513952/512x556/p513952_t177_2021_1_001_000.png,0.0,1.0,0.0,0.0,0.0,0.0,0.0,0.0,0.0,0.0,0.0,1.0,0.0,6.0,0.0,0.0,0.0,0.0,0.0,0.0,0.0,0.0,4.0,1.0,5.0,0.0,1.0,1.0,6.0,0.0,0.0,0.0,1.0,0.0,1.0,Midfielder,-0.55
9512.0,Alejandra Bernabe,Alejandra Bernabe,female,2001-11-12T00:00:00+00:00,,,SD Eibar,EIB,https://assets.laliga.com/assets/2019/06/07/medium/eibar.png,20.0,Defender,,0.0,9.0,1.0,0.0,0.0,0.0,0.0,0.0,0.0,9.0,0.0,0.0,0.0,3.0,0.0,0.0,0.0,0.0,0.0,0.0,0.0,0.0,2.0,0.0,3.0,0.0,0.0,0.0,3.0,0.0,3.0,0.0,0.0,0.0,1.0,Defender,-0.6499999999999999
8503.0,Eva Navarro,Eva Navarro,female,2001-01-27T00:00:00+00:00,,161.0,Levante UD,LUD,https://assets.laliga.com/assets/2019/06/07/medium/levante-femenino.png,18.0,Forward,https://assets.laliga.com/squad/2021/t13319/p454316/512x556/p454316_t13319_2021_1_001_000.png,0.0,7.0,1.0,0.0,0.0,0.0,0.0,0.0,0.0,8.0,0.0,0.0,0.0,1.0,0.0,0.0,0.0,0.0,0.0,0.0,0.0,0.0,1.0,0.0,1.0,0.0,0.0,0.0,1.0,0.0,1.0,0.0,0.0,0.0,1.0,Defender,-0.85
17045.0,Lucía Marte León,Lucía León,female,1997-08-14T00:00:00+00:00,,,R. Betis Féminas,RBB,https://assets.laliga.com/assets/2019/06/07/medium/betis.png,14.0,Defender,https://assets.laliga.com/squad/2021/t13322/p477772/512x556/p477772_t13322_2021_1_001_000.png,0.0,29.0,0.0,0.0,0.0,0.0,2.0,0.0,2.0,45.0,0.0,0.0,0.0,1.0,0.0,0.0,0.0,2.0,0.0,0.0,0.0,0.0,1.0,0.0,1.0,0.0,0.0,0.0,1.0,0.0,3.0,0.0,0.0,0.0,7.0,Defender,-0.8500000000000005
14613.0,Juan Luis Sánchez Velasco,Juanlu,male,2003-08-15T00:00:00+00:00,68.0,183.0,Sevilla FC,SEV,https://assets.laliga.com/assets/2019/06/07/medium/sevilla.png,32.0,Defender,,0.0,1.0,0.0,0.0,0.0,0.0,0.0,1.0,0.0,0.0,0.0,0.0,0.0,4.0,0.0,0.0,0.0,0.0,0.0,0.0,0.0,0.0,0.0,2.0,2.0,0.0,1.0,3.0,4.0,1.0,0.0,0.0,1.0,1.0,1.0,Forward,-0.8999999999999999
26542.0,Marc Tenas,M. Tenas,male,2001-05-30T00:00:00+00:00,,,Deportivo Alavés,ALA,https://assets.laliga.com/assets/2020/09/01/medium/27002754a98bf535807fe49a24cc63ea.png,40.0,Forward,,1.0,3.0,0.0,0.0,0.0,0.0,0.0,4.0,0.0,2.0,0.0,1.0,0.0,19.0,0.0,0.0,0.0,0.0,0.0,0.0,1.0,0.0,9.0,5.0,14.0,0.0,3.0,12.0,19.0,1.0,1.0,0.0,0.0,5.0,2.0,Defender,-0.9500000000000002
25465.0,Hanna Lundkvist,Hanna Lundkvist,female,2002-07-17T00:00:00+00:00,,,At. Madrid Femenino,ATM,https://assets.laliga.com/assets/2019/06/07/medium/atletico-feminas.png,27.0,Defender,,0.0,5.0,0.0,0.0,0.0,0.0,0.0,0.0,0.0,1.0,0.0,0.0,0.0,0.0,0.0,0.0,0.0,0.0,0.0,0.0,0.0,0.0,0.0,0.0,0.0,0.0,0.0,0.0,0.0,0.0,0.0,0.0,0.0,0.0,1.0,Forward,-1.0
19633.0,Ander Zoilo,Zoilo,male,2000-02-14T00:00:00+00:00,,,R. Sociedad B,RSOB,https://assets.laliga.com/assets/2019/06/07/medium/real-sociedad.png,28.0,Defender,https://assets.laliga.com/squad/2021/t3567/p543313/512x556/p543313_t3567_2021_1_001_000.png,1.0,2.0,0.0,0.0,0.0,0.0,0.0,1.0,0.0,1.0,0.0,0.0,0.0,5.0,0.0,0.0,0.0,0.0,0.0,0.0,0.0,1.0,2.0,0.0,1.0,2.0,0.0,8.0,5.0,0.0,0.0,0.0,2.0,1.0,1.0,Defender,-1.0
15066.0,María Valle,María Valle,female,2004-11-14T00:00:00+00:00,,,R. Betis Féminas,RBB,https://assets.laliga.com/assets/2019/06/07/medium/betis.png,5.0,Defender,https://assets.laliga.com/squad/2021/t13322/p478148/512x556/p478148_t13322_2021_1_001_000.png,0.0,21.0,0.0,0.0,0.0,0.0,4.0,0.0,1.0,31.0,0.0,0.0,0.0,0.0,0.0,2.0,0.0,1.0,1.0,0.0,0.0,0.0,0.0,0.0,0.0,0.0,0.0,0.0,0.0,0.0,1.0,0.0,0.0,0.0,6.0,Forward,-1.0
15081.0,Cecilie Struck,Cecilie Struck,female,1998-02-16T00:00:00+00:00,,,Rayo Vallecano,RVM,https://assets.laliga.com/assets/2019/06/07/medium/rayo-femenino.png,20.0,Defender,https://assets.laliga.com/squad/2021/t13321/p517167/512x556/p517167_t13321_2021_1_001_000.png,0.0,10.0,0.0,0.0,0.0,0.0,0.0,0.0,2.0,15.0,0.0,0.0,0.0,0.0,0.0,0.0,0.0,2.0,0.0,0.0,0.0,0.0,0.0,0.0,0.0,0.0,0.0,0.0,0.0,0.0,2.0,0.0,0.0,0.0,1.0,Defender,-1.0
12775.0,Nazareth Martín,Nazareth Martín,female,2002-02-26T00:00:00+00:00,,178.0,Sevilla FC,SFC,https://assets.laliga.com/assets/2019/06/07/medium/sevilla.png,27.0,Defender,https://assets.laliga.com/squad/2021/t13326/p478152/512x556/p478152_t13326_2021_1_001_000.png,0.0,8.0,0.0,0.0,0.0,0.0,0.0,0.0,0.0,14.0,0.0,0.0,0.0,0.0,0.0,0.0,0.0,0.0,0.0,0.0,0.0,0.0,0.0,0.0,0.0,0.0,0.0,0.0,0.0,0.0,0.0,0.0,0.0,0.0,1.0,Goalkeeper,-1.0
3598.0,María Estella del Valle,María Estella del Valle,female,1994-06-10T00:00:00+00:00,63.0,170.0,UD Granadilla Tenerife Egatesa,UDG,https://assets.laliga.com/assets/2019/06/07/medium/granadilla.png,20.0,Defender,https://assets.laliga.com/squad/2021/t13328/p434316/512x556/p434316_t13328_2021_1_001_000.png,0.0,8.0,0.0,0.0,0.0,0.0,0.0,0.0,0.0,12.0,0.0,0.0,0.0,0.0,0.0,0.0,0.0,0.0,0.0,0.0,0.0,0.0,0.0,0.0,0.0,0.0,0.0,0.0,0.0,0.0,0.0,0.0,0.0,0.0,1.0,Forward,-1.0
6064.0,Lucía Méndez,Lucía Méndez,female,1999-02-19T00:00:00+00:00,53.0,162.0,R. Betis Féminas,RBB,https://assets.laliga.com/assets/2019/06/07/medium/betis.png,23.0,Midfielder,https://assets.laliga.com/squad/2021/t13322/p434580/512x556/p434580_t13322_2021_1_001_000.png,0.0,4.0,0.0,0.0,0.0,0.0,0.0,0.0,0.0,3.0,0.0,0.0,0.0,0.0,0.0,0.0,0.0,0.0,0.0,0.0,0.0,0.0,0.0,0.0,0.0,0.0,0.0,0.0,0.0,0.0,0.0,0.0,0.0,0.0,1.0,Defender,-1.0
4590.0,Ange N'Guessan,Ange Koko,female,1990-11-18T00:00:00+00:00,45.0,153.0,UD Granadilla Tenerife Egatesa,UDG,https://assets.laliga.com/assets/2019/06/07/medium/granadilla.png,8.0,Forward,https://assets.laliga.com/squad/2021/t13328/p210123/512x556/p210123_t13328_2021_1_001_000.png,0.0,28.0,1.0,0.0,0.0,0.0,0.0,0.0,3.0,18.0,0.0,0.0,0.0,4.0,0.0,0.0,0.0,3.0,0.0,0.0,0.0,0.0,3.0,1.0,4.0,0.0,0.0,0.0,4.0,0.0,6.0,0.0,0.0,0.0,2.0,Defender,-1.45
3623.0,Alba Redondo,Alba Redondo,female,1996-08-27T00:00:00+00:00,63.0,169.0,Levante UD,LUD,https://assets.laliga.com/assets/2019/06/07/medium/levante-femenino.png,11.0,Forward,https://assets.laliga.com/squad/2021/t13319/p191675/512x556/p191675_t13319_2021_1_001_000.png,0.0,30.0,1.0,0.0,0.0,0.0,0.0,0.0,12.0,28.0,0.0,0.0,0.0,5.0,0.0,0.0,0.0,12.0,0.0,0.0,0.0,0.0,1.0,0.0,5.0,0.0,0.0,0.0,5.0,0.0,16.0,0.0,0.0,0.0,2.0,Defender,-1.65
8525.0,Lice Chamorro,Lice Chamorro,female,1998-12-22T00:00:00+00:00,67.0,171.0,Deportivo Alavés,ALA,https://assets.laliga.com/assets/2021/06/28/medium/42d681848c77e9a837be29b98e03557b.png,18.0,Forward,,0.0,29.0,0.0,0.0,0.0,0.0,0.0,0.0,6.0,40.0,0.0,0.0,0.0,3.0,0.0,0.0,0.0,6.0,0.0,0.0,0.0,0.0,0.0,2.0,3.0,0.0,0.0,0.0,3.0,0.0,8.0,0.0,0.0,0.0,2.0,Defender,-1.75
14784.0,Nerea Gantxegi,Nerea Gantxegi,female,1994-09-07T00:00:00+00:00,,,SD Eibar,EIB,https://assets.laliga.com/assets/2019/06/07/medium/eibar.png,15.0,Defender,https://assets.laliga.com/squad/2021/t16881/p508012/512x556/p508012_t16881_2021_0_001_000.png,0.0,13.0,0.0,0.0,0.0,0.0,0.0,0.0,1.0,24.0,0.0,0.0,0.0,1.0,0.0,0.0,0.0,1.0,0.0,0.0,0.0,0.0,1.0,0.0,1.0,0.0,0.0,0.0,1.0,0.0,2.0,0.0,0.0,0.0,2.0,Defender,-1.85
21677.0,Laura Gutiérrez Sáenz de Santa María,Laurina,female,2000-04-18T00:00:00+00:00,,,R. Betis Féminas,RBB,https://assets.laliga.com/assets/2019/06/07/medium/betis.png,9.0,Midfielder,https://assets.laliga.com/squad/2021/t13322/p545264/512x556/p545264_t13322_2021_1_001_000.png,0.0,24.0,0.0,0.0,0.0,0.0,0.0,0.0,0.0,21.0,0.0,0.0,0.0,1.0,0.0,0.0,0.0,0.0,0.0,0.0,0.0,0.0,0.0,1.0,1.0,0.0,0.0,0.0,1.0,0.0,1.0,0.0,0.0,0.0,2.0,Defender,-1.9
3667.0,Itxaso Uriarte,Itxaso Uriarte,female,1991-09-01T00:00:00+00:00,58.0,168.0,Athletic Club,ATH,https://assets.laliga.com/assets/2019/06/07/medium/athletic-femenino.png,18.0,Midfielder,https://assets.laliga.com/squad/2021/t12034/p434338/512x556/p434338_t12034_2021_0_001_000.png,0.0,22.0,1.0,0.0,0.0,0.0,0.0,0.0,0.0,24.0,0.0,0.0,0.0,3.0,0.0,0.0,0.0,0.0,0.0,0.0,0.0,0.0,1.0,0.0,3.0,0.0,0.0,0.0,3.0,0.0,3.0,0.0,0.0,0.0,3.0,Defender,-2.75
14828.0,Iina Salmi,Iina Salmi,female,1994-10-12T00:00:00+00:00,,164.0,VCF Femenino,VCF,https://assets.laliga.com/assets/2019/06/07/medium/valencia-femenino.png,7.0,Midfielder,https://assets.laliga.com/squad/2021/t13329/p176322/512x556/p176322_t13329_2021_1_001_000.png,0.0,30.0,1.0,0.0,0.0,0.0,0.0,0.0,3.0,33.0,0.0,0.0,0.0,2.0,0.0,0.0,0.0,3.0,0.0,0.0,0.0,0.0,0.0,1.0,2.0,0.0,0.0,0.0,2.0,0.0,5.0,0.0,0.0,0.0,3.0,Defender,-2.85
9538.0,Giovana Queiroz Costa,Gio,female,2003-06-21T00:00:00+00:00,,167.0,Levante UD,LUD,https://assets.laliga.com/assets/2019/06/07/medium/levante-femenino.png,5.0,Forward,https://assets.laliga.com/squad/2021/t13319/p472186/512x556/p472186_t13319_2021_1_001_000.png,0.0,26.0,0.0,0.0,0.0,0.0,0.0,0.0,7.0,21.0,0.0,0.0,0.0,1.0,0.0,0.0,0.0,7.0,0.0,0.0,0.0,0.0,1.0,0.0,1.0,0.0,0.0,0.0,1.0,0.0,8.0,0.0,0.0,0.0,3.0,Defender,-2.85
14791.0,Honoka Yonei,Honoka Yonei,female,1999-04-19T00:00:00+00:00,47.0,159.0,SD Eibar,EIB,https://assets.laliga.com/assets/2019/06/07/medium/eibar.png,14.0,Midfielder,https://assets.laliga.com/squad/2021/t16881/p508017/512x556/p508017_t16881_2021_0_001_000.png,0.0,10.0,1.0,0.0,0.0,0.0,0.0,0.0,0.0,7.0,0.0,0.0,0.0,1.0,0.0,0.0,0.0,0.0,0.0,0.0,0.0,0.0,0.0,0.0,1.0,0.0,0.0,0.0,1.0,0.0,1.0,0.0,0.0,0.0,3.0,Defender,-2.95
12504.0,Daiane Limeira Santos Silva,Daiane,female,1997-09-07T00:00:00+00:00,64.0,180.0,Madrid CFF,MAD,https://assets.laliga.com/assets/2019/06/07/medium/madrid-futbol-femenino.png,4.0,Defender,,0.0,19.0,0.0,0.0,0.0,0.0,1.0,0.0,0.0,33.0,0.0,0.0,0.0,0.0,0.0,1.0,0.0,0.0,0.0,0.0,0.0,0.0,0.0,0.0,0.0,0.0,0.0,0.0,0.0,0.0,0.0,0.0,0.0,0.0,4.0,Goalkeeper,-3.0
6048.0,Natasa Andonova,Natasa Andonova,female,1993-12-04T00:00:00+00:00,60.0,169.0,Levante UD,LUD,https://assets.laliga.com/assets/2019/06/07/medium/levante-femenino.png,10.0,Forward,https://assets.laliga.com/squad/2021/t13319/p250613/512x556/p250613_t13319_2021_1_001_000.png,0.0,25.0,0.0,0.0,0.0,0.0,0.0,0.0,3.0,15.0,0.0,0.0,0.0,2.0,0.0,1.0,0.0,3.0,0.0,0.0,0.0,0.0,2.0,0.0,2.0,0.0,0.0,0.0,2.0,0.0,5.0,0.0,0.0,0.0,2.0,Defender,-3.7
2512.0,Eunate Arraiza,Eunate Arraiza,female,1991-06-03T00:00:00+00:00,69.0,164.0,Athletic Club,ATH,https://assets.laliga.com/assets/2019/06/07/medium/athletic-femenino.png,14.0,Defender,https://assets.laliga.com/squad/2021/t12034/p434271/512x556/p434271_t12034_2021_1_001_000.png,0.0,21.0,0.0,0.0,0.0,0.0,0.0,0.0,0.0,25.0,0.0,0.0,0.0,1.0,0.0,0.0,0.0,0.0,0.0,0.0,0.0,0.0,0.0,0.0,1.0,0.0,0.0,0.0,1.0,0.0,0.0,0.0,0.0,0.0,4.0,Defender,-3.95
8793.0,Oihane Hernández,Oihane Hernández,female,2000-05-04T00:00:00+00:00,59.0,165.0,Athletic Club,ATH,https://assets.laliga.com/assets/2019/06/07/medium/athletic-femenino.png,11.0,Defender,https://assets.laliga.com/squad/2021/t12034/p453009/512x556/p453009_t12034_2021_1_001_000.png,0.0,23.0,0.0,0.0,0.0,0.0,0.0,0.0,0.0,36.0,0.0,0.0,0.0,0.0,0.0,0.0,0.0,0.0,0.0,0.0,0.0,0.0,0.0,0.0,0.0,0.0,0.0,0.0,0.0,0.0,0.0,0.0,0.0,0.0,4.0,Midfielder,-4.0
12064.0,Jessica Martínez,Jessica Martínez,female,1999-06-14T00:00:00+00:00,60.0,164.0,Sevilla FC,SFC,https://assets.laliga.com/assets/2019/06/07/medium/sevilla.png,8.0,Forward,https://assets.laliga.com/squad/2021/t13326/p193719/512x556/p193719_t13326_2021_1_001_000.png,0.0,26.0,0.0,0.0,0.0,0.0,0.0,0.0,6.0,26.0,0.0,0.0,0.0,0.0,0.0,0.0,0.0,6.0,0.0,0.0,0.0,0.0,0.0,0.0,0.0,0.0,0.0,0.0,0.0,0.0,6.0,0.0,0.0,0.0,7.0,Defender,-7.0
