id,name,nickname,gender,date_of_birth,weight,height,team,team.shortname,team.shield,shirt_number,position,photo,aerial_duels_won,appearances,assists_intentional,attempts_from_set_pieces,blocks,catches,clean_sheets,duels_won,goals,goals_conceded,interceptions,key_passes_attempt_assists,offsides,open_play_passes,penalties_saved,red_cards_2nd_yellow,saves_made,shots_on_target_inc_goals,straight_red_cards,successful_crosses_open_play,successful_dribbles,successful_long_passes,successful_passes_opposition_half,successful_passes_own_half,successful_short_passes,total_clearances,total_fouls_conceded,total_losses_of_possession,total_passes,total_tackles,total_touches_in_opposition_box,unsuccessful_dribbles,unsuccessful_long_passes,unsuccessful_short_passes,yellow_cards,predicted_position,score
70.0,Karim Benzema,Benzema,male,1987-12-19T00:00:00+00:00,81.0,185.0,Real Madrid,RMA,https://assets.laliga.com/assets/2019/06/07/medium/real-madrid.png,9.0,Forward,https://assets.laliga.com/squad/2021/t186/p19927/512x556/p19927_t186_2021_1_001_000.png,18.0,32.0,8.0,3.0,0.0,0.0,8.0,74.0,27.0,23.0,4.0,50.0,31.0,1165.0,0.0,0.0,0.0,59.0,0.0,2.0,36.0,31.0,844.0,197.0,1008.0,13.0,13.0,277.0,1220.0,11.0,238.0,15.0,17.0,164.0,0.0,Defender,145.7
9676.0,Asisat Oshoala,Asisat Oshoala,female,1994-10-09T00:00:00+00:00,,169.0,FC Barcelona,FCB,https://assets.laliga.com/assets/2019/06/07/medium/fc-barcelona-femenino.png,20.0,Forward,https://assets.laliga.com/squad/2021/t9121/p193629/512x556/p193629_t9121_2021_0_001_000.png,0.0,19.0,1.0,0.0,0.0,0.0,2.0,0.0,20.0,3.0,0.0,0.0,0.0,3.0,0.0,0.0,0.0,20.0,0.0,0.0,0.0,0.0,2.0,1.0,3.0,0.0,0.0,0.0,3.0,0.0,22.0,0.0,0.0,0.0,1.0,Forward,132.03
7494.0,Geyse da Silva Ferreira,Geyse,female,1998-03-27T00:00:00+00:00,58.0,168.0,Madrid CFF,MAD,https://assets.laliga.com/assets/2019/06/07/medium/madrid-futbol-femenino.png,23.0,Forward,https://assets.laliga.com/squad/2021/t13320/p235928/512x556/p235928_t13320_2021_0_001_000.png,0.0,27.0,1.0,0.0,0.0,0.0,1.0,0.0,20.0,53.0,0.0,0.0,0.0,1.0,0.0,1.0,0.0,20.0,0.0,0.0,0.0,0.0,0.0,1.0,1.0,0.0,0.0,0.0,1.0,0.0,21.0,0.0,0.0,0.0,8.0,Goalkeeper,123.00999999999999
2528.0,Jennifer Hermoso,Jennifer Hermoso,female,1990-05-09T00:00:00+00:00,59.0,174.0,FC Barcelona,FCB,https://assets.laliga.com/assets/2019/06/07/medium/fc-barcelona-femenino.png,10.0,Forward,https://assets.laliga.com/squad/2021/t9121/p165364/512x556/p165364_t9121_2021_0_001_000.png,0.0,23.0,5.0,0.0,0.0,0.0,6.0,0.0,16.0,5.0,0.0,0.0,0.0,6.0,0.0,0.0,0.0,17.0,0.0,0.0,0.0,0.0,5.0,0.0,6.0,0.0,0.0,0.0,6.0,0.0,21.0,0.0,0.0,0.0,1.0,Goalkeeper,119.56
6097.0,Lieke Martens,Lieke Martens,female,1992-12-16T00:00:00+00:00,66.0,170.0,FC Barcelona,FCB,https://assets.laliga.com/assets/2019/06/07/medium/fc-barcelona-femenino.png,22.0,Forward,https://assets.laliga.com/squad/2021/t9121/p111973/512x556/p111973_t9121_2021_0_001_000.png,0.0,21.0,5.0,0.0,0.0,0.0,4.0,0.0,16.0,5.0,0.0,0.0,0.0,13.0,0.0,0.0,0.0,16.0,0.0,0.0,0.0,0.0,13.0,0.0,13.0,0.0,0.0,0.0,13.0,0.0,27.0,0.0,0.0,0.0,0.0,Goalkeeper,119.13
13157.0,Amaiur Sarriegi,Amaiur Sarriegi,female,2000-12-13T00:00:00+00:00,,,Real Sociedad,RSO,https://assets.laliga.com/assets/2019/06/07/medium/real-sociedad.png,7.0,Forward,https://assets.laliga.com/squad/2021/t13324/p494771/512x556/p494771_t13324_2021_0_001_000.png,0.0,30.0,3.0,0.0,0.0,0.0,6.0,1.0,17.0,30.0,0.0,0.0,0.0,9.0,0.0,0.0,0.0,17.0,0.0,0.0,0.0,0.0,5.0,2.0,9.0,0.0,0.0,0.0,9.0,0.0,28.0,0.0,0.0,0.0,3.0,Forward,117.09
7450.0,Claudia Pina,Claudia Pina,female,2001-08-12T00:00:00+00:00,,165.0,FC Barcelona,FCB,https://assets.laliga.com/assets/2019/06/07/medium/fc-barcelona-femenino.png,6.0,Forward,,0.0,24.0,5.0,0.0,0.0,0.0,4.0,0.0,14.0,6.0,0.0,0.0,0.0,11.0,0.0,0.0,0.0,14.0,0.0,0.0,0.0,0.0,9.0,0.0,11.0,0.0,0.0,0.0,11.0,0.0,25.0,0.0,0.0,0.0,0.0,Midfielder,106.11
4712.0,Nerea Eizagirre,Nerea Eizagirre,female,2000-01-04T00:00:00+00:00,65.0,164.0,Real Sociedad,RSO,https://assets.laliga.com/assets/2019/06/07/medium/real-sociedad.png,10.0,Midfielder,https://assets.laliga.com/squad/2021/t13324/p434341/512x556/p434341_t13324_2021_0_001_000.png,0.0,28.0,1.0,0.0,0.0,0.0,4.0,0.0,16.0,29.0,0.0,0.0,0.0,7.0,0.0,0.0,0.0,16.0,0.0,0.0,0.0,0.0,6.0,0.0,7.0,0.0,0.0,0.0,7.0,0.0,21.0,0.0,0.0,0.0,3.0,Forward,104.07
2382.0,Esther González,Esther González,female,1992-12-08T00:00:00+00:00,55.0,163.0,Real Madrid Femenino,RMA,https://assets.laliga.com/assets/2019/06/07/medium/real-madrid.png,10.0,Forward,,0.0,27.0,0.0,0.0,0.0,0.0,8.0,0.0,14.0,23.0,0.0,0.0,0.0,1.0,0.0,0.0,0.0,14.0,0.0,0.0,0.0,0.0,1.0,0.0,1.0,0.0,0.0,0.0,1.0,0.0,14.0,0.0,0.0,0.0,1.0,Defender,90.01
3648.0,Cristina Martín-Prieto,Cristina Martín-Prieto,female,1993-03-14T00:00:00+00:00,74.0,173.0,UD Granadilla Tenerife Egatesa,UDG,https://assets.laliga.com/assets/2019/06/07/medium/granadilla.png,9.0,Forward,https://assets.laliga.com/squad/2021/t13328/p434331/512x556/p434331_t13328_2021_1_001_000.png,0.0,30.0,2.0,0.0,0.0,0.0,6.0,0.0,13.0,42.0,0.0,0.0,0.0,4.0,0.0,0.0,0.0,13.0,0.0,0.0,0.0,0.0,2.0,1.0,4.0,0.0,0.0,0.0,4.0,0.0,17.0,0.0,0.0,0.0,3.0,Defender,87.54
3555.0,Lucía García,Lucía García,female,1998-07-14T00:00:00+00:00,56.0,165.0,Athletic Club,ATH,https://assets.laliga.com/assets/2019/06/07/medium/athletic-femenino.png,17.0,Forward,https://assets.laliga.com/squad/2021/t12034/p206238/512x556/p206238_t12034_2021_1_001_000.png,0.0,29.0,2.0,0.0,0.0,0.0,2.0,0.0,12.0,46.0,0.0,0.0,0.0,4.0,0.0,0.0,0.0,13.0,0.0,0.0,0.0,0.0,3.0,0.0,4.0,0.0,0.0,0.0,4.0,0.0,17.0,0.0,0.0,0.0,0.0,Goalkeeper,85.54
13006.0,Shon Weissman,Weissman,male,1996-02-14T00:00:00+00:00,72.0,174.0,Real Valladolid CF,VLL,https://assets.laliga.com/assets/2019/06/07/medium/valladolid.png,9.0,Forward,https://assets.laliga.com/squad/2021/t192/p435679/512x556/p435679_t192_2021_1_001_000.png,36.0,38.0,2.0,0.0,3.0,0.0,10.0,96.0,20.0,32.0,13.0,30.0,18.0,343.0,0.0,0.0,0.0,44.0,1.0,1.0,14.0,9.0,191.0,110.0,291.0,17.0,13.0,210.0,405.0,23.0,177.0,16.0,5.0,100.0,3.0,Midfielder,82.55000000000001
3623.0,Alba Redondo,Alba Redondo,female,1996-08-27T00:00:00+00:00,63.0,169.0,Levante UD,LUD,https://assets.laliga.com/assets/2019/06/07/medium/levante-femenino.png,11.0,Forward,https://assets.laliga.com/squad/2021/t13319/p191675/512x556/p191675_t13319_2021_1_001_000.png,0.0,30.0,1.0,0.0,0.0,0.0,0.0,0.0,12.0,28.0,0.0,0.0,0.0,5.0,0.0,0.0,0.0,12.0,0.0,0.0,0.0,0.0,1.0,0.0,5.0,0.0,0.0,0.0,5.0,0.0,16.0,0.0,0.0,0.0,2.0,Defender,79.05
3603.0,María José Pérez,María José Pérez,female,1984-03-19T00:00:00+00:00,52.0,156.0,UD Granadilla Tenerife Egatesa,UDG,https://assets.laliga.com/assets/2019/06/07/medium/granadilla.png,17.0,Forward,https://assets.laliga.com/squad/2021/t13328/p434332/512x556/p434332_t13328_2021_1_001_000.png,0.0,30.0,0.0,0.0,0.0,0.0,1.0,0.0,11.0,31.0,0.0,0.0,0.0,4.0,0.0,0.0,0.0,11.0,0.0,0.0,0.0,0.0,3.0,1.0,4.0,0.0,0.0,0.0,4.0,0.0,15.0,0.0,0.0,0.0,3.0,Defender,68.54
19961.0,Fridolina Rolfö,Fridolina Rolfö,female,1993-11-24T00:00:00+00:00,74.0,178.0,FC Barcelona,FCB,https://assets.laliga.com/assets/2019/06/07/medium/fc-barcelona-femenino.png,16.0,Forward,,0.0,26.0,3.0,0.0,0.0,0.0,1.0,0.0,9.0,6.0,0.0,0.0,0.0,10.0,0.0,0.0,0.0,9.0,0.0,0.0,0.0,0.0,9.0,0.0,10.0,0.0,0.0,0.0,10.0,0.0,19.0,0.0,0.0,0.0,0.0,Defender,67.6
4651.0,Ane Azkona,Ane Azkona,female,1998-07-15T00:00:00+00:00,56.0,164.0,Athletic Club,ATH,https://assets.laliga.com/assets/2019/06/07/medium/athletic-femenino.png,16.0,Forward,https://assets.laliga.com/squad/2021/t12034/p434284/512x556/p434284_t12034_2021_1_001_000.png,0.0,30.0,2.0,0.0,0.0,0.0,3.0,0.0,10.0,44.0,0.0,0.0,0.0,3.0,0.0,0.0,0.0,10.0,0.0,0.0,0.0,0.0,3.0,0.0,3.0,0.0,0.0,0.0,3.0,0.0,13.0,0.0,0.0,0.0,4.0,Defender,67.03
6358.0,Ana Marcos Moral,Anita Marcos,female,2000-07-09T00:00:00+00:00,58.0,169.0,Sporting Huelva,SPH,https://assets.laliga.com/assets/2019/06/07/medium/sporting-club.png,11.0,Forward,https://assets.laliga.com/squad/2021/t13327/p435717/512x556/p435717_t13327_2021_1_001_000.png,0.0,26.0,1.0,0.0,0.0,0.0,4.0,0.0,10.0,27.0,0.0,0.0,0.0,1.0,0.0,0.0,0.0,10.0,0.0,0.0,0.0,0.0,1.0,0.0,1.0,0.0,0.0,0.0,1.0,0.0,11.0,0.0,0.0,0.0,2.0,Goalkeeper,66.01
626.0,Cristhian Stuani,Stuani,male,1986-10-12T00:00:00+00:00,76.0,186.0,Girona FC,GIR,https://assets.laliga.com/assets/2019/06/07/medium/girona.png,7.0,Forward,https://assets.laliga.com/squad/2021/t2893/p49464/512x556/p49464_t2893_2021_1_001_000.png,66.0,39.0,1.0,0.0,3.0,0.0,5.0,128.0,23.0,31.0,6.0,16.0,38.0,308.0,0.0,0.0,0.0,56.0,0.0,0.0,7.0,3.0,149.0,133.0,279.0,31.0,68.0,195.0,368.0,16.0,161.0,9.0,3.0,83.0,14.0,Goalkeeper,65.18
14418.0,Deyna Castellanos,Deyna Castellanos,female,1999-04-18T00:00:00+00:00,58.0,170.0,At. Madrid Femenino,ATM,https://assets.laliga.com/assets/2019/06/07/medium/atletico-feminas.png,9.0,Forward,https://assets.laliga.com/squad/2021/t11212/p459038/512x556/p459038_t11212_2021_1_001_000.png,0.0,26.0,1.0,0.0,0.0,0.0,3.0,0.0,10.0,17.0,0.0,0.0,0.0,3.0,0.0,2.0,0.0,10.0,0.0,0.0,0.0,0.0,3.0,0.0,3.0,0.0,0.0,0.0,3.0,0.0,13.0,0.0,0.0,0.0,1.0,Forward,63.03
3631.0,Elisa del Estal Mateu,Eli del Estal,female,1993-03-23T00:00:00+00:00,62.0,173.0,Sevilla FC,SFC,https://assets.laliga.com/assets/2019/06/07/medium/sevilla.png,21.0,Forward,https://assets.laliga.com/squad/2021/t13326/p434359/512x556/p434359_t13326_2021_1_001_000.png,0.0,26.0,1.0,0.0,0.0,0.0,0.0,0.0,9.0,20.0,0.0,0.0,0.0,2.0,0.0,0.0,0.0,9.0,0.0,0.0,0.0,0.0,1.0,1.0,2.0,0.0,0.0,0.0,2.0,0.0,11.0,0.0,0.0,0.0,0.0,Midfielder,61.52
12017.0,Caroline Hansen,Caroline Hansen,female,1995-02-18T00:00:00+00:00,,174.0,FC Barcelona,FCB,https://assets.laliga.com/assets/2019/06/07/medium/fc-barcelona-femenino.png,7.0,Forward,https://assets.laliga.com/squad/2021/t9121/p164900/512x556/p164900_t9121_2021_0_001_000.png,0.0,23.0,6.0,0.0,0.0,0.0,2.0,0.0,6.0,7.0,0.0,0.0,0.0,13.0,0.0,0.0,0.0,6.0,0.0,0.0,0.0,0.0,9.0,2.0,13.0,0.0,0.0,0.0,13.0,0.0,19.0,0.0,0.0,0.0,0.0,Defender,57.13
3579.0,Mari Paz Vilas,Mari Paz Vilas,female,1988-02-01T00:00:00+00:00,62.0,160.0,R. Betis Féminas,RBB,https://assets.laliga.com/assets/2019/06/07/medium/betis.png,10.0,Forward,https://assets.laliga.com/squad/2021/t13322/p242635/512x556/p242635_t13322_2021_1_001_000.png,0.0,22.0,2.0,0.0,0.0,0.0,1.0,0.0,8.0,35.0,0.0,0.0,0.0,3.0,0.0,0.0,0.0,8.0,0.0,0.0,0.0,0.0,2.0,0.0,4.0,0.0,0.0,0.0,4.0,0.0,7.0,0.0,0.0,0.0,7.0,Midfielder,51.04
2407.0,Eden Hazard,Hazard,male,1991-01-07T00:00:00+00:00,74.0,175.0,Real Madrid,RMA,https://assets.laliga.com/assets/2019/06/07/medium/real-madrid.png,7.0,Forward,https://assets.laliga.com/squad/2021/t186/p42786/512x556/p42786_t186_2021_1_001_000.png,1.0,18.0,1.0,0.0,0.0,0.0,1.0,62.0,0.0,10.0,2.0,26.0,4.0,379.0,0.0,0.0,0.0,7.0,0.0,2.0,25.0,6.0,283.0,69.0,344.0,0.0,9.0,87.0,385.0,6.0,68.0,6.0,1.0,34.0,2.0,Forward,44.849999999999994
928.0,Rubén Castro,Rubén Castro,male,1981-06-27T00:00:00+00:00,68.0,169.0,FC Cartagena,CAR,https://assets.laliga.com/assets/2022/02/11/medium/1628caa9b2002a11e564eb84b3677f78.png,7.0,Forward,https://assets.laliga.com/squad/2021/t3554/p20680/512x556/p20680_t3554_2021_1_001_000.png,13.0,41.0,6.0,2.0,4.0,0.0,4.0,81.0,20.0,46.0,4.0,25.0,45.0,459.0,0.0,0.0,0.0,40.0,0.0,4.0,15.0,12.0,256.0,129.0,369.0,3.0,15.0,223.0,504.0,3.0,139.0,15.0,3.0,120.0,2.0,Goalkeeper,44.539999999999964
2527.0,María Francesca Caldentey Oliver,Mariona Caldentey,female,1996-03-19T00:00:00+00:00,62.0,164.0,FC Barcelona,FCB,https://assets.laliga.com/assets/2019/06/07/medium/fc-barcelona-femenino.png,9.0,Forward,https://assets.laliga.com/squad/2021/t9121/p191678/512x556/p191678_t9121_2021_0_001_000.png,0.0,15.0,2.0,0.0,0.0,0.0,3.0,0.0,6.0,5.0,0.0,0.0,0.0,6.0,0.0,0.0,0.0,6.0,0.0,0.0,0.0,0.0,5.0,1.0,6.0,0.0,0.0,0.0,6.0,0.0,12.0,0.0,0.0,0.0,2.0,Defender,43.06
23675.0,Gabriela Nunes da Silva,Gabi Nunes,female,1997-03-10T00:00:00+00:00,56.0,169.0,Madrid CFF,MAD,https://assets.laliga.com/assets/2019/06/07/medium/madrid-futbol-femenino.png,9.0,Forward,,0.0,27.0,0.0,0.0,0.0,0.0,2.0,0.0,7.0,54.0,0.0,0.0,0.0,4.0,0.0,0.0,0.0,7.0,0.0,0.0,0.0,0.0,3.0,1.0,4.0,0.0,0.0,0.0,4.0,0.0,11.0,0.0,0.0,0.0,3.0,Goalkeeper,42.54
9538.0,Giovana Queiroz Costa,Gio,female,2003-06-21T00:00:00+00:00,,167.0,Levante UD,LUD,https://assets.laliga.com/assets/2019/06/07/medium/levante-femenino.png,5.0,Forward,https://assets.laliga.com/squad/2021/t13319/p472186/512x556/p472186_t13319_2021_1_001_000.png,0.0,26.0,0.0,0.0,0.0,0.0,0.0,0.0,7.0,21.0,0.0,0.0,0.0,1.0,0.0,0.0,0.0,7.0,0.0,0.0,0.0,0.0,1.0,0.0,1.0,0.0,0.0,0.0,1.0,0.0,8.0,0.0,0.0,0.0,3.0,Defender,42.51
8789.0,Oriana Altuve,Oriana Altuve,female,1992-10-03T00:00:00+00:00,55.0,171.0,VCF Femenino,VCF,https://assets.laliga.com/assets/2019/06/07/medium/valencia-femenino.png,18.0,Forward,https://assets.laliga.com/squad/2021/t13329/p459037/512x556/p459037_t13329_2021_0_001_000.png,0.0,22.0,1.0,0.0,0.0,0.0,1.0,0.0,6.0,31.0,0.0,0.0,0.0,1.0,0.0,0.0,0.0,6.0,0.0,0.0,0.0,0.0,0.0,0.0,1.0,0.0,0.0,0.0,1.0,0.0,6.0,0.0,0.0,0.0,1.0,Midfielder,41.01
1127.0,Marco Asensio,Asensio,male,1996-01-21T00:00:00+00:00,76.0,182.0,Real Madrid,RMA,https://assets.laliga.com/assets/2019/06/07/medium/real-madrid.png,11.0,Midfielder,https://assets.laliga.com/squad/2021/t186/p174292/512x556/p174292_t186_2021_1_001_000.png,0.0,31.0,0.0,2.0,1.0,0.0,2.0,59.0,10.0,13.0,12.0,31.0,2.0,772.0,0.0,0.0,0.0,34.0,0.0,3.0,27.0,28.0,549.0,167.0,675.0,6.0,8.0,223.0,802.0,12.0,82.0,13.0,11.0,88.0,2.0,Forward,39.52000000000001
13338.0,Ana-Maria Crnogorcevic,Ana-Maria Crnogorcevic,female,1990-10-03T00:00:00+00:00,65.0,175.0,FC Barcelona,FCB,https://assets.laliga.com/assets/2019/06/07/medium/fc-barcelona-femenino.png,18.0,Defender,https://assets.laliga.com/squad/2021/t9121/p112574/512x556/p112574_t9121_2021_0_001_000.png,0.0,20.0,2.0,0.0,0.0,0.0,2.0,0.0,5.0,4.0,0.0,0.0,0.0,2.0,0.0,0.0,0.0,5.0,0.0,0.0,0.0,0.0,0.0,2.0,2.0,0.0,0.0,0.0,2.0,0.0,7.0,0.0,0.0,0.0,0.0,Forward,38.52
19190.0,Carmen Álvarez,Carmen Álvarez,female,2003-02-24T00:00:00+00:00,,,SD Eibar,EIB,https://assets.laliga.com/assets/2019/06/07/medium/eibar.png,16.0,Forward,,0.0,10.0,2.0,0.0,0.0,0.0,0.0,0.0,5.0,13.0,0.0,0.0,0.0,2.0,0.0,0.0,0.0,5.0,0.0,0.0,0.0,0.0,2.0,0.0,2.0,0.0,0.0,0.0,2.0,0.0,7.0,0.0,0.0,0.0,0.0,Forward,38.52
8525.0,Lice Chamorro,Lice Chamorro,female,1998-12-22T00:00:00+00:00,67.0,171.0,Deportivo Alavés,ALA,https://assets.laliga.com/assets/2021/06/28/medium/42d681848c77e9a837be29b98e03557b.png,18.0,Forward,,0.0,29.0,0.0,0.0,0.0,0.0,0.0,0.0,6.0,40.0,0.0,0.0,0.0,3.0,0.0,0.0,0.0,6.0,0.0,0.0,0.0,0.0,0.0,2.0,3.0,0.0,0.0,0.0,3.0,0.0,8.0,0.0,0.0,0.0,2.0,Defender,37.03
13153.0,Arola Aparicio,Arola Aparicio,female,1997-09-24T00:00:00+00:00,,,SD Eibar,EIB,https://assets.laliga.com/assets/2019/06/07/medium/eibar.png,19.0,Forward,https://assets.laliga.com/squad/2021/t16881/p494764/512x556/p494764_t16881_2021_0_001_000.png,0.0,23.0,1.0,0.0,0.0,0.0,1.0,0.0,5.0,34.0,0.0,0.0,0.0,3.0,0.0,0.0,0.0,5.0,0.0,0.0,0.0,0.0,1.0,0.0,3.0,0.0,0.0,0.0,3.0,0.0,7.0,0.0,0.0,0.0,0.0,Forward,35.53
7294.0,Candela Andujar,Candela Andujar,female,2000-03-26T00:00:00+00:00,,160.0,VCF Femenino,VCF,https://assets.laliga.com/assets/2019/06/07/medium/valencia-femenino.png,8.0,Forward,https://assets.laliga.com/squad/2021/t13329/p441556/512x556/p441556_t13329_2021_1_001_000.png,0.0,29.0,1.0,0.0,0.0,0.0,4.0,0.0,5.0,43.0,0.0,0.0,0.0,1.0,0.0,0.0,0.0,5.0,0.0,0.0,0.0,0.0,1.0,0.0,1.0,0.0,0.0,0.0,1.0,0.0,6.0,0.0,0.0,0.0,0.0,Defender,35.51
6233.0,Ludmila da Silva,Ludmila,female,1994-12-01T00:00:00+00:00,60.0,160.0,At. Madrid Femenino,ATM,https://assets.laliga.com/assets/2019/06/07/medium/atletico-feminas.png,8.0,Forward,https://assets.laliga.com/squad/2021/t11212/p428299/512x556/p428299_t11212_2021_1_001_000.png,0.0,24.0,0.0,0.0,0.0,0.0,1.0,0.0,6.0,11.0,0.0,0.0,0.0,1.0,0.0,0.0,0.0,6.0,0.0,0.0,0.0,0.0,1.0,0.0,1.0,0.0,0.0,0.0,1.0,0.0,7.0,0.0,0.0,0.0,5.0,Goalkeeper,34.01
3668.0,Nahikari García,Nahikari García,female,1997-03-10T00:00:00+00:00,55.0,161.0,Real Madrid Femenino,RMA,https://assets.laliga.com/assets/2019/06/07/medium/real-madrid.png,14.0,Forward,,0.0,24.0,2.0,0.0,0.0,0.0,0.0,0.0,4.0,16.0,0.0,0.0,0.0,2.0,0.0,0.0,0.0,4.0,0.0,0.0,0.0,0.0,2.0,0.0,2.0,0.0,0.0,0.0,2.0,0.0,6.0,0.0,0.0,0.0,0.0,Midfielder,32.02
12064.0,Jessica Martínez,Jessica Martínez,female,1999-06-14T00:00:00+00:00,60.0,164.0,Sevilla FC,SFC,https://assets.laliga.com/assets/2019/06/07/medium/sevilla.png,8.0,Forward,https://assets.laliga.com/squad/2021/t13326/p193719/512x556/p193719_t13326_2021_1_001_000.png,0.0,26.0,0.0,0.0,0.0,0.0,0.0,0.0,6.0,26.0,0.0,0.0,0.0,0.0,0.0,0.0,0.0,6.0,0.0,0.0,0.0,0.0,0.0,0.0,0.0,0.0,0.0,0.0,0.0,0.0,6.0,0.0,0.0,0.0,7.0,Defender,32.0
14818.0,Belén Martínez,Belén Martínez,female,1988-11-24T00:00:00+00:00,,,Villarreal CF,VIL,https://assets.laliga.com/assets/2021/06/28/medium/9fbd53c24db4a5ff2257fa8ba57b59d4.png,19.0,Forward,https://assets.laliga.com/squad/2021/t18273/p507966/512x556/p507966_t18273_2021_0_001_000.png,0.0,30.0,0.0,0.0,0.0,0.0,0.0,0.0,5.0,50.0,0.0,0.0,0.0,0.0,0.0,0.0,0.0,5.0,0.0,0.0,0.0,0.0,0.0,0.0,0.0,0.0,0.0,0.0,0.0,0.0,6.0,0.0,0.0,0.0,1.0,Midfielder,31.5
1070.0,Raúl de Tomás,R.d.t,male,1994-10-17T00:00:00+00:00,72.0,180.0,RCD Espanyol de Barcelona,ESP,https://assets.laliga.com/assets/2019/06/07/medium/espanyol.png,11.0,Forward,https://assets.laliga.com/squad/2021/t177/p119403/512x556/p119403_t177_2021_1_001_000.png,35.0,34.0,1.0,9.0,3.0,0.0,3.0,154.0,17.0,44.0,6.0,22.0,31.0,678.0,0.0,1.0,0.0,45.0,1.0,5.0,50.0,61.0,412.0,197.0,543.0,38.0,35.0,313.0,720.0,15.0,138.0,22.0,23.0,93.0,5.0,Forward,31.19999999999999
5491.0,Estefanía Banini,Estefanía Banini,female,1990-06-21T00:00:00+00:00,,163.0,At. Madrid Femenino,ATM,https://assets.laliga.com/assets/2019/06/07/medium/atletico-feminas.png,22.0,Midfielder,https://assets.laliga.com/squad/2021/t11212/p248364/512x556/p248364_t11212_2021_0_001_000.png,0.0,21.0,2.0,0.0,0.0,0.0,0.0,0.0,4.0,15.0,0.0,0.0,0.0,2.0,0.0,0.0,0.0,4.0,0.0,0.0,0.0,0.0,2.0,0.0,2.0,0.0,0.0,0.0,2.0,0.0,6.0,0.0,0.0,0.0,1.0,Forward,31.020000000000003
22804.0,Hannah Keane,Hannah Keane,female,1993-05-07T00:00:00+00:00,,183.0,Sporting Huelva,SPH,https://assets.laliga.com/assets/2019/06/07/medium/sporting-club.png,12.0,Forward,https://assets.laliga.com/squad/2021/t13327/p545926/512x556/p545926_t13327_2021_1_001_000.png,0.0,29.0,0.0,0.0,0.0,0.0,4.0,0.0,5.0,27.0,0.0,0.0,0.0,3.0,0.0,0.0,0.0,5.0,0.0,0.0,0.0,0.0,2.0,1.0,3.0,0.0,0.0,0.0,3.0,0.0,7.0,0.0,0.0,0.0,3.0,Midfielder,29.53
12782.0,Isadora Damasceno Freitas,Isadora Freitas,female,1990-10-21T00:00:00+00:00,53.0,163.0,Rayo Vallecano,RVM,https://assets.laliga.com/assets/2019/06/07/medium/rayo-femenino.png,9.0,Forward,https://assets.laliga.com/squad/2021/t13321/p492315/512x556/p492315_t13321_2021_1_001_000.png,0.0,29.0,0.0,0.0,0.0,0.0,1.0,0.0,5.0,49.0,0.0,0.0,0.0,1.0,0.0,0.0,0.0,5.0,0.0,0.0,0.0,0.0,0.0,1.0,1.0,0.0,0.0,0.0,1.0,0.0,6.0,0.0,0.0,0.0,3.0,Goalkeeper,29.509999999999998
12477.0,Athenea Del Castillo,Athenea Del Castillo,female,2000-10-24T00:00:00+00:00,52.0,160.0,Real Madrid Femenino,RMA,https://assets.laliga.com/assets/2019/06/07/medium/real-madrid.png,22.0,Forward,,0.0,29.0,0.0,0.0,0.0,0.0,3.0,0.0,5.0,23.0,0.0,0.0,0.0,2.0,0.0,0.0,0.0,5.0,0.0,0.0,0.0,0.0,1.0,0.0,2.0,0.0,0.0,0.0,2.0,0.0,7.0,0.0,0.0,0.0,4.0,Defender,28.520000000000003
2415.0,Miriam Rodríguez,Kuki,female,1994-11-18T00:00:00+00:00,54.0,160.0,SD Eibar,EIB,https://assets.laliga.com/assets/2019/06/07/medium/eibar.png,9.0,Forward,https://assets.laliga.com/squad/2021/t16881/p434530/512x556/p434530_t16881_2021_0_001_000.png,0.0,23.0,1.0,0.0,0.0,0.0,0.0,0.0,4.0,29.0,0.0,0.0,0.0,4.0,0.0,0.0,0.0,4.0,0.0,0.0,0.0,0.0,2.0,1.0,4.0,0.0,0.0,0.0,4.0,0.0,7.0,0.0,0.0,0.0,1.0,Goalkeeper,28.04
9230.0,Fatoumata Kanteh,Fatoumata Kanteh,female,1997-07-02T00:00:00+00:00,,,Sporting Huelva,SPH,https://assets.laliga.com/assets/2019/06/07/medium/sporting-club.png,8.0,Forward,https://assets.laliga.com/squad/2021/t13327/p453549/512x556/p453549_t13327_2021_1_001_000.png,0.0,28.0,2.0,0.0,0.0,0.0,6.0,0.0,4.0,29.0,0.0,0.0,0.0,2.0,0.0,0.0,0.0,4.0,0.0,0.0,0.0,0.0,2.0,0.0,2.0,0.0,0.0,0.0,2.0,0.0,5.0,0.0,0.0,0.0,4.0,Midfielder,28.020000000000003
3750.0,Pierre-Emerick Aubameyang,Aubameyang,male,1989-06-18T00:00:00+00:00,80.0,187.0,FC Barcelona,BAR,https://assets.laliga.com/assets/2019/06/07/medium/barcelona.png,25.0,Forward,https://assets.laliga.com/squad/2021/t178/p54694/512x556/p54694_t178_2021_1_001_000.png,7.0,17.0,1.0,0.0,1.0,0.0,0.0,20.0,11.0,10.0,2.0,7.0,7.0,213.0,0.0,0.0,0.0,20.0,0.0,0.0,4.0,5.0,106.0,70.0,171.0,3.0,7.0,101.0,233.0,2.0,65.0,2.0,1.0,56.0,0.0,Midfielder,25.83
2537.0,Andrea Falcón,Andrea Falcón,female,1997-02-28T00:00:00+00:00,63.0,173.0,Levante UD,LUD,https://assets.laliga.com/assets/2019/06/07/medium/levante-femenino.png,23.0,Forward,,0.0,13.0,2.0,0.0,0.0,0.0,1.0,0.0,3.0,11.0,0.0,0.0,0.0,4.0,0.0,0.0,0.0,3.0,0.0,0.0,0.0,0.0,3.0,1.0,4.0,0.0,0.0,0.0,4.0,0.0,6.0,0.0,0.0,0.0,0.0,Forward,25.54
23609.0,Jassina Blom,Jassina Blom,female,1994-09-03T00:00:00+00:00,,,UD Granadilla Tenerife Egatesa,UDG,https://assets.laliga.com/assets/2019/06/07/medium/granadilla.png,7.0,Forward,https://assets.laliga.com/squad/2021/t13328/p435399/512x556/p435399_t13328_2021_1_001_000.png,0.0,25.0,1.0,0.0,0.0,0.0,1.0,0.0,4.0,19.0,0.0,0.0,0.0,2.0,0.0,0.0,0.0,4.0,0.0,0.0,0.0,0.0,1.0,1.0,2.0,0.0,0.0,0.0,2.0,0.0,6.0,0.0,0.0,0.0,4.0,Forward,25.02
6095.0,Laia Aleixandri,Laia Aleixandri,female,2000-08-25T00:00:00+00:00,55.0,170.0,At. Madrid Femenino,ATM,https://assets.laliga.com/assets/2019/06/07/medium/atletico-feminas.png,4.0,Defender,https://assets.laliga.com/squad/2021/t11212/p434287/512x556/p434287_t11212_2021_1_001_000.png,0.0,29.0,0.0,0.0,0.0,0.0,10.0,0.0,4.0,24.0,0.0,0.0,0.0,0.0,0.0,0.0,0.0,4.0,0.0,0.0,0.0,0.0,0.0,0.0,0.0,0.0,0.0,0.0,0.0,0.0,4.0,0.0,0.0,0.0,3.0,Forward,23.0
14536.0,Bruna Vilamala,Bruna Vilamala,female,2002-06-04T00:00:00+00:00,,,FC Barcelona,FCB,https://assets.laliga.com/assets/2019/06/07/medium/fc-barcelona-femenino.png,,Forward,https://assets.laliga.com/squad/2021/t9121/p248522/512x556/p248522_t9121_2021_0_001_000.png,0.0,5.0,1.0,0.0,0.0,0.0,0.0,0.0,3.0,1.0,0.0,0.0,0.0,1.0,0.0,0.0,0.0,3.0,0.0,0.0,0.0,0.0,0.0,0.0,1.0,0.0,0.0,0.0,1.0,0.0,4.0,0.0,0.0,0.0,0.0,Midfielder,22.51
14787.0,Aída Esteve,Aída Esteve,female,2001-03-12T00:00:00+00:00,,,SD Eibar,EIB,https://assets.laliga.com/assets/2019/06/07/medium/eibar.png,8.0,Midfielder,https://assets.laliga.com/squad/2021/t16881/p509121/512x556/p509121_t16881_2021_0_001_000.png,0.0,26.0,0.0,0.0,0.0,0.0,0.0,0.0,4.0,29.0,0.0,0.0,0.0,0.0,0.0,0.0,0.0,4.0,0.0,0.0,0.0,0.0,0.0,0.0,0.0,0.0,0.0,0.0,0.0,0.0,4.0,0.0,0.0,0.0,4.0,Forward,22.0
14824.0,Mayra Ramírez,Mayra Ramírez,female,1999-03-23T00:00:00+00:00,,178.0,Sporting Huelva,SPH,https://assets.laliga.com/assets/2019/06/07/medium/sporting-club.png,9.0,Forward,https://assets.laliga.com/squad/2021/t13327/p463808/512x556/p463808_t13327_2021_1_001_000.png,0.0,29.0,0.0,0.0,0.0,0.0,6.0,0.0,4.0,38.0,0.0,0.0,0.0,2.0,0.0,0.0,0.0,4.0,0.0,0.0,0.0,0.0,1.0,1.0,2.0,0.0,0.0,0.0,2.0,0.0,6.0,0.0,0.0,0.0,5.0,Midfielder,21.02
4590.0,Ange N'Guessan,Ange Koko,female,1990-11-18T00:00:00+00:00,45.0,153.0,UD Granadilla Tenerife Egatesa,UDG,https://assets.laliga.com/assets/2019/06/07/medium/granadilla.png,8.0,Forward,https://assets.laliga.com/squad/2021/t13328/p210123/512x556/p210123_t13328_2021_1_001_000.png,0.0,28.0,1.0,0.0,0.0,0.0,0.0,0.0,3.0,18.0,0.0,0.0,0.0,4.0,0.0,0.0,0.0,3.0,0.0,0.0,0.0,0.0,3.0,1.0,4.0,0.0,0.0,0.0,4.0,0.0,6.0,0.0,0.0,0.0,2.0,Defender,20.54
2526.0,Míriam Diéguez,Míriam Diéguez,female,1986-05-04T00:00:00+00:00,60.0,171.0,Deportivo Alavés,ALA,https://assets.laliga.com/assets/2021/06/28/medium/42d681848c77e9a837be29b98e03557b.png,14.0,Midfielder,,0.0,26.0,1.0,0.0,0.0,0.0,2.0,0.0,3.0,44.0,0.0,0.0,0.0,2.0,0.0,0.0,0.0,3.0,0.0,0.0,0.0,0.0,1.0,1.0,2.0,0.0,0.0,0.0,2.0,0.0,5.0,0.0,0.0,0.0,3.0,Forward,19.52
23676.0,Millene Cabral Vieira,Millene Cabral,female,1997-11-29T00:00:00+00:00,,,Rayo Vallecano,RVM,https://assets.laliga.com/assets/2019/06/07/medium/rayo-femenino.png,17.0,Forward,,0.0,26.0,0.0,0.0,0.0,0.0,0.0,0.0,3.0,33.0,0.0,0.0,0.0,0.0,0.0,0.0,0.0,3.0,0.0,0.0,0.0,0.0,0.0,0.0,0.0,0.0,0.0,0.0,0.0,0.0,3.0,0.0,0.0,0.0,0.0,Defender,19.5
13155.0,Mirari Uria,Mirari Uria,female,2003-01-01T00:00:00+00:00,,,Real Sociedad,RSO,https://assets.laliga.com/assets/2019/06/07/medium/real-sociedad.png,27.0,Forward,https://assets.laliga.com/squad/2021/t13324/p494769/512x556/p494769_t13324_2021_0_001_000.png,0.0,27.0,0.0,0.0,0.0,0.0,1.0,0.0,3.0,11.0,0.0,0.0,0.0,1.0,0.0,0.0,0.0,3.0,0.0,0.0,0.0,0.0,1.0,0.0,1.0,0.0,0.0,0.0,1.0,0.0,4.0,0.0,0.0,0.0,1.0,Midfielder,18.51
23611.0,Giovanna Crivelari Anselmo,Giovanna Crivelari,female,1993-02-23T00:00:00+00:00,,,Levante UD,LUD,https://assets.laliga.com/assets/2019/06/07/medium/levante-femenino.png,22.0,Forward,https://assets.laliga.com/squad/2021/t13319/p539147/512x556/p539147_t13319_2021_1_001_000.png,0.0,22.0,0.0,0.0,0.0,0.0,0.0,0.0,3.0,13.0,0.0,0.0,0.0,1.0,0.0,0.0,0.0,3.0,0.0,0.0,0.0,0.0,0.0,0.0,1.0,0.0,0.0,0.0,1.0,0.0,4.0,0.0,0.0,0.0,1.0,Midfielder,18.51
23387.0,Caroline Møller,Caroline Møller,female,1998-12-19T00:00:00+00:00,64.0,178.0,Real Madrid Femenino,RMA,https://assets.laliga.com/assets/2019/06/07/medium/real-madrid.png,16.0,Forward,,0.0,28.0,0.0,0.0,0.0,0.0,0.0,0.0,3.0,17.0,0.0,0.0,0.0,1.0,0.0,0.0,0.0,3.0,0.0,0.0,0.0,0.0,1.0,0.0,1.0,0.0,0.0,0.0,1.0,0.0,4.0,0.0,0.0,0.0,1.0,Midfielder,18.51
12042.0,Allegra Poljak,Allegra Poljak,female,1999-02-05T00:00:00+00:00,56.0,162.0,Real Sociedad,RSO,https://assets.laliga.com/assets/2019/06/07/medium/real-sociedad.png,17.0,Forward,,0.0,15.0,0.0,0.0,0.0,0.0,2.0,0.0,3.0,6.0,0.0,0.0,0.0,0.0,0.0,0.0,0.0,3.0,0.0,0.0,0.0,0.0,0.0,0.0,0.0,0.0,0.0,0.0,0.0,0.0,3.0,0.0,0.0,0.0,1.0,Goalkeeper,18.5
3580.0,Carolina Férez,Carol,female,1991-06-26T00:00:00+00:00,53.0,163.0,Levante UD,LUD,https://assets.laliga.com/assets/2019/06/07/medium/levante-femenino.png,14.0,Forward,https://assets.laliga.com/squad/2021/t13319/p434310/512x556/p434310_t13319_2021_1_001_000.png,0.0,26.0,0.0,0.0,0.0,0.0,0.0,0.0,3.0,14.0,0.0,0.0,0.0,1.0,0.0,0.0,0.0,3.0,0.0,0.0,0.0,0.0,1.0,0.0,1.0,0.0,0.0,0.0,1.0,0.0,4.0,0.0,0.0,0.0,2.0,Midfielder,17.51
12440.0,Kosovare Asllani,Kosovare Asllani,female,1989-07-29T00:00:00+00:00,58.0,166.0,Real Madrid Femenino,RMA,https://assets.laliga.com/assets/2019/06/07/medium/real-madrid.png,9.0,Forward,,0.0,17.0,0.0,0.0,0.0,0.0,1.0,0.0,3.0,11.0,0.0,0.0,0.0,0.0,0.0,0.0,0.0,3.0,0.0,0.0,0.0,0.0,0.0,0.0,0.0,0.0,0.0,0.0,0.0,0.0,3.0,0.0,0.0,0.0,2.0,Defender,17.5
2515.0,Erika Vázquez,Erika Vázquez,female,1983-02-16T00:00:00+00:00,50.0,166.0,Athletic Club,ATH,https://assets.laliga.com/assets/2019/06/07/medium/athletic-femenino.png,19.0,Forward,https://assets.laliga.com/squad/2021/t12034/p165362/512x556/p165362_t12034_2021_1_001_000.png,0.0,21.0,0.0,0.0,0.0,0.0,0.0,0.0,3.0,15.0,0.0,0.0,0.0,0.0,0.0,0.0,0.0,3.0,0.0,0.0,0.0,0.0,0.0,0.0,0.0,0.0,0.0,0.0,0.0,0.0,3.0,0.0,0.0,0.0,2.0,Forward,17.5
6066.0,Olga Carmona,Olga Carmona,female,2000-06-12T00:00:00+00:00,51.0,160.0,Real Madrid Femenino,RMA,https://assets.laliga.com/assets/2019/06/07/medium/real-madrid.png,7.0,Forward,,0.0,28.0,1.0,0.0,0.0,0.0,5.0,0.0,2.0,26.0,0.0,0.0,0.0,2.0,0.0,0.0,0.0,2.0,0.0,0.0,0.0,0.0,1.0,0.0,2.0,0.0,0.0,0.0,2.0,0.0,3.0,0.0,0.0,0.0,0.0,Goalkeeper,16.02
9515.0,Carla Armengol,Carla Armengol,female,1998-04-02T00:00:00+00:00,,,Deportivo Alavés,ALA,https://assets.laliga.com/assets/2021/06/28/medium/42d681848c77e9a837be29b98e03557b.png,11.0,Forward,,0.0,28.0,1.0,0.0,0.0,0.0,0.0,0.0,2.0,38.0,0.0,0.0,0.0,2.0,0.0,0.0,0.0,2.0,0.0,0.0,0.0,0.0,2.0,0.0,2.0,0.0,0.0,0.0,2.0,0.0,4.0,0.0,0.0,0.0,0.0,Forward,16.02
12036.0,Gabriela Antonia García Segura,Gaby García,female,1997-04-02T00:00:00+00:00,67.0,180.0,Real Sociedad,RSO,https://assets.laliga.com/assets/2019/06/07/medium/real-sociedad.png,16.0,Forward,,0.0,28.0,0.0,0.0,0.0,0.0,5.0,0.0,3.0,32.0,0.0,0.0,0.0,3.0,0.0,0.0,0.0,3.0,0.0,0.0,0.0,0.0,2.0,1.0,3.0,0.0,0.0,0.0,3.0,0.0,5.0,0.0,0.0,0.0,4.0,Goalkeeper,15.530000000000001
6048.0,Natasa Andonova,Natasa Andonova,female,1993-12-04T00:00:00+00:00,60.0,169.0,Levante UD,LUD,https://assets.laliga.com/assets/2019/06/07/medium/levante-femenino.png,10.0,Forward,https://assets.laliga.com/squad/2021/t13319/p250613/512x556/p250613_t13319_2021_1_001_000.png,0.0,25.0,0.0,0.0,0.0,0.0,0.0,0.0,3.0,15.0,0.0,0.0,0.0,2.0,0.0,1.0,0.0,3.0,0.0,0.0,0.0,0.0,2.0,0.0,2.0,0.0,0.0,0.0,2.0,0.0,5.0,0.0,0.0,0.0,2.0,Defender,15.52
407.0,Iker Muniain,Muniain,male,1992-12-19T00:00:00+00:00,65.0,170.0,Athletic Club,ATH,https://assets.laliga.com/assets/2019/06/07/medium/athletic.png,10.0,Forward,https://assets.laliga.com/squad/2021/t174/p76012/512x556/p76012_t174_2021_1_001_000.png,5.0,35.0,10.0,6.0,1.0,0.0,6.0,183.0,4.0,27.0,17.0,97.0,5.0,1243.0,0.0,0.0,0.0,21.0,0.0,9.0,65.0,52.0,926.0,291.0,1112.0,3.0,15.0,514.0,1373.0,32.0,79.0,39.0,21.0,188.0,3.0,Midfielder,13.730000000000018
2486.0,Nekane Díez,Nekane Díez,female,1991-08-13T00:00:00+00:00,54.0,169.0,Athletic Club,ATH,https://assets.laliga.com/assets/2019/06/07/medium/athletic-femenino.png,7.0,Forward,https://assets.laliga.com/squad/2021/t12034/p434280/512x556/p434280_t12034_2021_1_001_000.png,0.0,12.0,2.0,0.0,0.0,0.0,1.0,0.0,1.0,6.0,0.0,0.0,0.0,5.0,0.0,0.0,0.0,1.0,0.0,0.0,0.0,0.0,3.0,2.0,5.0,0.0,0.0,0.0,5.0,0.0,6.0,0.0,0.0,0.0,0.0,Midfielder,12.55
23677.0,Michele Vasconcelos,Michele Vasconcelos,female,1994-05-11T00:00:00+00:00,,165.0,Sevilla FC,SFC,https://assets.laliga.com/assets/2019/06/07/medium/sevilla.png,22.0,Midfielder,https://assets.laliga.com/squad/2021/t13326/p447459/512x556/p447459_t13326_2021_1_001_000.png,0.0,22.0,0.0,0.0,0.0,0.0,0.0,0.0,2.0,14.0,0.0,0.0,0.0,0.0,0.0,0.0,0.0,2.0,0.0,0.0,0.0,0.0,0.0,0.0,0.0,0.0,0.0,0.0,0.0,0.0,2.0,0.0,0.0,0.0,1.0,Forward,12.0
12441.0,Ascensión Martínez Salinas,Asun Martínez,female,2002-02-20T00:00:00+00:00,,,VCF Femenino,VCF,https://assets.laliga.com/assets/2019/06/07/medium/valencia-femenino.png,9.0,Forward,https://assets.laliga.com/squad/2021/t13329/p487880/512x556/p487880_t13329_2021_1_001_000.png,0.0,26.0,1.0,0.0,0.0,0.0,0.0,0.0,2.0,31.0,0.0,0.0,0.0,2.0,0.0,0.0,0.0,2.0,0.0,0.0,0.0,0.0,1.0,1.0,2.0,0.0,0.0,0.0,2.0,0.0,4.0,0.0,0.0,0.0,5.0,Midfielder,11.02
8589.0,Aïssatou Tounkara,Aïssatou Tounkara,female,1995-03-16T00:00:00+00:00,60.0,174.0,At. Madrid Femenino,ATM,https://assets.laliga.com/assets/2019/06/07/medium/atletico-feminas.png,19.0,Defender,https://assets.laliga.com/squad/2021/t11212/p176058/512x556/p176058_t11212_2021_1_001_000.png,0.0,15.0,0.0,0.0,0.0,0.0,2.0,0.0,2.0,7.0,0.0,0.0,0.0,0.0,0.0,0.0,0.0,2.0,0.0,0.0,0.0,0.0,0.0,0.0,0.0,0.0,0.0,0.0,0.0,0.0,2.0,0.0,0.0,0.0,2.0,Forward,11.0
8759.0,Karen Araya,Karen Araya,female,1990-10-16T00:00:00+00:00,62.0,164.0,Sevilla FC,SFC,https://assets.laliga.com/assets/2019/06/07/medium/sevilla.png,12.0,Midfielder,,0.0,14.0,1.0,0.0,0.0,0.0,0.0,0.0,1.0,16.0,0.0,0.0,0.0,1.0,0.0,0.0,0.0,1.0,0.0,0.0,0.0,0.0,1.0,0.0,1.0,0.0,0.0,0.0,1.0,0.0,2.0,0.0,0.0,0.0,0.0,Forward,9.51
647.0,Juan Miguel Jiménez López,Juanmi,male,1993-05-20T00:00:00+00:00,69.0,172.0,Real Betis,BET,https://assets.laliga.com/assets/2019/06/07/medium/betis.png,7.0,Forward,https://assets.laliga.com/squad/2021/t185/p80287/512x556/p80287_t185_2021_1_001_000.png,32.0,33.0,2.0,0.0,1.0,0.0,1.0,115.0,16.0,21.0,9.0,15.0,18.0,477.0,0.0,0.0,0.0,30.0,0.0,1.0,29.0,17.0,222.0,154.0,358.0,9.0,40.0,227.0,480.0,39.0,88.0,15.0,16.0,89.0,5.0,Goalkeeper,8.800000000000011
3663.0,Ane Etxezarreta,Ane Etxezarreta,female,1995-08-24T00:00:00+00:00,64.0,166.0,Real Sociedad,RSO,https://assets.laliga.com/assets/2019/06/07/medium/real-sociedad.png,6.0,Midfielder,https://assets.laliga.com/squad/2021/t13324/p434337/512x556/p434337_t13324_2021_0_001_000.png,0.0,21.0,1.0,0.0,0.0,0.0,6.0,0.0,1.0,15.0,0.0,0.0,0.0,1.0,0.0,0.0,0.0,1.0,0.0,0.0,0.0,0.0,1.0,0.0,1.0,0.0,0.0,0.0,1.0,0.0,2.0,0.0,0.0,0.0,1.0,Forward,8.51
3546.0,Elba Vergés,Elba Vergés,female,1995-10-24T00:00:00+00:00,58.0,170.0,SD Eibar,EIB,https://assets.laliga.com/assets/2019/06/07/medium/eibar.png,4.0,Defender,,0.0,30.0,0.0,0.0,0.0,0.0,3.0,0.0,2.0,62.0,0.0,0.0,0.0,1.0,0.0,0.0,0.0,2.0,0.0,0.0,0.0,0.0,0.0,0.0,1.0,0.0,0.0,0.0,1.0,0.0,2.0,0.0,0.0,0.0,5.0,Forward,8.01
12052.0,Esther Martín-Pozuelo,Esther Martín-Pozuelo,female,1998-10-08T00:00:00+00:00,,,VCF Femenino,VCF,https://assets.laliga.com/assets/2019/06/07/medium/valencia-femenino.png,15.0,Defender,https://assets.laliga.com/squad/2021/t13329/p484940/512x556/p484940_t13329_2021_1_001_000.png,0.0,29.0,2.0,0.0,0.0,0.0,4.0,0.0,1.0,51.0,0.0,0.0,0.0,3.0,0.0,0.0,0.0,1.0,0.0,0.0,0.0,0.0,3.0,0.0,3.0,0.0,0.0,0.0,3.0,0.0,4.0,0.0,0.0,0.0,5.0,Forward,7.529999999999999
3560.0,Estefanía Lima,Estefanía Lima,female,1989-05-11T00:00:00+00:00,60.0,174.0,Villarreal CF,VIL,https://assets.laliga.com/assets/2021/06/28/medium/9fbd53c24db4a5ff2257fa8ba57b59d4.png,21.0,Forward,https://assets.laliga.com/squad/2021/t18273/p434495/512x556/p434495_t18273_2021_1_001_000.png,0.0,25.0,0.0,0.0,0.0,0.0,3.0,0.0,2.0,33.0,0.0,0.0,0.0,2.0,0.0,1.0,0.0,2.0,0.0,0.0,0.0,0.0,0.0,1.0,2.0,0.0,0.0,0.0,2.0,0.0,3.0,0.0,0.0,0.0,4.0,Midfielder,7.02
4550.0,Irene Guerrero,Irene Guerrero,female,1996-12-12T00:00:00+00:00,54.0,168.0,Levante UD,LUD,https://assets.laliga.com/assets/2019/06/07/medium/levante-femenino.png,8.0,Midfielder,https://assets.laliga.com/squad/2021/t13319/p434446/512x556/p434446_t13319_2021_1_001_000.png,0.0,27.0,1.0,0.0,0.0,0.0,5.0,0.0,1.0,27.0,0.0,0.0,0.0,3.0,0.0,0.0,0.0,1.0,0.0,0.0,0.0,0.0,3.0,0.0,3.0,0.0,0.0,0.0,3.0,0.0,2.0,0.0,0.0,0.0,3.0,Forward,6.529999999999999
13426.0,Cecilia Marcos,Cecilia Marcos,female,2001-11-03T00:00:00+00:00,,,Real Sociedad,RSO,https://assets.laliga.com/assets/2019/06/07/medium/real-sociedad.png,11.0,Midfielder,https://assets.laliga.com/squad/2021/t13324/p500281/512x556/p500281_t13324_2021_0_001_000.png,0.0,2.0,0.0,0.0,0.0,0.0,0.0,0.0,1.0,1.0,0.0,0.0,0.0,0.0,0.0,0.0,0.0,1.0,0.0,0.0,0.0,0.0,0.0,0.0,0.0,0.0,0.0,0.0,0.0,0.0,1.0,0.0,0.0,0.0,0.0,Forward,6.5
19541.0,María Ortiz de Pinedo Otxoa,Mery,female,1994-04-18T00:00:00+00:00,,,Deportivo Alavés,ALA,https://assets.laliga.com/assets/2021/06/28/medium/42d681848c77e9a837be29b98e03557b.png,15.0,Forward,,0.0,6.0,0.0,0.0,0.0,0.0,0.0,0.0,1.0,4.0,0.0,0.0,0.0,0.0,0.0,0.0,0.0,1.0,0.0,0.0,0.0,0.0,0.0,0.0,0.0,0.0,0.0,0.0,0.0,0.0,1.0,0.0,0.0,0.0,0.0,Midfielder,6.5
3593.0,Marta Cardona De Miguel,Marta Cardona,female,1995-05-26T00:00:00+00:00,53.0,161.0,Real Madrid Femenino,RMA,https://assets.laliga.com/assets/2019/06/07/medium/real-madrid.png,11.0,Forward,,0.0,7.0,0.0,0.0,0.0,0.0,0.0,0.0,1.0,1.0,0.0,0.0,0.0,0.0,0.0,0.0,0.0,1.0,0.0,0.0,0.0,0.0,0.0,0.0,0.0,0.0,0.0,0.0,0.0,0.0,1.0,0.0,0.0,0.0,0.0,Defender,6.5
24262.0,Ona Baradad,Ona Baradad,female,2004-04-16T00:00:00+00:00,,,FC Barcelona,FCB,https://assets.laliga.com/assets/2019/06/07/medium/fc-barcelona-femenino.png,33.0,Midfielder,,0.0,7.0,0.0,0.0,0.0,0.0,0.0,0.0,1.0,1.0,0.0,0.0,0.0,0.0,0.0,0.0,0.0,1.0,0.0,0.0,0.0,0.0,0.0,0.0,0.0,0.0,0.0,0.0,0.0,0.0,1.0,0.0,0.0,0.0,0.0,Forward,6.5
13078.0,Ana Lucía de Teresa Romero,Ana de Teresa,female,2001-11-05T00:00:00+00:00,,,SD Eibar,EIB,https://assets.laliga.com/assets/2019/06/07/medium/eibar.png,5.0,Forward,,0.0,16.0,0.0,0.0,0.0,0.0,0.0,0.0,1.0,19.0,0.0,0.0,0.0,0.0,0.0,0.0,0.0,1.0,0.0,0.0,0.0,0.0,0.0,0.0,0.0,0.0,0.0,0.0,0.0,0.0,0.0,0.0,0.0,0.0,0.0,Midfielder,6.5
12065.0,Lorena Navarro,Lorena Navarro,female,2000-11-11T00:00:00+00:00,51.0,151.0,Real Madrid Femenino,RMA,https://assets.laliga.com/assets/2019/06/07/medium/real-madrid.png,12.0,Forward,,0.0,13.0,0.0,0.0,0.0,0.0,0.0,0.0,1.0,10.0,0.0,0.0,0.0,0.0,0.0,0.0,0.0,1.0,0.0,0.0,0.0,0.0,0.0,0.0,0.0,0.0,0.0,0.0,0.0,0.0,1.0,0.0,0.0,0.0,1.0,Goalkeeper,5.5
21452.0,Garazi Facila,Garazi Facila,female,1999-10-25T00:00:00+00:00,,,Deportivo Alavés,ALA,https://assets.laliga.com/assets/2021/06/28/medium/42d681848c77e9a837be29b98e03557b.png,12.0,Defender,,0.0,25.0,2.0,0.0,0.0,0.0,2.0,0.0,0.0,39.0,0.0,0.0,0.0,2.0,0.0,0.0,0.0,0.0,0.0,0.0,0.0,0.0,1.0,1.0,2.0,0.0,0.0,0.0,2.0,0.0,1.0,0.0,0.0,0.0,1.0,Forward,5.02
8502.0,Merel van Dongen,Merel van Dongen,female,1993-02-11T00:00:00+00:00,,170.0,At. Madrid Femenino,ATM,https://assets.laliga.com/assets/2019/06/07/medium/atletico-feminas.png,5.0,Defender,https://assets.laliga.com/squad/2021/t11212/p165609/512x556/p165609_t11212_2021_1_001_000.png,0.0,27.0,0.0,0.0,0.0,0.0,10.0,0.0,2.0,21.0,0.0,0.0,0.0,0.0,0.0,1.0,0.0,2.0,0.0,0.0,0.0,0.0,0.0,0.0,0.0,0.0,0.0,0.0,0.0,0.0,2.0,0.0,0.0,0.0,6.0,Forward,5.0
5911.0,Aleksandra Zaremba,Aleksandra Zaremba,female,2001-02-19T00:00:00+00:00,56.0,165.0,UD Granadilla Tenerife Egatesa,UDG,https://assets.laliga.com/assets/2019/06/07/medium/granadilla.png,11.0,Midfielder,https://assets.laliga.com/squad/2021/t13328/p456215/512x556/p456215_t13328_2021_1_001_000.png,0.0,25.0,1.0,0.0,0.0,0.0,8.0,0.0,1.0,35.0,0.0,0.0,0.0,3.0,0.0,0.0,0.0,1.0,0.0,0.0,0.0,0.0,3.0,0.0,3.0,0.0,0.0,0.0,3.0,0.0,4.0,0.0,0.0,0.0,5.0,Forward,4.529999999999999
3599.0,Eva Llamas,Eva Llamas,female,1992-05-29T00:00:00+00:00,58.0,170.0,R. Betis Féminas,RBB,https://assets.laliga.com/assets/2019/06/07/medium/betis.png,6.0,Midfielder,https://assets.laliga.com/squad/2021/t13322/p434321/512x556/p434321_t13322_2021_1_001_000.png,0.0,21.0,0.0,0.0,0.0,0.0,4.0,0.0,1.0,26.0,0.0,0.0,0.0,0.0,0.0,1.0,0.0,1.0,0.0,0.0,0.0,0.0,0.0,0.0,0.0,0.0,0.0,0.0,0.0,0.0,1.0,0.0,0.0,0.0,0.0,Forward,4.5
15003.0,Pablo Moreno,Moreno,male,2002-05-03T00:00:00+00:00,,174.0,Girona FC,GIR,https://assets.laliga.com/assets/2019/06/07/medium/girona.png,16.0,Forward,https://assets.laliga.com/squad/2021/t2893/p248508/512x556/p248508_t2893_2021_1_001_000.png,1.0,17.0,0.0,0.0,0.0,0.0,0.0,28.0,1.0,7.0,0.0,5.0,3.0,58.0,0.0,0.0,0.0,3.0,0.0,1.0,9.0,0.0,42.0,14.0,55.0,0.0,5.0,43.0,63.0,4.0,16.0,5.0,1.0,7.0,1.0,Midfielder,4.1299999999999955
14915.0,Jofre Carreras,Jofre C.,male,2001-06-17T00:00:00+00:00,,,RCD Espanyol de Barcelona,ESP,https://assets.laliga.com/assets/2019/06/07/medium/espanyol.png,29.0,Forward,https://assets.laliga.com/squad/2021/t177/p513950/512x556/p513950_t177_2021_0_001_000.png,1.0,3.0,1.0,0.0,0.0,0.0,0.0,6.0,0.0,0.0,0.0,1.0,0.0,5.0,0.0,0.0,0.0,0.0,0.0,2.0,0.0,0.0,5.0,1.0,4.0,0.0,0.0,5.0,5.0,1.0,3.0,1.0,0.0,1.0,0.0,Defender,3.5500000000000007
9221.0,Nerea Nevado,Nerea Nevado,female,2001-04-27T00:00:00+00:00,55.0,160.0,Deportivo Alavés,ALA,https://assets.laliga.com/assets/2021/06/28/medium/42d681848c77e9a837be29b98e03557b.png,20.0,Defender,,0.0,27.0,1.0,0.0,0.0,0.0,2.0,0.0,0.0,35.0,0.0,0.0,0.0,5.0,0.0,0.0,0.0,1.0,0.0,0.0,0.0,0.0,4.0,1.0,5.0,0.0,0.0,0.0,5.0,0.0,5.0,0.0,0.0,0.0,1.0,Forward,3.55
24135.0,Borislav Ivaylov Stankov,Slavy,male,2002-05-05T00:00:00+00:00,,182.0,Real Valladolid CF,VLL,https://assets.laliga.com/assets/2019/06/07/medium/valladolid.png,42.0,Forward,,0.0,1.0,0.0,0.0,0.0,0.0,0.0,1.0,0.0,0.0,0.0,1.0,0.0,1.0,0.0,0.0,0.0,0.0,0.0,0.0,1.0,1.0,1.0,0.0,0.0,0.0,0.0,0.0,1.0,0.0,1.0,0.0,0.0,0.0,0.0,Goalkeeper,3.51
25787.0,Alejandro Asensio,Vere,male,2000-09-14T00:00:00+00:00,,,Rayo Vallecano,RAY,https://assets.laliga.com/assets/2019/06/07/medium/rayo.png,34.0,Forward,,1.0,2.0,0.0,0.0,0.0,0.0,0.0,1.0,0.0,0.0,0.0,1.0,0.0,7.0,0.0,0.0,0.0,1.0,0.0,1.0,0.0,1.0,4.0,3.0,5.0,0.0,0.0,3.0,7.0,0.0,2.0,0.0,0.0,1.0,0.0,Forward,2.0700000000000003
8503.0,Eva Navarro,Eva Navarro,female,2001-01-27T00:00:00+00:00,,161.0,Levante UD,LUD,https://assets.laliga.com/assets/2019/06/07/medium/levante-femenino.png,18.0,Forward,https://assets.laliga.com/squad/2021/t13319/p454316/512x556/p454316_t13319_2021_1_001_000.png,0.0,7.0,1.0,0.0,0.0,0.0,0.0,0.0,0.0,8.0,0.0,0.0,0.0,1.0,0.0,0.0,0.0,0.0,0.0,0.0,0.0,0.0,1.0,0.0,1.0,0.0,0.0,0.0,1.0,0.0,1.0,0.0,0.0,0.0,1.0,Defender,2.01
24274.0,Ilias Akhomach,Ilias,male,2004-04-16T00:00:00+00:00,,,FC Barcelona,BAR,https://assets.laliga.com/assets/2019/06/07/medium/barcelona.png,37.0,Forward,,1.0,2.0,0.0,0.0,0.0,0.0,0.0,8.0,0.0,0.0,0.0,4.0,0.0,49.0,0.0,0.0,0.0,2.0,0.0,2.0,1.0,0.0,40.0,5.0,43.0,0.0,3.0,14.0,49.0,2.0,7.0,2.0,1.0,5.0,0.0,Midfielder,1.990000000000002
8861.0,Arnaut Danjuma,Danjuma,male,1997-01-31T00:00:00+00:00,74.0,178.0,Villarreal CF,VIL,https://assets.laliga.com/assets/2019/06/07/medium/villarreal.png,15.0,Midfielder,https://assets.laliga.com/squad/2021/t449/p220307/512x556/p220307_t449_2021_1_001_000.png,3.0,23.0,2.0,2.0,0.0,0.0,0.0,61.0,10.0,19.0,2.0,12.0,17.0,332.0,0.0,0.0,0.0,29.0,0.0,5.0,33.0,7.0,214.0,61.0,261.0,3.0,3.0,193.0,348.0,7.0,136.0,28.0,5.0,75.0,2.0,Forward,1.9799999999999898
9304.0,João Félix Sequeira,João Félix,male,1999-11-10T00:00:00+00:00,70.0,181.0,Atlético de Madrid,ATM,https://assets.laliga.com/assets/2019/06/07/medium/atletico.png,7.0,Forward,https://assets.laliga.com/squad/2021/t175/p428399/512x556/p428399_t175_2021_1_001_000.png,19.0,24.0,4.0,1.0,1.0,0.0,0.0,112.0,8.0,22.0,7.0,15.0,9.0,401.0,0.0,1.0,0.0,15.0,0.0,2.0,31.0,24.0,223.0,95.0,291.0,8.0,15.0,197.0,420.0,5.0,57.0,21.0,16.0,89.0,1.0,Defender,1.6999999999999886
8271.0,Martin Braithwaite,Braithwaite,male,1991-06-05T00:00:00+00:00,73.0,177.0,FC Barcelona,BAR,https://assets.laliga.com/assets/2019/06/07/medium/barcelona.png,12.0,Forward,https://assets.laliga.com/squad/2021/t178/p68690/512x556/p68690_t178_2021_1_001_000.png,3.0,4.0,1.0,0.0,0.0,0.0,0.0,8.0,2.0,4.0,1.0,1.0,2.0,52.0,0.0,0.0,0.0,3.0,0.0,0.0,2.0,1.0,26.0,18.0,43.0,1.0,5.0,27.0,54.0,1.0,12.0,1.0,0.0,10.0,0.0,Goalkeeper,1.5399999999999991
3536.0,Estela Fernández,Estela Fernández,female,1991-05-09T00:00:00+00:00,62.0,169.0,Madrid CFF,MAD,https://assets.laliga.com/assets/2019/06/07/medium/madrid-futbol-femenino.png,21.0,Midfielder,https://assets.laliga.com/squad/2021/t13320/p434373/512x556/p434373_t13320_2021_0_001_000.png,0.0,20.0,0.0,0.0,0.0,0.0,0.0,0.0,1.0,29.0,0.0,0.0,0.0,3.0,0.0,0.0,0.0,1.0,0.0,0.0,0.0,0.0,2.0,0.0,3.0,0.0,0.0,0.0,3.0,0.0,4.0,0.0,0.0,0.0,5.0,Forward,1.5300000000000002
336.0,Yuri de Souza Fonseca,Yuri,male,1982-08-08T00:00:00+00:00,78.0,186.0,SD Ponferradina,PON,https://assets.laliga.com/assets/2021/06/24/medium/20f0382ea9163a771b3e01bbe7cf78b7.png,10.0,Forward,https://assets.laliga.com/squad/2021/t3090/p87763/512x556/p87763_t3090_2021_1_001_000.png,11.0,38.0,2.0,0.0,7.0,0.0,2.0,73.0,14.0,32.0,10.0,17.0,32.0,348.0,0.0,0.0,0.0,28.0,0.0,0.0,14.0,6.0,210.0,98.0,302.0,12.0,19.0,194.0,396.0,11.0,91.0,15.0,7.0,81.0,2.0,Forward,1.460000000000008
16640.0,Carlos Gilbert,C. Gilbert,male,1999-04-16T00:00:00+00:00,,,UD Almería,ALM,https://assets.laliga.com/assets/2019/06/07/medium/almeria.png,37.0,Forward,,0.0,1.0,0.0,0.0,0.0,0.0,0.0,4.0,0.0,0.0,0.0,0.0,0.0,6.0,0.0,0.0,0.0,0.0,0.0,0.0,2.0,0.0,5.0,0.0,5.0,0.0,1.0,3.0,6.0,1.0,1.0,0.0,0.0,1.0,0.0,Forward,1.0600000000000005
19547.0,Irene Miguélez,Irene Miguélez,female,2004-07-05T00:00:00+00:00,,,Villarreal CF,VIL,https://assets.laliga.com/assets/2021/06/28/medium/9fbd53c24db4a5ff2257fa8ba57b59d4.png,4.0,Defender,https://assets.laliga.com/squad/2021/t18273/p504871/512x556/p504871_t18273_2021_0_001_000.png,0.0,16.0,1.0,0.0,0.0,0.0,2.0,0.0,0.0,30.0,0.0,0.0,0.0,1.0,0.0,0.0,0.0,0.0,0.0,0.0,0.0,0.0,1.0,0.0,1.0,0.0,0.0,0.0,1.0,0.0,1.0,0.0,0.0,0.0,2.0,Forward,1.0099999999999998
24265.0,Álvaro Santamaría,Santamaria,male,2001-11-07T00:00:00+00:00,,,Real Sporting,SPO,https://assets.laliga.com/assets/2019/06/07/medium/sporting.png,32.0,Forward,,0.0,1.0,0.0,0.0,0.0,0.0,0.0,2.0,0.0,0.0,0.0,1.0,0.0,3.0,0.0,0.0,0.0,0.0,0.0,0.0,0.0,0.0,1.0,1.0,2.0,0.0,0.0,3.0,3.0,1.0,0.0,0.0,0.0,1.0,0.0,Forward,0.5299999999999998
2446.0,Hernâni Jorge Santos Fortes,Hernani,male,1991-08-20T00:00:00+00:00,72.0,179.0,UD Las Palmas,LPA,https://assets.laliga.com/assets/2019/06/07/medium/las-palmas.png,3.0,Forward,,1.0,5.0,0.0,0.0,0.0,0.0,0.0,7.0,0.0,4.0,0.0,1.0,1.0,22.0,0.0,0.0,0.0,2.0,0.0,1.0,5.0,0.0,15.0,5.0,19.0,0.0,0.0,17.0,23.0,0.0,7.0,2.0,1.0,3.0,0.0,Midfielder,0.23000000000000043
2446.0,Hernâni Jorge Santos Fortes,Hernani,male,1991-08-20T00:00:00+00:00,72.0,179.0,UD Las Palmas,LPA,https://assets.laliga.com/assets/2019/06/07/medium/las-palmas.png,3.0,Forward,,1.0,5.0,0.0,0.0,0.0,0.0,0.0,7.0,0.0,4.0,0.0,1.0,1.0,22.0,0.0,0.0,0.0,2.0,0.0,1.0,5.0,0.0,15.0,5.0,19.0,0.0,0.0,17.0,23.0,0.0,7.0,2.0,1.0,3.0,0.0,Defender,0.23000000000000043
1190.0,Mariano Díaz Mejía,Mariano,male,1993-08-01T00:00:00+00:00,76.0,180.0,Real Madrid,RMA,https://assets.laliga.com/assets/2019/06/07/medium/real-madrid.png,24.0,Forward,https://assets.laliga.com/squad/2021/t186/p178347/512x556/p178347_t186_2021_1_001_000.png,9.0,9.0,1.0,0.0,0.0,0.0,0.0,17.0,1.0,4.0,1.0,5.0,4.0,53.0,0.0,0.0,0.0,3.0,0.0,0.0,6.0,2.0,26.0,16.0,40.0,3.0,2.0,33.0,60.0,2.0,21.0,4.0,4.0,14.0,2.0,Midfielder,0.10000000000000142
22795.0,Alex Sala,Alex Sala,male,2001-04-09T00:00:00+00:00,,,Girona FC,GIR,https://assets.laliga.com/assets/2019/06/07/medium/girona.png,34.0,Midfielder,,2.0,2.0,0.0,0.0,0.0,0.0,0.0,3.0,0.0,0.0,0.0,0.0,0.0,2.0,0.0,0.0,0.0,0.0,0.0,0.0,0.0,0.0,0.0,1.0,1.0,2.0,0.0,1.0,2.0,1.0,0.0,0.0,0.0,1.0,0.0,Forward,0.020000000000000018
24869.0,Erik Rafael,Erik,male,2000-03-13T00:00:00+00:00,,,CD Mirandés,MIR,https://assets.laliga.com/assets/2019/06/07/medium/mirandes.png,34.0,Forward,,0.0,1.0,0.0,0.0,0.0,0.0,0.0,0.0,0.0,0.0,0.0,0.0,0.0,2.0,0.0,0.0,0.0,0.0,0.0,0.0,0.0,0.0,2.0,0.0,2.0,0.0,0.0,0.0,2.0,0.0,0.0,0.0,0.0,0.0,0.0,Forward,0.02
15027.0,Fiamma Iannuzzi,Fiamma Iannuzzi,female,2004-06-19T00:00:00+00:00,,,Levante UD,LUD,https://assets.laliga.com/assets/2019/06/07/medium/levante-femenino.png,9.0,Forward,https://assets.laliga.com/squad/2021/t13319/p497569/512x556/p497569_t13319_2021_1_001_000.png,0.0,13.0,0.0,0.0,0.0,0.0,0.0,0.0,0.0,7.0,0.0,0.0,0.0,1.0,0.0,0.0,0.0,0.0,0.0,0.0,0.0,0.0,1.0,0.0,1.0,0.0,0.0,0.0,1.0,0.0,1.0,0.0,0.0,0.0,0.0,Midfielder,0.01
7598.0,Laura Moreno,Laura Moreno,female,2000-11-11T00:00:00+00:00,,,R. Betis Féminas,RBB,https://assets.laliga.com/assets/2019/06/07/medium/betis.png,27.0,Forward,https://assets.laliga.com/squad/2021/t13322/p434453/512x556/p434453_t13322_2021_1_001_000.png,0.0,15.0,0.0,0.0,0.0,0.0,0.0,0.0,0.0,7.0,0.0,0.0,0.0,1.0,0.0,0.0,0.0,0.0,0.0,0.0,0.0,0.0,1.0,0.0,1.0,0.0,0.0,0.0,1.0,0.0,1.0,0.0,0.0,0.0,0.0,Defender,0.01
15797.0,Joel Jiménez,J. Jimenez,male,2000-01-20T00:00:00+00:00,,187.0,Real Sporting,SPO,https://assets.laliga.com/assets/2019/06/07/medium/sporting.png,33.0,Goalkeeper,https://assets.laliga.com/squad/2021/t616/p514136/512x556/p514136_t616_2021_1_001_000.png,0.0,0.0,0.0,0.0,0.0,0.0,0.0,0.0,0.0,0.0,0.0,0.0,0.0,0.0,0.0,0.0,0.0,0.0,0.0,0.0,0.0,0.0,0.0,0.0,0.0,0.0,0.0,0.0,0.0,0.0,0.0,0.0,0.0,0.0,0.0,Forward,0.0
25316.0,Rafael Marín Zamora,Rafa Marin,male,2002-05-19T00:00:00+00:00,,190.0,Real Madrid,RMA,https://assets.laliga.com/assets/2019/06/07/medium/real-madrid.png,41.0,Defender,,0.0,0.0,0.0,0.0,0.0,0.0,0.0,0.0,0.0,0.0,0.0,0.0,0.0,0.0,0.0,0.0,0.0,0.0,0.0,0.0,0.0,0.0,0.0,0.0,0.0,0.0,0.0,0.0,0.0,0.0,0.0,0.0,0.0,0.0,0.0,Forward,0.0
14677.0,Pere Joan García,Pere Joan,male,2002-03-22T00:00:00+00:00,,188.0,RCD Mallorca,MLL,https://assets.laliga.com/assets/2019/06/07/medium/mallorca.png,33.0,Goalkeeper,https://assets.laliga.com/squad/2021/t181/p495631/512x556/p495631_t181_2021_1_001_000.png,0.0,0.0,0.0,0.0,0.0,0.0,0.0,0.0,0.0,0.0,0.0,0.0,0.0,0.0,0.0,0.0,0.0,0.0,0.0,0.0,0.0,0.0,0.0,0.0,0.0,0.0,0.0,0.0,0.0,0.0,0.0,0.0,0.0,0.0,0.0,Forward,0.0
13531.0,José Sanchez,Pepe,male,2000-03-02T00:00:00+00:00,63.0,185.0,Granada CF,GRA,https://assets.laliga.com/assets/2019/06/07/medium/granada.png,27.0,Defender,https://assets.laliga.com/squad/2021/t5683/p500697/512x556/p500697_t5683_2021_1_001_000.png,0.0,0.0,0.0,0.0,0.0,0.0,0.0,0.0,0.0,0.0,0.0,0.0,0.0,0.0,0.0,0.0,0.0,0.0,0.0,0.0,0.0,0.0,0.0,0.0,0.0,0.0,0.0,0.0,0.0,0.0,0.0,0.0,0.0,0.0,0.0,Forward,0.0
25349.0,Fernando Somolinos,Somolinos,male,2002-04-04T00:00:00+00:00,,,Real Sporting,SPO,https://assets.laliga.com/assets/2019/06/07/medium/sporting.png,42.0,Midfielder,,0.0,0.0,0.0,0.0,0.0,0.0,0.0,0.0,0.0,0.0,0.0,0.0,0.0,0.0,0.0,0.0,0.0,0.0,0.0,0.0,0.0,0.0,0.0,0.0,0.0,0.0,0.0,0.0,0.0,0.0,0.0,0.0,0.0,0.0,0.0,Forward,0.0
24165.0,Jaime Garrido,J. Garrido,male,2003-04-19T00:00:00+00:00,,,CF Fuenlabrada,FUE,https://assets.laliga.com/assets/2019/06/07/medium/fuenlabrada.png,34.0,Midfielder,,0.0,0.0,0.0,0.0,0.0,0.0,0.0,0.0,0.0,0.0,0.0,0.0,0.0,0.0,0.0,0.0,0.0,0.0,0.0,0.0,0.0,0.0,0.0,0.0,0.0,0.0,0.0,0.0,0.0,0.0,0.0,0.0,0.0,0.0,0.0,Forward,0.0
24193.0,Pedro Alemañ,P. Alemañ,male,2002-03-21T00:00:00+00:00,,182.0,Valencia CF,VAL,https://assets.laliga.com/assets/2019/06/07/medium/valencia.png,26.0,Midfielder,,0.0,0.0,0.0,0.0,0.0,0.0,0.0,0.0,0.0,0.0,0.0,0.0,0.0,0.0,0.0,0.0,0.0,0.0,0.0,0.0,0.0,0.0,0.0,0.0,0.0,0.0,0.0,0.0,0.0,0.0,0.0,0.0,0.0,0.0,0.0,Forward,0.0
19225.0,Jon Karrikaburu,Karrikaburu,male,2002-09-19T00:00:00+00:00,,,Real Sociedad,RSO,https://assets.laliga.com/assets/2019/06/07/medium/real-sociedad.png,,Forward,,0.0,0.0,0.0,0.0,0.0,0.0,0.0,0.0,0.0,0.0,0.0,0.0,0.0,0.0,0.0,0.0,0.0,0.0,0.0,0.0,0.0,0.0,0.0,0.0,0.0,0.0,0.0,0.0,0.0,0.0,0.0,0.0,0.0,0.0,0.0,Goalkeeper,0.0
24406.0,Pau Martínez,Pau M.,male,2000-11-10T00:00:00+00:00,,,CA Osasuna,OSA,https://assets.laliga.com/assets/2019/06/07/medium/osasuna.png,37.0,Forward,,0.0,0.0,0.0,0.0,0.0,0.0,0.0,0.0,0.0,0.0,0.0,0.0,0.0,0.0,0.0,0.0,0.0,0.0,0.0,0.0,0.0,0.0,0.0,0.0,0.0,0.0,0.0,0.0,0.0,0.0,0.0,0.0,0.0,0.0,0.0,Forward,0.0
24122.0,Jonathan Gómez,Gomez,male,2003-09-01T00:00:00+00:00,71.0,176.0,Real Sociedad,RSO,https://assets.laliga.com/assets/2019/06/07/medium/real-sociedad.png,,Defender,,0.0,0.0,0.0,0.0,0.0,0.0,0.0,0.0,0.0,0.0,0.0,0.0,0.0,0.0,0.0,0.0,0.0,0.0,0.0,0.0,0.0,0.0,0.0,0.0,0.0,0.0,0.0,0.0,0.0,0.0,0.0,0.0,0.0,0.0,0.0,Forward,0.0
25274.0,Pablo Picón,Picon,male,2000-02-01T00:00:00+00:00,,,Levante UD,LEV,https://assets.laliga.com/assets/2019/06/07/medium/levante.png,26.0,Goalkeeper,,0.0,0.0,0.0,0.0,0.0,0.0,0.0,0.0,0.0,0.0,0.0,0.0,0.0,0.0,0.0,0.0,0.0,0.0,0.0,0.0,0.0,0.0,0.0,0.0,0.0,0.0,0.0,0.0,0.0,0.0,0.0,0.0,0.0,0.0,0.0,Forward,0.0
23348.0,Pablo Gálvez,Galvez,male,2001-10-30T00:00:00+00:00,,,RCD Mallorca,MLL,https://assets.laliga.com/assets/2019/06/07/medium/mallorca.png,27.0,Forward,https://assets.laliga.com/squad/2021/t181/p547043/512x556/p547043_t181_2021_1_001_000.png,0.0,0.0,0.0,0.0,0.0,0.0,0.0,0.0,0.0,0.0,0.0,0.0,0.0,0.0,0.0,0.0,0.0,0.0,0.0,0.0,0.0,0.0,0.0,0.0,0.0,0.0,0.0,0.0,0.0,0.0,0.0,0.0,0.0,0.0,0.0,Midfielder,0.0
12681.0,Jonathan Morilla,Jonatan,male,1999-12-06T00:00:00+00:00,,,Girona FC,GIR,https://assets.laliga.com/assets/2019/06/07/medium/girona.png,30.0,Goalkeeper,https://assets.laliga.com/squad/2021/t2893/p436230/512x556/p436230_t2893_2021_0_001_000.png,0.0,0.0,0.0,0.0,0.0,0.0,0.0,0.0,0.0,0.0,0.0,0.0,0.0,0.0,0.0,0.0,0.0,0.0,0.0,0.0,0.0,0.0,0.0,0.0,0.0,0.0,0.0,0.0,0.0,0.0,0.0,0.0,0.0,0.0,0.0,Forward,0.0
19234.0,Jorge Chanza,J. Chanza,male,1998-03-20T00:00:00+00:00,,182.0,UD Ibiza,IBI,https://assets.laliga.com/assets/2021/06/24/medium/d7bc0d2c9bf06afd6b5ace9d62771713.png,26.0,Goalkeeper,https://assets.laliga.com/squad/2021/t16203/p498197/512x556/p498197_t16203_2021_1_001_000.png,0.0,0.0,0.0,0.0,0.0,0.0,0.0,0.0,0.0,0.0,0.0,0.0,0.0,0.0,0.0,0.0,0.0,0.0,0.0,0.0,0.0,0.0,0.0,0.0,0.0,0.0,0.0,0.0,0.0,0.0,0.0,0.0,0.0,0.0,0.0,Forward,0.0
13277.0,Jorge Padilla,Jorge,male,2001-04-23T00:00:00+00:00,66.0,175.0,Levante UD,LEV,https://assets.laliga.com/assets/2019/06/07/medium/levante.png,38.0,Forward,,0.0,0.0,0.0,0.0,0.0,0.0,0.0,0.0,0.0,0.0,0.0,0.0,0.0,0.0,0.0,0.0,0.0,0.0,0.0,0.0,0.0,0.0,0.0,0.0,0.0,0.0,0.0,0.0,0.0,0.0,0.0,0.0,0.0,0.0,0.0,Defender,0.0
12757.0,Jorge Yriarte,Jorge Iriarte,male,2000-03-04T00:00:00+00:00,74.0,177.0,SD Eibar,EIB,https://assets.laliga.com/assets/2019/06/07/medium/eibar.png,35.0,Forward,,0.0,0.0,0.0,0.0,0.0,0.0,0.0,0.0,0.0,0.0,0.0,0.0,0.0,0.0,0.0,0.0,0.0,0.0,0.0,0.0,0.0,0.0,0.0,0.0,0.0,0.0,0.0,0.0,0.0,0.0,0.0,0.0,0.0,0.0,0.0,Forward,0.0
13428.0,Julio Martínez,Julio,male,2000-11-02T00:00:00+00:00,70.0,178.0,Málaga CF,MGA,https://assets.laliga.com/assets/2019/06/07/medium/malaga.png,32.0,Forward,https://assets.laliga.com/squad/2021/t182/p493552/512x556/p493552_t182_2021_1_001_000.png,0.0,0.0,0.0,0.0,0.0,0.0,0.0,0.0,0.0,0.0,0.0,0.0,0.0,0.0,0.0,0.0,0.0,0.0,0.0,0.0,0.0,0.0,0.0,0.0,0.0,0.0,0.0,0.0,0.0,0.0,0.0,0.0,0.0,0.0,0.0,Midfielder,0.0
13075.0,Javier Rubio,J.rubio,male,1999-05-12T00:00:00+00:00,,,CD Leganés,LEG,https://assets.laliga.com/assets/2019/06/07/medium/leganes.png,26.0,Defender,https://assets.laliga.com/squad/2021/t957/p493688/512x556/p493688_t957_2021_1_001_000.png,0.0,0.0,0.0,0.0,0.0,0.0,0.0,0.0,0.0,0.0,0.0,0.0,0.0,0.0,0.0,0.0,0.0,0.0,0.0,0.0,0.0,0.0,0.0,0.0,0.0,0.0,0.0,0.0,0.0,0.0,0.0,0.0,0.0,0.0,0.0,Forward,0.0
24267.0,Alejandro Carbonell,Carbonell,male,2001-03-13T00:00:00+00:00,,,R. Sociedad B,RSOB,https://assets.laliga.com/assets/2019/06/07/medium/real-sociedad.png,27.0,Defender,,0.0,0.0,0.0,0.0,0.0,0.0,0.0,0.0,0.0,0.0,0.0,0.0,0.0,0.0,0.0,0.0,0.0,0.0,0.0,0.0,0.0,0.0,0.0,0.0,0.0,0.0,0.0,0.0,0.0,0.0,0.0,0.0,0.0,0.0,0.0,Forward,0.0
25680.0,Isaiah Navarro,Isaiah,male,2001-09-09T00:00:00+00:00,,183.0,Real Zaragoza,ZAR,https://assets.laliga.com/assets/2019/06/07/medium/zaragoza.png,29.0,Midfielder,,0.0,0.0,0.0,0.0,0.0,0.0,0.0,0.0,0.0,0.0,0.0,0.0,0.0,0.0,0.0,0.0,0.0,0.0,0.0,0.0,0.0,0.0,0.0,0.0,0.0,0.0,0.0,0.0,0.0,0.0,0.0,0.0,0.0,0.0,0.0,Forward,0.0
24673.0,Roger Martínez,Roger,male,2004-04-05T00:00:00+00:00,,,RCD Espanyol de Barcelona,ESP,https://assets.laliga.com/assets/2019/06/07/medium/espanyol.png,37.0,Midfielder,,0.0,0.0,0.0,0.0,0.0,0.0,0.0,0.0,0.0,0.0,0.0,0.0,0.0,0.0,0.0,0.0,0.0,0.0,0.0,0.0,0.0,0.0,0.0,0.0,0.0,0.0,0.0,0.0,0.0,0.0,0.0,0.0,0.0,0.0,0.0,Forward,0.0
24184.0,Enol Coto,Coto,male,2001-03-23T00:00:00+00:00,,174.0,Real Sporting,SPO,https://assets.laliga.com/assets/2019/06/07/medium/sporting.png,38.0,Defender,,0.0,0.0,0.0,0.0,0.0,0.0,0.0,0.0,0.0,0.0,0.0,0.0,0.0,0.0,0.0,0.0,0.0,0.0,0.0,0.0,0.0,0.0,0.0,0.0,0.0,0.0,0.0,0.0,0.0,0.0,0.0,0.0,0.0,0.0,0.0,Forward,0.0
15870.0,Félix Alonso,Félix,male,2000-12-29T00:00:00+00:00,,185.0,CD Tenerife,TEN,https://assets.laliga.com/assets/2019/06/07/medium/tenerife.png,26.0,Midfielder,https://assets.laliga.com/squad/2021/t612/p521477/512x556/p521477_t612_2021_1_001_000.png,0.0,0.0,0.0,0.0,0.0,0.0,0.0,0.0,0.0,0.0,0.0,0.0,0.0,0.0,0.0,0.0,0.0,0.0,0.0,0.0,0.0,0.0,0.0,0.0,0.0,0.0,0.0,0.0,0.0,0.0,0.0,0.0,0.0,0.0,0.0,Forward,0.0
19044.0,Eduardo Martínez,Edu Martinez,male,1999-04-12T00:00:00+00:00,,180.0,FC Cartagena,CAR,https://assets.laliga.com/assets/2022/02/11/medium/1628caa9b2002a11e564eb84b3677f78.png,35.0,Forward,https://assets.laliga.com/squad/2021/t3554/p523872/512x556/p523872_t3554_2021_1_001_000.png,0.0,0.0,0.0,0.0,0.0,0.0,0.0,0.0,0.0,0.0,0.0,0.0,0.0,0.0,0.0,0.0,0.0,0.0,0.0,0.0,0.0,0.0,0.0,0.0,0.0,0.0,0.0,0.0,0.0,0.0,0.0,0.0,0.0,0.0,0.0,Defender,0.0
14867.0,Diego Licinio Lázaro Fuoli,Fuoli,male,1997-10-20T00:00:00+00:00,,,UD Almería,ALM,https://assets.laliga.com/assets/2019/06/07/medium/almeria.png,33.0,Goalkeeper,https://assets.laliga.com/squad/2021/t1564/p435256/512x556/p435256_t1564_2021_1_001_000.png,0.0,0.0,0.0,0.0,0.0,0.0,0.0,0.0,0.0,0.0,0.0,0.0,0.0,0.0,0.0,0.0,0.0,0.0,0.0,0.0,0.0,0.0,0.0,0.0,0.0,0.0,0.0,0.0,0.0,0.0,0.0,0.0,0.0,0.0,0.0,Forward,0.0
7277.0,David Vicente,David Vicente,male,1999-04-23T00:00:00+00:00,,172.0,UD Las Palmas,LPA,https://assets.laliga.com/assets/2019/06/07/medium/las-palmas.png,33.0,Defender,https://assets.laliga.com/squad/2021/t407/p441311/512x556/p441311_t407_2021_1_001_000.png,0.0,0.0,0.0,0.0,0.0,0.0,0.0,0.0,0.0,0.0,0.0,0.0,0.0,0.0,0.0,0.0,0.0,0.0,0.0,0.0,0.0,0.0,0.0,0.0,0.0,0.0,0.0,0.0,0.0,0.0,0.0,0.0,0.0,0.0,0.0,Forward,0.0
25348.0,David Fernandez,David Fdez.,male,2001-03-28T00:00:00+00:00,,,Real Sporting,SPO,https://assets.laliga.com/assets/2019/06/07/medium/sporting.png,41.0,Midfielder,,0.0,0.0,0.0,0.0,0.0,0.0,0.0,0.0,0.0,0.0,0.0,0.0,0.0,0.0,0.0,0.0,0.0,0.0,0.0,0.0,0.0,0.0,0.0,0.0,0.0,0.0,0.0,0.0,0.0,0.0,0.0,0.0,0.0,0.0,0.0,Forward,0.0
24266.0,Daniel Queipo,Queipo,male,2002-05-22T00:00:00+00:00,,168.0,Real Sporting,SPO,https://assets.laliga.com/assets/2019/06/07/medium/sporting.png,39.0,Forward,,0.0,0.0,0.0,0.0,0.0,0.0,0.0,0.0,0.0,0.0,0.0,0.0,0.0,0.0,0.0,0.0,0.0,0.0,0.0,0.0,0.0,0.0,0.0,0.0,0.0,0.0,0.0,0.0,0.0,0.0,0.0,0.0,0.0,0.0,0.0,Defender,0.0
19211.0,Daniel Garrido,Garrido,male,2000-01-19T00:00:00+00:00,,,Real Sociedad,RSO,https://assets.laliga.com/assets/2019/06/07/medium/real-sociedad.png,,Midfielder,,0.0,0.0,0.0,0.0,0.0,0.0,0.0,0.0,0.0,0.0,0.0,0.0,0.0,0.0,0.0,0.0,0.0,0.0,0.0,0.0,0.0,0.0,0.0,0.0,0.0,0.0,0.0,0.0,0.0,0.0,0.0,0.0,0.0,0.0,0.0,Forward,0.0
13736.0,Dalisson de Almeida Leite,Dali,male,2000-04-06T00:00:00+00:00,,,Real Valladolid CF,VLL,https://assets.laliga.com/assets/2019/06/07/medium/valladolid.png,36.0,Midfielder,,0.0,0.0,0.0,0.0,0.0,0.0,0.0,0.0,0.0,0.0,0.0,0.0,0.0,0.0,0.0,0.0,0.0,0.0,0.0,0.0,0.0,0.0,0.0,0.0,0.0,0.0,0.0,0.0,0.0,0.0,0.0,0.0,0.0,0.0,0.0,Forward,0.0
14649.0,Gerard Barri,Barri,male,2001-01-02T00:00:00+00:00,,,SD Huesca,HUE,https://assets.laliga.com/assets/2019/06/07/medium/huesca.png,29.0,Defender,https://assets.laliga.com/squad/2021/t2894/p508463/512x556/p508463_t2894_2021_1_001_000.png,0.0,0.0,0.0,0.0,0.0,0.0,0.0,0.0,0.0,0.0,0.0,0.0,0.0,0.0,0.0,0.0,0.0,0.0,0.0,0.0,0.0,0.0,0.0,0.0,0.0,0.0,0.0,0.0,0.0,0.0,0.0,0.0,0.0,0.0,0.0,Forward,0.0
14665.0,Kevin Omoruyi,Carlos Kevin,male,2001-04-10T00:00:00+00:00,,,SD Huesca,HUE,https://assets.laliga.com/assets/2019/06/07/medium/huesca.png,28.0,Forward,https://assets.laliga.com/squad/2021/t2894/p509201/512x556/p509201_t2894_2021_1_001_000.png,0.0,1.0,0.0,0.0,0.0,0.0,0.0,0.0,0.0,0.0,0.0,0.0,0.0,0.0,0.0,0.0,0.0,0.0,0.0,0.0,0.0,0.0,0.0,0.0,0.0,0.0,0.0,0.0,0.0,0.0,0.0,0.0,0.0,0.0,0.0,Defender,0.0
19187.0,Bilal Ouacharaf,Bilal,male,2002-05-09T00:00:00+00:00,,,Málaga CF,MGA,https://assets.laliga.com/assets/2019/06/07/medium/malaga.png,38.0,Forward,https://assets.laliga.com/squad/2021/t182/p482239/512x556/p482239_t182_2021_1_001_000.png,0.0,0.0,0.0,0.0,0.0,0.0,0.0,0.0,0.0,0.0,0.0,0.0,0.0,0.0,0.0,0.0,0.0,0.0,0.0,0.0,0.0,0.0,0.0,0.0,0.0,0.0,0.0,0.0,0.0,0.0,0.0,0.0,0.0,0.0,0.0,Goalkeeper,0.0
17005.0,Gustavo Abizanda,Gustavo,male,2000-05-01T00:00:00+00:00,,170.0,SD Huesca,HUE,https://assets.laliga.com/assets/2019/06/07/medium/huesca.png,32.0,Forward,,0.0,0.0,0.0,0.0,0.0,0.0,0.0,0.0,0.0,0.0,0.0,0.0,0.0,0.0,0.0,0.0,0.0,0.0,0.0,0.0,0.0,0.0,0.0,0.0,0.0,0.0,0.0,0.0,0.0,0.0,0.0,0.0,0.0,0.0,0.0,Defender,0.0
25263.0,Alfonso Liceras,Alfonso,male,2000-09-10T00:00:00+00:00,,,UD Las Palmas,LPA,https://assets.laliga.com/assets/2019/06/07/medium/las-palmas.png,31.0,Goalkeeper,,0.0,0.0,0.0,0.0,0.0,0.0,0.0,0.0,0.0,0.0,0.0,0.0,0.0,0.0,0.0,0.0,0.0,0.0,0.0,0.0,0.0,0.0,0.0,0.0,0.0,0.0,0.0,0.0,0.0,0.0,0.0,0.0,0.0,0.0,0.0,Forward,0.0
25582.0,Idrissa Thiam,Idrissa,male,2000-09-02T00:00:00+00:00,,177.0,CD Lugo,LUG,https://assets.laliga.com/assets/2019/06/07/medium/lugo.png,32.0,Forward,,0.0,0.0,0.0,0.0,0.0,0.0,0.0,0.0,0.0,0.0,0.0,0.0,0.0,0.0,0.0,0.0,0.0,0.0,0.0,0.0,0.0,0.0,0.0,0.0,0.0,0.0,0.0,0.0,0.0,0.0,0.0,0.0,0.0,0.0,0.0,Goalkeeper,0.0
23325.0,Yoel Ramírez,Yoel R.,male,2002-02-05T00:00:00+00:00,,184.0,CA Osasuna,OSA,https://assets.laliga.com/assets/2019/06/07/medium/osasuna.png,34.0,Goalkeeper,https://assets.laliga.com/squad/2021/t450/p546327/512x556/p546327_t450_2021_1_001_000.png,0.0,0.0,0.0,0.0,0.0,0.0,0.0,0.0,0.0,0.0,0.0,0.0,0.0,0.0,0.0,0.0,0.0,0.0,0.0,0.0,0.0,0.0,0.0,0.0,0.0,0.0,0.0,0.0,0.0,0.0,0.0,0.0,0.0,0.0,0.0,Forward,0.0
26966.0,Iker Alday,Iker Alday,male,2003-06-23T00:00:00+00:00,,,SD Eibar,EIB,https://assets.laliga.com/assets/2019/06/07/medium/eibar.png,48.0,Midfielder,,0.0,0.0,0.0,0.0,0.0,0.0,0.0,0.0,0.0,0.0,0.0,0.0,0.0,0.0,0.0,0.0,0.0,0.0,0.0,0.0,0.0,0.0,0.0,0.0,0.0,0.0,0.0,0.0,0.0,0.0,0.0,0.0,0.0,0.0,0.0,Forward,0.0
26700.0,Julià Aguilar,Julià,male,2005-06-04T00:00:00+00:00,,,UD Ibiza,IBI,https://assets.laliga.com/assets/2021/06/24/medium/d7bc0d2c9bf06afd6b5ace9d62771713.png,35.0,Forward,,0.0,0.0,0.0,0.0,0.0,0.0,0.0,0.0,0.0,0.0,0.0,0.0,0.0,0.0,0.0,0.0,0.0,0.0,0.0,0.0,0.0,0.0,0.0,0.0,0.0,0.0,0.0,0.0,0.0,0.0,0.0,0.0,0.0,0.0,0.0,Forward,0.0
24377.0,Esteban Aparicio,Aparicio,male,2001-05-11T00:00:00+00:00,,,SD Huesca,HUE,https://assets.laliga.com/assets/2019/06/07/medium/huesca.png,36.0,Midfielder,,0.0,0.0,0.0,0.0,0.0,0.0,0.0,0.0,0.0,0.0,0.0,0.0,0.0,0.0,0.0,0.0,0.0,0.0,0.0,0.0,0.0,0.0,0.0,0.0,0.0,0.0,0.0,0.0,0.0,0.0,0.0,0.0,0.0,0.0,0.0,Forward,0.0
13651.0,Marc Echarri,M. Echarri,male,1999-03-04T00:00:00+00:00,82.0,190.0,CD Leganés,LEG,https://assets.laliga.com/assets/2019/06/07/medium/leganes.png,36.0,Forward,https://assets.laliga.com/squad/2021/t957/p500731/512x556/p500731_t957_2021_1_001_000.png,0.0,0.0,0.0,0.0,0.0,0.0,0.0,0.0,0.0,0.0,0.0,0.0,0.0,0.0,0.0,0.0,0.0,0.0,0.0,0.0,0.0,0.0,0.0,0.0,0.0,0.0,0.0,0.0,0.0,0.0,0.0,0.0,0.0,0.0,0.0,Defender,0.0
15045.0,Danielle Hayden,Danielle Hayden,female,1998-08-11T00:00:00+00:00,,,Rayo Vallecano,RVM,https://assets.laliga.com/assets/2019/06/07/medium/rayo-femenino.png,2.0,Defender,https://assets.laliga.com/squad/2021/t13321/p516484/512x556/p516484_t13321_2021_1_001_000.png,0.0,12.0,0.0,0.0,0.0,0.0,1.0,0.0,0.0,8.0,0.0,0.0,0.0,0.0,0.0,0.0,0.0,0.0,0.0,0.0,0.0,0.0,0.0,0.0,0.0,0.0,0.0,0.0,0.0,0.0,0.0,0.0,0.0,0.0,0.0,Forward,0.0
23604.0,Elene Errasti,Elene Errasti,female,2000-04-20T00:00:00+00:00,,,Deportivo Alavés,ALA,https://assets.laliga.com/assets/2021/06/28/medium/42d681848c77e9a837be29b98e03557b.png,26.0,Forward,,0.0,2.0,0.0,0.0,0.0,0.0,0.0,0.0,0.0,2.0,0.0,0.0,0.0,0.0,0.0,0.0,0.0,0.0,0.0,0.0,0.0,0.0,0.0,0.0,0.0,0.0,0.0,0.0,0.0,0.0,0.0,0.0,0.0,0.0,0.0,Forward,0.0
24214.0,Esther Calderón,Esther Calderón,female,1999-11-11T00:00:00+00:00,,,Rayo Vallecano,RVM,https://assets.laliga.com/assets/2019/06/07/medium/rayo-femenino.png,28.0,Defender,,0.0,0.0,0.0,0.0,0.0,0.0,0.0,0.0,0.0,0.0,0.0,0.0,0.0,0.0,0.0,0.0,0.0,0.0,0.0,0.0,0.0,0.0,0.0,0.0,0.0,0.0,0.0,0.0,0.0,0.0,0.0,0.0,0.0,0.0,0.0,Forward,0.0
19002.0,Gema Climent,Gema Climent,female,2003-07-16T00:00:00+00:00,,,Levante UD,LUD,https://assets.laliga.com/assets/2019/06/07/medium/levante-femenino.png,29.0,Midfielder,https://assets.laliga.com/squad/2021/t13319/p535784/512x556/p535784_t13319_2021_1_001_000.png,0.0,0.0,0.0,0.0,0.0,0.0,0.0,0.0,0.0,0.0,0.0,0.0,0.0,0.0,0.0,0.0,0.0,0.0,0.0,0.0,0.0,0.0,0.0,0.0,0.0,0.0,0.0,0.0,0.0,0.0,0.0,0.0,0.0,0.0,0.0,Forward,0.0
26555.0,Ines De Lope,Ines De Lope,female,2002-11-11T00:00:00+00:00,,,Madrid CFF,MAD,https://assets.laliga.com/assets/2019/06/07/medium/madrid-futbol-femenino.png,39.0,Forward,,0.0,0.0,0.0,0.0,0.0,0.0,0.0,0.0,0.0,0.0,0.0,0.0,0.0,0.0,0.0,0.0,0.0,0.0,0.0,0.0,0.0,0.0,0.0,0.0,0.0,0.0,0.0,0.0,0.0,0.0,0.0,0.0,0.0,0.0,0.0,Midfielder,0.0
15044.0,Irati Martín,Irati Martín,female,2003-07-06T00:00:00+00:00,,,SD Eibar,EIB,https://assets.laliga.com/assets/2019/06/07/medium/eibar.png,29.0,Forward,,0.0,2.0,0.0,0.0,0.0,0.0,0.0,0.0,0.0,2.0,0.0,0.0,0.0,0.0,0.0,0.0,0.0,0.0,0.0,0.0,0.0,0.0,0.0,0.0,0.0,0.0,0.0,0.0,0.0,0.0,0.0,0.0,0.0,0.0,0.0,Defender,0.0
25469.0,Irune Cervera,Irune Cervera,female,2002-11-11T00:00:00+00:00,,,VCF Femenino,VCF,https://assets.laliga.com/assets/2019/06/07/medium/valencia-femenino.png,33.0,Defender,,0.0,1.0,0.0,0.0,0.0,0.0,0.0,0.0,0.0,0.0,0.0,0.0,0.0,0.0,0.0,0.0,0.0,0.0,0.0,0.0,0.0,0.0,0.0,0.0,0.0,0.0,0.0,0.0,0.0,0.0,0.0,0.0,0.0,0.0,0.0,Forward,0.0
19077.0,Lucia González Mesa,Keylor,female,,,,R. Betis Féminas,RBB,https://assets.laliga.com/assets/2019/06/07/medium/betis.png,32.0,Midfielder,https://assets.laliga.com/squad/2021/t13322/p538368/512x556/p538368_t13322_2021_1_001_000.png,0.0,0.0,0.0,0.0,0.0,0.0,0.0,0.0,0.0,0.0,0.0,0.0,0.0,0.0,0.0,0.0,0.0,0.0,0.0,0.0,0.0,0.0,0.0,0.0,0.0,0.0,0.0,0.0,0.0,0.0,0.0,0.0,0.0,0.0,0.0,Forward,0.0
3583.0,Leticia Méndez,Leticia Méndez,female,1992-07-25T00:00:00+00:00,60.0,165.0,Sporting Huelva,SPH,https://assets.laliga.com/assets/2019/06/07/medium/sporting-club.png,6.0,Defender,https://assets.laliga.com/squad/2021/t13327/p434615/512x556/p434615_t13327_2021_1_001_000.png,0.0,0.0,0.0,0.0,0.0,0.0,0.0,0.0,0.0,0.0,0.0,0.0,0.0,0.0,0.0,0.0,0.0,0.0,0.0,0.0,0.0,0.0,0.0,0.0,0.0,0.0,0.0,0.0,0.0,0.0,0.0,0.0,0.0,0.0,0.0,Forward,0.0
5712.0,Leyre Monente,Leyre Monente,female,2000-02-15T00:00:00+00:00,64.0,167.0,Athletic Club,ATH,https://assets.laliga.com/assets/2019/06/07/medium/athletic-femenino.png,10.0,Forward,https://assets.laliga.com/squad/2021/t12034/p212409/512x556/p212409_t12034_2021_1_001_000.png,0.0,2.0,0.0,0.0,0.0,0.0,0.0,0.0,0.0,1.0,0.0,0.0,0.0,0.0,0.0,0.0,0.0,0.0,0.0,0.0,0.0,0.0,0.0,0.0,0.0,0.0,0.0,0.0,0.0,0.0,0.0,0.0,0.0,0.0,0.0,Defender,0.0
24060.0,Lucia Pardo,Lucia Pardo,female,2000-01-05T00:00:00+00:00,,,Madrid CFF,MAD,https://assets.laliga.com/assets/2019/06/07/medium/madrid-futbol-femenino.png,26.0,Forward,,0.0,7.0,0.0,0.0,0.0,0.0,0.0,0.0,0.0,1.0,0.0,0.0,0.0,0.0,0.0,0.0,0.0,0.0,0.0,0.0,0.0,0.0,0.0,0.0,0.0,0.0,0.0,0.0,0.0,0.0,0.0,0.0,0.0,0.0,0.0,Midfielder,0.0
18854.0,Mariana Cerro,Mariana Cerro,female,2000-05-22T00:00:00+00:00,,,Athletic Club,ATH,https://assets.laliga.com/assets/2019/06/07/medium/athletic-femenino.png,26.0,Midfielder,https://assets.laliga.com/squad/2021/t12034/p535277/512x556/p535277_t12034_2021_1_001_000.png,0.0,13.0,0.0,0.0,0.0,0.0,0.0,0.0,0.0,9.0,0.0,0.0,0.0,0.0,0.0,0.0,0.0,0.0,0.0,0.0,0.0,0.0,0.0,0.0,0.0,0.0,0.0,0.0,0.0,0.0,0.0,0.0,0.0,0.0,0.0,Forward,0.0
19087.0,Marta Gasienica,Marta Gasienica,female,2003-09-18T00:00:00+00:00,,,UD Granadilla Tenerife Egatesa,UDG,https://assets.laliga.com/assets/2019/06/07/medium/granadilla.png,36.0,Midfielder,https://assets.laliga.com/squad/2021/t13328/p538444/512x556/p538444_t13328_2021_1_001_000.png,0.0,0.0,0.0,0.0,0.0,0.0,0.0,0.0,0.0,0.0,0.0,0.0,0.0,0.0,0.0,0.0,0.0,0.0,0.0,0.0,0.0,0.0,0.0,0.0,0.0,0.0,0.0,0.0,0.0,0.0,0.0,0.0,0.0,0.0,0.0,Forward,0.0
25552.0,Martina Fernández,Martina Fernández,female,2004-10-01T00:00:00+00:00,,,FC Barcelona,FCB,https://assets.laliga.com/assets/2019/06/07/medium/fc-barcelona-femenino.png,38.0,Midfielder,,0.0,1.0,0.0,0.0,0.0,0.0,0.0,0.0,0.0,1.0,0.0,0.0,0.0,0.0,0.0,0.0,0.0,0.0,0.0,0.0,0.0,0.0,0.0,0.0,0.0,0.0,0.0,0.0,0.0,0.0,0.0,0.0,0.0,0.0,0.0,Forward,0.0
19207.0,María Pérez,María Pérez,female,2001-12-24T00:00:00+00:00,,,FC Barcelona,FCB,https://assets.laliga.com/assets/2019/06/07/medium/fc-barcelona-femenino.png,29.0,Midfielder,,0.0,6.0,0.0,0.0,0.0,0.0,0.0,0.0,0.0,1.0,0.0,0.0,0.0,0.0,0.0,0.0,0.0,0.0,0.0,0.0,0.0,0.0,0.0,0.0,0.0,0.0,0.0,0.0,0.0,0.0,0.0,0.0,0.0,0.0,0.0,Forward,0.0
12433.0,Méline Gerard,Méline Gerard,female,1990-05-30T00:00:00+00:00,57.0,169.0,Real Madrid Femenino,RMA,https://assets.laliga.com/assets/2019/06/07/medium/real-madrid.png,24.0,Goalkeeper,,0.0,3.0,0.0,0.0,0.0,0.0,0.0,0.0,0.0,5.0,0.0,0.0,0.0,0.0,0.0,0.0,0.0,0.0,0.0,0.0,0.0,0.0,0.0,0.0,0.0,0.0,0.0,0.0,0.0,0.0,0.0,0.0,0.0,0.0,0.0,Forward,0.0
25755.0,Nahia Aparicio,Nahia Aparicio,female,2004-01-07T00:00:00+00:00,,,Real Sociedad,RSO,https://assets.laliga.com/assets/2019/06/07/medium/real-sociedad.png,24.0,Forward,,0.0,0.0,0.0,0.0,0.0,0.0,0.0,0.0,0.0,0.0,0.0,0.0,0.0,0.0,0.0,0.0,0.0,0.0,0.0,0.0,0.0,0.0,0.0,0.0,0.0,0.0,0.0,0.0,0.0,0.0,0.0,0.0,0.0,0.0,0.0,Midfielder,0.0
19208.0,Naia Landaluze,Naia Landaluze,female,2000-09-25T00:00:00+00:00,,,Athletic Club,ATH,https://assets.laliga.com/assets/2019/06/07/medium/athletic-femenino.png,30.0,Defender,https://assets.laliga.com/squad/2021/t12034/p540733/512x556/p540733_t12034_2021_0_001_000.png,0.0,0.0,0.0,0.0,0.0,0.0,0.0,0.0,0.0,0.0,0.0,0.0,0.0,0.0,0.0,0.0,0.0,0.0,0.0,0.0,0.0,0.0,0.0,0.0,0.0,0.0,0.0,0.0,0.0,0.0,0.0,0.0,0.0,0.0,0.0,Forward,0.0
26556.0,Natalia Serrano,Natalia Serrano,female,2004-05-06T00:00:00+00:00,,,Madrid CFF,MAD,https://assets.laliga.com/assets/2019/06/07/medium/madrid-futbol-femenino.png,44.0,Defender,,0.0,0.0,0.0,0.0,0.0,0.0,0.0,0.0,0.0,0.0,0.0,0.0,0.0,0.0,0.0,0.0,0.0,0.0,0.0,0.0,0.0,0.0,0.0,0.0,0.0,0.0,0.0,0.0,0.0,0.0,0.0,0.0,0.0,0.0,0.0,Forward,0.0
8526.0,Nayluisa Cáceres,Nayluisa Cáceres,female,1999-11-18T00:00:00+00:00,56.0,172.0,UD Granadilla Tenerife Egatesa,UDG,https://assets.laliga.com/assets/2019/06/07/medium/granadilla.png,25.0,Goalkeeper,https://assets.laliga.com/squad/2021/t13328/p453077/512x556/p453077_t13328_2021_1_001_000.png,0.0,2.0,0.0,0.0,0.0,0.0,1.0,0.0,0.0,7.0,0.0,0.0,0.0,0.0,0.0,0.0,0.0,0.0,0.0,0.0,0.0,0.0,0.0,0.0,0.0,0.0,0.0,0.0,0.0,0.0,0.0,0.0,0.0,0.0,0.0,Forward,0.0
14421.0,Nerea Pallás,Nerea Pallás,female,1999-11-11T00:00:00+00:00,,,VCF Femenino,VCF,https://assets.laliga.com/assets/2019/06/07/medium/valencia-femenino.png,25.0,Goalkeeper,,0.0,0.0,0.0,0.0,0.0,0.0,0.0,0.0,0.0,0.0,0.0,0.0,0.0,0.0,0.0,0.0,0.0,0.0,0.0,0.0,0.0,0.0,0.0,0.0,0.0,0.0,0.0,0.0,0.0,0.0,0.0,0.0,0.0,0.0,0.0,Forward,0.0
4546.0,Nuria Ligero,Nuria Ligero,female,1991-09-04T00:00:00+00:00,50.0,151.0,R. Betis Féminas,RBB,https://assets.laliga.com/assets/2019/06/07/medium/betis.png,11.0,Defender,https://assets.laliga.com/squad/2021/t13322/p434439/512x556/p434439_t13322_2021_1_001_000.png,0.0,27.0,0.0,0.0,0.0,0.0,2.0,0.0,0.0,26.0,0.0,0.0,0.0,0.0,0.0,0.0,0.0,0.0,0.0,0.0,0.0,0.0,0.0,0.0,0.0,0.0,0.0,0.0,0.0,0.0,0.0,0.0,0.0,0.0,0.0,Forward,0.0
25470.0,Elena Gil,Elena Gil,female,2004-01-14T00:00:00+00:00,,,VCF Femenino,VCF,https://assets.laliga.com/assets/2019/06/07/medium/valencia-femenino.png,37.0,Forward,,0.0,2.0,0.0,0.0,0.0,0.0,0.0,0.0,0.0,0.0,0.0,0.0,0.0,0.0,0.0,0.0,0.0,0.0,0.0,0.0,0.0,0.0,0.0,0.0,0.0,0.0,0.0,0.0,0.0,0.0,0.0,0.0,0.0,0.0,0.0,Forward,0.0
14825.0,Cristina Gey,Cristina Gey,female,1998-12-13T00:00:00+00:00,,,Sporting Huelva,SPH,https://assets.laliga.com/assets/2019/06/07/medium/sporting-club.png,21.0,Forward,https://assets.laliga.com/squad/2021/t13327/p509177/512x556/p509177_t13327_2021_1_001_000.png,0.0,15.0,0.0,0.0,0.0,0.0,0.0,0.0,0.0,6.0,0.0,0.0,0.0,0.0,0.0,0.0,0.0,0.0,0.0,0.0,0.0,0.0,0.0,0.0,0.0,0.0,0.0,0.0,0.0,0.0,0.0,0.0,0.0,0.0,0.0,Midfielder,0.0
23329.0,Marcos Corral,Marcos,male,1999-04-02T00:00:00+00:00,,,UD Ibiza,IBI,https://assets.laliga.com/assets/2021/06/24/medium/d7bc0d2c9bf06afd6b5ace9d62771713.png,27.0,Forward,https://assets.laliga.com/squad/2021/t16203/p547047/512x556/p547047_t16203_2021_1_001_000.png,0.0,0.0,0.0,0.0,0.0,0.0,0.0,0.0,0.0,0.0,0.0,0.0,0.0,0.0,0.0,0.0,0.0,0.0,0.0,0.0,0.0,0.0,0.0,0.0,0.0,0.0,0.0,0.0,0.0,0.0,0.0,0.0,0.0,0.0,0.0,Midfielder,0.0
5884.0,Claudia Florentino,Claudia Florentino,female,1998-03-10T00:00:00+00:00,54.0,164.0,Real Madrid Femenino,RMA,https://assets.laliga.com/assets/2019/06/07/medium/real-madrid.png,15.0,Defender,,0.0,11.0,0.0,0.0,0.0,0.0,1.0,0.0,0.0,5.0,0.0,0.0,0.0,0.0,0.0,0.0,0.0,0.0,0.0,0.0,0.0,0.0,0.0,0.0,0.0,0.0,0.0,0.0,0.0,0.0,0.0,0.0,0.0,0.0,0.0,Forward,0.0
25336.0,Mario Fuente,Mario Fuente,male,2004-06-19T00:00:00+00:00,,,Real Oviedo,OVI,https://assets.laliga.com/assets/2019/06/07/medium/oviedo.png,36.0,Forward,,0.0,0.0,0.0,0.0,0.0,0.0,0.0,0.0,0.0,0.0,0.0,0.0,0.0,0.0,0.0,0.0,0.0,0.0,0.0,0.0,0.0,0.0,0.0,0.0,0.0,0.0,0.0,0.0,0.0,0.0,0.0,0.0,0.0,0.0,0.0,Midfielder,0.0
7565.0,Miguel San Román,San Román,male,1997-07-14T00:00:00+00:00,79.0,189.0,SD Huesca,HUE,https://assets.laliga.com/assets/2019/06/07/medium/huesca.png,13.0,Goalkeeper,https://assets.laliga.com/squad/2021/t2894/p439595/512x556/p439595_t2894_2021_1_001_000.png,0.0,0.0,0.0,0.0,0.0,0.0,0.0,0.0,0.0,0.0,0.0,0.0,0.0,0.0,0.0,0.0,0.0,0.0,0.0,0.0,0.0,0.0,0.0,0.0,0.0,0.0,0.0,0.0,0.0,0.0,0.0,0.0,0.0,0.0,0.0,Forward,0.0
24618.0,Miguel Ángel Sanz Campos,Miguel Angel,male,2003-03-12T00:00:00+00:00,,185.0,Real Zaragoza,ZAR,https://assets.laliga.com/assets/2019/06/07/medium/zaragoza.png,35.0,Goalkeeper,,0.0,0.0,0.0,0.0,0.0,0.0,0.0,0.0,0.0,0.0,0.0,0.0,0.0,0.0,0.0,0.0,0.0,0.0,0.0,0.0,0.0,0.0,0.0,0.0,0.0,0.0,0.0,0.0,0.0,0.0,0.0,0.0,0.0,0.0,0.0,Forward,0.0
25765.0,Mike Cevallos,Mike,male,2001-06-22T00:00:00+00:00,,178.0,UD Ibiza,IBI,https://assets.laliga.com/assets/2021/06/24/medium/d7bc0d2c9bf06afd6b5ace9d62771713.png,33.0,Forward,,0.0,1.0,0.0,0.0,0.0,0.0,0.0,1.0,0.0,1.0,0.0,0.0,0.0,0.0,0.0,0.0,0.0,0.0,0.0,0.0,0.0,0.0,0.0,0.0,0.0,0.0,0.0,0.0,0.0,1.0,0.0,0.0,0.0,0.0,0.0,Goalkeeper,0.0
14615.0,Pau Victor Delgado,Pau Victor,male,2001-11-26T00:00:00+00:00,,184.0,Girona FC,GIR,https://assets.laliga.com/assets/2019/06/07/medium/girona.png,35.0,Midfielder,https://assets.laliga.com/squad/2021/t2893/p504584/512x556/p504584_t2893_2021_0_001_000.png,0.0,0.0,0.0,0.0,0.0,0.0,0.0,0.0,0.0,0.0,0.0,0.0,0.0,0.0,0.0,0.0,0.0,0.0,0.0,0.0,0.0,0.0,0.0,0.0,0.0,0.0,0.0,0.0,0.0,0.0,0.0,0.0,0.0,0.0,0.0,Forward,0.0
12752.0,Paul Álvarez,Paul Alvarez,male,2000-03-30T00:00:00+00:00,,,SD Eibar,EIB,https://assets.laliga.com/assets/2019/06/07/medium/eibar.png,28.0,Midfielder,,0.0,0.0,0.0,0.0,0.0,0.0,0.0,0.0,0.0,0.0,0.0,0.0,0.0,0.0,0.0,0.0,0.0,0.0,0.0,0.0,0.0,0.0,0.0,0.0,0.0,0.0,0.0,0.0,0.0,0.0,0.0,0.0,0.0,0.0,0.0,Forward,0.0
23373.0,Óscar González Granado,Óscar G.,male,2000-01-08T00:00:00+00:00,,,CD Mirandés,MIR,https://assets.laliga.com/assets/2019/06/07/medium/mirandes.png,30.0,Forward,https://assets.laliga.com/squad/2021/t5741/p530561/512x556/p530561_t5741_2021_1_001_000.png,0.0,0.0,0.0,0.0,0.0,0.0,0.0,0.0,0.0,0.0,0.0,0.0,0.0,0.0,0.0,0.0,0.0,0.0,0.0,0.0,0.0,0.0,0.0,0.0,0.0,0.0,0.0,0.0,0.0,0.0,0.0,0.0,0.0,0.0,0.0,Goalkeeper,0.0
21453.0,Abdulai Mukarama,Abdulai Mukarama,female,2002-10-10T00:00:00+00:00,,160.0,Deportivo Alavés,ALA,https://assets.laliga.com/assets/2021/06/28/medium/42d681848c77e9a837be29b98e03557b.png,8.0,Forward,,0.0,5.0,0.0,0.0,0.0,0.0,0.0,0.0,0.0,4.0,0.0,0.0,0.0,0.0,0.0,0.0,0.0,0.0,0.0,0.0,0.0,0.0,0.0,0.0,0.0,0.0,0.0,0.0,0.0,0.0,0.0,0.0,0.0,0.0,0.0,Midfielder,0.0
18856.0,Ainhoa Delgado,Ainhoa Delgado,female,2004-07-02T00:00:00+00:00,,,UD Granadilla Tenerife Egatesa,UDG,https://assets.laliga.com/assets/2019/06/07/medium/granadilla.png,27.0,Forward,https://assets.laliga.com/squad/2021/t13328/p535286/512x556/p535286_t13328_2021_1_001_000.png,0.0,2.0,0.0,0.0,0.0,0.0,0.0,0.0,0.0,0.0,0.0,0.0,0.0,0.0,0.0,0.0,0.0,0.0,0.0,0.0,0.0,0.0,0.0,0.0,0.0,0.0,0.0,0.0,0.0,0.0,0.0,0.0,0.0,0.0,0.0,Midfielder,0.0
24145.0,Alba Herrera,Alba Herrera,female,,,,Sevilla FC,SFC,https://assets.laliga.com/assets/2019/06/07/medium/sevilla.png,29.0,Midfielder,,0.0,0.0,0.0,0.0,0.0,0.0,0.0,0.0,0.0,0.0,0.0,0.0,0.0,0.0,0.0,0.0,0.0,0.0,0.0,0.0,0.0,0.0,0.0,0.0,0.0,0.0,0.0,0.0,0.0,0.0,0.0,0.0,0.0,0.0,0.0,Forward,0.0
15683.0,Alba Ruiz,Alba Ruiz,female,2001-11-11T00:00:00+00:00,,,Madrid CFF,MAD,https://assets.laliga.com/assets/2019/06/07/medium/madrid-futbol-femenino.png,32.0,Forward,,0.0,2.0,0.0,0.0,0.0,0.0,0.0,0.0,0.0,1.0,0.0,0.0,0.0,0.0,0.0,0.0,0.0,0.0,0.0,0.0,0.0,0.0,0.0,0.0,0.0,0.0,0.0,0.0,0.0,0.0,0.0,0.0,0.0,0.0,0.0,Forward,0.0
24136.0,Ana Urzainqui,Ana Urzainqui,female,2002-09-09T00:00:00+00:00,,,Athletic Club,ATH,https://assets.laliga.com/assets/2019/06/07/medium/athletic-femenino.png,33.0,Forward,,0.0,0.0,0.0,0.0,0.0,0.0,0.0,0.0,0.0,0.0,0.0,0.0,0.0,0.0,0.0,0.0,0.0,0.0,0.0,0.0,0.0,0.0,0.0,0.0,0.0,0.0,0.0,0.0,0.0,0.0,0.0,0.0,0.0,0.0,0.0,Goalkeeper,0.0
16987.0,Andrea Okene,Andrea Okene,female,2001-11-30T00:00:00+00:00,,,VCF Femenino,VCF,https://assets.laliga.com/assets/2019/06/07/medium/valencia-femenino.png,29.0,Forward,https://assets.laliga.com/squad/2021/t13329/p248532/512x556/p248532_t13329_2021_0_001_000.png,0.0,0.0,0.0,0.0,0.0,0.0,0.0,0.0,0.0,0.0,0.0,0.0,0.0,0.0,0.0,0.0,0.0,0.0,0.0,0.0,0.0,0.0,0.0,0.0,0.0,0.0,0.0,0.0,0.0,0.0,0.0,0.0,0.0,0.0,0.0,Goalkeeper,0.0
3545.0,Andrea Pereira,Andrea Pereira,female,1993-09-19T00:00:00+00:00,62.0,164.0,FC Barcelona,FCB,https://assets.laliga.com/assets/2019/06/07/medium/fc-barcelona-femenino.png,17.0,Defender,https://assets.laliga.com/squad/2021/t9121/p242634/512x556/p242634_t9121_2021_0_001_000.png,0.0,19.0,0.0,0.0,0.0,0.0,2.0,0.0,0.0,6.0,0.0,0.0,0.0,0.0,0.0,0.0,0.0,0.0,0.0,0.0,0.0,0.0,0.0,0.0,0.0,0.0,0.0,0.0,0.0,0.0,0.0,0.0,0.0,0.0,0.0,Forward,0.0
17022.0,Ariadna Mingueza,Ariadna Mingueza,female,2003-03-22T00:00:00+00:00,,,FC Barcelona,FCB,https://assets.laliga.com/assets/2019/06/07/medium/fc-barcelona-femenino.png,27.0,Defender,,0.0,0.0,0.0,0.0,0.0,0.0,0.0,0.0,0.0,0.0,0.0,0.0,0.0,0.0,0.0,0.0,0.0,0.0,0.0,0.0,0.0,0.0,0.0,0.0,0.0,0.0,0.0,0.0,0.0,0.0,0.0,0.0,0.0,0.0,0.0,Forward,0.0
17034.0,Claudia Iglesias,Bicho,female,2003-08-30T00:00:00+00:00,59.0,164.0,At. Madrid Femenino,ATM,https://assets.laliga.com/assets/2019/06/07/medium/atletico-feminas.png,23.0,Midfielder,https://assets.laliga.com/squad/2021/t11212/p530158/512x556/p530158_t11212_2021_0_001_000.png,0.0,6.0,0.0,0.0,0.0,0.0,0.0,0.0,0.0,1.0,0.0,0.0,0.0,0.0,0.0,0.0,0.0,0.0,0.0,0.0,0.0,0.0,0.0,0.0,0.0,0.0,0.0,0.0,0.0,0.0,0.0,0.0,0.0,0.0,0.0,Forward,0.0
25482.0,Miguel Martín García,Miguelito,male,2001-01-12T00:00:00+00:00,,,RCD Mallorca,MLL,https://assets.laliga.com/assets/2019/06/07/medium/mallorca.png,36.0,Defender,,0.0,0.0,0.0,0.0,0.0,0.0,0.0,0.0,0.0,0.0,0.0,0.0,0.0,0.0,0.0,0.0,0.0,0.0,0.0,0.0,0.0,0.0,0.0,0.0,0.0,0.0,0.0,0.0,0.0,0.0,0.0,0.0,0.0,0.0,0.0,Forward,0.0
3626.0,Carla Bautista,Carla Bautista,female,2000-03-14T00:00:00+00:00,61.0,161.0,Rayo Vallecano,RVM,https://assets.laliga.com/assets/2019/06/07/medium/rayo-femenino.png,19.0,Forward,https://assets.laliga.com/squad/2021/t13321/p434290/512x556/p434290_t13321_2021_1_001_000.png,0.0,7.0,0.0,0.0,0.0,0.0,0.0,0.0,0.0,7.0,0.0,0.0,0.0,0.0,0.0,0.0,0.0,0.0,0.0,0.0,0.0,0.0,0.0,0.0,0.0,0.0,0.0,0.0,0.0,0.0,0.0,0.0,0.0,0.0,0.0,Goalkeeper,0.0
24125.0,Carla Camacho,Carla Camacho,female,2005-05-02T00:00:00+00:00,,,Real Madrid Femenino,RMA,https://assets.laliga.com/assets/2019/06/07/medium/real-madrid.png,34.0,Forward,,0.0,4.0,0.0,0.0,0.0,0.0,0.0,0.0,0.0,0.0,0.0,0.0,0.0,0.0,0.0,0.0,0.0,0.0,0.0,0.0,0.0,0.0,0.0,0.0,0.0,0.0,0.0,0.0,0.0,0.0,0.0,0.0,0.0,0.0,0.0,Midfielder,0.0
25423.0,Claudia Castro,Claudia Castro,female,,,,Sevilla FC,SFC,https://assets.laliga.com/assets/2019/06/07/medium/sevilla.png,25.0,Goalkeeper,,0.0,0.0,0.0,0.0,0.0,0.0,0.0,0.0,0.0,0.0,0.0,0.0,0.0,0.0,0.0,0.0,0.0,0.0,0.0,0.0,0.0,0.0,0.0,0.0,0.0,0.0,0.0,0.0,0.0,0.0,0.0,0.0,0.0,0.0,0.0,Forward,0.0
19093.0,Claudia Fernández,Claudia Fernández,female,2003-07-11T00:00:00+00:00,,,Real Sociedad,RSO,https://assets.laliga.com/assets/2019/06/07/medium/real-sociedad.png,30.0,Forward,,0.0,8.0,0.0,0.0,0.0,0.0,0.0,0.0,0.0,4.0,0.0,0.0,0.0,0.0,0.0,0.0,0.0,0.0,0.0,0.0,0.0,0.0,0.0,0.0,0.0,0.0,0.0,0.0,0.0,0.0,0.0,0.0,0.0,0.0,0.0,Forward,0.0
18830.0,Pablo Cuñat,Pablo,male,2002-04-28T00:00:00+00:00,,,Levante UD,LEV,https://assets.laliga.com/assets/2019/06/07/medium/levante.png,37.0,Goalkeeper,https://assets.laliga.com/squad/2021/t855/p523865/512x556/p523865_t855_2021_1_001_000.png,0.0,0.0,0.0,0.0,0.0,0.0,0.0,0.0,0.0,0.0,0.0,0.0,0.0,0.0,0.0,0.0,0.0,0.0,0.0,0.0,0.0,0.0,0.0,0.0,0.0,0.0,0.0,0.0,0.0,0.0,0.0,0.0,0.0,0.0,0.0,Forward,0.0
19206.0,Ornella Vignola,Ornella Vignola,female,2004-09-30T00:00:00+00:00,,,FC Barcelona,FCB,https://assets.laliga.com/assets/2019/06/07/medium/fc-barcelona-femenino.png,32.0,Forward,,0.0,1.0,0.0,0.0,0.0,0.0,0.0,0.0,0.0,0.0,0.0,0.0,0.0,0.0,0.0,0.0,0.0,0.0,0.0,0.0,0.0,0.0,0.0,0.0,0.0,0.0,0.0,0.0,0.0,0.0,0.0,0.0,0.0,0.0,0.0,Midfielder,0.0
7191.0,Joel Robles,Joel Robles,male,1990-06-17T00:00:00+00:00,78.0,195.0,Real Betis,BET,https://assets.laliga.com/assets/2019/06/07/medium/betis.png,1.0,Goalkeeper,https://assets.laliga.com/squad/2021/t185/p78315/512x556/p78315_t185_2021_1_001_000.png,0.0,0.0,0.0,0.0,0.0,0.0,0.0,0.0,0.0,0.0,0.0,0.0,0.0,0.0,0.0,0.0,0.0,0.0,0.0,0.0,0.0,0.0,0.0,0.0,0.0,0.0,0.0,0.0,0.0,0.0,0.0,0.0,0.0,0.0,0.0,Forward,0.0
13684.0,Lluis Andreu,Andreu,male,1999-07-23T00:00:00+00:00,78.0,189.0,Elche CF,ELC,https://assets.laliga.com/assets/2019/06/07/medium/elche.png,28.0,Goalkeeper,https://assets.laliga.com/squad/2021/t954/p464442/512x556/p464442_t954_2021_1_001_000.png,0.0,0.0,0.0,0.0,0.0,0.0,0.0,0.0,0.0,0.0,0.0,0.0,0.0,0.0,0.0,0.0,0.0,0.0,0.0,0.0,0.0,0.0,0.0,0.0,0.0,0.0,0.0,0.0,0.0,0.0,0.0,0.0,0.0,0.0,0.0,Forward,0.0
8226.0,Antonio Zarzana,Zarzana,male,2002-03-21T00:00:00+00:00,,180.0,Sevilla FC,SEV,https://assets.laliga.com/assets/2019/06/07/medium/sevilla.png,38.0,Forward,https://assets.laliga.com/squad/2021/t179/p451587/512x556/p451587_t179_2021_0_001_000.png,0.0,0.0,0.0,0.0,0.0,0.0,0.0,0.0,0.0,0.0,0.0,0.0,0.0,0.0,0.0,0.0,0.0,0.0,0.0,0.0,0.0,0.0,0.0,0.0,0.0,0.0,0.0,0.0,0.0,0.0,0.0,0.0,0.0,0.0,0.0,Defender,0.0
13693.0,Lucas De Vega Lima,L.de Vega,male,2000-01-16T00:00:00+00:00,,180.0,FC Barcelona,BAR,https://assets.laliga.com/assets/2019/06/07/medium/barcelona.png,40.0,Forward,,0.0,0.0,0.0,0.0,0.0,0.0,0.0,0.0,0.0,0.0,0.0,0.0,0.0,0.0,0.0,0.0,0.0,0.0,0.0,0.0,0.0,0.0,0.0,0.0,0.0,0.0,0.0,0.0,0.0,0.0,0.0,0.0,0.0,0.0,0.0,Forward,0.0
25383.0,Luis Bilbao,Luis Bilbao,male,2003-03-24T00:00:00+00:00,,,Athletic Club,ATH,https://assets.laliga.com/assets/2019/06/07/medium/athletic.png,36.0,Forward,,0.0,0.0,0.0,0.0,0.0,0.0,0.0,0.0,0.0,0.0,0.0,0.0,0.0,0.0,0.0,0.0,0.0,0.0,0.0,0.0,0.0,0.0,0.0,0.0,0.0,0.0,0.0,0.0,0.0,0.0,0.0,0.0,0.0,0.0,0.0,Defender,0.0
14952.0,Carles Marco,Carles,male,2000-04-05T00:00:00+00:00,,,Elche CF,ELC,https://assets.laliga.com/assets/2019/06/07/medium/elche.png,27.0,Defender,,0.0,0.0,0.0,0.0,0.0,0.0,0.0,0.0,0.0,0.0,0.0,0.0,0.0,0.0,0.0,0.0,0.0,0.0,0.0,0.0,0.0,0.0,0.0,0.0,0.0,0.0,0.0,0.0,0.0,0.0,0.0,0.0,0.0,0.0,0.0,Forward,0.0
23119.0,Carlos Manuel Pérez Sánchez,Charly,male,2002-06-07T00:00:00+00:00,,,Valencia CF,VAL,https://assets.laliga.com/assets/2019/06/07/medium/valencia.png,35.0,Goalkeeper,https://assets.laliga.com/squad/2021/t191/p482669/512x556/p482669_t191_2021_1_001_000.png,0.0,0.0,0.0,0.0,0.0,0.0,0.0,0.0,0.0,0.0,0.0,0.0,0.0,0.0,0.0,0.0,0.0,0.0,0.0,0.0,0.0,0.0,0.0,0.0,0.0,0.0,0.0,0.0,0.0,0.0,0.0,0.0,0.0,0.0,0.0,Forward,0.0
26563.0,Damián Rodríguez,Damian,male,2003-03-17T00:00:00+00:00,,,RC Celta,CEL,https://assets.laliga.com/assets/2019/06/07/medium/celta.png,42.0,Midfielder,,0.0,0.0,0.0,0.0,0.0,0.0,0.0,0.0,0.0,0.0,0.0,0.0,0.0,0.0,0.0,0.0,0.0,0.0,0.0,0.0,0.0,0.0,0.0,0.0,0.0,0.0,0.0,0.0,0.0,0.0,0.0,0.0,0.0,0.0,0.0,Forward,0.0
25514.0,Enrique Jesús Salas Valiente,Kike Salas,male,2002-04-23T00:00:00+00:00,,,Sevilla FC,SEV,https://assets.laliga.com/assets/2019/06/07/medium/sevilla.png,45.0,Defender,,0.0,0.0,0.0,0.0,0.0,0.0,0.0,0.0,0.0,0.0,0.0,0.0,0.0,0.0,0.0,0.0,0.0,0.0,0.0,0.0,0.0,0.0,0.0,0.0,0.0,0.0,0.0,0.0,0.0,0.0,0.0,0.0,0.0,0.0,0.0,Forward,0.0
23578.0,José Manuel López Sánchez,Jose Manuel,male,1999-02-25T00:00:00+00:00,,,Levante UD,LEV,https://assets.laliga.com/assets/2019/06/07/medium/levante.png,28.0,Defender,https://assets.laliga.com/squad/2021/t855/p493721/512x556/p493721_t855_2021_1_001_000.png,0.0,0.0,0.0,0.0,0.0,0.0,0.0,0.0,0.0,0.0,0.0,0.0,0.0,0.0,0.0,0.0,0.0,0.0,0.0,0.0,0.0,0.0,0.0,0.0,0.0,0.0,0.0,0.0,0.0,0.0,0.0,0.0,0.0,0.0,0.0,Forward,0.0
23120.0,Diego López,Diego López,male,2002-05-13T00:00:00+00:00,,,Valencia CF,VAL,https://assets.laliga.com/assets/2019/06/07/medium/valencia.png,33.0,Forward,https://assets.laliga.com/squad/2021/t191/p493072/512x556/p493072_t191_2021_1_001_000.png,0.0,0.0,0.0,0.0,0.0,0.0,0.0,0.0,0.0,0.0,0.0,0.0,0.0,0.0,0.0,0.0,0.0,0.0,0.0,0.0,0.0,0.0,0.0,0.0,0.0,0.0,0.0,0.0,0.0,0.0,0.0,0.0,0.0,0.0,0.0,Defender,0.0
25315.0,Diego Piñeiro del Álamo,Diego Piñeiro,male,2004-02-13T00:00:00+00:00,,,Real Madrid,RMA,https://assets.laliga.com/assets/2019/06/07/medium/real-madrid.png,45.0,Goalkeeper,,0.0,0.0,0.0,0.0,0.0,0.0,0.0,0.0,0.0,0.0,0.0,0.0,0.0,0.0,0.0,0.0,0.0,0.0,0.0,0.0,0.0,0.0,0.0,0.0,0.0,0.0,0.0,0.0,0.0,0.0,0.0,0.0,0.0,0.0,0.0,Forward,0.0
26573.0,Giorgi Gagua,Gagua,male,2001-10-10T00:00:00+00:00,,193.0,Deportivo Alavés,ALA,https://assets.laliga.com/assets/2020/09/01/medium/27002754a98bf535807fe49a24cc63ea.png,34.0,Forward,,0.0,0.0,0.0,0.0,0.0,0.0,0.0,0.0,0.0,0.0,0.0,0.0,0.0,0.0,0.0,0.0,0.0,0.0,0.0,0.0,0.0,0.0,0.0,0.0,0.0,0.0,0.0,0.0,0.0,0.0,0.0,0.0,0.0,0.0,0.0,Defender,0.0
23268.0,Hugo Gonzalez,Hugo González,male,2003-02-07T00:00:00+00:00,,,Valencia CF,VAL,https://assets.laliga.com/assets/2019/06/07/medium/valencia.png,31.0,Midfielder,https://assets.laliga.com/squad/2021/t191/p492900/512x556/p492900_t191_2021_1_001_000.png,0.0,0.0,0.0,0.0,0.0,0.0,0.0,0.0,0.0,0.0,0.0,0.0,0.0,0.0,0.0,0.0,0.0,0.0,0.0,0.0,0.0,0.0,0.0,0.0,0.0,0.0,0.0,0.0,0.0,0.0,0.0,0.0,0.0,0.0,0.0,Forward,0.0
25353.0,Iván Sanz,Ivan,male,2003-01-08T00:00:00+00:00,,,Deportivo Alavés,ALA,https://assets.laliga.com/assets/2020/09/01/medium/27002754a98bf535807fe49a24cc63ea.png,38.0,Goalkeeper,,0.0,0.0,0.0,0.0,0.0,0.0,0.0,0.0,0.0,0.0,0.0,0.0,0.0,0.0,0.0,0.0,0.0,0.0,0.0,0.0,0.0,0.0,0.0,0.0,0.0,0.0,0.0,0.0,0.0,0.0,0.0,0.0,0.0,0.0,0.0,Forward,0.0
25815.0,Marcos Fernández,Marcos Fdez,male,2003-07-18T00:00:00+00:00,,,RCD Mallorca,MLL,https://assets.laliga.com/assets/2019/06/07/medium/mallorca.png,37.0,Defender,,0.0,0.0,0.0,0.0,0.0,0.0,0.0,0.0,0.0,0.0,0.0,0.0,0.0,0.0,0.0,0.0,0.0,0.0,0.0,0.0,0.0,0.0,0.0,0.0,0.0,0.0,0.0,0.0,0.0,0.0,0.0,0.0,0.0,0.0,0.0,Forward,0.0
25852.0,Jesus Lopez,J.lopez,male,2002-08-01T00:00:00+00:00,,187.0,Elche CF,ELC,https://assets.laliga.com/assets/2019/06/07/medium/elche.png,30.0,Goalkeeper,,0.0,0.0,0.0,0.0,0.0,0.0,0.0,0.0,0.0,0.0,0.0,0.0,0.0,0.0,0.0,0.0,0.0,0.0,0.0,0.0,0.0,0.0,0.0,0.0,0.0,0.0,0.0,0.0,0.0,0.0,0.0,0.0,0.0,0.0,0.0,Forward,0.0
25527.0,Juan Carlos Arana Gómez,Arana,male,2000-02-08T00:00:00+00:00,,182.0,Villarreal CF,VIL,https://assets.laliga.com/assets/2019/06/07/medium/villarreal.png,42.0,Forward,,0.0,0.0,0.0,0.0,0.0,0.0,0.0,0.0,0.0,0.0,0.0,0.0,0.0,0.0,0.0,0.0,0.0,0.0,0.0,0.0,0.0,0.0,0.0,0.0,0.0,0.0,0.0,0.0,0.0,0.0,0.0,0.0,0.0,0.0,0.0,Forward,0.0
19225.0,Jon Karrikaburu,Karrikaburu,male,2002-09-19T00:00:00+00:00,,,Real Sociedad,RSO,https://assets.laliga.com/assets/2019/06/07/medium/real-sociedad.png,33.0,Forward,,0.0,0.0,0.0,0.0,0.0,0.0,0.0,0.0,0.0,0.0,0.0,0.0,0.0,0.0,0.0,0.0,0.0,0.0,0.0,0.0,0.0,0.0,0.0,0.0,0.0,0.0,0.0,0.0,0.0,0.0,0.0,0.0,0.0,0.0,0.0,Forward,0.0
24122.0,Jonathan Gómez,Gomez,male,2003-09-01T00:00:00+00:00,71.0,176.0,Real Sociedad,RSO,https://assets.laliga.com/assets/2019/06/07/medium/real-sociedad.png,39.0,Defender,,0.0,0.0,0.0,0.0,0.0,0.0,0.0,0.0,0.0,0.0,0.0,0.0,0.0,0.0,0.0,0.0,0.0,0.0,0.0,0.0,0.0,0.0,0.0,0.0,0.0,0.0,0.0,0.0,0.0,0.0,0.0,0.0,0.0,0.0,0.0,Forward,0.0
22808.0,Juan Artola,Artola,male,2000-04-07T00:00:00+00:00,,,Athletic Club,ATH,https://assets.laliga.com/assets/2019/06/07/medium/athletic.png,34.0,Forward,https://assets.laliga.com/squad/2021/t174/p442485/512x556/p442485_t174_2021_1_001_000.png,0.0,0.0,0.0,0.0,0.0,0.0,0.0,0.0,0.0,0.0,0.0,0.0,0.0,0.0,0.0,0.0,0.0,0.0,0.0,0.0,0.0,0.0,0.0,0.0,0.0,0.0,0.0,0.0,0.0,0.0,0.0,0.0,0.0,0.0,0.0,Defender,0.0
14456.0,Ander Iruarrizaga,Iru,male,1998-08-22T00:00:00+00:00,74.0,188.0,Athletic Club,ATH,https://assets.laliga.com/assets/2019/06/07/medium/athletic.png,35.0,Goalkeeper,https://assets.laliga.com/squad/2021/t174/p439771/512x556/p439771_t174_2021_0_001_000.png,0.0,0.0,0.0,0.0,0.0,0.0,0.0,0.0,0.0,0.0,0.0,0.0,0.0,0.0,0.0,0.0,0.0,0.0,0.0,0.0,0.0,0.0,0.0,0.0,0.0,0.0,0.0,0.0,0.0,0.0,0.0,0.0,0.0,0.0,0.0,Forward,0.0
7595.0,Daniel Rebollo,D. Rebollo,male,1999-12-10T00:00:00+00:00,77.0,185.0,Real Betis,BET,https://assets.laliga.com/assets/2019/06/07/medium/betis.png,30.0,Goalkeeper,https://assets.laliga.com/squad/2021/t185/p449993/512x556/p449993_t185_2021_1_001_000.png,0.0,0.0,0.0,0.0,0.0,0.0,0.0,0.0,0.0,0.0,0.0,0.0,0.0,0.0,0.0,0.0,0.0,0.0,0.0,0.0,0.0,0.0,0.0,0.0,0.0,0.0,0.0,0.0,0.0,0.0,0.0,0.0,0.0,0.0,0.0,Forward,0.0
13394.0,Alfonso Pastor,Alfonso P.,male,2000-10-04T00:00:00+00:00,78.0,189.0,Sevilla FC,SEV,https://assets.laliga.com/assets/2019/06/07/medium/sevilla.png,33.0,Goalkeeper,https://assets.laliga.com/squad/2021/t179/p436216/512x556/p436216_t179_2021_1_001_000.png,0.0,0.0,0.0,0.0,0.0,0.0,0.0,0.0,0.0,0.0,0.0,0.0,0.0,0.0,0.0,0.0,0.0,0.0,0.0,0.0,0.0,0.0,0.0,0.0,0.0,0.0,0.0,0.0,0.0,0.0,0.0,0.0,0.0,0.0,0.0,Forward,0.0
18852.0,Alejandro Pérez Cea,Alejandro,male,2001-01-07T00:00:00+00:00,,,RCD Espanyol de Barcelona,ESP,https://assets.laliga.com/assets/2019/06/07/medium/espanyol.png,38.0,Midfielder,,0.0,0.0,0.0,0.0,0.0,0.0,0.0,0.0,0.0,0.0,0.0,0.0,0.0,0.0,0.0,0.0,0.0,0.0,0.0,0.0,0.0,0.0,0.0,0.0,0.0,0.0,0.0,0.0,0.0,0.0,0.0,0.0,0.0,0.0,0.0,Forward,0.0
7551.0,Alfonso González Martínez,Alfonso,male,1999-05-04T00:00:00+00:00,60.0,172.0,RC Celta,CEL,https://assets.laliga.com/assets/2019/06/07/medium/celta.png,32.0,Forward,https://assets.laliga.com/squad/2021/t176/p446814/512x556/p446814_t176_2021_1_001_000.png,0.0,0.0,0.0,0.0,0.0,0.0,0.0,0.0,0.0,0.0,0.0,0.0,0.0,0.0,0.0,0.0,0.0,0.0,0.0,0.0,0.0,0.0,0.0,0.0,0.0,0.0,0.0,0.0,0.0,0.0,0.0,0.0,0.0,0.0,0.0,Defender,0.0
23369.0,Alan Godoy,Godoy,male,2003-05-04T00:00:00+00:00,,178.0,Deportivo Alavés,ALA,https://assets.laliga.com/assets/2020/09/01/medium/27002754a98bf535807fe49a24cc63ea.png,35.0,Forward,https://assets.laliga.com/squad/2021/t173/p514525/512x556/p514525_t173_2021_1_001_000.png,0.0,0.0,0.0,0.0,0.0,0.0,0.0,0.0,0.0,0.0,0.0,0.0,0.0,0.0,0.0,0.0,0.0,0.0,0.0,0.0,0.0,0.0,0.0,0.0,0.0,0.0,0.0,0.0,0.0,0.0,0.0,0.0,0.0,0.0,0.0,Goalkeeper,0.0
9395.0,Adrián De la Fuente,De La Fuente,male,1999-02-26T00:00:00+00:00,77.0,179.0,Villarreal CF,VIL,https://assets.laliga.com/assets/2019/06/07/medium/villarreal.png,27.0,Defender,,0.0,0.0,0.0,0.0,0.0,0.0,0.0,0.0,0.0,0.0,0.0,0.0,0.0,0.0,0.0,0.0,0.0,0.0,0.0,0.0,0.0,0.0,0.0,0.0,0.0,0.0,0.0,0.0,0.0,0.0,0.0,0.0,0.0,0.0,0.0,Forward,0.0
25330.0,Aleix Gorjón,Gorjon,male,2002-09-26T00:00:00+00:00,,,RCD Espanyol de Barcelona,ESP,https://assets.laliga.com/assets/2019/06/07/medium/espanyol.png,27.0,Forward,,0.0,0.0,0.0,0.0,0.0,0.0,0.0,0.0,0.0,0.0,0.0,0.0,0.0,0.0,0.0,0.0,0.0,0.0,0.0,0.0,0.0,0.0,0.0,0.0,0.0,0.0,0.0,0.0,0.0,0.0,0.0,0.0,0.0,0.0,0.0,Defender,0.0
15047.0,Aitor Paredes,Paredes,male,2000-04-29T00:00:00+00:00,,,Athletic Club,ATH,https://assets.laliga.com/assets/2019/06/07/medium/athletic.png,31.0,Defender,https://assets.laliga.com/squad/2021/t174/p440593/512x556/p440593_t174_2021_1_001_000.png,0.0,0.0,0.0,0.0,0.0,0.0,0.0,0.0,0.0,0.0,0.0,0.0,0.0,0.0,0.0,0.0,0.0,0.0,0.0,0.0,0.0,0.0,0.0,0.0,0.0,0.0,0.0,0.0,0.0,0.0,0.0,0.0,0.0,0.0,0.0,Forward,0.0
23122.0,Alessandro Burlamaqui,Burlamaqui,male,2002-02-18T00:00:00+00:00,70.0,179.0,Valencia CF,VAL,https://assets.laliga.com/assets/2019/06/07/medium/valencia.png,36.0,Midfielder,https://assets.laliga.com/squad/2021/t191/p479704/512x556/p479704_t191_2021_1_001_000.png,0.0,0.0,0.0,0.0,0.0,0.0,0.0,0.0,0.0,0.0,0.0,0.0,0.0,0.0,0.0,0.0,0.0,0.0,0.0,0.0,0.0,0.0,0.0,0.0,0.0,0.0,0.0,0.0,0.0,0.0,0.0,0.0,0.0,0.0,0.0,Forward,0.0
5383.0,Nabil Fekir,Fekir,male,1993-07-18T00:00:00+00:00,72.0,173.0,Real Betis,BET,https://assets.laliga.com/assets/2019/06/07/medium/betis.png,8.0,Forward,https://assets.laliga.com/squad/2021/t185/p166552/512x556/p166552_t185_2021_1_001_000.png,26.0,34.0,7.0,11.0,0.0,0.0,2.0,243.0,6.0,32.0,7.0,76.0,9.0,1224.0,0.0,0.0,0.0,32.0,1.0,17.0,82.0,45.0,935.0,264.0,1094.0,4.0,65.0,529.0,1318.0,43.0,138.0,41.0,17.0,162.0,7.0,Midfielder,-0.3199999999999932
23694.0,Iker Bachiller,Iker,male,2002-09-14T00:00:00+00:00,,,AD Alcorcón,ALC,https://assets.laliga.com/assets/2019/06/07/medium/alcorcon.png,27.0,Defender,https://assets.laliga.com/squad/2021/t5233/p467022/512x556/p467022_t5233_2021_1_001_000.png,0.0,1.0,0.0,0.0,0.0,0.0,0.0,0.0,0.0,0.0,0.0,0.0,0.0,4.0,0.0,0.0,0.0,0.0,0.0,0.0,0.0,0.0,2.0,2.0,4.0,0.0,0.0,1.0,4.0,0.0,0.0,0.0,0.0,0.0,0.0,Forward,-0.46
22856.0,Giuliano Simeone,Giuliano,male,2002-12-18T00:00:00+00:00,,,Atlético de Madrid,ATM,https://assets.laliga.com/assets/2019/06/07/medium/atletico.png,27.0,Forward,https://assets.laliga.com/squad/2021/t175/p482652/512x556/p482652_t175_2021_1_001_000.png,1.0,1.0,0.0,0.0,0.0,0.0,0.0,3.0,0.0,0.0,0.0,0.0,0.0,3.0,0.0,0.0,0.0,0.0,0.0,0.0,0.0,0.0,1.0,0.0,1.0,0.0,0.0,2.0,3.0,0.0,1.0,0.0,0.0,2.0,0.0,Forward,-0.47
24142.0,Dawda Camara,Dawda,male,2002-11-04T00:00:00+00:00,,,Girona FC,GIR,https://assets.laliga.com/assets/2019/06/07/medium/girona.png,42.0,Forward,,1.0,1.0,0.0,0.0,0.0,0.0,0.0,1.0,0.0,0.0,0.0,0.0,0.0,1.0,0.0,0.0,0.0,0.0,0.0,0.0,0.0,0.0,0.0,0.0,0.0,0.0,0.0,1.0,1.0,0.0,1.0,0.0,0.0,1.0,0.0,Forward,-0.49
26572.0,Unai Ropero,Ropero,male,2001-11-20T00:00:00+00:00,,188.0,Deportivo Alavés,ALA,https://assets.laliga.com/assets/2020/09/01/medium/27002754a98bf535807fe49a24cc63ea.png,41.0,Forward,,0.0,1.0,0.0,0.0,0.0,0.0,0.0,1.0,0.0,0.0,1.0,0.0,0.0,1.0,0.0,0.0,0.0,0.0,0.0,0.0,0.0,0.0,0.0,1.0,1.0,0.0,0.0,2.0,1.0,0.0,0.0,0.0,0.0,0.0,0.0,Defender,-0.49
14679.0,Pol Salvador,Pol,male,2001-04-02T00:00:00+00:00,,,UD Las Palmas,LPA,https://assets.laliga.com/assets/2019/06/07/medium/las-palmas.png,32.0,Midfielder,https://assets.laliga.com/squad/2021/t407/p508449/512x556/p508449_t407_2021_1_001_000.png,0.0,1.0,0.0,0.0,0.0,0.0,0.0,0.0,0.0,0.0,0.0,0.0,0.0,1.0,0.0,0.0,0.0,0.0,0.0,0.0,0.0,0.0,0.0,1.0,1.0,0.0,1.0,0.0,1.0,0.0,0.0,0.0,0.0,0.0,0.0,Forward,-0.49
4470.0,Luka Jovic,Jović,male,1997-12-23T00:00:00+00:00,85.0,182.0,Real Madrid,RMA,https://assets.laliga.com/assets/2019/06/07/medium/real-madrid.png,16.0,Forward,https://assets.laliga.com/squad/2021/t186/p185533/512x556/p185533_t186_2021_1_001_000.png,7.0,15.0,2.0,0.0,0.0,0.0,0.0,14.0,1.0,2.0,1.0,2.0,2.0,64.0,0.0,0.0,0.0,4.0,0.0,0.0,3.0,3.0,34.0,18.0,49.0,4.0,3.0,34.0,67.0,1.0,27.0,3.0,0.0,15.0,1.0,Midfielder,-0.8299999999999983
25272.0,Alexandru Mircea Tirlea,Tirlea,male,2000-03-28T00:00:00+00:00,,182.0,Deportivo Alavés,ALA,https://assets.laliga.com/assets/2020/09/01/medium/27002754a98bf535807fe49a24cc63ea.png,36.0,Midfielder,,0.0,1.0,0.0,0.0,0.0,0.0,0.0,2.0,0.0,0.0,0.0,0.0,0.0,6.0,0.0,0.0,0.0,0.0,0.0,1.0,2.0,0.0,2.0,4.0,5.0,1.0,0.0,4.0,7.0,0.0,0.0,1.0,0.0,2.0,0.0,Forward,-0.9300000000000002
9200.0,Matheus Santos Carneiro Da Cunha,Cunha,male,1999-05-27T00:00:00+00:00,76.0,184.0,Atlético de Madrid,ATM,https://assets.laliga.com/assets/2019/06/07/medium/atletico.png,19.0,Forward,https://assets.laliga.com/squad/2021/t175/p430871/512x556/p430871_t175_2021_1_001_000.png,21.0,29.0,4.0,0.0,2.0,0.0,0.0,73.0,6.0,14.0,6.0,4.0,1.0,196.0,0.0,0.0,0.0,15.0,0.0,3.0,7.0,3.0,97.0,52.0,143.0,9.0,22.0,119.0,206.0,19.0,66.0,5.0,4.0,56.0,3.0,Midfielder,-0.9399999999999977
24480.0,Tomás Mendes,T. Mendes,male,2004-11-21T00:00:00+00:00,,,Deportivo Alavés,ALA,https://assets.laliga.com/assets/2020/09/01/medium/27002754a98bf535807fe49a24cc63ea.png,30.0,Midfielder,,0.0,1.0,0.0,0.0,0.0,0.0,0.0,0.0,0.0,0.0,0.0,0.0,0.0,4.0,0.0,0.0,0.0,0.0,0.0,0.0,0.0,1.0,2.0,2.0,3.0,1.0,0.0,1.0,5.0,0.0,0.0,0.0,0.0,1.0,0.0,Forward,-0.95
25264.0,Mika Mármol,Mika Marmol,male,2001-07-03T00:00:00+00:00,,,FC Barcelona,BAR,https://assets.laliga.com/assets/2019/06/07/medium/barcelona.png,41.0,Defender,,0.0,1.0,0.0,0.0,0.0,0.0,0.0,0.0,0.0,0.0,0.0,0.0,0.0,5.0,0.0,0.0,0.0,0.0,0.0,0.0,0.0,0.0,1.0,3.0,4.0,0.0,0.0,1.0,5.0,0.0,0.0,0.0,0.0,1.0,0.0,Forward,-0.95
25526.0,Raúl Rubio,R.rubio,male,1999-07-04T00:00:00+00:00,,,Real Zaragoza,ZAR,https://assets.laliga.com/assets/2019/06/07/medium/zaragoza.png,39.0,Forward,,1.0,1.0,0.0,0.0,0.0,0.0,0.0,2.0,0.0,1.0,0.0,0.0,0.0,4.0,0.0,0.0,0.0,0.0,0.0,0.0,1.0,0.0,1.0,1.0,2.0,0.0,0.0,3.0,5.0,0.0,1.0,0.0,0.0,3.0,0.0,Goalkeeper,-0.9500000000000002
14621.0,Javier Cueto Suárez,Javi Cueto,male,2001-01-11T00:00:00+00:00,,,Real Oviedo,OVI,https://assets.laliga.com/assets/2019/06/07/medium/oviedo.png,29.0,Forward,https://assets.laliga.com/squad/2021/t187/p508461/512x556/p508461_t187_2021_1_001_000.png,0.0,1.0,0.0,0.0,0.0,0.0,0.0,1.0,0.0,0.0,0.0,1.0,1.0,3.0,0.0,0.0,0.0,0.0,0.0,0.0,0.0,0.0,2.0,0.0,2.0,0.0,2.0,2.0,3.0,0.0,1.0,0.0,0.0,1.0,0.0,Midfielder,-0.9700000000000002
25141.0,Leandro Antonetti,Antonetti,male,2003-01-13T00:00:00+00:00,,,CD Lugo,LUG,https://assets.laliga.com/assets/2019/06/07/medium/lugo.png,35.0,Forward,,0.0,2.0,0.0,0.0,0.0,0.0,0.0,1.0,0.0,0.0,0.0,0.0,0.0,2.0,0.0,0.0,0.0,0.0,0.0,0.0,0.0,1.0,2.0,0.0,1.0,0.0,1.0,1.0,2.0,1.0,1.0,0.0,0.0,0.0,0.0,Forward,-0.98
3666.0,Cristina Pizarro Mingo,Chini Pizarro,female,1989-11-20T00:00:00+00:00,53.0,160.0,Sporting Huelva,SPH,https://assets.laliga.com/assets/2019/06/07/medium/sporting-club.png,17.0,Midfielder,https://assets.laliga.com/squad/2021/t13327/p434342/512x556/p434342_t13327_2021_1_001_000.png,0.0,22.0,0.0,0.0,0.0,0.0,1.0,0.0,0.0,16.0,0.0,0.0,0.0,1.0,0.0,0.0,0.0,0.0,0.0,0.0,0.0,0.0,1.0,0.0,1.0,0.0,0.0,0.0,1.0,0.0,1.0,0.0,0.0,0.0,1.0,Forward,-0.99
26571.0,Luca Koleosho,Koleosho,male,2004-09-15T00:00:00+00:00,,,RCD Espanyol de Barcelona,ESP,https://assets.laliga.com/assets/2019/06/07/medium/espanyol.png,41.0,Forward,,0.0,1.0,0.0,0.0,0.0,0.0,0.0,0.0,0.0,0.0,0.0,0.0,0.0,1.0,0.0,0.0,0.0,0.0,0.0,0.0,0.0,0.0,1.0,0.0,1.0,0.0,2.0,0.0,1.0,0.0,0.0,0.0,0.0,0.0,0.0,Goalkeeper,-0.99
12694.0,Raúl García,Raul,male,2000-11-03T00:00:00+00:00,70.0,192.0,Real Betis,BET,https://assets.laliga.com/assets/2019/06/07/medium/betis.png,35.0,Forward,https://assets.laliga.com/squad/2021/t185/p490859/512x556/p490859_t185_2021_0_001_000.png,0.0,1.0,0.0,0.0,0.0,0.0,0.0,0.0,0.0,0.0,0.0,0.0,0.0,1.0,0.0,0.0,0.0,0.0,0.0,0.0,0.0,0.0,0.0,0.0,0.0,0.0,0.0,1.0,1.0,0.0,0.0,0.0,0.0,1.0,0.0,Forward,-0.99
3540.0,Iris Ponciano,Iris Ponciano,female,1995-06-22T00:00:00+00:00,50.0,159.0,Rayo Vallecano,RVM,https://assets.laliga.com/assets/2019/06/07/medium/rayo-femenino.png,7.0,Forward,https://assets.laliga.com/squad/2021/t13321/p434378/512x556/p434378_t13321_2021_1_001_000.png,0.0,30.0,1.0,0.0,0.0,0.0,0.0,0.0,0.0,41.0,0.0,0.0,0.0,1.0,0.0,0.0,0.0,0.0,0.0,0.0,0.0,0.0,1.0,0.0,1.0,0.0,0.0,0.0,1.0,0.0,0.0,0.0,0.0,0.0,4.0,Forward,-0.9900000000000002
18315.0,Benjamin Lecomte,Lecomte,male,1991-04-26T00:00:00+00:00,78.0,186.0,Atlético de Madrid,ATM,https://assets.laliga.com/assets/2019/06/07/medium/atletico.png,1.0,Goalkeeper,https://assets.laliga.com/squad/2021/t175/p86873/512x556/p86873_t175_2021_1_001_000.png,0.0,0.0,0.0,0.0,0.0,0.0,0.0,0.0,0.0,0.0,0.0,0.0,0.0,0.0,0.0,0.0,0.0,0.0,0.0,0.0,0.0,0.0,0.0,0.0,0.0,0.0,0.0,0.0,0.0,0.0,0.0,0.0,0.0,0.0,1.0,Forward,-1.0
25465.0,Hanna Lundkvist,Hanna Lundkvist,female,2002-07-17T00:00:00+00:00,,,At. Madrid Femenino,ATM,https://assets.laliga.com/assets/2019/06/07/medium/atletico-feminas.png,27.0,Defender,,0.0,5.0,0.0,0.0,0.0,0.0,0.0,0.0,0.0,1.0,0.0,0.0,0.0,0.0,0.0,0.0,0.0,0.0,0.0,0.0,0.0,0.0,0.0,0.0,0.0,0.0,0.0,0.0,0.0,0.0,0.0,0.0,0.0,0.0,1.0,Forward,-1.0
14809.0,Aixa Salvador,Aixa Salvador,female,2001-10-12T00:00:00+00:00,,161.0,Villarreal CF,VIL,https://assets.laliga.com/assets/2021/06/28/medium/9fbd53c24db4a5ff2257fa8ba57b59d4.png,3.0,Forward,https://assets.laliga.com/squad/2021/t18273/p248518/512x556/p248518_t18273_2021_0_001_000.png,0.0,8.0,0.0,0.0,0.0,0.0,0.0,0.0,0.0,10.0,0.0,0.0,0.0,0.0,0.0,0.0,0.0,0.0,0.0,0.0,0.0,0.0,0.0,0.0,0.0,0.0,0.0,0.0,0.0,0.0,0.0,0.0,0.0,0.0,1.0,Goalkeeper,-1.0
25760.0,Yago Paredes,Yago,male,2004-11-01T00:00:00+00:00,,,AD Alcorcón,ALC,https://assets.laliga.com/assets/2019/06/07/medium/alcorcon.png,36.0,Forward,,0.0,1.0,0.0,0.0,0.0,0.0,0.0,0.0,0.0,0.0,0.0,0.0,0.0,0.0,0.0,0.0,0.0,0.0,0.0,0.0,0.0,0.0,0.0,0.0,0.0,0.0,1.0,1.0,0.0,0.0,1.0,0.0,0.0,0.0,0.0,Forward,-1.0
3595.0,Laura Royo,Laura Royo,female,1999-02-09T00:00:00+00:00,60.0,167.0,Villarreal CF,VIL,https://assets.laliga.com/assets/2021/06/28/medium/9fbd53c24db4a5ff2257fa8ba57b59d4.png,7.0,Forward,https://assets.laliga.com/squad/2021/t18273/p434426/512x556/p434426_t18273_2021_0_001_000.png,0.0,6.0,0.0,0.0,0.0,0.0,0.0,0.0,0.0,4.0,0.0,0.0,0.0,0.0,0.0,0.0,0.0,0.0,0.0,0.0,0.0,0.0,0.0,0.0,0.0,0.0,0.0,0.0,0.0,0.0,0.0,0.0,0.0,0.0,1.0,Forward,-1.0
3598.0,María Estella del Valle,María Estella del Valle,female,1994-06-10T00:00:00+00:00,63.0,170.0,UD Granadilla Tenerife Egatesa,UDG,https://assets.laliga.com/assets/2019/06/07/medium/granadilla.png,20.0,Defender,https://assets.laliga.com/squad/2021/t13328/p434316/512x556/p434316_t13328_2021_1_001_000.png,0.0,8.0,0.0,0.0,0.0,0.0,0.0,0.0,0.0,12.0,0.0,0.0,0.0,0.0,0.0,0.0,0.0,0.0,0.0,0.0,0.0,0.0,0.0,0.0,0.0,0.0,0.0,0.0,0.0,0.0,0.0,0.0,0.0,0.0,1.0,Forward,-1.0
2523.0,Marta Unzué,Marta Unzué,female,1988-07-04T00:00:00+00:00,59.0,170.0,Athletic Club,ATH,https://assets.laliga.com/assets/2019/06/07/medium/athletic-femenino.png,8.0,Midfielder,https://assets.laliga.com/squad/2021/t12034/p225118/512x556/p225118_t12034_2021_1_001_000.png,0.0,25.0,0.0,0.0,0.0,0.0,2.0,0.0,0.0,21.0,0.0,0.0,0.0,0.0,0.0,0.0,0.0,0.0,0.0,0.0,0.0,0.0,0.0,0.0,0.0,0.0,0.0,0.0,0.0,0.0,0.0,0.0,0.0,0.0,1.0,Forward,-1.0
536.0,Adama Traoré,Adama,male,1996-01-25T00:00:00+00:00,86.0,178.0,FC Barcelona,BAR,https://assets.laliga.com/assets/2019/06/07/medium/barcelona.png,11.0,Forward,https://assets.laliga.com/squad/2021/t178/p159533/512x556/p159533_t178_2021_1_001_000.png,5.0,11.0,2.0,0.0,0.0,0.0,0.0,40.0,0.0,7.0,4.0,5.0,2.0,128.0,0.0,0.0,0.0,3.0,0.0,11.0,24.0,3.0,100.0,20.0,106.0,3.0,7.0,78.0,128.0,4.0,31.0,11.0,1.0,18.0,0.0,Forward,-1.2199999999999989
25520.0,Mario Gila,Gila,male,2000-08-29T00:00:00+00:00,74.0,185.0,Real Madrid,RMA,https://assets.laliga.com/assets/2019/06/07/medium/real-madrid.png,34.0,Defender,,0.0,2.0,0.0,0.0,0.0,0.0,0.0,2.0,0.0,0.0,1.0,0.0,0.0,21.0,0.0,0.0,0.0,0.0,0.0,0.0,1.0,0.0,3.0,16.0,19.0,1.0,0.0,3.0,22.0,1.0,0.0,0.0,2.0,1.0,0.0,Forward,-1.2800000000000002
25591.0,Juan Miguel Latasa,Latasa,male,2001-03-23T00:00:00+00:00,,,Real Madrid,RMA,https://assets.laliga.com/assets/2019/06/07/medium/real-madrid.png,29.0,Forward,,0.0,1.0,0.0,0.0,0.0,0.0,0.0,0.0,0.0,0.0,0.0,0.0,0.0,5.0,0.0,0.0,0.0,0.0,0.0,0.0,0.0,0.0,2.0,2.0,4.0,0.0,0.0,2.0,5.0,0.0,2.0,0.0,0.0,1.0,0.0,Midfielder,-1.45
25854.0,Mario Dominguez,Mario,male,2004-02-10T00:00:00+00:00,,,Valencia CF,VAL,https://assets.laliga.com/assets/2019/06/07/medium/valencia.png,46.0,Forward,,0.0,2.0,0.0,0.0,0.0,0.0,0.0,0.0,0.0,0.0,0.0,0.0,0.0,3.0,0.0,0.0,0.0,0.0,0.0,0.0,0.0,0.0,1.0,1.0,2.0,1.0,1.0,1.0,3.0,0.0,0.0,0.0,0.0,1.0,0.0,Midfielder,-1.47
1109.0,Pablo Hervías,Hervias,male,1993-03-08T00:00:00+00:00,67.0,174.0,Real Valladolid CF,VLL,https://assets.laliga.com/assets/2019/06/07/medium/valladolid.png,11.0,Forward,https://assets.laliga.com/squad/2021/t192/p143622/512x556/p143622_t192_2021_1_001_000.png,1.0,6.0,0.0,1.0,1.0,0.0,0.0,13.0,0.0,1.0,2.0,3.0,0.0,46.0,0.0,0.0,0.0,1.0,0.0,2.0,7.0,0.0,27.0,16.0,36.0,3.0,0.0,26.0,48.0,2.0,5.0,3.0,1.0,11.0,0.0,Midfielder,-1.5199999999999996
13689.0,César García,Cesar,male,1999-08-27T00:00:00+00:00,74.0,178.0,Real Sporting,SPO,https://assets.laliga.com/assets/2019/06/07/medium/sporting.png,35.0,Forward,https://assets.laliga.com/squad/2021/t616/p500737/512x556/p500737_t616_2021_1_001_000.png,1.0,3.0,0.0,0.0,0.0,0.0,0.0,5.0,0.0,0.0,0.0,1.0,0.0,19.0,0.0,0.0,0.0,0.0,0.0,0.0,3.0,0.0,12.0,2.0,14.0,0.0,0.0,12.0,19.0,0.0,8.0,1.0,0.0,5.0,0.0,Goalkeeper,-1.8099999999999996
25408.0,Iñaki León Merino,Iñaki,male,2000-02-13T00:00:00+00:00,,,CF Fuenlabrada,FUE,https://assets.laliga.com/assets/2019/06/07/medium/fuenlabrada.png,40.0,Defender,,0.0,1.0,0.0,0.0,0.0,0.0,0.0,1.0,0.0,2.0,0.0,0.0,0.0,15.0,0.0,0.0,0.0,0.0,0.0,0.0,1.0,2.0,5.0,9.0,12.0,0.0,1.0,2.0,16.0,0.0,0.0,0.0,1.0,1.0,1.0,Forward,-1.84
24209.0,Mario Rivas,Mario Rivas,male,2000-03-27T00:00:00+00:00,,,CD Leganés,LEG,https://assets.laliga.com/assets/2019/06/07/medium/leganes.png,42.0,Forward,,2.0,1.0,0.0,0.0,0.0,0.0,0.0,2.0,0.0,0.0,0.0,0.0,1.0,3.0,0.0,0.0,0.0,0.0,0.0,0.0,0.0,0.0,1.0,0.0,1.0,0.0,0.0,2.0,3.0,0.0,1.0,0.0,0.0,2.0,0.0,Midfielder,-1.97
4532.0,Laura Domínguez,Laura Domínguez,female,1997-08-12T00:00:00+00:00,,,Madrid CFF,MAD,https://assets.laliga.com/assets/2019/06/07/medium/madrid-futbol-femenino.png,7.0,Forward,https://assets.laliga.com/squad/2021/t13320/p213488/512x556/p213488_t13320_2021_0_001_000.png,0.0,27.0,0.0,0.0,0.0,0.0,2.0,0.0,0.0,46.0,0.0,0.0,0.0,1.0,0.0,0.0,0.0,0.0,0.0,0.0,0.0,0.0,1.0,0.0,1.0,0.0,0.0,0.0,1.0,0.0,1.0,0.0,0.0,0.0,2.0,Defender,-1.99
25355.0,Estanislau Pedrola Fortuny,Estanis,male,2003-08-24T00:00:00+00:00,,,FC Barcelona,BAR,https://assets.laliga.com/assets/2019/06/07/medium/barcelona.png,39.0,Forward,,0.0,1.0,0.0,0.0,0.0,0.0,0.0,1.0,0.0,0.0,0.0,0.0,0.0,1.0,0.0,0.0,0.0,0.0,0.0,0.0,0.0,0.0,0.0,0.0,0.0,0.0,1.0,2.0,1.0,1.0,0.0,0.0,0.0,1.0,0.0,Midfielder,-1.99
24225.0,Jose Manuel Vivancos,Josema,male,1999-10-01T00:00:00+00:00,,,FC Cartagena,CAR,https://assets.laliga.com/assets/2022/02/11/medium/1628caa9b2002a11e564eb84b3677f78.png,34.0,Forward,,0.0,1.0,0.0,0.0,0.0,0.0,0.0,0.0,0.0,0.0,0.0,0.0,0.0,1.0,0.0,0.0,0.0,0.0,0.0,0.0,0.0,0.0,1.0,0.0,1.0,0.0,0.0,2.0,1.0,0.0,0.0,1.0,0.0,0.0,0.0,Goalkeeper,-1.99
9465.0,Ane Campos,Ane Campos,female,1999-05-21T00:00:00+00:00,,,SD Eibar,EIB,https://assets.laliga.com/assets/2019/06/07/medium/eibar.png,18.0,Forward,https://assets.laliga.com/squad/2021/t16881/p470977/512x556/p470977_t16881_2021_0_001_000.png,0.0,25.0,0.0,0.0,0.0,0.0,1.0,0.0,0.0,37.0,0.0,0.0,0.0,0.0,0.0,0.0,0.0,0.0,0.0,0.0,0.0,0.0,0.0,0.0,0.0,0.0,0.0,0.0,0.0,0.0,0.0,0.0,0.0,0.0,2.0,Midfielder,-2.0
12621.0,Cristo Romero,Romero,male,2000-04-30T00:00:00+00:00,62.0,173.0,Real Sociedad,RSO,https://assets.laliga.com/assets/2019/06/07/medium/real-sociedad.png,,Defender,,0.0,1.0,0.0,0.0,0.0,0.0,0.0,0.0,0.0,0.0,0.0,1.0,0.0,7.0,0.0,0.0,0.0,0.0,0.0,2.0,0.0,0.0,6.0,2.0,6.0,0.0,1.0,3.0,7.0,0.0,0.0,2.0,1.0,0.0,0.0,Forward,-2.43
24283.0,Luis Miguel Cruz Hernández,Luismi Cruz,male,2001-05-23T00:00:00+00:00,,166.0,Sevilla FC,SEV,https://assets.laliga.com/assets/2019/06/07/medium/sevilla.png,27.0,Forward,https://assets.laliga.com/squad/2021/t179/p546000/512x556/p546000_t179_2021_1_001_000.png,0.0,2.0,0.0,0.0,0.0,0.0,0.0,1.0,0.0,0.0,0.0,0.0,0.0,6.0,0.0,0.0,0.0,0.0,0.0,0.0,1.0,0.0,1.0,1.0,2.0,0.0,0.0,4.0,6.0,0.0,0.0,0.0,1.0,3.0,0.0,Defender,-2.44
25457.0,Miguel Prendes,Mangel,male,2001-06-28T00:00:00+00:00,,,Real Oviedo,OVI,https://assets.laliga.com/assets/2019/06/07/medium/oviedo.png,37.0,Midfielder,,0.0,1.0,0.0,0.0,0.0,0.0,0.0,0.0,0.0,1.0,0.0,0.0,0.0,4.0,0.0,0.0,0.0,1.0,0.0,0.0,0.0,0.0,1.0,1.0,2.0,0.0,1.0,3.0,4.0,0.0,2.0,1.0,0.0,2.0,0.0,Forward,-2.46
24264.0,Alejandro Oyón,Oyon,male,2003-01-23T00:00:00+00:00,,,Real Sporting,SPO,https://assets.laliga.com/assets/2019/06/07/medium/sporting.png,40.0,Forward,,0.0,1.0,0.0,0.0,0.0,0.0,0.0,0.0,0.0,0.0,0.0,0.0,0.0,2.0,0.0,0.0,0.0,0.0,0.0,0.0,0.0,0.0,0.0,1.0,1.0,0.0,0.0,2.0,2.0,0.0,0.0,1.0,1.0,0.0,0.0,Midfielder,-2.48
3733.0,Luuk de Jong,De Jong,male,1990-08-27T00:00:00+00:00,86.0,188.0,FC Barcelona,BAR,https://assets.laliga.com/assets/2019/06/07/medium/barcelona.png,17.0,Forward,https://assets.laliga.com/squad/2021/t178/p53041/512x556/p53041_t178_2021_1_001_000.png,34.0,21.0,0.0,0.0,0.0,0.0,1.0,57.0,6.0,3.0,0.0,5.0,6.0,171.0,0.0,0.0,0.0,10.0,0.0,1.0,3.0,0.0,86.0,46.0,131.0,12.0,8.0,98.0,182.0,9.0,51.0,1.0,1.0,50.0,1.0,Defender,-2.680000000000007
16144.0,Jordi González-Pola González,Jordi,male,2000-04-12T00:00:00+00:00,,,Real Sporting,SPO,https://assets.laliga.com/assets/2019/06/07/medium/sporting.png,29.0,Defender,,2.0,1.0,0.0,0.0,1.0,0.0,0.0,3.0,0.0,1.0,4.0,0.0,0.0,30.0,0.0,0.0,0.0,0.0,0.0,0.0,0.0,1.0,3.0,24.0,26.0,3.0,0.0,4.0,31.0,1.0,0.0,0.0,2.0,2.0,0.0,Forward,-2.69
24282.0,Javier Llabrés Expósito,Javi Llabres,male,2002-09-11T00:00:00+00:00,,,RCD Mallorca,MLL,https://assets.laliga.com/assets/2019/06/07/medium/mallorca.png,34.0,Forward,,1.0,5.0,0.0,0.0,0.0,0.0,0.0,7.0,0.0,2.0,0.0,3.0,1.0,57.0,0.0,0.0,0.0,2.0,0.0,0.0,4.0,3.0,35.0,13.0,45.0,0.0,0.0,22.0,58.0,2.0,4.0,2.0,4.0,6.0,0.0,Midfielder,-2.9200000000000017
25379.0,Omar Faraj,Faraj,male,2002-03-09T00:00:00+00:00,,,Levante UD,LEV,https://assets.laliga.com/assets/2019/06/07/medium/levante.png,40.0,Forward,,0.0,1.0,0.0,0.0,0.0,0.0,0.0,1.0,0.0,0.0,0.0,0.0,0.0,2.0,0.0,0.0,0.0,0.0,0.0,0.0,0.0,0.0,0.0,0.0,0.0,0.0,1.0,3.0,2.0,1.0,0.0,0.0,0.0,2.0,0.0,Goalkeeper,-2.98
4539.0,Andreea Paraluta,Andreea Paraluta,female,1994-11-27T00:00:00+00:00,63.0,172.0,Levante UD,LUD,https://assets.laliga.com/assets/2019/06/07/medium/levante-femenino.png,13.0,Goalkeeper,https://assets.laliga.com/squad/2021/t13319/p429656/512x556/p429656_t13319_2021_1_001_000.png,0.0,14.0,0.0,0.0,0.0,0.0,8.0,0.0,0.0,14.0,0.0,0.0,0.0,0.0,0.0,0.0,0.0,0.0,0.0,0.0,0.0,0.0,0.0,0.0,0.0,0.0,0.0,0.0,0.0,0.0,0.0,0.0,0.0,0.0,3.0,Forward,-3.0
1487.0,Toni Kroos,Kroos,male,1990-01-04T00:00:00+00:00,76.0,183.0,Real Madrid,RMA,https://assets.laliga.com/assets/2019/06/07/medium/real-madrid.png,8.0,Midfielder,https://assets.laliga.com/squad/2021/t186/p44989/512x556/p44989_t186_2021_1_001_000.png,9.0,28.0,2.0,4.0,3.0,0.0,7.0,90.0,1.0,18.0,12.0,48.0,0.0,2039.0,0.0,0.0,0.0,12.0,0.0,2.0,9.0,218.0,1239.0,821.0,1822.0,11.0,20.0,219.0,2150.0,34.0,24.0,8.0,32.0,78.0,4.0,Forward,-3.0
6055.0,Lucía Ramírez,Lucía Ramírez,female,1998-12-02T00:00:00+00:00,63.0,168.0,Sevilla FC,SFC,https://assets.laliga.com/assets/2019/06/07/medium/sevilla.png,3.0,Defender,https://assets.laliga.com/squad/2021/t13326/p434544/512x556/p434544_t13326_2021_1_001_000.png,0.0,22.0,0.0,0.0,0.0,0.0,5.0,0.0,0.0,31.0,0.0,0.0,0.0,0.0,0.0,0.0,0.0,0.0,0.0,0.0,0.0,0.0,0.0,0.0,0.0,0.0,0.0,0.0,0.0,0.0,0.0,0.0,0.0,0.0,3.0,Forward,-3.0
4577.0,María Bores,María Bores,female,1997-11-11T00:00:00+00:00,57.0,162.0,Rayo Vallecano,RVM,https://assets.laliga.com/assets/2019/06/07/medium/rayo-femenino.png,22.0,Defender,https://assets.laliga.com/squad/2021/t13321/p434553/512x556/p434553_t13321_2021_1_001_000.png,0.0,29.0,0.0,0.0,0.0,0.0,3.0,0.0,0.0,64.0,0.0,0.0,0.0,0.0,0.0,0.0,0.0,0.0,0.0,0.0,0.0,0.0,0.0,0.0,0.0,0.0,0.0,0.0,0.0,0.0,0.0,0.0,0.0,0.0,3.0,Forward,-3.0
15058.0,Bibiane Schulze,Bibiane Schulze,female,1998-11-12T00:00:00+00:00,,174.0,VCF Femenino,VCF,https://assets.laliga.com/assets/2019/06/07/medium/valencia-femenino.png,22.0,Defender,https://assets.laliga.com/squad/2021/t13329/p516904/512x556/p516904_t13329_2021_0_001_000.png,0.0,15.0,0.0,0.0,0.0,0.0,2.0,0.0,0.0,20.0,0.0,0.0,0.0,0.0,0.0,0.0,0.0,0.0,0.0,0.0,0.0,0.0,0.0,0.0,0.0,0.0,0.0,0.0,0.0,0.0,0.0,0.0,0.0,0.0,3.0,Forward,-3.0
15071.0,Nicolas Jackson,N.jackson,male,2001-06-20T00:00:00+00:00,,186.0,Villarreal CF,VIL,https://assets.laliga.com/assets/2019/06/07/medium/villarreal.png,26.0,Forward,,13.0,9.0,0.0,0.0,0.0,0.0,0.0,24.0,0.0,3.0,1.0,3.0,1.0,48.0,0.0,0.0,0.0,1.0,0.0,0.0,4.0,0.0,29.0,9.0,38.0,1.0,2.0,30.0,50.0,2.0,18.0,2.0,1.0,11.0,1.0,Midfielder,-3.0
1542.0,Roberto Ibáñez Castro,Rober Ibañez,male,1993-03-22T00:00:00+00:00,67.0,175.0,CD Leganés,LEG,https://assets.laliga.com/assets/2019/06/07/medium/leganes.png,7.0,Forward,https://assets.laliga.com/squad/2021/t957/p168390/512x556/p168390_t957_2021_1_001_000.png,4.0,16.0,1.0,0.0,0.0,0.0,0.0,90.0,1.0,13.0,5.0,9.0,3.0,179.0,0.0,0.0,0.0,5.0,0.0,1.0,27.0,4.0,103.0,38.0,136.0,0.0,12.0,117.0,179.0,11.0,24.0,17.0,2.0,37.0,1.0,Midfielder,-3.210000000000008
1542.0,Roberto Ibáñez Castro,Rober Ibañez,male,1993-03-22T00:00:00+00:00,67.0,175.0,CD Leganés,LEG,https://assets.laliga.com/assets/2019/06/07/medium/leganes.png,7.0,Forward,https://assets.laliga.com/squad/2021/t957/p168390/512x556/p168390_t957_2021_1_001_000.png,4.0,16.0,1.0,0.0,0.0,0.0,0.0,90.0,1.0,13.0,5.0,9.0,3.0,179.0,0.0,0.0,0.0,5.0,0.0,1.0,27.0,4.0,103.0,38.0,136.0,0.0,12.0,117.0,179.0,11.0,24.0,17.0,2.0,37.0,1.0,Midfielder,-3.210000000000008
23001.0,Darío Sarmiento,Dario,male,2003-03-29T00:00:00+00:00,60.0,170.0,Girona FC,GIR,https://assets.laliga.com/assets/2019/06/07/medium/girona.png,9.0,Forward,https://assets.laliga.com/squad/2021/t2893/p482781/512x556/p482781_t2893_2021_1_001_000.png,1.0,9.0,2.0,0.0,0.0,0.0,0.0,17.0,0.0,1.0,0.0,4.0,1.0,63.0,0.0,0.0,0.0,1.0,0.0,2.0,10.0,0.0,28.0,21.0,46.0,2.0,4.0,43.0,64.0,3.0,15.0,3.0,3.0,15.0,0.0,Midfielder,-3.3599999999999994
19114.0,Diego Garcia,Diego Garcia,male,2000-04-18T00:00:00+00:00,,,CD Leganés,LEG,https://assets.laliga.com/assets/2019/06/07/medium/leganes.png,33.0,Forward,https://assets.laliga.com/squad/2021/t957/p538709/512x556/p538709_t957_2021_1_001_000.png,4.0,4.0,0.0,0.0,0.0,0.0,0.0,6.0,0.0,1.0,2.0,2.0,1.0,18.0,0.0,0.0,0.0,0.0,0.0,0.0,0.0,0.0,8.0,3.0,11.0,0.0,2.0,9.0,19.0,1.0,5.0,0.0,0.0,8.0,0.0,Goalkeeper,-3.8099999999999996
3712.0,Radamel Falcao,Falcao,male,1986-02-10T00:00:00+00:00,72.0,177.0,Rayo Vallecano,RAY,https://assets.laliga.com/assets/2019/06/07/medium/rayo.png,3.0,Forward,https://assets.laliga.com/squad/2021/t184/p48847/512x556/p48847_t184_2021_1_001_000.png,27.0,22.0,0.0,2.0,1.0,0.0,0.0,50.0,6.0,12.0,2.0,5.0,15.0,154.0,0.0,0.0,0.0,15.0,0.0,2.0,3.0,2.0,84.0,48.0,128.0,11.0,17.0,90.0,167.0,2.0,41.0,7.0,1.0,36.0,1.0,Forward,-3.8299999999999983
19210.0,Jorge Aguirre,Agirre,male,2000-01-05T00:00:00+00:00,,,CD Mirandés,MIR,https://assets.laliga.com/assets/2019/06/07/medium/mirandes.png,26.0,Forward,https://assets.laliga.com/squad/2021/t5741/p540303/512x556/p540303_t5741_2021_1_001_000.png,1.0,8.0,0.0,0.0,0.0,0.0,0.0,3.0,0.0,2.0,2.0,1.0,0.0,14.0,0.0,0.0,0.0,0.0,0.0,0.0,0.0,0.0,6.0,4.0,10.0,0.0,0.0,8.0,14.0,1.0,3.0,1.0,0.0,4.0,0.0,Forward,-3.86
577.0,Adrián López,Adrián,male,1988-01-08T00:00:00+00:00,73.0,183.0,Málaga CF,MGA,https://assets.laliga.com/assets/2019/06/07/medium/malaga.png,21.0,Forward,,0.0,2.0,0.0,0.0,0.0,0.0,0.0,1.0,0.0,1.0,0.0,0.0,1.0,5.0,0.0,0.0,0.0,0.0,0.0,0.0,0.0,0.0,3.0,3.0,6.0,0.0,1.0,4.0,7.0,1.0,3.0,0.0,0.0,1.0,0.0,Midfielder,-3.9299999999999997
14613.0,Juan Luis Sánchez Velasco,Juanlu,male,2003-08-15T00:00:00+00:00,68.0,183.0,Sevilla FC,SEV,https://assets.laliga.com/assets/2019/06/07/medium/sevilla.png,32.0,Defender,,0.0,1.0,0.0,0.0,0.0,0.0,0.0,1.0,0.0,0.0,0.0,0.0,0.0,4.0,0.0,0.0,0.0,0.0,0.0,0.0,0.0,0.0,0.0,2.0,2.0,0.0,1.0,3.0,4.0,1.0,0.0,0.0,1.0,1.0,1.0,Forward,-3.96
5978.0,Daniel Raba Antolín,Dani Raba,male,1995-10-29T00:00:00+00:00,76.0,184.0,Granada CF,GRA,https://assets.laliga.com/assets/2019/06/07/medium/granada.png,12.0,Forward,https://assets.laliga.com/squad/2021/t5683/p240071/512x556/p240071_t5683_2021_1_001_000.png,0.0,2.0,0.0,0.0,0.0,0.0,0.0,3.0,0.0,1.0,1.0,0.0,0.0,3.0,0.0,0.0,0.0,0.0,0.0,0.0,0.0,0.0,1.0,1.0,2.0,0.0,1.0,7.0,3.0,2.0,0.0,0.0,1.0,0.0,0.0,Midfielder,-3.9699999999999998
14829.0,Ellen Jansen,Ellen Jansen,female,1992-10-06T00:00:00+00:00,,174.0,VCF Femenino,VCF,https://assets.laliga.com/assets/2019/06/07/medium/valencia-femenino.png,17.0,Forward,https://assets.laliga.com/squad/2021/t13329/p196835/512x556/p196835_t13329_2021_1_001_000.png,0.0,25.0,0.0,0.0,0.0,0.0,2.0,0.0,0.0,27.0,0.0,0.0,0.0,1.0,0.0,0.0,0.0,0.0,0.0,0.0,0.0,0.0,0.0,0.0,1.0,0.0,0.0,0.0,1.0,0.0,1.0,0.0,0.0,0.0,4.0,Midfielder,-3.99
15068.0,Noko Matlou,Noko Matlou,female,1985-09-30T00:00:00+00:00,61.0,166.0,SD Eibar,EIB,https://assets.laliga.com/assets/2019/06/07/medium/eibar.png,17.0,Defender,,0.0,22.0,0.0,0.0,0.0,0.0,2.0,0.0,0.0,45.0,0.0,0.0,0.0,0.0,0.0,0.0,0.0,0.0,0.0,0.0,0.0,0.0,0.0,0.0,0.0,0.0,0.0,0.0,0.0,0.0,0.0,0.0,0.0,0.0,4.0,Forward,-4.0
12935.0,Babett Peter,Babett Peter,female,1988-05-12T00:00:00+00:00,64.0,170.0,Real Madrid Femenino,RMA,https://assets.laliga.com/assets/2019/06/07/medium/real-madrid.png,4.0,Defender,,0.0,22.0,0.0,0.0,0.0,0.0,5.0,0.0,0.0,21.0,0.0,0.0,0.0,0.0,0.0,0.0,0.0,0.0,0.0,0.0,0.0,0.0,0.0,0.0,0.0,0.0,0.0,0.0,0.0,0.0,0.0,0.0,0.0,0.0,4.0,Forward,-4.0
7608.0,Gonzalo Villar,G. Villar,male,1998-03-23T00:00:00+00:00,73.0,181.0,Getafe CF,GET,https://assets.laliga.com/assets/2019/06/07/medium/getafe.png,6.0,Midfielder,https://assets.laliga.com/squad/2021/t1450/p450782/512x556/p450782_t1450_2021_1_001_000.png,4.0,10.0,1.0,0.0,1.0,0.0,0.0,29.0,0.0,6.0,1.0,0.0,0.0,132.0,0.0,0.0,0.0,2.0,0.0,0.0,8.0,10.0,52.0,64.0,106.0,0.0,9.0,33.0,137.0,5.0,2.0,0.0,6.0,15.0,0.0,Forward,-4.129999999999999
23711.0,Lluís Recasens,Recasens,male,2002-02-19T00:00:00+00:00,,,RCD Espanyol de Barcelona,ESP,https://assets.laliga.com/assets/2019/06/07/medium/espanyol.png,31.0,Forward,,1.0,1.0,0.0,0.0,0.0,0.0,0.0,3.0,0.0,2.0,2.0,0.0,0.0,11.0,0.0,0.0,0.0,0.0,0.0,0.0,0.0,1.0,3.0,3.0,5.0,2.0,0.0,5.0,11.0,2.0,0.0,0.0,0.0,5.0,0.0,Midfielder,-4.39
24183.0,Alejandro Blanco Olmedo,A. Blanco,male,2001-10-15T00:00:00+00:00,,,CF Fuenlabrada,FUE,https://assets.laliga.com/assets/2019/06/07/medium/fuenlabrada.png,37.0,Midfielder,,2.0,1.0,0.0,0.0,0.0,0.0,0.0,5.0,0.0,2.0,0.0,0.0,0.0,9.0,0.0,0.0,0.0,0.0,0.0,0.0,0.0,1.0,3.0,3.0,5.0,0.0,2.0,7.0,9.0,2.0,0.0,0.0,0.0,3.0,0.0,Forward,-4.41
192.0,Gerard Moreno,Gerard,male,1992-04-07T00:00:00+00:00,77.0,180.0,Villarreal CF,VIL,https://assets.laliga.com/assets/2019/06/07/medium/villarreal.png,7.0,Forward,https://assets.laliga.com/squad/2021/t449/p93721/512x556/p93721_t449_2021_1_001_000.png,18.0,17.0,3.0,0.0,1.0,0.0,2.0,76.0,9.0,14.0,6.0,27.0,8.0,425.0,0.0,0.0,0.0,17.0,0.0,4.0,39.0,30.0,221.0,83.0,270.0,13.0,11.0,227.0,432.0,5.0,76.0,22.0,13.0,119.0,2.0,Goalkeeper,-4.680000000000007
16100.0,Víctor Sanchís,Sanchís,male,2001-03-28T00:00:00+00:00,,,CD Mirandés,MIR,https://assets.laliga.com/assets/2019/06/07/medium/mirandes.png,32.0,Defender,https://assets.laliga.com/squad/2021/t5741/p522741/512x556/p522741_t5741_2021_1_001_000.png,1.0,1.0,0.0,0.0,1.0,0.0,0.0,2.0,0.0,0.0,2.0,0.0,0.0,8.0,0.0,0.0,0.0,0.0,0.0,0.0,0.0,1.0,1.0,4.0,4.0,2.0,1.0,4.0,9.0,1.0,0.0,0.0,2.0,2.0,1.0,Forward,-4.91
7552.0,Pol Prats,Pol Prats,male,1999-05-25T00:00:00+00:00,,,SD Huesca,HUE,https://assets.laliga.com/assets/2019/06/07/medium/huesca.png,37.0,Forward,,0.0,2.0,0.0,0.0,0.0,0.0,0.0,0.0,0.0,2.0,0.0,1.0,0.0,9.0,0.0,0.0,0.0,0.0,0.0,0.0,0.0,1.0,6.0,1.0,6.0,0.0,1.0,9.0,9.0,0.0,1.0,1.0,0.0,2.0,0.0,Forward,-4.91
25605.0,Israel García,Israel,male,2004-01-29T00:00:00+00:00,,,AD Alcorcón,ALC,https://assets.laliga.com/assets/2019/06/07/medium/alcorcon.png,34.0,Forward,,2.0,4.0,0.0,0.0,0.0,0.0,0.0,4.0,0.0,1.0,0.0,1.0,1.0,8.0,0.0,0.0,0.0,1.0,0.0,0.0,0.0,0.0,4.0,0.0,4.0,0.0,1.0,11.0,8.0,1.0,4.0,1.0,0.0,4.0,0.0,Defender,-4.92
25809.0,Pol García,Garcia Tena,male,1995-02-18T00:00:00+00:00,71.0,185.0,CD Lugo,LUG,https://assets.laliga.com/assets/2019/06/07/medium/lugo.png,12.0,Defender,,4.0,2.0,0.0,0.0,0.0,0.0,0.0,6.0,0.0,2.0,5.0,0.0,0.0,38.0,0.0,0.0,0.0,0.0,0.0,0.0,0.0,9.0,10.0,23.0,24.0,3.0,1.0,8.0,40.0,1.0,0.0,0.0,2.0,5.0,0.0,Forward,-5.1
7569.0,Alejandro Marqués,Marques,male,2000-08-04T00:00:00+00:00,81.0,190.0,CD Mirandés,MIR,https://assets.laliga.com/assets/2019/06/07/medium/mirandes.png,17.0,Forward,https://assets.laliga.com/squad/2021/t5741/p440855/512x556/p440855_t5741_2021_1_001_000.png,35.0,29.0,0.0,0.0,2.0,0.0,0.0,53.0,7.0,16.0,2.0,7.0,3.0,98.0,0.0,0.0,0.0,9.0,0.0,1.0,7.0,1.0,60.0,32.0,90.0,10.0,29.0,109.0,120.0,4.0,44.0,11.0,1.0,28.0,3.0,Forward,-5.299999999999997
12740.0,Raúl Caballero,Raul Caballero,male,2001-11-16T00:00:00+00:00,,,UD Almería,ALM,https://assets.laliga.com/assets/2019/06/07/medium/almeria.png,28.0,Forward,https://assets.laliga.com/squad/2021/t1564/p491867/512x556/p491867_t1564_2021_1_001_000.png,1.0,3.0,0.0,0.0,0.0,0.0,0.0,2.0,0.0,1.0,0.0,0.0,0.0,13.0,0.0,0.0,0.0,0.0,0.0,0.0,1.0,0.0,6.0,3.0,9.0,0.0,0.0,9.0,13.0,0.0,2.0,1.0,1.0,3.0,0.0,Defender,-5.37
3624.0,Nerea Pérez,Nerea Pérez,female,1994-01-11T00:00:00+00:00,53.0,165.0,Villarreal CF,VIL,https://assets.laliga.com/assets/2021/06/28/medium/9fbd53c24db4a5ff2257fa8ba57b59d4.png,14.0,Forward,https://assets.laliga.com/squad/2021/t18273/p434561/512x556/p434561_t18273_2021_0_001_000.png,0.0,26.0,0.0,0.0,0.0,0.0,4.0,0.0,0.0,44.0,0.0,0.0,0.0,0.0,0.0,0.0,0.0,0.0,0.0,0.0,0.0,0.0,0.0,0.0,0.0,0.0,0.0,0.0,0.0,0.0,0.0,0.0,0.0,0.0,6.0,Defender,-6.0
16774.0,Lorenzo Zúñiga Owono,Loren,male,2003-01-18T00:00:00+00:00,74.0,180.0,Málaga CF,MGA,https://assets.laliga.com/assets/2019/06/07/medium/malaga.png,29.0,Forward,https://assets.laliga.com/squad/2021/t182/p521977/512x556/p521977_t182_2021_1_001_000.png,1.0,4.0,0.0,0.0,0.0,0.0,0.0,6.0,0.0,0.0,0.0,1.0,0.0,9.0,0.0,0.0,0.0,1.0,0.0,0.0,1.0,0.0,3.0,1.0,4.0,2.0,1.0,15.0,10.0,2.0,4.0,2.0,1.0,5.0,0.0,Goalkeeper,-6.4
15066.0,María Valle,María Valle,female,2004-11-14T00:00:00+00:00,,,R. Betis Féminas,RBB,https://assets.laliga.com/assets/2019/06/07/medium/betis.png,5.0,Defender,https://assets.laliga.com/squad/2021/t13322/p478148/512x556/p478148_t13322_2021_1_001_000.png,0.0,21.0,0.0,0.0,0.0,0.0,4.0,0.0,1.0,31.0,0.0,0.0,0.0,0.0,0.0,2.0,0.0,1.0,1.0,0.0,0.0,0.0,0.0,0.0,0.0,0.0,0.0,0.0,0.0,0.0,1.0,0.0,0.0,0.0,6.0,Forward,-6.5
15072.0,Nahuel Bustos,N. Bustos,male,1998-07-04T00:00:00+00:00,64.0,176.0,Girona FC,GIR,https://assets.laliga.com/assets/2019/06/07/medium/girona.png,19.0,Forward,https://assets.laliga.com/squad/2021/t2893/p222319/512x556/p222319_t2893_2021_1_001_000.png,10.0,40.0,2.0,0.0,0.0,0.0,0.0,48.0,11.0,15.0,1.0,4.0,19.0,165.0,0.0,0.0,0.0,23.0,0.0,2.0,10.0,11.0,76.0,56.0,119.0,7.0,20.0,138.0,181.0,7.0,52.0,14.0,6.0,45.0,5.0,Goalkeeper,-6.689999999999998
9522.0,Ferran Jutglà,Ferran,male,1999-02-01T00:00:00+00:00,,,FC Barcelona,BAR,https://assets.laliga.com/assets/2019/06/07/medium/barcelona.png,29.0,Forward,https://assets.laliga.com/squad/2021/t178/p464575/512x556/p464575_t178_2021_1_001_000.png,6.0,6.0,0.0,0.0,0.0,0.0,1.0,16.0,1.0,3.0,1.0,2.0,1.0,107.0,0.0,0.0,0.0,4.0,0.0,2.0,2.0,3.0,63.0,35.0,93.0,1.0,4.0,33.0,113.0,2.0,14.0,3.0,1.0,16.0,1.0,Forward,-6.870000000000001
266.0,José Luis Moreno Barroso,Joselu,male,1991-03-03T00:00:00+00:00,69.0,170.0,CD Lugo,LUG,https://assets.laliga.com/assets/2019/06/07/medium/lugo.png,23.0,Forward,https://assets.laliga.com/squad/2021/t5730/p82696/512x556/p82696_t5730_2021_1_001_000.png,2.0,10.0,0.0,0.0,3.0,0.0,1.0,11.0,2.0,5.0,1.0,1.0,2.0,58.0,0.0,0.0,0.0,5.0,0.0,0.0,1.0,1.0,21.0,23.0,43.0,3.0,6.0,29.0,62.0,6.0,10.0,0.0,2.0,16.0,2.0,Midfielder,-6.879999999999999
9762.0,Iván Martínez Gonzálvez,Barbero,male,1998-08-17T00:00:00+00:00,78.0,187.0,CA Osasuna,OSA,https://assets.laliga.com/assets/2019/06/07/medium/osasuna.png,20.0,Forward,https://assets.laliga.com/squad/2021/t450/p463055/512x556/p463055_t450_2021_1_001_000.png,2.0,6.0,0.0,0.0,0.0,0.0,0.0,3.0,0.0,3.0,0.0,0.0,0.0,10.0,0.0,0.0,0.0,0.0,0.0,0.0,0.0,0.0,6.0,1.0,7.0,1.0,2.0,11.0,11.0,0.0,3.0,0.0,0.0,4.0,0.0,Midfielder,-6.89
200.0,Abdón Prats,Abdon,male,1992-12-07T00:00:00+00:00,81.0,181.0,RCD Mallorca,MLL,https://assets.laliga.com/assets/2019/06/07/medium/mallorca.png,9.0,Forward,https://assets.laliga.com/squad/2021/t181/p92187/512x556/p92187_t181_2021_1_001_000.png,31.0,23.0,0.0,2.0,0.0,0.0,0.0,55.0,3.0,14.0,1.0,10.0,2.0,137.0,0.0,0.0,0.0,6.0,0.0,0.0,7.0,4.0,67.0,37.0,100.0,5.0,8.0,94.0,154.0,2.0,29.0,4.0,2.0,48.0,4.0,Forward,-6.960000000000008
25579.0,Matías Arezo,M. Arezo,male,2002-11-21T00:00:00+00:00,74.0,178.0,Granada CF,GRA,https://assets.laliga.com/assets/2019/06/07/medium/granada.png,14.0,Forward,https://assets.laliga.com/squad/2021/t5683/p477177/512x556/p477177_t5683_2021_1_001_000.png,7.0,8.0,0.0,0.0,0.0,0.0,0.0,15.0,0.0,5.0,1.0,6.0,0.0,31.0,0.0,0.0,0.0,3.0,0.0,0.0,2.0,0.0,13.0,4.0,17.0,1.0,3.0,35.0,33.0,5.0,8.0,3.0,1.0,15.0,1.0,Midfielder,-7.170000000000002
23361.0,Stephen Buer,Buer,male,1999-01-16T00:00:00+00:00,,,CF Fuenlabrada,FUE,https://assets.laliga.com/assets/2019/06/07/medium/fuenlabrada.png,32.0,Midfielder,https://assets.laliga.com/squad/2021/t7104/p464434/512x556/p464434_t7104_2021_1_001_000.png,6.0,6.0,0.0,0.0,1.0,0.0,0.0,16.0,0.0,2.0,1.0,1.0,0.0,32.0,0.0,0.0,0.0,1.0,0.0,0.0,1.0,1.0,13.0,6.0,18.0,3.0,3.0,19.0,32.0,5.0,4.0,0.0,4.0,9.0,0.0,Forward,-7.18
23644.0,Pedro Alejandro García Mejías,Ale Garcia,male,2003-03-19T00:00:00+00:00,,179.0,UD Las Palmas,LPA,https://assets.laliga.com/assets/2019/06/07/medium/las-palmas.png,27.0,Forward,https://assets.laliga.com/squad/2021/t407/p549552/512x556/p549552_t407_2021_1_001_000.png,1.0,4.0,0.0,0.0,0.0,0.0,0.0,2.0,0.0,0.0,0.0,0.0,0.0,21.0,0.0,0.0,0.0,0.0,0.0,0.0,0.0,0.0,8.0,7.0,15.0,1.0,0.0,10.0,21.0,1.0,1.0,0.0,0.0,6.0,0.0,Defender,-7.29
26542.0,Marc Tenas,M. Tenas,male,2001-05-30T00:00:00+00:00,,,Deportivo Alavés,ALA,https://assets.laliga.com/assets/2020/09/01/medium/27002754a98bf535807fe49a24cc63ea.png,40.0,Forward,,1.0,3.0,0.0,0.0,0.0,0.0,0.0,4.0,0.0,2.0,0.0,1.0,0.0,19.0,0.0,0.0,0.0,0.0,0.0,0.0,1.0,0.0,9.0,5.0,14.0,0.0,3.0,12.0,19.0,1.0,1.0,0.0,0.0,5.0,2.0,Defender,-7.3100000000000005
9642.0,Hugo Vallejo,Hugo Vallejo,male,2000-02-15T00:00:00+00:00,77.0,181.0,Real Valladolid CF,VLL,https://assets.laliga.com/assets/2019/06/07/medium/valladolid.png,27.0,Forward,https://assets.laliga.com/squad/2021/t192/p474289/512x556/p474289_t192_2021_1_001_000.png,2.0,2.0,0.0,0.0,0.0,0.0,0.0,4.0,0.0,0.0,0.0,0.0,0.0,15.0,0.0,0.0,0.0,0.0,0.0,0.0,1.0,0.0,11.0,0.0,11.0,1.0,1.0,10.0,15.0,0.0,2.0,2.0,0.0,4.0,1.0,Defender,-7.35
62.0,Gareth Bale,Bale,male,1989-07-16T00:00:00+00:00,81.0,185.0,Real Madrid,RMA,https://assets.laliga.com/assets/2019/06/07/medium/real-madrid.png,18.0,Forward,https://assets.laliga.com/squad/2021/t186/p36903/512x556/p36903_t186_2021_1_001_000.png,7.0,5.0,0.0,2.0,0.0,0.0,0.0,10.0,1.0,3.0,2.0,2.0,1.0,59.0,0.0,0.0,0.0,6.0,0.0,2.0,1.0,1.0,33.0,12.0,42.0,0.0,3.0,31.0,59.0,2.0,15.0,3.0,2.0,14.0,2.0,Defender,-7.41
23026.0,Javier Martón,Martón,male,1999-05-06T00:00:00+00:00,,,R. Sociedad B,RSOB,https://assets.laliga.com/assets/2019/06/07/medium/real-sociedad.png,19.0,Forward,https://assets.laliga.com/squad/2021/t3567/p546282/512x556/p546282_t3567_2021_1_001_000.png,6.0,15.0,0.0,0.0,0.0,0.0,0.0,20.0,0.0,5.0,0.0,2.0,3.0,33.0,0.0,0.0,0.0,4.0,0.0,0.0,2.0,0.0,14.0,9.0,23.0,1.0,2.0,34.0,34.0,1.0,15.0,2.0,0.0,11.0,1.0,Forward,-7.66
25331.0,Javier Moreno,Javi Moreno,male,2000-05-16T00:00:00+00:00,,,Real Oviedo,OVI,https://assets.laliga.com/assets/2019/06/07/medium/oviedo.png,28.0,Defender,,2.0,1.0,0.0,0.0,0.0,0.0,0.0,2.0,0.0,0.0,1.0,0.0,0.0,21.0,0.0,0.0,0.0,0.0,0.0,0.0,0.0,2.0,6.0,8.0,12.0,0.0,0.0,10.0,22.0,0.0,0.0,0.0,4.0,4.0,0.0,Forward,-7.78
6679.0,Dyego Wilverson Ferreira Sousa,Dyego,male,1989-09-14T00:00:00+00:00,87.0,190.0,UD Almería,ALM,https://assets.laliga.com/assets/2019/06/07/medium/almeria.png,11.0,Forward,https://assets.laliga.com/squad/2021/t1564/p192426/512x556/p192426_t1564_2021_1_001_000.png,33.0,24.0,5.0,0.0,2.0,0.0,0.0,61.0,5.0,5.0,3.0,5.0,4.0,178.0,0.0,0.0,0.0,10.0,0.0,1.0,12.0,1.0,88.0,41.0,127.0,6.0,20.0,122.0,185.0,6.0,46.0,7.0,5.0,52.0,4.0,Midfielder,-8.150000000000006
23263.0,Haissem Hassan,Hassan,male,2002-02-08T00:00:00+00:00,71.0,177.0,CD Mirandés,MIR,https://assets.laliga.com/assets/2019/06/07/medium/mirandes.png,9.0,Midfielder,https://assets.laliga.com/squad/2021/t5741/p458310/512x556/p458310_t5741_2021_1_001_000.png,1.0,35.0,5.0,0.0,0.0,0.0,0.0,148.0,3.0,30.0,2.0,9.0,4.0,418.0,0.0,0.0,0.0,13.0,0.0,12.0,79.0,19.0,262.0,118.0,347.0,0.0,16.0,258.0,432.0,18.0,70.0,49.0,7.0,59.0,1.0,Forward,-8.180000000000007
6941.0,Francisco Feuillasier Abalo,Feuillassier,male,1998-05-12T00:00:00+00:00,68.0,172.0,SD Eibar,EIB,https://assets.laliga.com/assets/2019/06/07/medium/eibar.png,11.0,Forward,https://assets.laliga.com/squad/2021/t953/p235639/512x556/p235639_t953_2021_1_001_000.png,0.0,8.0,0.0,0.0,0.0,0.0,0.0,15.0,0.0,2.0,3.0,3.0,0.0,43.0,0.0,0.0,0.0,2.0,0.0,0.0,7.0,1.0,27.0,9.0,35.0,2.0,9.0,28.0,43.0,5.0,11.0,7.0,1.0,6.0,1.0,Defender,-8.57
4545.0,Ana González,Ana González,female,1995-03-26T00:00:00+00:00,60.0,161.0,R. Betis Féminas,RBB,https://assets.laliga.com/assets/2019/06/07/medium/betis.png,4.0,Defender,https://assets.laliga.com/squad/2021/t13322/p434438/512x556/p434438_t13322_2021_1_001_000.png,0.0,28.0,0.0,0.0,0.0,0.0,8.0,0.0,0.0,42.0,0.0,0.0,0.0,0.0,0.0,0.0,0.0,0.0,0.0,0.0,0.0,0.0,0.0,0.0,0.0,0.0,0.0,0.0,0.0,0.0,0.0,0.0,0.0,0.0,9.0,Forward,-9.0
1703.0,Florin Andone,Andone,male,1993-04-11T00:00:00+00:00,78.0,180.0,Cádiz CF,CAD,https://assets.laliga.com/assets/2019/06/07/medium/cadiz.png,17.0,Forward,https://assets.laliga.com/squad/2021/t1737/p93284/512x556/p93284_t1737_2021_1_001_000.png,7.0,5.0,0.0,0.0,0.0,0.0,0.0,12.0,0.0,7.0,0.0,3.0,3.0,32.0,0.0,0.0,0.0,1.0,0.0,0.0,2.0,0.0,14.0,11.0,25.0,1.0,3.0,25.0,38.0,1.0,7.0,0.0,1.0,12.0,1.0,Defender,-9.12
2076.0,Joaquín Sánchez Rodríguez,Joaquín,male,1981-07-21T00:00:00+00:00,75.0,179.0,Real Betis,BET,https://assets.laliga.com/assets/2019/06/07/medium/betis.png,17.0,Forward,https://assets.laliga.com/squad/2021/t185/p10316/512x556/p10316_t185_2021_1_001_000.png,3.0,21.0,1.0,0.0,2.0,0.0,0.0,35.0,0.0,5.0,3.0,13.0,0.0,217.0,0.0,0.0,0.0,3.0,0.0,3.0,17.0,5.0,163.0,46.0,194.0,6.0,1.0,91.0,234.0,6.0,23.0,13.0,3.0,32.0,0.0,Midfielder,-9.159999999999997
12722.0,Anssumane Fati Vieira,Ansu Fati,male,2002-10-31T00:00:00+00:00,66.0,178.0,FC Barcelona,BAR,https://assets.laliga.com/assets/2019/06/07/medium/barcelona.png,10.0,Forward,https://assets.laliga.com/squad/2021/t178/p465607/512x556/p465607_t178_2021_1_001_000.png,1.0,10.0,0.0,1.0,0.0,0.0,0.0,20.0,4.0,4.0,1.0,2.0,3.0,146.0,0.0,0.0,0.0,8.0,0.0,1.0,4.0,2.0,106.0,26.0,129.0,0.0,9.0,61.0,154.0,3.0,37.0,10.0,1.0,22.0,0.0,Forward,-9.46
8714.0,Hicham Boussefiane,Hicham,male,1998-01-09T00:00:00+00:00,65.0,177.0,Málaga CF,MGA,https://assets.laliga.com/assets/2019/06/07/medium/malaga.png,11.0,Midfielder,https://assets.laliga.com/squad/2021/t182/p438838/512x556/p438838_t182_2021_1_001_000.png,1.0,6.0,1.0,0.0,0.0,0.0,0.0,15.0,0.0,5.0,2.0,2.0,1.0,45.0,0.0,0.0,0.0,0.0,0.0,3.0,4.0,1.0,25.0,14.0,35.0,0.0,1.0,28.0,45.0,5.0,4.0,6.0,0.0,9.0,0.0,Forward,-9.55
4115.0,Miguel Llambrich,M. Llambrich,male,1996-01-18T00:00:00+00:00,68.0,170.0,RCD Espanyol de Barcelona,ESP,https://assets.laliga.com/assets/2019/06/07/medium/espanyol.png,2.0,Defender,https://assets.laliga.com/squad/2021/t177/p220162/512x556/p220162_t177_2021_1_001_000.png,0.0,2.0,0.0,0.0,0.0,0.0,0.0,5.0,0.0,2.0,0.0,0.0,0.0,38.0,0.0,0.0,0.0,0.0,0.0,0.0,2.0,0.0,14.0,14.0,28.0,3.0,0.0,16.0,38.0,2.0,0.0,1.0,4.0,6.0,0.0,Forward,-10.120000000000001
8515.0,Vinicius José Paixão de Oliveira Júnior,Vini Jr.,male,2000-07-12T00:00:00+00:00,73.0,176.0,Real Madrid,RMA,https://assets.laliga.com/assets/2019/06/07/medium/real-madrid.png,20.0,Forward,https://assets.laliga.com/squad/2021/t186/p246333/512x556/p246333_t186_2021_1_001_000.png,3.0,35.0,10.0,0.0,0.0,0.0,8.0,218.0,17.0,22.0,6.0,58.0,26.0,1219.0,0.0,0.0,0.0,43.0,0.0,10.0,95.0,42.0,890.0,176.0,1014.0,0.0,34.0,498.0,1230.0,46.0,260.0,114.0,10.0,164.0,6.0,Forward,-10.199999999999989
14855.0,Aboubakary Kante,A. Kante,male,1994-08-11T00:00:00+00:00,81.0,184.0,CF Fuenlabrada,FUE,https://assets.laliga.com/assets/2019/06/07/medium/fuenlabrada.png,11.0,Forward,https://assets.laliga.com/squad/2021/t7104/p213579/512x556/p213579_t7104_2021_1_001_000.png,26.0,25.0,0.0,0.0,1.0,0.0,1.0,63.0,5.0,24.0,5.0,7.0,10.0,144.0,0.0,0.0,0.0,11.0,1.0,0.0,15.0,1.0,82.0,44.0,125.0,6.0,26.0,106.0,169.0,7.0,70.0,8.0,1.0,42.0,2.0,Defender,-10.310000000000002
1097.0,Munir El-Haddadi,Munir,male,1995-09-01T00:00:00+00:00,69.0,175.0,Sevilla FC,SEV,https://assets.laliga.com/assets/2019/06/07/medium/sevilla.png,11.0,Forward,https://assets.laliga.com/squad/2021/t179/p170864/512x556/p170864_t179_2021_1_001_000.png,8.0,16.0,0.0,0.0,1.0,0.0,0.0,31.0,2.0,6.0,5.0,7.0,3.0,124.0,0.0,0.0,0.0,7.0,0.0,2.0,2.0,3.0,72.0,28.0,95.0,2.0,7.0,63.0,124.0,8.0,17.0,6.0,0.0,26.0,3.0,Midfielder,-10.759999999999998
25407.0,Iker Benito,I. Benito,male,2002-08-10T00:00:00+00:00,,,CA Osasuna,OSA,https://assets.laliga.com/assets/2019/06/07/medium/osasuna.png,33.0,Forward,,1.0,4.0,0.0,0.0,0.0,0.0,0.0,8.0,0.0,4.0,0.0,1.0,0.0,23.0,0.0,0.0,0.0,1.0,0.0,1.0,2.0,0.0,10.0,9.0,18.0,1.0,1.0,23.0,23.0,2.0,0.0,4.0,1.0,4.0,1.0,Midfielder,-10.77
1495.0,Rubén Peña,R. Peña,male,1991-07-18T00:00:00+00:00,65.0,170.0,Villarreal CF,VIL,https://assets.laliga.com/assets/2019/06/07/medium/villarreal.png,20.0,Forward,https://assets.laliga.com/squad/2021/t449/p126290/512x556/p126290_t449_2021_1_001_000.png,3.0,7.0,0.0,0.0,0.0,0.0,0.0,11.0,0.0,0.0,5.0,2.0,0.0,44.0,0.0,0.0,0.0,2.0,0.0,2.0,2.0,1.0,27.0,10.0,34.0,1.0,8.0,25.0,44.0,2.0,7.0,3.0,1.0,8.0,1.0,Goalkeeper,-11.06
19217.0,Ander Martín,Martin,male,2000-11-16T00:00:00+00:00,,,Real Sociedad,RSO,https://assets.laliga.com/assets/2019/06/07/medium/real-sociedad.png,47.0,Forward,,2.0,5.0,0.0,0.0,0.0,0.0,0.0,4.0,0.0,2.0,3.0,2.0,0.0,41.0,0.0,0.0,0.0,2.0,0.0,0.0,1.0,0.0,25.0,10.0,34.0,1.0,4.0,23.0,43.0,1.0,4.0,3.0,3.0,6.0,0.0,Midfielder,-11.07
19217.0,Ander Martín,Martin,male,2000-11-16T00:00:00+00:00,,,Real Sociedad,RSO,https://assets.laliga.com/assets/2019/06/07/medium/real-sociedad.png,,Forward,,2.0,5.0,0.0,0.0,0.0,0.0,0.0,4.0,0.0,2.0,3.0,2.0,0.0,41.0,0.0,0.0,0.0,2.0,0.0,0.0,1.0,0.0,25.0,10.0,34.0,1.0,4.0,23.0,43.0,1.0,4.0,3.0,3.0,6.0,0.0,Defender,-11.07
9672.0,Lei Wu,Wu Lei,male,1991-11-19T00:00:00+00:00,66.0,174.0,RCD Espanyol de Barcelona,ESP,https://assets.laliga.com/assets/2019/06/07/medium/espanyol.png,7.0,Forward,https://assets.laliga.com/squad/2021/t177/p116730/512x556/p116730_t177_2021_1_001_000.png,8.0,23.0,0.0,0.0,0.0,0.0,0.0,17.0,1.0,7.0,4.0,7.0,5.0,82.0,0.0,0.0,0.0,5.0,0.0,1.0,1.0,3.0,34.0,25.0,55.0,3.0,5.0,43.0,83.0,3.0,18.0,5.0,0.0,25.0,0.0,Forward,-11.170000000000002
14411.0,Germán Valera,Valera,male,2002-03-16T00:00:00+00:00,68.0,170.0,Real Sociedad,RSO,https://assets.laliga.com/assets/2019/06/07/medium/real-sociedad.png,41.0,Forward,,1.0,3.0,0.0,0.0,0.0,0.0,0.0,6.0,0.0,1.0,0.0,0.0,0.0,17.0,0.0,0.0,0.0,0.0,0.0,0.0,2.0,1.0,10.0,4.0,13.0,1.0,3.0,14.0,17.0,3.0,0.0,5.0,1.0,2.0,0.0,Midfielder,-11.33
13532.0,Ismael Ruiz,Isma Ruiz,male,2001-02-14T00:00:00+00:00,67.0,180.0,Granada CF,GRA,https://assets.laliga.com/assets/2019/06/07/medium/granada.png,26.0,Midfielder,https://assets.laliga.com/squad/2021/t5683/p485215/512x556/p485215_t5683_2021_1_001_000.png,3.0,8.0,0.0,0.0,2.0,0.0,0.0,11.0,0.0,5.0,3.0,2.0,1.0,123.0,0.0,0.0,0.0,1.0,0.0,0.0,2.0,7.0,55.0,48.0,96.0,2.0,2.0,23.0,123.0,3.0,3.0,0.0,4.0,16.0,1.0,Forward,-11.77
24143.0,Manuel Rico del Valle,Manu Rico,male,2003-01-11T00:00:00+00:00,,,SD Huesca,HUE,https://assets.laliga.com/assets/2019/06/07/medium/huesca.png,31.0,Midfielder,,1.0,3.0,0.0,0.0,0.0,0.0,0.0,4.0,0.0,0.0,1.0,0.0,0.0,21.0,0.0,0.0,0.0,0.0,0.0,0.0,1.0,2.0,10.0,6.0,14.0,0.0,5.0,12.0,21.0,2.0,2.0,2.0,1.0,4.0,1.0,Forward,-11.79
18422.0,Boulaye Dia,Dia,male,1996-11-16T00:00:00+00:00,75.0,180.0,Villarreal CF,VIL,https://assets.laliga.com/assets/2019/06/07/medium/villarreal.png,16.0,Forward,https://assets.laliga.com/squad/2021/t449/p468488/512x556/p468488_t449_2021_1_001_000.png,31.0,25.0,3.0,0.0,1.0,0.0,2.0,63.0,5.0,9.0,5.0,12.0,7.0,236.0,0.0,0.0,0.0,11.0,0.0,0.0,11.0,3.0,120.0,69.0,186.0,3.0,23.0,130.0,251.0,8.0,81.0,10.0,2.0,60.0,3.0,Forward,-11.989999999999995
19186.0,Rubén Sánchez,Ruben,male,2001-02-04T00:00:00+00:00,,,RCD Espanyol de Barcelona,ESP,https://assets.laliga.com/assets/2019/06/07/medium/espanyol.png,39.0,Midfielder,,5.0,4.0,1.0,0.0,0.0,0.0,0.0,15.0,0.0,3.0,2.0,0.0,0.0,46.0,0.0,0.0,0.0,0.0,0.0,0.0,3.0,1.0,8.0,25.0,32.0,4.0,4.0,29.0,46.0,6.0,1.0,0.0,2.0,11.0,0.0,Forward,-12.04
8833.0,Borja Garcés,Borja Garcés,male,1999-08-06T00:00:00+00:00,71.0,175.0,CD Leganés,LEG,https://assets.laliga.com/assets/2019/06/07/medium/leganes.png,28.0,Forward,https://assets.laliga.com/squad/2021/t957/p445201/512x556/p445201_t957_2021_1_001_000.png,33.0,28.0,0.0,0.0,1.0,0.0,0.0,76.0,5.0,16.0,0.0,6.0,6.0,165.0,0.0,0.0,0.0,11.0,0.0,0.0,8.0,7.0,84.0,54.0,131.0,18.0,25.0,117.0,190.0,7.0,43.0,3.0,4.0,48.0,4.0,Goalkeeper,-12.099999999999994
16949.0,Haitam Abaida,Haitam,male,2002-06-01T00:00:00+00:00,70.0,172.0,Málaga CF,MGA,https://assets.laliga.com/assets/2019/06/07/medium/malaga.png,34.0,Forward,https://assets.laliga.com/squad/2021/t182/p482236/512x556/p482236_t182_2021_1_001_000.png,0.0,4.0,1.0,0.0,0.0,0.0,0.0,5.0,0.0,2.0,1.0,0.0,1.0,21.0,0.0,0.0,0.0,0.0,1.0,0.0,2.0,3.0,11.0,3.0,11.0,0.0,1.0,21.0,21.0,1.0,2.0,1.0,2.0,5.0,0.0,Midfielder,-12.29
8678.0,Martín Merquelanz,Merquelanz,male,1995-06-12T00:00:00+00:00,72.0,176.0,Rayo Vallecano,RAY,https://assets.laliga.com/assets/2019/06/07/medium/rayo.png,17.0,Forward,https://assets.laliga.com/squad/2021/t184/p201177/512x556/p201177_t184_2021_1_001_000.png,3.0,4.0,0.0,1.0,0.0,0.0,0.0,10.0,0.0,1.0,0.0,7.0,0.0,54.0,0.0,0.0,0.0,0.0,0.0,2.0,3.0,1.0,32.0,16.0,41.0,1.0,2.0,37.0,57.0,2.0,2.0,7.0,3.0,12.0,0.0,Defender,-12.43
14513.0,Julen Lobete,Lobete,male,2000-09-18T00:00:00+00:00,,,Real Sociedad,RSO,https://assets.laliga.com/assets/2019/06/07/medium/real-sociedad.png,35.0,Forward,https://assets.laliga.com/squad/2021/t188/p495392/512x556/p495392_t188_2021_0_001_000.png,4.0,13.0,0.0,0.0,1.0,0.0,1.0,22.0,2.0,4.0,1.0,1.0,5.0,49.0,0.0,0.0,0.0,2.0,0.0,0.0,3.0,1.0,29.0,15.0,43.0,1.0,9.0,38.0,55.0,4.0,17.0,6.0,0.0,11.0,0.0,Goalkeeper,-12.45
16375.0,Raúl Parra,Raúl Parra,male,1999-11-26T00:00:00+00:00,,,Cádiz CF,CAD,https://assets.laliga.com/assets/2019/06/07/medium/cadiz.png,36.0,Defender,,0.0,2.0,0.0,0.0,0.0,0.0,0.0,3.0,0.0,1.0,0.0,0.0,0.0,24.0,0.0,0.0,0.0,0.0,0.0,0.0,0.0,1.0,4.0,10.0,13.0,5.0,0.0,14.0,25.0,2.0,0.0,1.0,4.0,7.0,0.0,Forward,-12.75
23349.0,Ethyan González,Ethyan,male,2002-06-06T00:00:00+00:00,,,CD Tenerife,TEN,https://assets.laliga.com/assets/2019/06/07/medium/tenerife.png,27.0,Forward,https://assets.laliga.com/squad/2021/t612/p546933/512x556/p546933_t612_2021_1_001_000.png,1.0,7.0,0.0,0.0,0.0,0.0,0.0,4.0,0.0,3.0,0.0,1.0,1.0,13.0,0.0,0.0,0.0,1.0,1.0,0.0,0.0,0.0,5.0,3.0,8.0,1.0,7.0,13.0,15.0,1.0,4.0,1.0,0.0,7.0,0.0,Midfielder,-13.35
14676.0,Koba Koindredi,K.koba Leïn,male,2001-10-27T00:00:00+00:00,,,Valencia CF,VAL,https://assets.laliga.com/assets/2019/06/07/medium/valencia.png,18.0,Midfielder,https://assets.laliga.com/squad/2021/t191/p485339/512x556/p485339_t191_2021_1_001_000.png,5.0,10.0,0.0,0.0,0.0,0.0,0.0,17.0,0.0,5.0,4.0,2.0,0.0,44.0,0.0,0.0,0.0,0.0,0.0,0.0,2.0,2.0,18.0,12.0,28.0,4.0,8.0,27.0,44.0,4.0,2.0,1.0,4.0,10.0,1.0,Forward,-13.559999999999999
1187.0,Matías Nahuel Leiva Esquivel,Nahuel,male,1996-11-22T00:00:00+00:00,70.0,176.0,CD Tenerife,TEN,https://assets.laliga.com/assets/2019/06/07/medium/tenerife.png,17.0,Forward,https://assets.laliga.com/squad/2021/t612/p178063/512x556/p178063_t612_2021_1_001_000.png,0.0,4.0,0.0,0.0,1.0,0.0,0.0,2.0,0.0,3.0,0.0,1.0,0.0,42.0,0.0,0.0,0.0,0.0,0.0,0.0,0.0,3.0,25.0,12.0,34.0,0.0,2.0,15.0,43.0,1.0,6.0,3.0,2.0,4.0,2.0,Defender,-13.57
15893.0,Iván Romero,Iván,male,2001-04-10T00:00:00+00:00,,172.0,Sevilla FC,SEV,https://assets.laliga.com/assets/2019/06/07/medium/sevilla.png,36.0,Forward,https://assets.laliga.com/squad/2021/t179/p521508/512x556/p521508_t179_2021_1_001_000.png,1.0,5.0,0.0,0.0,0.0,0.0,0.0,12.0,0.0,1.0,2.0,0.0,1.0,30.0,0.0,0.0,0.0,1.0,0.0,0.0,3.0,0.0,16.0,12.0,28.0,0.0,4.0,24.0,34.0,2.0,7.0,6.0,1.0,5.0,0.0,Goalkeeper,-14.16
143.0,Víctor Machín Pérez,Vitolo,male,1989-11-02T00:00:00+00:00,80.0,185.0,Getafe CF,GET,https://assets.laliga.com/assets/2019/06/07/medium/getafe.png,8.0,Forward,https://assets.laliga.com/squad/2021/t1450/p86399/512x556/p86399_t1450_2021_1_001_000.png,4.0,7.0,0.0,0.0,0.0,0.0,0.0,21.0,0.0,3.0,1.0,3.0,1.0,104.0,0.0,0.0,0.0,0.0,0.0,0.0,5.0,0.0,71.0,14.0,85.0,1.0,7.0,33.0,106.0,3.0,7.0,4.0,2.0,19.0,0.0,Forward,-14.439999999999998
219.0,Borja González Tomás,Borja,male,1992-08-25T00:00:00+00:00,83.0,186.0,Real Oviedo,OVI,https://assets.laliga.com/assets/2019/06/07/medium/oviedo.png,9.0,Forward,https://assets.laliga.com/squad/2021/t187/p83091/512x556/p83091_t187_2021_1_001_000.png,118.0,40.0,2.0,0.0,6.0,0.0,7.0,214.0,22.0,32.0,9.0,21.0,21.0,656.0,0.0,0.0,0.0,39.0,0.0,1.0,18.0,14.0,287.0,227.0,499.0,49.0,49.0,386.0,721.0,12.0,150.0,11.0,10.0,198.0,4.0,Forward,-14.789999999999964
1819.0,Borja Mayoral,B. Mayoral,male,1997-04-05T00:00:00+00:00,74.0,182.0,Getafe CF,GET,https://assets.laliga.com/assets/2019/06/07/medium/getafe.png,25.0,Forward,https://assets.laliga.com/squad/2021/t1450/p199248/512x556/p199248_t1450_2021_1_001_000.png,21.0,18.0,1.0,0.0,4.0,0.0,0.0,62.0,6.0,10.0,4.0,12.0,4.0,236.0,0.0,0.0,0.0,7.0,0.0,3.0,14.0,6.0,128.0,61.0,180.0,3.0,13.0,129.0,253.0,7.0,47.0,15.0,6.0,61.0,3.0,Defender,-14.969999999999999
1850.0,John Guidetti,Guidetti,male,1992-04-15T00:00:00+00:00,79.0,185.0,Deportivo Alavés,ALA,https://assets.laliga.com/assets/2020/09/01/medium/27002754a98bf535807fe49a24cc63ea.png,10.0,Forward,https://assets.laliga.com/squad/2021/t173/p82970/512x556/p82970_t173_2021_1_001_000.png,1.0,10.0,0.0,1.0,0.0,0.0,0.0,10.0,0.0,7.0,0.0,4.0,3.0,66.0,0.0,0.0,0.0,2.0,0.0,0.0,4.0,1.0,43.0,11.0,53.0,0.0,9.0,32.0,70.0,2.0,19.0,2.0,1.0,15.0,2.0,Defender,-15.8
7487.0,Ricard Puig Martí,Riqui Puig,male,1999-08-13T00:00:00+00:00,56.0,169.0,FC Barcelona,BAR,https://assets.laliga.com/assets/2019/06/07/medium/barcelona.png,6.0,Forward,https://assets.laliga.com/squad/2021/t178/p437765/512x556/p437765_t178_2021_1_001_000.png,1.0,15.0,0.0,0.0,0.0,0.0,2.0,22.0,1.0,4.0,3.0,5.0,0.0,441.0,0.0,0.0,0.0,3.0,0.0,0.0,5.0,16.0,285.0,132.0,401.0,0.0,9.0,58.0,450.0,6.0,12.0,3.0,4.0,29.0,0.0,Midfielder,-16.0
18024.0,Matthew Hoppe,Hoppe,male,2001-03-13T00:00:00+00:00,80.0,191.0,RCD Mallorca,MLL,https://assets.laliga.com/assets/2019/06/07/medium/mallorca.png,11.0,Forward,https://assets.laliga.com/squad/2021/t181/p426384/512x556/p426384_t181_2021_1_001_000.png,2.0,5.0,0.0,0.0,0.0,0.0,0.0,4.0,0.0,5.0,0.0,2.0,2.0,29.0,0.0,0.0,0.0,0.0,0.0,0.0,0.0,0.0,12.0,12.0,24.0,0.0,4.0,20.0,34.0,1.0,4.0,3.0,0.0,10.0,0.0,Forward,-16.16
24164.0,Eric Ramírez,Eric Ramirez,male,1998-11-20T00:00:00+00:00,85.0,190.0,Real Sporting,SPO,https://assets.laliga.com/assets/2019/06/07/medium/sporting.png,24.0,Forward,,10.0,12.0,0.0,0.0,0.0,0.0,0.0,23.0,0.0,6.0,0.0,4.0,4.0,40.0,0.0,0.0,0.0,4.0,0.0,0.0,4.0,0.0,17.0,5.0,22.0,1.0,5.0,46.0,41.0,3.0,17.0,3.0,1.0,18.0,3.0,Forward,-16.59
11970.0,Simón Moreno,Simón,male,1997-07-02T00:00:00+00:00,,,CD Mirandés,MIR,https://assets.laliga.com/assets/2019/06/07/medium/mirandes.png,11.0,Forward,https://assets.laliga.com/squad/2021/t5741/p435046/512x556/p435046_t5741_2021_1_001_000.png,10.0,13.0,1.0,0.0,0.0,0.0,0.0,55.0,4.0,13.0,5.0,5.0,3.0,240.0,0.0,0.0,0.0,11.0,0.0,1.0,20.0,15.0,119.0,62.0,165.0,6.0,18.0,108.0,241.0,13.0,32.0,12.0,4.0,57.0,1.0,Defender,-16.590000000000003
14508.0,Fernando Niño,F. Niño,male,2000-10-24T00:00:00+00:00,,,RCD Mallorca,MLL,https://assets.laliga.com/assets/2019/06/07/medium/mallorca.png,26.0,Forward,https://assets.laliga.com/squad/2021/t181/p502290/512x556/p502290_t181_2021_1_001_000.png,47.0,23.0,0.0,0.0,2.0,0.0,0.0,84.0,2.0,20.0,3.0,9.0,3.0,192.0,0.0,0.0,0.0,13.0,0.0,1.0,9.0,1.0,92.0,53.0,143.0,13.0,18.0,117.0,212.0,10.0,40.0,7.0,2.0,66.0,2.0,Midfielder,-17.879999999999995
14070.0,Leonardo Román Riquelme,Leo Roman,male,2000-07-06T00:00:00+00:00,,,RCD Mallorca,MLL,https://assets.laliga.com/assets/2019/06/07/medium/mallorca.png,31.0,Goalkeeper,https://assets.laliga.com/squad/2021/t181/p500755/512x556/p500755_t181_2021_1_001_000.png,0.0,2.0,0.0,0.0,0.0,1.0,0.0,1.0,0.0,5.0,0.0,0.0,0.0,36.0,0.0,0.0,10.0,0.0,0.0,0.0,1.0,9.0,4.0,36.0,31.0,3.0,0.0,20.0,60.0,0.0,0.0,0.0,20.0,0.0,0.0,Forward,-17.9
147.0,Carlos Bacca,Bacca,male,1986-09-08T00:00:00+00:00,77.0,181.0,Granada CF,GRA,https://assets.laliga.com/assets/2019/06/07/medium/granada.png,20.0,Forward,https://assets.laliga.com/squad/2021/t5683/p111274/512x556/p111274_t5683_2021_1_001_000.png,8.0,17.0,1.0,0.0,0.0,0.0,0.0,27.0,0.0,9.0,1.0,6.0,5.0,88.0,0.0,0.0,0.0,2.0,0.0,0.0,7.0,2.0,46.0,15.0,59.0,4.0,3.0,53.0,93.0,4.0,21.0,4.0,2.0,30.0,3.0,Defender,-18.57
724.0,Pablo Piatti,P. Piatti,male,1989-03-31T00:00:00+00:00,63.0,163.0,Elche CF,ELC,https://assets.laliga.com/assets/2019/06/07/medium/elche.png,20.0,Forward,https://assets.laliga.com/squad/2021/t954/p51271/512x556/p51271_t954_2021_1_001_000.png,7.0,10.0,0.0,0.0,1.0,0.0,0.0,26.0,0.0,6.0,2.0,4.0,1.0,95.0,0.0,0.0,0.0,2.0,0.0,0.0,2.0,2.0,55.0,19.0,72.0,2.0,8.0,44.0,97.0,9.0,5.0,3.0,0.0,23.0,0.0,Goalkeeper,-19.03
4597.0,Mario González,Mario G.,male,1996-02-25T00:00:00+00:00,76.0,183.0,CD Tenerife,TEN,https://assets.laliga.com/assets/2019/06/07/medium/tenerife.png,7.0,Forward,https://assets.laliga.com/squad/2021/t612/p226114/512x556/p226114_t612_2021_1_001_000.png,44.0,18.0,0.0,0.0,0.0,0.0,0.0,67.0,6.0,11.0,1.0,6.0,8.0,144.0,0.0,0.0,0.0,14.0,0.0,0.0,9.0,2.0,69.0,17.0,84.0,9.0,16.0,128.0,145.0,3.0,57.0,14.0,5.0,54.0,1.0,Forward,-19.049999999999997
22797.0,Julen Agirrezabala,Agirrezabala,male,2000-12-26T00:00:00+00:00,,,Athletic Club,ATH,https://assets.laliga.com/assets/2019/06/07/medium/athletic.png,26.0,Goalkeeper,https://assets.laliga.com/squad/2021/t174/p470508/512x556/p470508_t174_2021_1_001_000.png,0.0,4.0,0.0,0.0,0.0,1.0,1.0,0.0,0.0,5.0,0.0,0.0,0.0,31.0,0.0,0.0,15.0,0.0,0.0,0.0,0.0,15.0,10.0,40.0,35.0,4.0,0.0,20.0,70.0,0.0,0.0,0.0,20.0,0.0,0.0,Forward,-19.3
2628.0,Memphis Depay,Memphis,male,1994-02-13T00:00:00+00:00,78.0,176.0,FC Barcelona,BAR,https://assets.laliga.com/assets/2019/06/07/medium/barcelona.png,9.0,Forward,https://assets.laliga.com/squad/2021/t178/p106824/512x556/p106824_t178_2021_1_001_000.png,10.0,28.0,2.0,6.0,1.0,0.0,3.0,109.0,12.0,21.0,3.0,43.0,13.0,735.0,0.0,0.0,0.0,34.0,0.0,12.0,45.0,17.0,552.0,149.0,647.0,4.0,23.0,392.0,809.0,10.0,140.0,29.0,10.0,135.0,3.0,Defender,-19.410000000000025
1929.0,Mamadou Sylla,M. Sylla,male,1994-03-20T00:00:00+00:00,84.0,184.0,Rayo Vallecano,RAY,https://assets.laliga.com/assets/2019/06/07/medium/rayo.png,11.0,Forward,https://assets.laliga.com/squad/2021/t184/p207721/512x556/p207721_t184_2021_1_001_000.png,14.0,12.0,0.0,1.0,0.0,0.0,0.0,23.0,0.0,8.0,4.0,2.0,2.0,58.0,0.0,0.0,0.0,1.0,0.0,0.0,4.0,3.0,32.0,13.0,42.0,3.0,8.0,41.0,62.0,1.0,22.0,4.0,1.0,16.0,2.0,Midfielder,-19.880000000000003
1929.0,Mamadou Sylla,M. Sylla,male,1994-03-20T00:00:00+00:00,84.0,184.0,Rayo Vallecano,RAY,https://assets.laliga.com/assets/2019/06/07/medium/rayo.png,11.0,Forward,https://assets.laliga.com/squad/2021/t184/p207721/512x556/p207721_t184_2021_1_001_000.png,14.0,12.0,0.0,1.0,0.0,0.0,0.0,23.0,0.0,8.0,4.0,2.0,2.0,58.0,0.0,0.0,0.0,1.0,0.0,0.0,4.0,3.0,32.0,13.0,42.0,3.0,8.0,41.0,62.0,1.0,22.0,4.0,1.0,16.0,2.0,Midfielder,-19.880000000000003
9145.0,Landry Dimata,Dimata,male,1997-09-01T00:00:00+00:00,81.0,185.0,RCD Espanyol de Barcelona,ESP,https://assets.laliga.com/assets/2019/06/07/medium/espanyol.png,18.0,Forward,https://assets.laliga.com/squad/2021/t177/p220267/512x556/p220267_t177_2021_1_001_000.png,18.0,17.0,0.0,0.0,0.0,0.0,0.0,45.0,0.0,10.0,1.0,5.0,3.0,85.0,0.0,0.0,0.0,0.0,0.0,0.0,6.0,2.0,45.0,22.0,65.0,7.0,14.0,64.0,92.0,2.0,23.0,4.0,1.0,24.0,0.0,Goalkeeper,-20.08
9675.0,Lucas Olaza,L. Olaza,male,1994-07-21T00:00:00+00:00,68.0,173.0,Elche CF,ELC,https://assets.laliga.com/assets/2019/06/07/medium/elche.png,12.0,Defender,https://assets.laliga.com/squad/2021/t954/p152563/512x556/p152563_t954_2021_1_001_000.png,1.0,5.0,0.0,0.0,1.0,0.0,0.0,12.0,1.0,4.0,4.0,6.0,0.0,158.0,0.0,0.0,0.0,1.0,0.0,2.0,2.0,5.0,66.0,65.0,124.0,5.0,3.0,56.0,160.0,5.0,3.0,0.0,4.0,27.0,1.0,Forward,-20.4
1919.0,Juan Villar,Juan Villar,male,1988-05-19T00:00:00+00:00,72.0,182.0,UD Almería,ALM,https://assets.laliga.com/assets/2019/06/07/medium/almeria.png,7.0,Forward,https://assets.laliga.com/squad/2021/t1564/p56449/512x556/p56449_t1564_2021_1_001_000.png,8.0,12.0,0.0,0.0,1.0,0.0,0.0,14.0,1.0,2.0,1.0,3.0,2.0,90.0,0.0,0.0,0.0,5.0,1.0,2.0,1.0,6.0,43.0,22.0,57.0,0.0,3.0,46.0,92.0,2.0,9.0,2.0,4.0,25.0,1.0,Midfielder,-20.58
23375.0,José Javier Robles Belmonte,Javi Robles,male,2000-10-03T00:00:00+00:00,73.0,187.0,UD Almería,ALM,https://assets.laliga.com/assets/2019/06/07/medium/almeria.png,14.0,Forward,https://assets.laliga.com/squad/2021/t1564/p494617/512x556/p494617_t1564_2021_1_001_000.png,6.0,10.0,0.0,0.0,1.0,0.0,0.0,18.0,0.0,2.0,3.0,1.0,0.0,75.0,0.0,0.0,0.0,0.0,0.0,0.0,1.0,5.0,32.0,23.0,50.0,4.0,6.0,32.0,77.0,7.0,4.0,0.0,2.0,20.0,0.0,Midfielder,-20.73
5552.0,Luis Muñoz,Luis Muñoz,male,1997-02-23T00:00:00+00:00,76.0,182.0,Málaga CF,MGA,https://assets.laliga.com/assets/2019/06/07/medium/malaga.png,8.0,Defender,https://assets.laliga.com/squad/2021/t182/p242459/512x556/p242459_t182_2021_1_001_000.png,5.0,8.0,0.0,0.0,2.0,0.0,3.0,35.0,1.0,7.0,3.0,7.0,0.0,210.0,0.0,0.0,0.0,7.0,1.0,0.0,7.0,19.0,96.0,76.0,153.0,5.0,14.0,71.0,214.0,9.0,13.0,2.0,9.0,33.0,4.0,Forward,-20.86
9654.0,Víctor Campuzano,V. Campuzano,male,1997-05-31T00:00:00+00:00,72.0,174.0,Real Sporting,SPO,https://assets.laliga.com/assets/2019/06/07/medium/sporting.png,11.0,Forward,https://assets.laliga.com/squad/2021/t616/p241703/512x556/p241703_t616_2021_1_001_000.png,8.0,18.0,1.0,0.0,0.0,0.0,0.0,31.0,1.0,6.0,2.0,3.0,0.0,87.0,0.0,0.0,0.0,5.0,0.0,0.0,8.0,3.0,38.0,28.0,63.0,1.0,12.0,80.0,97.0,4.0,17.0,4.0,4.0,27.0,0.0,Defender,-21.53
1496.0,Lucas Pérez,Lucas,male,1988-09-10T00:00:00+00:00,82.0,180.0,Cádiz CF,CAD,https://assets.laliga.com/assets/2019/06/07/medium/cadiz.png,25.0,Forward,https://assets.laliga.com/squad/2021/t1737/p155851/512x556/p155851_t1737_2021_1_001_000.png,1.0,15.0,2.0,3.0,1.0,0.0,1.0,18.0,3.0,10.0,0.0,28.0,10.0,281.0,0.0,0.0,0.0,5.0,0.0,5.0,5.0,13.0,204.0,71.0,244.0,1.0,4.0,146.0,315.0,3.0,33.0,7.0,12.0,46.0,1.0,Midfielder,-21.849999999999994
22794.0,Oscar Ureña,Ureña,male,2003-05-31T00:00:00+00:00,,,Girona FC,GIR,https://assets.laliga.com/assets/2019/06/07/medium/girona.png,32.0,Forward,https://assets.laliga.com/squad/2021/t2893/p545718/512x556/p545718_t2893_2021_1_001_000.png,2.0,9.0,0.0,0.0,1.0,0.0,0.0,28.0,0.0,5.0,5.0,2.0,1.0,51.0,0.0,0.0,0.0,3.0,0.0,1.0,13.0,0.0,19.0,14.0,32.0,0.0,5.0,65.0,51.0,7.0,17.0,8.0,1.0,18.0,1.0,Forward,-21.989999999999995
23360.0,Jacques Dago,Dago,male,1999-03-10T00:00:00+00:00,,,CF Fuenlabrada,FUE,https://assets.laliga.com/assets/2019/06/07/medium/fuenlabrada.png,30.0,Forward,https://assets.laliga.com/squad/2021/t7104/p547725/512x556/p547725_t7104_2021_1_001_000.png,10.0,7.0,0.0,0.0,1.0,0.0,0.0,20.0,0.0,3.0,0.0,2.0,2.0,45.0,0.0,0.0,0.0,0.0,1.0,0.0,1.0,1.0,19.0,8.0,26.0,2.0,3.0,34.0,48.0,3.0,12.0,1.0,0.0,21.0,1.0,Defender,-22.02
6116.0,Rafael Sebastián Mújica García,R. Mújica,male,1998-10-29T00:00:00+00:00,70.0,183.0,UD Las Palmas,LPA,https://assets.laliga.com/assets/2019/06/07/medium/las-palmas.png,9.0,Forward,https://assets.laliga.com/squad/2021/t407/p231202/512x556/p231202_t407_2021_1_001_000.png,17.0,16.0,0.0,0.0,0.0,0.0,1.0,39.0,1.0,6.0,1.0,3.0,5.0,77.0,0.0,1.0,0.0,7.0,0.0,0.0,7.0,3.0,41.0,24.0,62.0,8.0,21.0,65.0,91.0,6.0,32.0,5.0,1.0,25.0,0.0,Goalkeeper,-22.090000000000003
9424.0,Enzo Lombardo,Lombardo,male,1997-04-16T00:00:00+00:00,69.0,174.0,SD Huesca,HUE,https://assets.laliga.com/assets/2019/06/07/medium/huesca.png,24.0,Midfielder,https://assets.laliga.com/squad/2021/t2894/p464165/512x556/p464165_t2894_2021_1_001_000.png,1.0,15.0,0.0,0.0,0.0,0.0,0.0,28.0,0.0,6.0,1.0,1.0,0.0,109.0,0.0,0.0,0.0,1.0,0.0,0.0,12.0,6.0,73.0,20.0,87.0,0.0,2.0,59.0,111.0,4.0,17.0,12.0,3.0,15.0,0.0,Forward,-22.89
2023.0,Asier Villalibre,Villalibre,male,1997-09-30T00:00:00+00:00,86.0,184.0,Athletic Club,ATH,https://assets.laliga.com/assets/2019/06/07/medium/athletic.png,20.0,Forward,https://assets.laliga.com/squad/2021/t174/p212770/512x556/p212770_t174_2021_1_001_000.png,19.0,19.0,0.0,0.0,1.0,0.0,0.0,40.0,2.0,8.0,1.0,3.0,3.0,109.0,0.0,0.0,0.0,6.0,0.0,0.0,4.0,0.0,48.0,21.0,69.0,7.0,10.0,83.0,111.0,4.0,30.0,1.0,3.0,39.0,0.0,Defender,-23.39
1937.0,Jordi Calavera,J. Calavera,male,1995-08-02T00:00:00+00:00,74.0,182.0,Real Sporting,SPO,https://assets.laliga.com/assets/2019/06/07/medium/sporting.png,20.0,Defender,,5.0,7.0,0.0,0.0,1.0,0.0,1.0,11.0,0.0,4.0,1.0,3.0,0.0,107.0,0.0,0.0,0.0,0.0,0.0,1.0,1.0,6.0,33.0,53.0,79.0,8.0,2.0,42.0,110.0,3.0,3.0,0.0,7.0,18.0,1.0,Forward,-23.4
23346.0,Gabriel Martínez,Gabriel,male,2003-01-22T00:00:00+00:00,,,Girona FC,GIR,https://assets.laliga.com/assets/2019/06/07/medium/girona.png,27.0,Forward,https://assets.laliga.com/squad/2021/t2893/p546934/512x556/p546934_t2893_2021_1_001_000.png,2.0,7.0,0.0,0.0,0.0,0.0,0.0,8.0,0.0,1.0,3.0,1.0,1.0,28.0,0.0,0.0,0.0,0.0,0.0,1.0,3.0,0.0,19.0,3.0,21.0,1.0,1.0,34.0,28.0,2.0,4.0,10.0,0.0,7.0,0.0,Goalkeeper,-23.72
14846.0,Jon Morcillo,Morci,male,1998-09-15T00:00:00+00:00,72.0,183.0,Real Valladolid CF,VLL,https://assets.laliga.com/assets/2019/06/07/medium/valladolid.png,20.0,Forward,,0.0,11.0,1.0,0.0,0.0,0.0,0.0,6.0,1.0,1.0,1.0,1.0,0.0,73.0,0.0,0.0,0.0,3.0,0.0,4.0,2.0,6.0,44.0,21.0,53.0,0.0,2.0,58.0,78.0,1.0,13.0,4.0,6.0,13.0,0.0,Midfielder,-23.72
14846.0,Jon Morcillo,Morci,male,1998-09-15T00:00:00+00:00,72.0,183.0,Real Valladolid CF,VLL,https://assets.laliga.com/assets/2019/06/07/medium/valladolid.png,20.0,Forward,,0.0,11.0,1.0,0.0,0.0,0.0,0.0,6.0,1.0,1.0,1.0,1.0,0.0,73.0,0.0,0.0,0.0,3.0,0.0,4.0,2.0,6.0,44.0,21.0,53.0,0.0,2.0,58.0,78.0,1.0,13.0,4.0,6.0,13.0,0.0,Goalkeeper,-23.72
72.0,Jesé Rodríguez Ruiz,Jese,male,1993-02-26T00:00:00+00:00,72.0,178.0,UD Las Palmas,LPA,https://assets.laliga.com/assets/2019/06/07/medium/las-palmas.png,10.0,Forward,https://assets.laliga.com/squad/2021/t407/p93127/512x556/p93127_t407_2021_1_001_000.png,13.0,41.0,5.0,0.0,0.0,0.0,2.0,112.0,11.0,41.0,10.0,54.0,29.0,676.0,0.0,0.0,0.0,44.0,0.0,5.0,41.0,17.0,411.0,136.0,525.0,1.0,37.0,375.0,723.0,21.0,202.0,32.0,12.0,169.0,4.0,Midfielder,-23.769999999999982
22798.0,Nicolás Serrano,Nico Serrano,male,2003-03-05T00:00:00+00:00,,,Athletic Club,ATH,https://assets.laliga.com/assets/2019/06/07/medium/athletic.png,33.0,Forward,https://assets.laliga.com/squad/2021/t174/p494929/512x556/p494929_t174_2021_1_001_000.png,1.0,14.0,0.0,0.0,1.0,0.0,0.0,20.0,1.0,6.0,2.0,3.0,1.0,100.0,0.0,0.0,0.0,4.0,0.0,3.0,4.0,1.0,53.0,31.0,79.0,1.0,8.0,64.0,103.0,9.0,11.0,3.0,4.0,19.0,0.0,Goalkeeper,-23.97
23055.0,Iván Chapela,Chapela,male,1999-05-21T00:00:00+00:00,,,Cádiz CF,CAD,https://assets.laliga.com/assets/2019/06/07/medium/cadiz.png,27.0,Midfielder,https://assets.laliga.com/squad/2021/t1737/p224446/512x556/p224446_t1737_2021_1_001_000.png,4.0,9.0,0.0,0.0,1.0,0.0,0.0,20.0,0.0,9.0,4.0,2.0,1.0,75.0,0.0,0.0,0.0,0.0,0.0,0.0,3.0,9.0,28.0,24.0,43.0,5.0,4.0,48.0,75.0,4.0,5.0,2.0,5.0,18.0,0.0,Forward,-24.75
5772.0,Darío Poveda,Darío,male,1997-03-13T00:00:00+00:00,75.0,185.0,SD Huesca,HUE,https://assets.laliga.com/assets/2019/06/07/medium/huesca.png,19.0,Forward,,20.0,14.0,0.0,0.0,0.0,0.0,1.0,41.0,2.0,10.0,0.0,4.0,2.0,110.0,0.0,0.0,0.0,8.0,0.0,2.0,8.0,1.0,63.0,23.0,83.0,6.0,9.0,89.0,120.0,3.0,38.0,13.0,1.0,35.0,1.0,Forward,-24.799999999999997
5772.0,Darío Poveda,Darío,male,1997-03-13T00:00:00+00:00,75.0,185.0,SD Huesca,HUE,https://assets.laliga.com/assets/2019/06/07/medium/huesca.png,19.0,Forward,,20.0,14.0,0.0,0.0,0.0,0.0,1.0,41.0,2.0,10.0,0.0,4.0,2.0,110.0,0.0,0.0,0.0,8.0,0.0,2.0,8.0,1.0,63.0,23.0,83.0,6.0,9.0,89.0,120.0,3.0,38.0,13.0,1.0,35.0,1.0,Midfielder,-24.799999999999997
7470.0,Lorenzo Morón,Loren,male,1993-12-30T00:00:00+00:00,66.0,188.0,RCD Espanyol de Barcelona,ESP,https://assets.laliga.com/assets/2019/06/07/medium/espanyol.png,16.0,Forward,https://assets.laliga.com/squad/2021/t177/p432751/512x556/p432751_t177_2021_1_001_000.png,19.0,21.0,0.0,0.0,1.0,0.0,0.0,44.0,1.0,10.0,2.0,5.0,7.0,81.0,0.0,0.0,0.0,2.0,0.0,1.0,4.0,1.0,35.0,16.0,49.0,8.0,10.0,69.0,85.0,6.0,25.0,3.0,3.0,32.0,0.0,Forward,-25.15
4574.0,Álvaro José Jiménez Guerrero,Alvaro J.g.,male,1995-05-19T00:00:00+00:00,71.0,175.0,UD Ibiza,IBI,https://assets.laliga.com/assets/2021/06/24/medium/d7bc0d2c9bf06afd6b5ace9d62771713.png,19.0,Forward,,1.0,8.0,0.0,0.0,0.0,0.0,0.0,18.0,1.0,4.0,1.0,7.0,3.0,78.0,0.0,0.0,0.0,1.0,0.0,3.0,7.0,5.0,36.0,23.0,47.0,2.0,7.0,65.0,81.0,2.0,11.0,6.0,6.0,23.0,2.0,Goalkeeper,-25.189999999999998
4574.0,Álvaro José Jiménez Guerrero,Alvaro J.g.,male,1995-05-19T00:00:00+00:00,71.0,175.0,UD Ibiza,IBI,https://assets.laliga.com/assets/2021/06/24/medium/d7bc0d2c9bf06afd6b5ace9d62771713.png,19.0,Forward,,1.0,8.0,0.0,0.0,0.0,0.0,0.0,18.0,1.0,4.0,1.0,7.0,3.0,78.0,0.0,0.0,0.0,1.0,0.0,3.0,7.0,5.0,36.0,23.0,47.0,2.0,7.0,65.0,81.0,2.0,11.0,6.0,6.0,23.0,2.0,Defender,-25.189999999999998
515.0,Adrià Ortolá,Ortolá,male,1993-08-20T00:00:00+00:00,74.0,187.0,Girona FC,GIR,https://assets.laliga.com/assets/2019/06/07/medium/girona.png,13.0,Goalkeeper,https://assets.laliga.com/squad/2021/t2893/p94220/512x556/p94220_t2893_2021_1_001_000.png,1.0,4.0,0.0,0.0,0.0,1.0,1.0,1.0,0.0,3.0,0.0,0.0,0.0,125.0,0.0,0.0,10.0,0.0,1.0,0.0,0.0,22.0,3.0,151.0,132.0,3.0,0.0,24.0,177.0,0.0,0.0,0.0,22.0,1.0,1.0,Forward,-25.23
8601.0,Claudio Medina,C. Medina,male,1993-09-04T00:00:00+00:00,83.0,186.0,Burgos CF,BUR,https://assets.laliga.com/assets/2021/06/24/medium/8de24d38ab1472bbae1620d36582d7bd.png,19.0,Forward,https://assets.laliga.com/squad/2021/t951/p459921/512x556/p459921_t951_2021_1_001_000.png,13.0,13.0,0.0,0.0,3.0,0.0,0.0,32.0,1.0,4.0,4.0,2.0,4.0,72.0,0.0,0.0,0.0,3.0,0.0,0.0,7.0,1.0,28.0,16.0,43.0,3.0,10.0,63.0,76.0,3.0,19.0,4.0,0.0,32.0,1.0,Defender,-25.739999999999995
1966.0,Borja Valle Balonga,Borja Valle A.,male,1992-07-09T00:00:00+00:00,74.0,177.0,AD Alcorcón,ALC,https://assets.laliga.com/assets/2019/06/07/medium/alcorcon.png,24.0,Forward,,34.0,19.0,3.0,3.0,1.0,0.0,1.0,91.0,4.0,15.0,5.0,18.0,6.0,488.0,0.0,0.0,0.0,11.0,0.0,4.0,11.0,34.0,254.0,177.0,392.0,3.0,11.0,179.0,511.0,15.0,48.0,15.0,14.0,71.0,3.0,Goalkeeper,-25.889999999999986
899.0,Jesús Fernández Saez,Suso,male,1993-11-19T00:00:00+00:00,70.0,177.0,Sevilla FC,SEV,https://assets.laliga.com/assets/2019/06/07/medium/sevilla.png,7.0,Forward,https://assets.laliga.com/squad/2021/t179/p103953/512x556/p103953_t179_2021_1_001_000.png,0.0,8.0,1.0,0.0,0.0,0.0,0.0,18.0,0.0,6.0,0.0,3.0,2.0,163.0,0.0,0.0,0.0,2.0,0.0,2.0,7.0,5.0,97.0,40.0,130.0,0.0,1.0,60.0,168.0,4.0,11.0,5.0,6.0,27.0,0.0,Forward,-26.32
12140.0,Nicolás Melamed,Nico M.r.,male,2001-04-11T00:00:00+00:00,,173.0,RCD Espanyol de Barcelona,ESP,https://assets.laliga.com/assets/2019/06/07/medium/espanyol.png,21.0,Forward,https://assets.laliga.com/squad/2021/t177/p488401/512x556/p488401_t177_2021_1_001_000.png,10.0,31.0,0.0,0.0,2.0,0.0,0.0,83.0,2.0,14.0,7.0,13.0,3.0,407.0,0.0,1.0,0.0,4.0,0.0,3.0,23.0,18.0,238.0,129.0,343.0,3.0,26.0,135.0,412.0,15.0,35.0,16.0,9.0,42.0,3.0,Forward,-26.879999999999995
1311.0,Jonathan Rodríguez Menéndez,Jony,male,1991-07-09T00:00:00+00:00,76.0,179.0,Real Sporting,SPO,https://assets.laliga.com/assets/2019/06/07/medium/sporting.png,9.0,Forward,,2.0,6.0,0.0,1.0,0.0,0.0,0.0,10.0,0.0,4.0,3.0,8.0,0.0,59.0,0.0,0.0,0.0,1.0,0.0,5.0,3.0,2.0,37.0,10.0,37.0,1.0,1.0,71.0,60.0,1.0,6.0,7.0,6.0,15.0,0.0,Midfielder,-27.9
2049.0,Fernando Llorente,Llorente,male,1985-02-26T00:00:00+00:00,90.0,193.0,SD Eibar,EIB,https://assets.laliga.com/assets/2019/06/07/medium/eibar.png,12.0,Forward,,60.0,20.0,0.0,0.0,0.0,0.0,1.0,78.0,2.0,7.0,1.0,9.0,5.0,209.0,0.0,0.0,0.0,6.0,1.0,0.0,5.0,1.0,110.0,27.0,136.0,11.0,20.0,105.0,210.0,4.0,55.0,1.0,2.0,71.0,1.0,Midfielder,-27.900000000000006
7486.0,Francisco Jesús Crespo,Pejiño,male,1996-07-29T00:00:00+00:00,67.0,177.0,UD Las Palmas,LPA,https://assets.laliga.com/assets/2019/06/07/medium/las-palmas.png,24.0,Forward,https://assets.laliga.com/squad/2021/t407/p444952/512x556/p444952_t407_2021_1_001_000.png,2.0,16.0,1.0,0.0,0.0,0.0,0.0,69.0,5.0,8.0,6.0,7.0,3.0,213.0,0.0,0.0,0.0,12.0,1.0,1.0,32.0,8.0,112.0,44.0,147.0,0.0,19.0,157.0,218.0,15.0,26.0,23.0,3.0,60.0,1.0,Forward,-28.319999999999993
384.0,Sergio León,Sergio León,male,1989-01-06T00:00:00+00:00,73.0,178.0,Real Valladolid CF,VLL,https://assets.laliga.com/assets/2019/06/07/medium/valladolid.png,7.0,Forward,https://assets.laliga.com/squad/2021/t192/p82418/512x556/p82418_t192_2021_1_001_000.png,31.0,32.0,4.0,0.0,1.0,0.0,1.0,118.0,7.0,22.0,5.0,20.0,7.0,289.0,0.0,0.0,0.0,16.0,0.0,6.0,30.0,17.0,145.0,55.0,176.0,4.0,18.0,255.0,302.0,15.0,88.0,23.0,15.0,94.0,3.0,Defender,-28.47999999999999
869.0,José María Martín-Bejarano Serrano,Jose Mari,male,1987-12-06T00:00:00+00:00,69.0,180.0,Cádiz CF,CAD,https://assets.laliga.com/assets/2019/06/07/medium/cadiz.png,6.0,Midfielder,https://assets.laliga.com/squad/2021/t1737/p89592/512x556/p89592_t1737_2021_1_001_000.png,4.0,11.0,0.0,0.0,1.0,0.0,0.0,26.0,0.0,3.0,7.0,1.0,0.0,177.0,0.0,1.0,0.0,2.0,0.0,0.0,1.0,16.0,76.0,81.0,141.0,2.0,8.0,41.0,187.0,14.0,2.0,0.0,13.0,17.0,1.0,Forward,-28.63
8583.0,Juan Hernández,J. Hernández,male,1994-12-06T00:00:00+00:00,75.0,186.0,SD Ponferradina,PON,https://assets.laliga.com/assets/2021/06/24/medium/20f0382ea9163a771b3e01bbe7cf78b7.png,21.0,Forward,https://assets.laliga.com/squad/2021/t3090/p219225/512x556/p219225_t3090_2021_1_001_000.png,1.0,14.0,0.0,0.0,0.0,0.0,0.0,12.0,0.0,12.0,1.0,3.0,2.0,81.0,0.0,0.0,0.0,0.0,0.0,1.0,4.0,1.0,33.0,30.0,61.0,2.0,3.0,48.0,82.0,4.0,8.0,5.0,2.0,18.0,1.0,Midfielder,-28.68
4045.0,Óscar Francisco García Quintela,Óscar Pinchi,male,1996-01-17T00:00:00+00:00,62.0,171.0,UD Las Palmas,LPA,https://assets.laliga.com/assets/2019/06/07/medium/las-palmas.png,18.0,Forward,https://assets.laliga.com/squad/2021/t407/p220095/512x556/p220095_t407_2021_1_001_000.png,4.0,16.0,0.0,0.0,0.0,0.0,0.0,44.0,0.0,8.0,8.0,6.0,1.0,147.0,0.0,0.0,0.0,1.0,0.0,0.0,12.0,4.0,91.0,28.0,114.0,0.0,9.0,80.0,154.0,7.0,19.0,8.0,2.0,34.0,3.0,Goalkeeper,-28.96
23126.0,César Gelabert,Gelabert,male,2000-10-31T00:00:00+00:00,63.0,183.0,CD Mirandés,MIR,https://assets.laliga.com/assets/2019/06/07/medium/mirandes.png,7.0,Midfielder,https://assets.laliga.com/squad/2021/t5741/p437469/512x556/p437469_t5741_2021_1_001_000.png,3.0,16.0,1.0,0.0,1.0,0.0,0.0,39.0,0.0,8.0,4.0,5.0,0.0,279.0,0.0,0.0,0.0,2.0,0.0,1.0,12.0,15.0,161.0,86.0,230.0,8.0,8.0,85.0,289.0,8.0,17.0,4.0,7.0,37.0,3.0,Forward,-29.11
4677.0,Youssef En-Nesyri,Y. En-Nesyri,male,1997-06-01T00:00:00+00:00,73.0,189.0,Sevilla FC,SEV,https://assets.laliga.com/assets/2019/06/07/medium/sevilla.png,15.0,Forward,https://assets.laliga.com/squad/2021/t179/p234991/512x556/p234991_t179_2021_1_001_000.png,45.0,23.0,1.0,0.0,1.0,0.0,1.0,69.0,5.0,5.0,4.0,5.0,18.0,167.0,0.0,0.0,0.0,14.0,0.0,0.0,4.0,6.0,64.0,57.0,115.0,18.0,11.0,117.0,182.0,10.0,59.0,10.0,4.0,57.0,1.0,Midfielder,-29.180000000000007
13306.0,Arnau Puigmal,Arnau,male,2001-01-10T00:00:00+00:00,,173.0,UD Almería,ALM,https://assets.laliga.com/assets/2019/06/07/medium/almeria.png,26.0,Midfielder,https://assets.laliga.com/squad/2021/t1564/p248506/512x556/p248506_t1564_2021_1_001_000.png,16.0,33.0,2.0,1.0,2.0,0.0,0.0,65.0,5.0,14.0,14.0,27.0,4.0,437.0,0.0,0.0,0.0,11.0,0.0,2.0,23.0,9.0,291.0,91.0,358.0,4.0,17.0,213.0,457.0,12.0,62.0,18.0,10.0,80.0,3.0,Forward,-29.430000000000007
4284.0,Manuel Javier Vallejo Galván,Manu Vallejo,male,1997-02-14T00:00:00+00:00,72.0,167.0,Deportivo Alavés,ALA,https://assets.laliga.com/assets/2020/09/01/medium/27002754a98bf535807fe49a24cc63ea.png,7.0,Forward,https://assets.laliga.com/squad/2021/t173/p221511/512x556/p221511_t173_2021_1_001_000.png,5.0,11.0,1.0,0.0,0.0,0.0,0.0,17.0,1.0,15.0,0.0,3.0,0.0,86.0,0.0,0.0,0.0,2.0,0.0,1.0,1.0,3.0,52.0,27.0,72.0,2.0,4.0,60.0,99.0,8.0,8.0,9.0,4.0,20.0,0.0,Midfielder,-29.51
4626.0,Ezequiel Ponce,Eze. Ponce,male,1997-03-29T00:00:00+00:00,80.0,180.0,Elche CF,ELC,https://assets.laliga.com/assets/2019/06/07/medium/elche.png,18.0,Forward,https://assets.laliga.com/squad/2021/t954/p172845/512x556/p172845_t954_2021_1_001_000.png,17.0,13.0,0.0,0.0,0.0,0.0,2.0,47.0,1.0,7.0,1.0,7.0,6.0,150.0,0.0,0.0,0.0,5.0,1.0,0.0,14.0,8.0,76.0,46.0,114.0,6.0,14.0,95.0,157.0,5.0,34.0,11.0,1.0,34.0,1.0,Midfielder,-29.930000000000007
4177.0,Eray Cömert,Cömert,male,1998-02-04T00:00:00+00:00,80.0,183.0,Valencia CF,VAL,https://assets.laliga.com/assets/2019/06/07/medium/valencia.png,24.0,Defender,https://assets.laliga.com/squad/2021/t191/p220327/512x556/p220327_t191_2021_1_001_000.png,2.0,8.0,0.0,0.0,2.0,0.0,0.0,7.0,0.0,6.0,2.0,1.0,0.0,193.0,0.0,0.0,0.0,1.0,0.0,0.0,0.0,17.0,44.0,125.0,152.0,6.0,3.0,35.0,200.0,5.0,4.0,0.0,19.0,12.0,2.0,Forward,-30.0
2264.0,Anthony Martial,Martial,male,1995-12-05T00:00:00+00:00,76.0,181.0,Sevilla FC,SEV,https://assets.laliga.com/assets/2019/06/07/medium/sevilla.png,22.0,Forward,https://assets.laliga.com/squad/2021/t179/p148225/512x556/p148225_t179_2021_1_001_000.png,6.0,9.0,1.0,1.0,0.0,0.0,0.0,26.0,0.0,2.0,0.0,1.0,0.0,145.0,0.0,0.0,0.0,3.0,0.0,1.0,7.0,5.0,85.0,43.0,122.0,3.0,5.0,72.0,151.0,2.0,23.0,9.0,0.0,24.0,1.0,Forward,-30.49
1904.0,Roberto Soldado,Soldado,male,1985-05-27T00:00:00+00:00,74.0,180.0,Levante UD,LEV,https://assets.laliga.com/assets/2019/06/07/medium/levante.png,16.0,Forward,https://assets.laliga.com/squad/2021/t855/p17926/512x556/p17926_t855_2021_1_001_000.png,6.0,18.0,2.0,0.0,0.0,0.0,0.0,17.0,3.0,15.0,1.0,6.0,9.0,130.0,0.0,1.0,0.0,8.0,1.0,1.0,3.0,3.0,62.0,35.0,93.0,7.0,9.0,70.0,145.0,3.0,36.0,4.0,4.0,45.0,5.0,Forward,-30.549999999999997
12677.0,José Fontán,Fontan,male,2000-02-11T00:00:00+00:00,,,RC Celta,CEL,https://assets.laliga.com/assets/2019/06/07/medium/celta.png,19.0,Defender,https://assets.laliga.com/squad/2021/t176/p490862/512x556/p490862_t176_2021_1_001_000.png,4.0,9.0,0.0,0.0,1.0,0.0,1.0,10.0,0.0,4.0,10.0,2.0,0.0,190.0,0.0,0.0,0.0,0.0,0.0,2.0,1.0,8.0,47.0,120.0,157.0,10.0,10.0,36.0,193.0,5.0,1.0,0.0,13.0,15.0,3.0,Forward,-30.57
12137.0,Marcos André de Sousa Mendonça,Marcos Andre,male,1996-10-20T00:00:00+00:00,78.0,184.0,Valencia CF,VAL,https://assets.laliga.com/assets/2019/06/07/medium/valencia.png,22.0,Forward,https://assets.laliga.com/squad/2021/t191/p421294/512x556/p421294_t191_2021_1_001_000.png,42.0,29.0,2.0,0.0,0.0,0.0,0.0,92.0,1.0,16.0,7.0,10.0,4.0,170.0,0.0,0.0,0.0,9.0,0.0,0.0,14.0,7.0,87.0,33.0,113.0,12.0,23.0,129.0,176.0,15.0,47.0,19.0,6.0,50.0,3.0,Goalkeeper,-31.24000000000001
12137.0,Marcos André de Sousa Mendonça,Marcos Andre,male,1996-10-20T00:00:00+00:00,78.0,184.0,Valencia CF,VAL,https://assets.laliga.com/assets/2019/06/07/medium/valencia.png,22.0,Forward,https://assets.laliga.com/squad/2021/t191/p421294/512x556/p421294_t191_2021_1_001_000.png,42.0,29.0,2.0,0.0,0.0,0.0,0.0,92.0,1.0,16.0,7.0,10.0,4.0,170.0,0.0,0.0,0.0,9.0,0.0,0.0,14.0,7.0,87.0,33.0,113.0,12.0,23.0,129.0,176.0,15.0,47.0,19.0,6.0,50.0,3.0,Defender,-31.24000000000001
726.0,Francisco Alcácer,Paco Alcácer,male,1993-08-30T00:00:00+00:00,72.0,175.0,Villarreal CF,VIL,https://assets.laliga.com/assets/2019/06/07/medium/villarreal.png,9.0,Forward,https://assets.laliga.com/squad/2021/t449/p86876/512x556/p86876_t449_2021_1_001_000.png,10.0,18.0,3.0,1.0,0.0,0.0,0.0,31.0,1.0,11.0,6.0,4.0,8.0,150.0,0.0,0.0,0.0,7.0,0.0,0.0,5.0,3.0,78.0,43.0,118.0,1.0,5.0,83.0,170.0,9.0,41.0,5.0,2.0,47.0,1.0,Midfielder,-32.3
12107.0,Daniel Gómez Alcón,Dani Gómez,male,1998-07-30T00:00:00+00:00,69.0,178.0,Levante UD,LEV,https://assets.laliga.com/assets/2019/06/07/medium/levante.png,21.0,Forward,https://assets.laliga.com/squad/2021/t855/p223770/512x556/p223770_t855_2021_1_001_000.png,4.0,28.0,1.0,0.0,0.0,0.0,0.0,49.0,4.0,28.0,3.0,11.0,11.0,163.0,0.0,0.0,0.0,14.0,0.0,1.0,18.0,3.0,87.0,66.0,149.0,5.0,18.0,145.0,188.0,7.0,60.0,28.0,3.0,33.0,1.0,Goalkeeper,-32.620000000000005
7165.0,Matheus Aiás Barrozo Rodrigues,Matheus Aias,male,1996-12-30T00:00:00+00:00,72.0,175.0,Real Oviedo,OVI,https://assets.laliga.com/assets/2019/06/07/medium/oviedo.png,19.0,Forward,https://assets.laliga.com/squad/2021/t187/p434630/512x556/p434630_t187_2021_1_001_000.png,17.0,26.0,0.0,0.0,1.0,0.0,0.0,48.0,2.0,5.0,1.0,1.0,1.0,135.0,0.0,0.0,0.0,6.0,0.0,0.0,11.0,4.0,68.0,23.0,87.0,2.0,13.0,92.0,139.0,8.0,21.0,7.0,6.0,42.0,2.0,Defender,-33.11
5154.0,Armando Sadiku,Sadiku,male,1991-05-27T00:00:00+00:00,81.0,182.0,UD Las Palmas,LPA,https://assets.laliga.com/assets/2019/06/07/medium/las-palmas.png,19.0,Forward,https://assets.laliga.com/squad/2021/t407/p69793/512x556/p69793_t407_2021_1_001_000.png,16.0,24.0,0.0,0.0,2.0,0.0,1.0,36.0,4.0,14.0,2.0,5.0,12.0,154.0,0.0,0.0,0.0,11.0,0.0,1.0,2.0,2.0,78.0,44.0,119.0,9.0,20.0,90.0,176.0,2.0,29.0,1.0,2.0,53.0,5.0,Defender,-33.24000000000001
1896.0,Junior Wakalible Lago,Lago Junior,male,1990-12-31T00:00:00+00:00,79.0,180.0,SD Huesca,HUE,https://assets.laliga.com/assets/2019/06/07/medium/huesca.png,15.0,Forward,,10.0,13.0,0.0,0.0,0.0,0.0,0.0,28.0,0.0,5.0,1.0,7.0,2.0,116.0,0.0,0.0,0.0,3.0,0.0,3.0,6.0,0.0,58.0,24.0,79.0,4.0,7.0,76.0,118.0,4.0,22.0,8.0,5.0,34.0,0.0,Goalkeeper,-33.32
1896.0,Junior Wakalible Lago,Lago Junior,male,1990-12-31T00:00:00+00:00,79.0,180.0,SD Huesca,HUE,https://assets.laliga.com/assets/2019/06/07/medium/huesca.png,15.0,Forward,,10.0,13.0,0.0,0.0,0.0,0.0,0.0,28.0,0.0,5.0,1.0,7.0,2.0,116.0,0.0,0.0,0.0,3.0,0.0,3.0,6.0,0.0,58.0,24.0,79.0,4.0,7.0,76.0,118.0,4.0,22.0,8.0,5.0,34.0,0.0,Midfielder,-33.32
3962.0,Adalberto Peñaranda,Peñaranda,male,1997-05-31T00:00:00+00:00,83.0,185.0,UD Las Palmas,LPA,https://assets.laliga.com/assets/2019/06/07/medium/las-palmas.png,7.0,Forward,https://assets.laliga.com/squad/2021/t407/p194401/512x556/p194401_t407_2021_1_001_000.png,10.0,18.0,1.0,0.0,0.0,0.0,0.0,76.0,2.0,12.0,2.0,2.0,3.0,193.0,0.0,0.0,0.0,10.0,0.0,0.0,27.0,6.0,115.0,51.0,160.0,4.0,28.0,124.0,203.0,16.0,31.0,19.0,2.0,35.0,8.0,Forward,-33.47
9397.0,Valery Fernández,Valery,male,1999-11-23T00:00:00+00:00,75.0,182.0,Girona FC,GIR,https://assets.laliga.com/assets/2019/06/07/medium/girona.png,11.0,Defender,https://assets.laliga.com/squad/2021/t2893/p469274/512x556/p469274_t2893_2021_1_001_000.png,3.0,26.0,0.0,0.0,0.0,0.0,2.0,59.0,1.0,10.0,7.0,8.0,2.0,300.0,0.0,0.0,0.0,5.0,0.0,7.0,19.0,8.0,156.0,109.0,250.0,2.0,5.0,118.0,301.0,21.0,41.0,16.0,8.0,35.0,2.0,Forward,-33.49000000000001
13046.0,Oussama Idrissi,Idrissi,male,1996-02-26T00:00:00+00:00,78.0,175.0,Cádiz CF,CAD,https://assets.laliga.com/assets/2019/06/07/medium/cadiz.png,11.0,Forward,https://assets.laliga.com/squad/2021/t1737/p219194/512x556/p219194_t1737_2021_1_001_000.png,0.0,12.0,1.0,0.0,0.0,0.0,1.0,34.0,1.0,10.0,3.0,20.0,2.0,317.0,0.0,0.0,0.0,8.0,0.0,6.0,23.0,16.0,176.0,103.0,251.0,3.0,10.0,150.0,327.0,8.0,45.0,19.0,6.0,54.0,2.0,Midfielder,-33.730000000000004
1314.0,Yacine Qasmi,Qasmi,male,1991-01-03T00:00:00+00:00,79.0,184.0,CD Leganés,LEG,https://assets.laliga.com/assets/2019/06/07/medium/leganes.png,21.0,Forward,https://assets.laliga.com/squad/2021/t957/p91952/512x556/p91952_t957_2021_1_001_000.png,35.0,16.0,0.0,0.0,0.0,0.0,0.0,58.0,3.0,11.0,5.0,5.0,6.0,113.0,0.0,0.0,0.0,4.0,0.0,0.0,2.0,1.0,56.0,22.0,77.0,10.0,24.0,90.0,121.0,5.0,21.0,5.0,1.0,42.0,5.0,Goalkeeper,-33.79
1314.0,Yacine Qasmi,Qasmi,male,1991-01-03T00:00:00+00:00,79.0,184.0,CD Leganés,LEG,https://assets.laliga.com/assets/2019/06/07/medium/leganes.png,21.0,Forward,https://assets.laliga.com/squad/2021/t957/p91952/512x556/p91952_t957_2021_1_001_000.png,35.0,16.0,0.0,0.0,0.0,0.0,0.0,58.0,3.0,11.0,5.0,5.0,6.0,113.0,0.0,0.0,0.0,4.0,0.0,0.0,2.0,1.0,56.0,22.0,77.0,10.0,24.0,90.0,121.0,5.0,21.0,5.0,1.0,42.0,5.0,Defender,-33.79
14270.0,Ramón Juan,Ramón J.r.,male,1999-12-10T00:00:00+00:00,,,CD Mirandés,MIR,https://assets.laliga.com/assets/2019/06/07/medium/mirandes.png,27.0,Goalkeeper,https://assets.laliga.com/squad/2021/t5741/p464490/512x556/p464490_t5741_2021_1_001_000.png,0.0,3.0,0.0,0.0,0.0,2.0,1.0,0.0,0.0,3.0,0.0,0.0,0.0,41.0,0.0,0.0,14.0,0.0,0.0,0.0,0.0,25.0,19.0,32.0,26.0,3.0,0.0,35.0,86.0,0.0,0.0,0.0,35.0,0.0,0.0,Forward,-34.14
7455.0,Andrés Martín,Andrés,male,1999-07-11T00:00:00+00:00,64.0,177.0,CD Tenerife,TEN,https://assets.laliga.com/assets/2019/06/07/medium/tenerife.png,20.0,Forward,https://assets.laliga.com/squad/2021/t612/p444284/512x556/p444284_t612_2021_1_001_000.png,6.0,18.0,0.0,0.0,1.0,0.0,0.0,48.0,2.0,9.0,9.0,13.0,2.0,179.0,0.0,0.0,0.0,5.0,0.0,1.0,14.0,10.0,95.0,30.0,111.0,2.0,6.0,134.0,181.0,13.0,33.0,8.0,15.0,45.0,1.0,Defender,-34.19
7455.0,Andrés Martín,Andrés,male,1999-07-11T00:00:00+00:00,64.0,177.0,CD Tenerife,TEN,https://assets.laliga.com/assets/2019/06/07/medium/tenerife.png,20.0,Forward,https://assets.laliga.com/squad/2021/t612/p444284/512x556/p444284_t612_2021_1_001_000.png,6.0,18.0,0.0,0.0,1.0,0.0,0.0,48.0,2.0,9.0,9.0,13.0,2.0,179.0,0.0,0.0,0.0,5.0,0.0,1.0,14.0,10.0,95.0,30.0,111.0,2.0,6.0,134.0,181.0,13.0,33.0,8.0,15.0,45.0,1.0,Forward,-34.19
23342.0,Naim García,Naim,male,2002-06-11T00:00:00+00:00,,,CD Leganés,LEG,https://assets.laliga.com/assets/2019/06/07/medium/leganes.png,34.0,Midfielder,https://assets.laliga.com/squad/2021/t957/p547453/512x556/p547453_t957_2021_1_001_000.png,6.0,24.0,1.0,1.0,1.0,0.0,0.0,50.0,1.0,11.0,1.0,9.0,3.0,215.0,0.0,0.0,0.0,8.0,0.0,4.0,18.0,18.0,117.0,63.0,157.0,4.0,27.0,121.0,215.0,19.0,18.0,10.0,9.0,31.0,1.0,Forward,-34.349999999999994
1720.0,Borja Iglesias,B. Iglesias,male,1993-01-17T00:00:00+00:00,86.0,187.0,Real Betis,BET,https://assets.laliga.com/assets/2019/06/07/medium/betis.png,9.0,Forward,https://assets.laliga.com/squad/2021/t185/p202044/512x556/p202044_t185_2021_1_001_000.png,22.0,33.0,0.0,0.0,1.0,0.0,0.0,70.0,10.0,18.0,4.0,15.0,8.0,299.0,0.0,0.0,0.0,19.0,0.0,1.0,13.0,11.0,153.0,84.0,225.0,7.0,25.0,199.0,333.0,6.0,89.0,19.0,10.0,87.0,4.0,Midfielder,-34.670000000000016
6293.0,Filip Malbasic,Malbašić,male,1992-11-18T00:00:00+00:00,79.0,182.0,Burgos CF,BUR,https://assets.laliga.com/assets/2021/06/24/medium/8de24d38ab1472bbae1620d36582d7bd.png,16.0,Forward,,6.0,11.0,0.0,0.0,0.0,0.0,0.0,12.0,0.0,3.0,0.0,2.0,2.0,71.0,0.0,0.0,0.0,0.0,0.0,2.0,2.0,1.0,44.0,14.0,55.0,0.0,5.0,53.0,76.0,3.0,8.0,5.0,0.0,20.0,0.0,Midfielder,-34.74
6280.0,Unai Núñez,Nuñez,male,1997-01-30T00:00:00+00:00,80.0,186.0,Athletic Club,ATH,https://assets.laliga.com/assets/2019/06/07/medium/athletic.png,3.0,Defender,https://assets.laliga.com/squad/2021/t174/p242830/512x556/p242830_t174_2021_1_001_000.png,12.0,9.0,0.0,0.0,8.0,0.0,0.0,26.0,0.0,11.0,8.0,2.0,0.0,325.0,0.0,0.0,0.0,1.0,0.0,1.0,3.0,25.0,103.0,188.0,265.0,24.0,10.0,53.0,337.0,4.0,10.0,1.0,26.0,21.0,2.0,Forward,-35.129999999999995
13770.0,Abdessamad Ezzalzouli,Abde,male,2001-12-17T00:00:00+00:00,,,FC Barcelona,BAR,https://assets.laliga.com/assets/2019/06/07/medium/barcelona.png,33.0,Forward,,3.0,10.0,0.0,0.0,0.0,0.0,0.0,69.0,1.0,8.0,9.0,6.0,2.0,167.0,0.0,0.0,0.0,4.0,0.0,2.0,34.0,2.0,98.0,32.0,126.0,0.0,17.0,122.0,168.0,17.0,58.0,25.0,0.0,40.0,4.0,Forward,-35.81999999999999
22851.0,Anderson Cordeiro Costa,Anderson,male,1998-10-10T00:00:00+00:00,,176.0,CF Fuenlabrada,FUE,https://assets.laliga.com/assets/2019/06/07/medium/fuenlabrada.png,10.0,Midfielder,https://assets.laliga.com/squad/2021/t7104/p487150/512x556/p487150_t7104_2021_1_001_000.png,12.0,25.0,1.0,0.0,1.0,0.0,0.0,73.0,4.0,14.0,9.0,3.0,6.0,144.0,0.0,0.0,0.0,8.0,0.0,4.0,14.0,1.0,63.0,37.0,95.0,6.0,18.0,134.0,147.0,24.0,48.0,7.0,6.0,45.0,3.0,Forward,-36.53
213.0,Juan Carlos Real,Juan Carlos,male,1991-03-15T00:00:00+00:00,73.0,183.0,SD Huesca,HUE,https://assets.laliga.com/assets/2019/06/07/medium/huesca.png,22.0,Midfielder,https://assets.laliga.com/squad/2021/t2894/p88782/512x556/p88782_t2894_2021_1_001_000.png,15.0,19.0,0.0,0.0,0.0,0.0,1.0,67.0,1.0,14.0,9.0,4.0,2.0,181.0,0.0,0.0,0.0,6.0,0.0,0.0,9.0,11.0,86.0,60.0,134.0,5.0,13.0,106.0,184.0,18.0,21.0,12.0,5.0,34.0,1.0,Forward,-36.66
7412.0,Sekou Gassama,S. Gassama,male,1995-05-06T00:00:00+00:00,88.0,189.0,Málaga CF,MGA,https://assets.laliga.com/assets/2019/06/07/medium/malaga.png,22.0,Forward,https://assets.laliga.com/squad/2021/t182/p210204/512x556/p210204_t182_2021_1_001_000.png,44.0,22.0,0.0,0.0,4.0,0.0,0.0,65.0,3.0,12.0,0.0,6.0,7.0,139.0,0.0,0.0,0.0,8.0,0.0,0.0,6.0,1.0,59.0,25.0,83.0,4.0,23.0,112.0,143.0,5.0,53.0,7.0,1.0,58.0,3.0,Defender,-37.56999999999999
9431.0,Roberto González,Rober,male,2001-01-08T00:00:00+00:00,63.0,169.0,UD Las Palmas,LPA,https://assets.laliga.com/assets/2019/06/07/medium/las-palmas.png,25.0,Forward,https://assets.laliga.com/squad/2021/t407/p248503/512x556/p248503_t407_2021_0_001_000.png,4.0,20.0,0.0,0.0,0.0,0.0,0.0,73.0,2.0,10.0,5.0,7.0,2.0,236.0,0.0,0.0,0.0,11.0,0.0,0.0,15.0,4.0,143.0,44.0,183.0,1.0,19.0,128.0,241.0,16.0,47.0,19.0,6.0,48.0,3.0,Midfielder,-38.09
9431.0,Roberto González,Rober,male,2001-01-08T00:00:00+00:00,63.0,169.0,UD Las Palmas,LPA,https://assets.laliga.com/assets/2019/06/07/medium/las-palmas.png,25.0,Forward,https://assets.laliga.com/squad/2021/t407/p248503/512x556/p248503_t407_2021_0_001_000.png,4.0,20.0,0.0,0.0,0.0,0.0,0.0,73.0,2.0,10.0,5.0,7.0,2.0,236.0,0.0,0.0,0.0,11.0,0.0,0.0,15.0,4.0,143.0,44.0,183.0,1.0,19.0,128.0,241.0,16.0,47.0,19.0,6.0,48.0,3.0,Midfielder,-38.09
6210.0,Emmanuel Apeh,Emmanuel,male,1996-10-25T00:00:00+00:00,75.0,185.0,AD Alcorcón,ALC,https://assets.laliga.com/assets/2019/06/07/medium/alcorcon.png,11.0,Forward,,18.0,17.0,1.0,0.0,2.0,0.0,0.0,61.0,2.0,14.0,0.0,7.0,14.0,133.0,0.0,0.0,0.0,10.0,0.0,1.0,12.0,2.0,74.0,23.0,94.0,16.0,21.0,121.0,137.0,11.0,48.0,11.0,2.0,39.0,2.0,Defender,-38.129999999999995
8538.0,Juan Diego Molina,Stoichkov,male,1993-11-05T00:00:00+00:00,71.0,178.0,SD Eibar,EIB,https://assets.laliga.com/assets/2019/06/07/medium/eibar.png,19.0,Midfielder,https://assets.laliga.com/squad/2021/t953/p198524/512x556/p198524_t953_2021_1_001_000.png,39.0,40.0,2.0,0.0,0.0,0.0,0.0,146.0,21.0,36.0,15.0,37.0,11.0,763.0,0.0,0.0,0.0,43.0,1.0,5.0,29.0,23.0,375.0,193.0,540.0,18.0,38.0,416.0,790.0,37.0,162.0,18.0,14.0,213.0,7.0,Forward,-38.60000000000002
19347.0,Jimmy Giraudon,Jimmy Giraudon,male,1992-01-16T00:00:00+00:00,66.0,184.0,CD Leganés,LEG,https://assets.laliga.com/assets/2019/06/07/medium/leganes.png,15.0,Defender,https://assets.laliga.com/squad/2021/t957/p110350/512x556/p110350_t957_2021_1_001_000.png,8.0,5.0,0.0,0.0,1.0,0.0,1.0,14.0,0.0,6.0,5.0,1.0,0.0,179.0,0.0,0.0,0.0,0.0,0.0,0.0,1.0,8.0,42.0,107.0,141.0,10.0,4.0,47.0,191.0,3.0,0.0,1.0,27.0,15.0,2.0,Forward,-39.09
4814.0,Ousmane Dembélé,O. Dembélé,male,1997-05-15T00:00:00+00:00,67.0,178.0,FC Barcelona,BAR,https://assets.laliga.com/assets/2019/06/07/medium/barcelona.png,7.0,Forward,https://assets.laliga.com/squad/2021/t178/p219438/512x556/p219438_t178_2021_1_001_000.png,4.0,21.0,12.0,1.0,0.0,0.0,2.0,104.0,1.0,14.0,8.0,32.0,4.0,654.0,0.0,0.0,0.0,8.0,0.0,17.0,59.0,24.0,480.0,111.0,538.0,2.0,11.0,333.0,666.0,24.0,91.0,31.0,10.0,94.0,3.0,Defender,-39.34
15156.0,Facundo Pellistri,Pellistri,male,2001-12-20T00:00:00+00:00,69.0,175.0,Deportivo Alavés,ALA,https://assets.laliga.com/assets/2020/09/01/medium/27002754a98bf535807fe49a24cc63ea.png,18.0,Forward,https://assets.laliga.com/squad/2021/t173/p488404/512x556/p488404_t173_2021_1_001_000.png,8.0,21.0,0.0,0.0,2.0,0.0,0.0,48.0,0.0,10.0,6.0,6.0,3.0,131.0,0.0,0.0,0.0,2.0,0.0,1.0,11.0,1.0,71.0,34.0,103.0,5.0,8.0,98.0,135.0,9.0,22.0,15.0,5.0,26.0,0.0,Defender,-39.65
1137.0,Juan José Narváez Solarte,Narvaez,male,1995-02-12T00:00:00+00:00,79.0,181.0,Real Zaragoza,ZAR,https://assets.laliga.com/assets/2019/06/07/medium/zaragoza.png,7.0,Forward,https://assets.laliga.com/squad/2021/t190/p174898/512x556/p174898_t190_2021_1_001_000.png,38.0,34.0,1.0,3.0,3.0,0.0,2.0,174.0,2.0,27.0,10.0,21.0,4.0,631.0,0.0,0.0,0.0,24.0,0.0,2.0,15.0,14.0,394.0,138.0,516.0,15.0,21.0,275.0,638.0,15.0,102.0,21.0,11.0,97.0,5.0,Midfielder,-40.120000000000005
3861.0,Mikel Oyarzabal,Oyarzabal,male,1997-04-21T00:00:00+00:00,78.0,181.0,Real Sociedad,RSO,https://assets.laliga.com/assets/2019/06/07/medium/real-sociedad.png,10.0,Forward,https://assets.laliga.com/squad/2021/t188/p219000/512x556/p219000_t188_2021_1_001_000.png,22.0,22.0,3.0,5.0,2.0,0.0,5.0,88.0,9.0,22.0,10.0,36.0,5.0,492.0,0.0,0.0,0.0,18.0,1.0,7.0,22.0,13.0,281.0,127.0,369.0,14.0,14.0,310.0,511.0,18.0,84.0,21.0,13.0,116.0,0.0,Defender,-40.389999999999986
927.0,Jorge Molina,Molina,male,1982-04-22T00:00:00+00:00,72.0,188.0,Granada CF,GRA,https://assets.laliga.com/assets/2019/06/07/medium/granada.png,23.0,Forward,https://assets.laliga.com/squad/2021/t5683/p76555/512x556/p76555_t5683_2021_1_001_000.png,90.0,35.0,3.0,0.0,2.0,0.0,3.0,139.0,10.0,35.0,6.0,26.0,11.0,496.0,0.0,0.0,0.0,22.0,0.0,4.0,7.0,6.0,247.0,82.0,319.0,11.0,19.0,281.0,507.0,4.0,101.0,10.0,12.0,170.0,2.0,Forward,-40.43000000000001
5688.0,José Luis Zalazar Martínez,Zalazar,male,1998-05-05T00:00:00+00:00,73.0,176.0,SD Ponferradina,PON,https://assets.laliga.com/assets/2021/06/24/medium/20f0382ea9163a771b3e01bbe7cf78b7.png,24.0,Forward,https://assets.laliga.com/squad/2021/t3090/p179371/512x556/p179371_t3090_2021_1_001_000.png,13.0,26.0,1.0,0.0,2.0,0.0,0.0,55.0,0.0,10.0,3.0,6.0,1.0,246.0,0.0,0.0,0.0,4.0,0.0,1.0,8.0,7.0,140.0,63.0,194.0,5.0,13.0,104.0,247.0,8.0,18.0,10.0,10.0,36.0,3.0,Forward,-40.53
19064.0,Alejandro Cantero,Cantero,male,2000-06-08T00:00:00+00:00,,,Levante UD,LEV,https://assets.laliga.com/assets/2019/06/07/medium/levante.png,29.0,Forward,https://assets.laliga.com/squad/2021/t855/p494567/512x556/p494567_t855_2021_1_001_000.png,3.0,25.0,1.0,0.0,0.0,0.0,0.0,21.0,0.0,16.0,1.0,2.0,0.0,116.0,0.0,0.0,0.0,5.0,0.0,3.0,8.0,5.0,62.0,23.0,77.0,0.0,13.0,77.0,120.0,6.0,29.0,7.0,3.0,35.0,1.0,Defender,-40.8
5477.0,Enrique Pérez Muñoz,Kike,male,1997-02-14T00:00:00+00:00,80.0,184.0,Elche CF,ELC,https://assets.laliga.com/assets/2019/06/07/medium/elche.png,24.0,Midfielder,https://assets.laliga.com/squad/2021/t954/p241865/512x556/p241865_t954_2021_1_001_000.png,14.0,12.0,0.0,0.0,1.0,0.0,0.0,37.0,2.0,5.0,3.0,6.0,1.0,230.0,0.0,0.0,0.0,5.0,0.0,0.0,9.0,15.0,117.0,62.0,161.0,4.0,17.0,103.0,235.0,8.0,12.0,5.0,11.0,48.0,1.0,Forward,-41.15
1227.0,Willian José Da Silva,Willian J.,male,1991-11-23T00:00:00+00:00,93.0,189.0,Real Betis,BET,https://assets.laliga.com/assets/2019/06/07/medium/betis.png,12.0,Forward,https://assets.laliga.com/squad/2021/t185/p73314/512x556/p73314_t185_2021_1_001_000.png,22.0,32.0,4.0,3.0,2.0,0.0,1.0,66.0,8.0,18.0,3.0,18.0,7.0,494.0,0.0,0.0,0.0,12.0,0.0,2.0,6.0,23.0,263.0,154.0,392.0,16.0,12.0,206.0,530.0,15.0,53.0,10.0,19.0,96.0,1.0,Midfielder,-41.69999999999999
5379.0,Shinji Okazaki,Okazaki,male,1986-04-16T00:00:00+00:00,70.0,174.0,FC Cartagena,CAR,https://assets.laliga.com/assets/2022/02/11/medium/1628caa9b2002a11e564eb84b3677f78.png,16.0,Forward,https://assets.laliga.com/squad/2021/t3554/p78412/512x556/p78412_t3554_2021_1_001_000.png,35.0,32.0,0.0,0.0,0.0,0.0,0.0,87.0,2.0,17.0,4.0,12.0,5.0,227.0,0.0,0.0,0.0,6.0,0.0,0.0,9.0,5.0,111.0,60.0,166.0,8.0,15.0,153.0,230.0,10.0,41.0,16.0,2.0,57.0,0.0,Forward,-41.7
13334.0,Alberto González García,Berto,male,1998-04-02T00:00:00+00:00,69.0,172.0,Real Sporting,SPO,https://assets.laliga.com/assets/2019/06/07/medium/sporting.png,14.0,Forward,https://assets.laliga.com/squad/2021/t616/p495502/512x556/p495502_t616_2021_1_001_000.png,5.0,14.0,0.0,0.0,0.0,0.0,0.0,27.0,0.0,6.0,3.0,3.0,1.0,115.0,0.0,0.0,0.0,3.0,1.0,0.0,3.0,2.0,52.0,43.0,93.0,4.0,8.0,64.0,124.0,13.0,19.0,8.0,2.0,27.0,1.0,Forward,-41.76
12760.0,Arvin Appiah,Appiah,male,2001-01-05T00:00:00+00:00,63.0,173.0,UD Almería,ALM,https://assets.laliga.com/assets/2019/06/07/medium/almeria.png,31.0,Forward,https://assets.laliga.com/squad/2021/t1564/p220701/512x556/p220701_t1564_2021_1_001_000.png,11.0,32.0,1.0,0.0,0.0,0.0,0.0,83.0,1.0,10.0,4.0,14.0,3.0,291.0,0.0,0.0,0.0,6.0,0.0,1.0,25.0,1.0,186.0,53.0,237.0,3.0,8.0,173.0,296.0,12.0,48.0,27.0,9.0,49.0,1.0,Midfielder,-42.040000000000006
9650.0,Jaume Grau,Jaume,male,1997-05-05T00:00:00+00:00,67.0,182.0,Real Zaragoza,ZAR,https://assets.laliga.com/assets/2019/06/07/medium/zaragoza.png,5.0,Midfielder,https://assets.laliga.com/squad/2021/t190/p219716/512x556/p219716_t190_2021_1_001_000.png,11.0,12.0,0.0,0.0,1.0,0.0,2.0,38.0,2.0,11.0,12.0,2.0,0.0,329.0,0.0,0.0,0.0,2.0,0.0,2.0,2.0,20.0,132.0,148.0,258.0,12.0,17.0,66.0,330.0,25.0,3.0,0.0,21.0,31.0,4.0,Forward,-42.7
4076.0,Francisco José Sánchez Rodríguez,Curro,male,1996-01-03T00:00:00+00:00,71.0,173.0,UD Almería,ALM,https://assets.laliga.com/assets/2019/06/07/medium/almeria.png,10.0,Forward,https://assets.laliga.com/squad/2021/t1564/p220099/512x556/p220099_t1564_2021_1_001_000.png,10.0,35.0,2.0,3.0,2.0,0.0,0.0,81.0,2.0,15.0,3.0,28.0,2.0,575.0,0.0,0.0,0.0,7.0,0.0,3.0,17.0,32.0,341.0,159.0,458.0,6.0,18.0,209.0,598.0,19.0,36.0,6.0,27.0,81.0,4.0,Forward,-43.01999999999998
12632.0,Samuel Obeng,Obeng,male,1997-05-15T00:00:00+00:00,74.0,183.0,Real Oviedo,OVI,https://assets.laliga.com/assets/2019/06/07/medium/oviedo.png,16.0,Forward,https://assets.laliga.com/squad/2021/t187/p464479/512x556/p464479_t187_2021_1_001_000.png,67.0,34.0,1.0,0.0,5.0,0.0,0.0,141.0,8.0,21.0,9.0,11.0,14.0,290.0,0.0,0.0,0.0,26.0,1.0,4.0,14.0,4.0,144.0,63.0,199.0,11.0,30.0,230.0,294.0,20.0,101.0,29.0,5.0,86.0,3.0,Midfielder,-43.06
16570.0,Sergio Castel,S. Castel,female,1995-02-22T00:00:00+00:00,85.0,188.0,UD Ibiza,IBI,https://assets.laliga.com/assets/2021/06/24/medium/d7bc0d2c9bf06afd6b5ace9d62771713.png,17.0,Forward,https://assets.laliga.com/squad/2021/t16203/p441261/512x556/p441261_t16203_2021_1_001_000.png,66.0,32.0,3.0,0.0,5.0,0.0,2.0,141.0,9.0,38.0,3.0,24.0,31.0,379.0,0.0,0.0,0.0,27.0,0.0,8.0,24.0,3.0,215.0,117.0,321.0,18.0,57.0,282.0,419.0,19.0,144.0,24.0,2.0,93.0,3.0,Forward,-43.31
8376.0,José Luis Rodríguez,J.l. Rodriguez,male,1998-06-19T00:00:00+00:00,77.0,180.0,Real Sporting,SPO,https://assets.laliga.com/assets/2019/06/07/medium/sporting.png,18.0,Midfielder,https://assets.laliga.com/squad/2021/t616/p228669/512x556/p228669_t616_2021_1_001_000.png,31.0,35.0,1.0,0.0,0.0,0.0,2.0,151.0,3.0,29.0,14.0,32.0,7.0,491.0,0.0,0.0,0.0,18.0,0.0,14.0,44.0,13.0,272.0,128.0,371.0,9.0,23.0,320.0,496.0,39.0,76.0,19.0,13.0,99.0,4.0,Forward,-43.53999999999999
6479.0,Alexander Isak,Isak,male,1999-09-21T00:00:00+00:00,70.0,190.0,Real Sociedad,RSO,https://assets.laliga.com/assets/2019/06/07/medium/real-sociedad.png,19.0,Forward,https://assets.laliga.com/squad/2021/t188/p219168/512x556/p219168_t188_2021_1_001_000.png,29.0,32.0,2.0,3.0,2.0,0.0,1.0,109.0,6.0,21.0,3.0,18.0,15.0,382.0,0.0,0.0,0.0,35.0,0.0,3.0,44.0,5.0,234.0,79.0,305.0,7.0,32.0,266.0,417.0,7.0,142.0,44.0,7.0,100.0,6.0,Forward,-43.83000000000001
3266.0,Saidy Janko,Janko,male,1995-10-22T00:00:00+00:00,83.0,181.0,Real Valladolid CF,VLL,https://assets.laliga.com/assets/2019/06/07/medium/valladolid.png,18.0,Defender,https://assets.laliga.com/squad/2021/t192/p170929/512x556/p170929_t192_2021_1_001_000.png,7.0,15.0,0.0,0.0,1.0,0.0,0.0,28.0,0.0,14.0,4.0,9.0,0.0,291.0,0.0,0.0,0.0,0.0,0.0,12.0,12.0,8.0,136.0,116.0,232.0,8.0,6.0,100.0,297.0,3.0,7.0,7.0,14.0,43.0,1.0,Forward,-44.03
1454.0,Íñigo Eguaras,Eguaras,male,1992-03-07T00:00:00+00:00,77.0,181.0,UD Almería,ALM,https://assets.laliga.com/assets/2019/06/07/medium/almeria.png,4.0,Midfielder,,7.0,14.0,0.0,0.0,0.0,0.0,1.0,21.0,1.0,9.0,3.0,5.0,0.0,404.0,0.0,0.0,0.0,2.0,0.0,1.0,1.0,20.0,195.0,161.0,335.0,11.0,6.0,74.0,414.0,11.0,7.0,1.0,18.0,41.0,2.0,Forward,-44.36
1960.0,Anthony Lozano,Lozano,male,1993-04-25T00:00:00+00:00,74.0,185.0,Cádiz CF,CAD,https://assets.laliga.com/assets/2019/06/07/medium/cadiz.png,9.0,Forward,https://assets.laliga.com/squad/2021/t1737/p104448/512x556/p104448_t1737_2021_1_001_000.png,44.0,31.0,1.0,0.0,2.0,0.0,0.0,126.0,7.0,25.0,2.0,8.0,9.0,240.0,0.0,0.0,0.0,20.0,0.0,3.0,36.0,6.0,120.0,54.0,165.0,7.0,43.0,245.0,255.0,8.0,86.0,23.0,6.0,78.0,8.0,Forward,-44.44999999999999
4072.0,Joel Valencia,Valencia,male,1994-11-16T00:00:00+00:00,61.0,164.0,AD Alcorcón,ALC,https://assets.laliga.com/assets/2019/06/07/medium/alcorcon.png,9.0,Forward,,1.0,18.0,1.0,0.0,1.0,0.0,0.0,39.0,0.0,11.0,2.0,12.0,2.0,289.0,0.0,0.0,0.0,2.0,0.0,6.0,12.0,8.0,173.0,86.0,243.0,2.0,4.0,119.0,296.0,16.0,22.0,15.0,1.0,44.0,0.0,Defender,-44.53999999999999
2270.0,Guido Carrillo,Carrillo,male,1991-05-25T00:00:00+00:00,87.0,191.0,Elche CF,ELC,https://assets.laliga.com/assets/2019/06/07/medium/elche.png,7.0,Forward,https://assets.laliga.com/squad/2021/t954/p98914/512x556/p98914_t954_2021_1_001_000.png,84.0,29.0,0.0,0.0,2.0,0.0,1.0,120.0,2.0,20.0,1.0,6.0,6.0,276.0,0.0,0.0,0.0,10.0,0.0,0.0,8.0,5.0,141.0,66.0,202.0,27.0,33.0,149.0,295.0,7.0,40.0,6.0,3.0,85.0,3.0,Defender,-45.55
110.0,David Ferreiro,Ferreiro,male,1988-04-01T00:00:00+00:00,63.0,170.0,SD Huesca,HUE,https://assets.laliga.com/assets/2019/06/07/medium/huesca.png,7.0,Forward,https://assets.laliga.com/squad/2021/t2894/p90657/512x556/p90657_t2894_2021_1_001_000.png,8.0,25.0,1.0,0.0,1.0,0.0,0.0,66.0,0.0,13.0,11.0,23.0,11.0,369.0,0.0,0.0,0.0,3.0,0.0,6.0,24.0,27.0,238.0,107.0,300.0,5.0,23.0,169.0,388.0,15.0,26.0,12.0,11.0,50.0,4.0,Midfielder,-46.620000000000005
1603.0,Juan Muñoz,Juan Muñoz,male,1995-11-12T00:00:00+00:00,72.0,179.0,CD Leganés,LEG,https://assets.laliga.com/assets/2019/06/07/medium/leganes.png,11.0,Forward,https://assets.laliga.com/squad/2021/t957/p195444/512x556/p195444_t957_2021_1_001_000.png,13.0,30.0,2.0,5.0,2.0,0.0,0.0,51.0,2.0,15.0,8.0,14.0,3.0,272.0,0.0,0.0,0.0,7.0,0.0,1.0,16.0,15.0,113.0,102.0,196.0,2.0,8.0,167.0,286.0,9.0,36.0,12.0,12.0,63.0,1.0,Forward,-46.64
4611.0,Aïssa Mandi,Mandi,male,1991-10-22T00:00:00+00:00,78.0,184.0,Villarreal CF,VIL,https://assets.laliga.com/assets/2019/06/07/medium/villarreal.png,22.0,Defender,https://assets.laliga.com/squad/2021/t449/p86813/512x556/p86813_t449_2021_1_001_000.png,26.0,17.0,0.0,0.0,14.0,0.0,5.0,42.0,1.0,15.0,13.0,1.0,1.0,952.0,0.0,0.0,0.0,3.0,0.0,0.0,0.0,60.0,238.0,681.0,859.0,49.0,14.0,77.0,988.0,11.0,11.0,0.0,20.0,49.0,3.0,Forward,-47.12
12013.0,Rodrygo Silva de Goes,Rodrygo,male,2001-01-09T00:00:00+00:00,64.0,174.0,Real Madrid,RMA,https://assets.laliga.com/assets/2019/06/07/medium/real-madrid.png,21.0,Forward,https://assets.laliga.com/squad/2021/t186/p440077/512x556/p440077_t186_2021_1_001_000.png,14.0,33.0,3.0,0.0,0.0,0.0,1.0,88.0,4.0,13.0,11.0,24.0,13.0,609.0,0.0,0.0,0.0,15.0,0.0,3.0,27.0,7.0,436.0,111.0,532.0,3.0,20.0,229.0,626.0,18.0,116.0,31.0,9.0,78.0,3.0,Defender,-47.24000000000001
14637.0,Javier Enrique Delgado Saverio,Saverio,male,1999-06-19T00:00:00+00:00,69.0,178.0,SD Ponferradina,PON,https://assets.laliga.com/assets/2021/06/24/medium/20f0382ea9163a771b3e01bbe7cf78b7.png,28.0,Forward,https://assets.laliga.com/squad/2021/t3090/p439346/512x556/p439346_t3090_2021_1_001_000.png,11.0,29.0,1.0,0.0,0.0,0.0,0.0,73.0,1.0,14.0,8.0,7.0,5.0,327.0,0.0,0.0,0.0,7.0,1.0,0.0,33.0,11.0,179.0,90.0,258.0,5.0,25.0,145.0,332.0,18.0,28.0,19.0,10.0,53.0,1.0,Midfielder,-48.18000000000001
12650.0,Javier López,Javi Lopez,male,2002-03-25T00:00:00+00:00,,184.0,Deportivo Alavés,ALA,https://assets.laliga.com/assets/2020/09/01/medium/27002754a98bf535807fe49a24cc63ea.png,27.0,Defender,https://assets.laliga.com/squad/2021/t173/p484406/512x556/p484406_t173_2021_1_001_000.png,0.0,9.0,0.0,0.0,1.0,0.0,0.0,22.0,0.0,12.0,4.0,4.0,0.0,151.0,0.0,0.0,0.0,0.0,0.0,4.0,2.0,10.0,55.0,72.0,113.0,11.0,6.0,80.0,159.0,8.0,0.0,4.0,17.0,19.0,2.0,Forward,-48.41
5882.0,Juan José Nieto Zarzoso,Juanjo Nieto,male,1994-10-03T00:00:00+00:00,71.0,175.0,UD Almería,ALM,https://assets.laliga.com/assets/2019/06/07/medium/almeria.png,12.0,Defender,https://assets.laliga.com/squad/2021/t1564/p246186/512x556/p246186_t1564_2021_1_001_000.png,13.0,16.0,0.0,0.0,1.0,0.0,1.0,41.0,0.0,5.0,10.0,4.0,0.0,223.0,0.0,0.0,0.0,0.0,0.0,3.0,6.0,8.0,106.0,69.0,164.0,27.0,7.0,89.0,225.0,12.0,7.0,3.0,16.0,37.0,2.0,Forward,-48.75
9784.0,Sergio Camello,Camello,male,2001-02-10T00:00:00+00:00,69.0,177.0,CD Mirandés,MIR,https://assets.laliga.com/assets/2019/06/07/medium/mirandes.png,24.0,Forward,https://assets.laliga.com/squad/2021/t5741/p248507/512x556/p248507_t5741_2021_1_001_000.png,34.0,36.0,3.0,0.0,0.0,0.0,0.0,116.0,15.0,49.0,9.0,38.0,16.0,653.0,0.0,0.0,0.0,46.0,0.0,2.0,37.0,17.0,351.0,188.0,519.0,20.0,23.0,404.0,733.0,11.0,166.0,41.0,21.0,176.0,6.0,Forward,-49.170000000000016
9784.0,Sergio Camello,Camello,male,2001-02-10T00:00:00+00:00,69.0,177.0,CD Mirandés,MIR,https://assets.laliga.com/assets/2019/06/07/medium/mirandes.png,24.0,Forward,https://assets.laliga.com/squad/2021/t5741/p248507/512x556/p248507_t5741_2021_1_001_000.png,34.0,36.0,3.0,0.0,0.0,0.0,0.0,116.0,15.0,49.0,9.0,38.0,16.0,653.0,0.0,0.0,0.0,46.0,0.0,2.0,37.0,17.0,351.0,188.0,519.0,20.0,23.0,404.0,733.0,11.0,166.0,41.0,21.0,176.0,6.0,Goalkeeper,-49.170000000000016
15848.0,Beñat Turrientes,Turrientes,male,2002-01-31T00:00:00+00:00,,179.0,R. Sociedad B,RSOB,https://assets.laliga.com/assets/2019/06/07/medium/real-sociedad.png,14.0,Midfielder,https://assets.laliga.com/squad/2021/t3567/p488026/512x556/p488026_t3567_2021_1_001_000.png,22.0,20.0,1.0,5.0,3.0,0.0,4.0,136.0,0.0,26.0,13.0,19.0,0.0,1054.0,0.0,0.0,0.0,7.0,0.0,1.0,33.0,76.0,448.0,537.0,902.0,25.0,14.0,211.0,1104.0,33.0,5.0,17.0,43.0,83.0,4.0,Forward,-49.45999999999998
15848.0,Beñat Turrientes,Turrientes,male,2002-01-31T00:00:00+00:00,,179.0,R. Sociedad B,RSOB,https://assets.laliga.com/assets/2019/06/07/medium/real-sociedad.png,14.0,Midfielder,https://assets.laliga.com/squad/2021/t3567/p488026/512x556/p488026_t3567_2021_1_001_000.png,22.0,20.0,1.0,5.0,3.0,0.0,4.0,136.0,0.0,26.0,13.0,19.0,0.0,1054.0,0.0,0.0,0.0,7.0,0.0,1.0,33.0,76.0,448.0,537.0,902.0,25.0,14.0,211.0,1104.0,33.0,5.0,17.0,43.0,83.0,4.0,Forward,-49.45999999999998
4120.0,Ignacio Gil de Pareja,Nacho Gil,male,1995-09-09T00:00:00+00:00,63.0,168.0,FC Cartagena,CAR,https://assets.laliga.com/assets/2022/02/11/medium/1628caa9b2002a11e564eb84b3677f78.png,21.0,Midfielder,https://assets.laliga.com/squad/2021/t3554/p220242/512x556/p220242_t3554_2021_1_001_000.png,8.0,21.0,0.0,0.0,1.0,0.0,0.0,83.0,1.0,15.0,13.0,10.0,3.0,386.0,0.0,0.0,0.0,3.0,1.0,2.0,20.0,6.0,179.0,151.0,322.0,1.0,15.0,142.0,395.0,19.0,19.0,17.0,9.0,58.0,0.0,Forward,-49.55
4321.0,Iván Salvador Edú,I. Salvador,male,1995-12-11T00:00:00+00:00,72.0,173.0,CF Fuenlabrada,FUE,https://assets.laliga.com/assets/2019/06/07/medium/fuenlabrada.png,6.0,Forward,https://assets.laliga.com/squad/2021/t7104/p222944/512x556/p222944_t7104_2021_1_001_000.png,8.0,13.0,1.0,0.0,0.0,0.0,0.0,71.0,0.0,5.0,12.0,9.0,3.0,172.0,0.0,1.0,0.0,3.0,0.0,3.0,4.0,8.0,91.0,34.0,114.0,2.0,15.0,113.0,178.0,16.0,13.0,6.0,8.0,48.0,6.0,Defender,-50.22
17033.0,Andrés Caro,Andrés,male,2004-02-01T00:00:00+00:00,70.0,184.0,Málaga CF,MGA,https://assets.laliga.com/assets/2019/06/07/medium/malaga.png,31.0,Forward,https://assets.laliga.com/squad/2021/t182/p530063/512x556/p530063_t182_2021_1_001_000.png,4.0,7.0,0.0,0.0,2.0,0.0,0.0,23.0,0.0,4.0,3.0,1.0,0.0,211.0,0.0,0.0,0.0,0.0,0.0,0.0,1.0,22.0,56.0,112.0,146.0,7.0,9.0,58.0,219.0,9.0,0.0,1.0,24.0,27.0,3.0,Defender,-50.81
19072.0,Roberto Fernández,Roberto,male,2002-07-03T00:00:00+00:00,,,Málaga CF,MGA,https://assets.laliga.com/assets/2019/06/07/medium/malaga.png,39.0,Forward,https://assets.laliga.com/squad/2021/t182/p537940/512x556/p537940_t182_2021_1_001_000.png,32.0,32.0,0.0,0.0,1.0,0.0,0.0,71.0,2.0,26.0,2.0,5.0,9.0,194.0,0.0,0.0,0.0,13.0,0.0,0.0,14.0,4.0,99.0,56.0,151.0,7.0,27.0,141.0,218.0,7.0,54.0,14.0,6.0,57.0,0.0,Midfielder,-50.81999999999999
20.0,Cristian Tello,C. Tello,male,1991-08-11T00:00:00+00:00,65.0,178.0,Real Betis,BET,https://assets.laliga.com/assets/2019/06/07/medium/betis.png,11.0,Forward,https://assets.laliga.com/squad/2021/t185/p86169/512x556/p86169_t185_2021_1_001_000.png,5.0,23.0,2.0,2.0,0.0,0.0,0.0,37.0,2.0,14.0,10.0,14.0,4.0,342.0,0.0,0.0,0.0,9.0,0.0,4.0,10.0,12.0,202.0,69.0,255.0,6.0,9.0,134.0,342.0,17.0,37.0,17.0,7.0,68.0,2.0,Goalkeeper,-51.08
8371.0,Yoel Bárcenas,Y. Barcenas,male,1993-10-23T00:00:00+00:00,75.0,175.0,CD Leganés,LEG,https://assets.laliga.com/assets/2019/06/07/medium/leganes.png,23.0,Forward,https://assets.laliga.com/squad/2021/t957/p169310/512x556/p169310_t957_2021_1_001_000.png,12.0,26.0,2.0,0.0,0.0,0.0,1.0,87.0,2.0,20.0,7.0,11.0,4.0,434.0,0.0,0.0,0.0,6.0,0.0,7.0,28.0,16.0,273.0,98.0,348.0,5.0,19.0,182.0,439.0,22.0,41.0,21.0,10.0,65.0,0.0,Midfielder,-51.11
2878.0,Kieran Trippier,Trippier,male,1990-09-19T00:00:00+00:00,71.0,178.0,Newcastle,NEW,https://assets.laliga.com/assets/2021/03/11/medium/b8127f91e409ae9ce07f12d48432b7c3.png,15.0,Defender,,10.0,6.0,0.0,2.0,3.0,0.0,1.0,31.0,2.0,5.0,10.0,7.0,0.0,191.0,0.0,0.0,0.0,2.0,0.0,0.0,1.0,17.0,82.0,62.0,115.0,10.0,3.0,99.0,203.0,17.0,0.0,2.0,25.0,46.0,0.0,Forward,-51.47
1192.0,José Ángel Carrillo,Carrillo,male,1994-01-07T00:00:00+00:00,82.0,190.0,CD Lugo,LUG,https://assets.laliga.com/assets/2019/06/07/medium/lugo.png,11.0,Forward,https://assets.laliga.com/squad/2021/t5730/p178348/512x556/p178348_t5730_2021_1_001_000.png,183.0,33.0,0.0,0.0,2.0,0.0,0.0,236.0,9.0,29.0,5.0,10.0,18.0,390.0,0.0,0.0,0.0,22.0,0.0,0.0,8.0,3.0,146.0,62.0,205.0,27.0,21.0,288.0,400.0,6.0,100.0,3.0,8.0,184.0,5.0,Midfielder,-51.5
881.0,Ángel Rodríguez,Ángel,male,1987-04-26T00:00:00+00:00,68.0,172.0,RCD Mallorca,MLL,https://assets.laliga.com/assets/2019/06/07/medium/mallorca.png,22.0,Forward,https://assets.laliga.com/squad/2021/t181/p56419/512x556/p56419_t181_2021_1_001_000.png,19.0,29.0,2.0,0.0,1.0,0.0,0.0,70.0,4.0,26.0,3.0,11.0,17.0,241.0,0.0,0.0,0.0,11.0,0.0,2.0,13.0,9.0,116.0,70.0,175.0,11.0,37.0,153.0,251.0,15.0,67.0,10.0,7.0,60.0,4.0,Goalkeeper,-51.989999999999995
1858.0,Rubén Alcaraz,R. Alcaraz,male,1991-05-01T00:00:00+00:00,81.0,183.0,Cádiz CF,CAD,https://assets.laliga.com/assets/2019/06/07/medium/cadiz.png,4.0,Midfielder,https://assets.laliga.com/squad/2021/t1737/p96771/512x556/p96771_t1737_2021_1_001_000.png,22.0,14.0,0.0,5.0,2.0,0.0,5.0,109.0,2.0,12.0,13.0,14.0,1.0,609.0,0.0,0.0,0.0,6.0,0.0,3.0,11.0,59.0,324.0,230.0,489.0,13.0,30.0,150.0,641.0,41.0,19.0,6.0,37.0,56.0,7.0,Forward,-52.09
135.0,Denis Cheryshev,Cheryshev,male,1990-12-26T00:00:00+00:00,74.0,179.0,Valencia CF,VAL,https://assets.laliga.com/assets/2019/06/07/medium/valencia.png,17.0,Forward,https://assets.laliga.com/squad/2021/t191/p88489/512x556/p88489_t191_2021_1_001_000.png,5.0,17.0,1.0,0.0,1.0,0.0,0.0,32.0,0.0,9.0,9.0,2.0,4.0,133.0,0.0,0.0,0.0,5.0,0.0,2.0,6.0,2.0,75.0,27.0,97.0,9.0,15.0,91.0,141.0,14.0,22.0,5.0,6.0,36.0,1.0,Goalkeeper,-53.09
9582.0,Ander Barrenetxea,Barrenetxea,male,2001-12-27T00:00:00+00:00,75.0,178.0,Real Sociedad,RSO,https://assets.laliga.com/assets/2019/06/07/medium/real-sociedad.png,22.0,Forward,https://assets.laliga.com/squad/2021/t188/p471138/512x556/p471138_t188_2021_1_001_000.png,4.0,11.0,1.0,0.0,0.0,0.0,0.0,50.0,1.0,8.0,2.0,5.0,1.0,176.0,0.0,0.0,0.0,3.0,0.0,0.0,15.0,5.0,91.0,38.0,124.0,2.0,10.0,117.0,176.0,15.0,28.0,22.0,3.0,44.0,0.0,Defender,-53.24000000000001
8706.0,Miguel De la Fuente,Miguel,male,1999-09-03T00:00:00+00:00,77.0,180.0,Deportivo Alavés,ALA,https://assets.laliga.com/assets/2020/09/01/medium/27002754a98bf535807fe49a24cc63ea.png,24.0,Forward,https://assets.laliga.com/squad/2021/t173/p442157/512x556/p442157_t173_2021_1_001_000.png,14.0,22.0,1.0,0.0,0.0,0.0,0.0,54.0,1.0,13.0,1.0,4.0,5.0,143.0,0.0,0.0,0.0,4.0,0.0,1.0,13.0,3.0,66.0,36.0,98.0,7.0,19.0,121.0,152.0,7.0,47.0,12.0,4.0,47.0,2.0,Midfielder,-54.48
18835.0,David Amigo,D. Amigo,male,2002-10-22T00:00:00+00:00,,,CF Fuenlabrada,FUE,https://assets.laliga.com/assets/2019/06/07/medium/fuenlabrada.png,27.0,Forward,,4.0,15.0,1.0,0.0,0.0,0.0,1.0,33.0,0.0,16.0,4.0,7.0,2.0,158.0,0.0,0.0,0.0,4.0,0.0,3.0,8.0,6.0,76.0,37.0,104.0,5.0,8.0,112.0,163.0,15.0,38.0,8.0,7.0,46.0,0.0,Midfielder,-54.87
4463.0,Amath Ndiaye,Amath,male,1996-07-16T00:00:00+00:00,70.0,173.0,RCD Mallorca,MLL,https://assets.laliga.com/assets/2019/06/07/medium/mallorca.png,23.0,Forward,https://assets.laliga.com/squad/2021/t181/p225463/512x556/p225463_t181_2021_1_001_000.png,5.0,19.0,0.0,0.0,0.0,0.0,1.0,59.0,0.0,13.0,7.0,5.0,6.0,189.0,0.0,0.0,0.0,4.0,0.0,1.0,15.0,5.0,99.0,57.0,150.0,6.0,19.0,105.0,191.0,21.0,28.0,16.0,0.0,36.0,5.0,Forward,-55.09
1132.0,Cristian Herrera,Herrera,male,1991-03-13T00:00:00+00:00,76.0,181.0,UD Ibiza,IBI,https://assets.laliga.com/assets/2021/06/24/medium/d7bc0d2c9bf06afd6b5ace9d62771713.png,21.0,Forward,https://assets.laliga.com/squad/2021/t16203/p165907/512x556/p165907_t16203_2021_1_001_000.png,22.0,36.0,5.0,5.0,4.0,0.0,2.0,94.0,11.0,41.0,9.0,30.0,5.0,661.0,0.0,0.0,0.0,32.0,0.0,12.0,33.0,14.0,360.0,179.0,505.0,13.0,23.0,354.0,679.0,17.0,84.0,36.0,19.0,141.0,2.0,Goalkeeper,-55.210000000000036
7122.0,Hugo Duro,Hugo Duro,male,1999-11-10T00:00:00+00:00,70.0,177.0,Valencia CF,VAL,https://assets.laliga.com/assets/2019/06/07/medium/valencia.png,19.0,Forward,https://assets.laliga.com/squad/2021/t191/p439716/512x556/p439716_t191_2021_1_001_000.png,40.0,30.0,0.0,0.0,2.0,0.0,1.0,121.0,7.0,28.0,4.0,13.0,7.0,355.0,0.0,1.0,0.0,15.0,0.0,1.0,13.0,5.0,195.0,74.0,263.0,16.0,29.0,227.0,373.0,25.0,69.0,12.0,8.0,97.0,2.0,Midfielder,-55.26999999999998
1651.0,Álvaro Negredo,A. Negredo,male,1985-08-20T00:00:00+00:00,71.0,186.0,Cádiz CF,CAD,https://assets.laliga.com/assets/2019/06/07/medium/cadiz.png,18.0,Forward,https://assets.laliga.com/squad/2021/t1737/p42892/512x556/p42892_t1737_2021_1_001_000.png,115.0,34.0,2.0,1.0,5.0,0.0,5.0,174.0,7.0,30.0,2.0,21.0,11.0,494.0,0.0,0.0,0.0,29.0,0.0,5.0,21.0,34.0,188.0,131.0,280.0,23.0,16.0,306.0,523.0,5.0,123.0,13.0,20.0,189.0,3.0,Midfielder,-55.27000000000001
1795.0,Jorge Pombo,Pombo,male,1994-02-22T00:00:00+00:00,76.0,177.0,Real Oviedo,OVI,https://assets.laliga.com/assets/2019/06/07/medium/oviedo.png,20.0,Forward,https://assets.laliga.com/squad/2021/t187/p206342/512x556/p206342_t187_2021_1_001_000.png,5.0,23.0,0.0,1.0,0.0,0.0,0.0,45.0,1.0,11.0,1.0,7.0,2.0,205.0,0.0,0.0,0.0,9.0,0.0,2.0,16.0,12.0,123.0,47.0,154.0,3.0,23.0,132.0,212.0,6.0,32.0,20.0,5.0,41.0,3.0,Midfielder,-55.379999999999995
8731.0,Sergio Moreno,Moreno,male,1999-01-01T00:00:00+00:00,,178.0,SD Amorebieta,AMO,https://assets.laliga.com/assets/2021/06/24/medium/7dcec1604142a8f60f876e4c7e839da7.png,29.0,Forward,https://assets.laliga.com/squad/2021/t6498/p462678/512x556/p462678_t6498_2021_1_001_000.png,24.0,16.0,0.0,0.0,0.0,0.0,0.0,62.0,0.0,10.0,2.0,3.0,3.0,150.0,0.0,0.0,0.0,3.0,0.0,1.0,6.0,1.0,74.0,35.0,107.0,1.0,17.0,110.0,154.0,6.0,28.0,10.0,1.0,45.0,2.0,Forward,-55.46
8731.0,Sergio Moreno,Moreno,male,1999-01-01T00:00:00+00:00,,178.0,SD Amorebieta,AMO,https://assets.laliga.com/assets/2021/06/24/medium/7dcec1604142a8f60f876e4c7e839da7.png,29.0,Forward,https://assets.laliga.com/squad/2021/t6498/p462678/512x556/p462678_t6498_2021_1_001_000.png,24.0,16.0,0.0,0.0,0.0,0.0,0.0,62.0,0.0,10.0,2.0,3.0,3.0,150.0,0.0,0.0,0.0,3.0,0.0,1.0,6.0,1.0,74.0,35.0,107.0,1.0,17.0,110.0,154.0,6.0,28.0,10.0,1.0,45.0,2.0,Midfielder,-55.46
699.0,Antoine Griezmann,Griezmann,male,1991-03-21T00:00:00+00:00,73.0,176.0,Atlético de Madrid,ATM,https://assets.laliga.com/assets/2019/06/07/medium/atletico.png,8.0,Forward,https://assets.laliga.com/squad/2021/t175/p76650/512x556/p76650_t175_2021_1_001_000.png,32.0,26.0,3.0,3.0,1.0,0.0,1.0,107.0,3.0,16.0,7.0,22.0,10.0,639.0,0.0,0.0,0.0,14.0,0.0,2.0,19.0,18.0,361.0,176.0,513.0,16.0,18.0,227.0,658.0,30.0,72.0,10.0,9.0,118.0,3.0,Defender,-55.920000000000016
7568.0,Álex Collado,Collado,male,1999-04-22T00:00:00+00:00,66.0,177.0,Granada CF,GRA,https://assets.laliga.com/assets/2019/06/07/medium/granada.png,35.0,Midfielder,https://assets.laliga.com/squad/2021/t5683/p242315/512x556/p242315_t5683_2021_1_001_000.png,6.0,17.0,1.0,1.0,2.0,0.0,1.0,63.0,2.0,16.0,6.0,16.0,0.0,302.0,0.0,0.0,0.0,8.0,0.0,2.0,14.0,9.0,176.0,87.0,246.0,8.0,15.0,173.0,314.0,27.0,22.0,24.0,11.0,48.0,1.0,Forward,-56.36
78.0,Mario Gaspar Pérez Martínez,Mario Gaspar,male,1990-11-24T00:00:00+00:00,74.0,182.0,Villarreal CF,VIL,https://assets.laliga.com/assets/2019/06/07/medium/villarreal.png,2.0,Defender,https://assets.laliga.com/squad/2021/t449/p76610/512x556/p76610_t449_2021_1_001_000.png,8.0,12.0,0.0,0.0,3.0,0.0,2.0,23.0,0.0,8.0,6.0,5.0,0.0,299.0,0.0,0.0,0.0,1.0,0.0,2.0,3.0,14.0,115.0,131.0,230.0,13.0,8.0,85.0,308.0,10.0,15.0,1.0,23.0,41.0,1.0,Forward,-56.42
3960.0,Rafael Mir Vicente,Rafa Mir,male,1997-06-18T00:00:00+00:00,86.0,191.0,Sevilla FC,SEV,https://assets.laliga.com/assets/2019/06/07/medium/sevilla.png,12.0,Forward,https://assets.laliga.com/squad/2021/t179/p219929/512x556/p219929_t179_2021_1_001_000.png,59.0,34.0,0.0,0.0,3.0,0.0,2.0,92.0,10.0,23.0,0.0,7.0,23.0,304.0,0.0,0.0,0.0,24.0,0.0,2.0,12.0,5.0,121.0,113.0,227.0,15.0,32.0,209.0,343.0,4.0,80.0,11.0,2.0,109.0,6.0,Goalkeeper,-56.56999999999999
15101.0,Yeremi Pino,Yeremy,male,2002-10-20T00:00:00+00:00,,172.0,Villarreal CF,VIL,https://assets.laliga.com/assets/2019/06/07/medium/villarreal.png,21.0,Forward,https://assets.laliga.com/squad/2021/t449/p488024/512x556/p488024_t449_2021_1_001_000.png,16.0,31.0,4.0,0.0,4.0,0.0,0.0,107.0,6.0,20.0,6.0,22.0,10.0,508.0,0.0,0.0,0.0,15.0,0.0,4.0,25.0,8.0,276.0,132.0,396.0,6.0,29.0,243.0,512.0,32.0,107.0,31.0,7.0,101.0,2.0,Midfielder,-56.879999999999995
569.0,Mario Suárez,M. Suárez,male,1987-02-24T00:00:00+00:00,80.0,188.0,Rayo Vallecano,RAY,https://assets.laliga.com/assets/2019/06/07/medium/rayo.png,4.0,Midfielder,https://assets.laliga.com/squad/2021/t184/p28160/512x556/p28160_t184_2021_1_001_000.png,29.0,14.0,0.0,0.0,4.0,0.0,1.0,47.0,0.0,15.0,7.0,1.0,0.0,318.0,0.0,0.0,0.0,3.0,0.0,0.0,4.0,28.0,87.0,170.0,229.0,35.0,17.0,82.0,330.0,9.0,10.0,2.0,34.0,39.0,2.0,Forward,-57.2
1460.0,Luis Suárez,Suárez,male,1987-01-24T00:00:00+00:00,86.0,182.0,Atlético de Madrid,ATM,https://assets.laliga.com/assets/2019/06/07/medium/atletico.png,9.0,Forward,https://assets.laliga.com/squad/2021/t175/p39336/512x556/p39336_t175_2021_1_001_000.png,20.0,35.0,2.0,2.0,1.0,0.0,0.0,59.0,11.0,26.0,1.0,13.0,12.0,453.0,0.0,0.0,0.0,26.0,0.0,1.0,6.0,22.0,240.0,123.0,340.0,14.0,20.0,220.0,491.0,8.0,90.0,17.0,7.0,122.0,7.0,Goalkeeper,-58.09
12084.0,Pablo Chavarria,Chavarria,male,1988-01-02T00:00:00+00:00,74.0,182.0,Málaga CF,MGA,https://assets.laliga.com/assets/2019/06/07/medium/malaga.png,12.0,Forward,https://assets.laliga.com/squad/2021/t182/p85659/512x556/p85659_t182_2021_1_001_000.png,14.0,15.0,0.0,0.0,0.0,0.0,1.0,22.0,0.0,4.0,1.0,3.0,10.0,80.0,0.0,0.0,0.0,1.0,0.0,1.0,1.0,0.0,32.0,15.0,46.0,5.0,14.0,66.0,85.0,4.0,21.0,3.0,2.0,37.0,4.0,Defender,-58.15
14761.0,Ander Gorostidi,Gorostidi,male,1996-02-23T00:00:00+00:00,,,AD Alcorcón,ALC,https://assets.laliga.com/assets/2019/06/07/medium/alcorcon.png,8.0,Midfielder,https://assets.laliga.com/squad/2021/t5233/p233999/512x556/p233999_t5233_2021_1_001_000.png,11.0,11.0,0.0,0.0,0.0,0.0,0.0,21.0,0.0,15.0,10.0,2.0,0.0,275.0,0.0,0.0,0.0,1.0,0.0,0.0,0.0,30.0,98.0,124.0,192.0,11.0,13.0,69.0,281.0,7.0,3.0,1.0,30.0,29.0,2.0,Forward,-58.19
1817.0,Francisco Sol Ortiz,Fran Sol,male,1992-03-13T00:00:00+00:00,77.0,181.0,SD Eibar,EIB,https://assets.laliga.com/assets/2019/06/07/medium/eibar.png,9.0,Forward,https://assets.laliga.com/squad/2021/t953/p122472/512x556/p122472_t953_2021_1_001_000.png,61.0,31.0,0.0,0.0,1.0,0.0,0.0,100.0,5.0,16.0,2.0,10.0,6.0,323.0,0.0,0.0,0.0,17.0,0.0,1.0,10.0,5.0,147.0,63.0,204.0,13.0,29.0,190.0,330.0,14.0,82.0,5.0,2.0,119.0,4.0,Goalkeeper,-58.19999999999999
1335.0,Brandon Thomas,Brandon,male,1995-02-04T00:00:00+00:00,71.0,173.0,Málaga CF,MGA,https://assets.laliga.com/assets/2019/06/07/medium/malaga.png,9.0,Forward,https://assets.laliga.com/squad/2021/t182/p141115/512x556/p141115_t182_2021_1_001_000.png,41.0,40.0,1.0,0.0,2.0,0.0,3.0,209.0,9.0,41.0,18.0,34.0,16.0,730.0,0.0,0.0,0.0,23.0,0.0,3.0,41.0,25.0,375.0,240.0,587.0,19.0,49.0,350.0,767.0,62.0,136.0,27.0,14.0,141.0,11.0,Goalkeeper,-58.33000000000004
1733.0,Tiago Manuel Dias Correia,Bebé,male,1990-07-12T00:00:00+00:00,83.0,190.0,Rayo Vallecano,RAY,https://assets.laliga.com/assets/2019/06/07/medium/rayo.png,10.0,Forward,https://assets.laliga.com/squad/2021/t184/p84374/512x556/p84374_t184_2021_1_001_000.png,9.0,29.0,2.0,10.0,0.0,0.0,0.0,59.0,1.0,16.0,3.0,13.0,6.0,233.0,0.0,0.0,0.0,8.0,0.0,9.0,29.0,14.0,144.0,60.0,170.0,4.0,12.0,209.0,240.0,6.0,23.0,19.0,17.0,39.0,2.0,Forward,-58.599999999999994
23286.0,Jaume Cuéllar,Cuellar,male,2001-08-23T00:00:00+00:00,67.0,183.0,CD Lugo,LUG,https://assets.laliga.com/assets/2019/06/07/medium/lugo.png,29.0,Forward,https://assets.laliga.com/squad/2021/t5730/p501819/512x556/p501819_t5730_2021_1_001_000.png,6.0,34.0,3.0,0.0,2.0,0.0,0.0,107.0,2.0,28.0,17.0,22.0,3.0,252.0,0.0,0.0,0.0,13.0,0.0,19.0,47.0,0.0,140.0,44.0,164.0,6.0,25.0,278.0,255.0,27.0,49.0,30.0,14.0,77.0,1.0,Goalkeeper,-58.94999999999999
774.0,Francisco Jiménez Tejada,Xisco,male,1986-06-26T00:00:00+00:00,84.0,190.0,AD Alcorcón,ALC,https://assets.laliga.com/assets/2019/06/07/medium/alcorcon.png,18.0,Forward,https://assets.laliga.com/squad/2021/t5233/p20085/512x556/p20085_t5233_2021_1_001_000.png,92.0,27.0,0.0,0.0,0.0,0.0,1.0,141.0,6.0,25.0,1.0,11.0,8.0,368.0,0.0,0.0,0.0,18.0,0.0,0.0,26.0,14.0,152.0,79.0,217.0,24.0,20.0,251.0,391.0,2.0,54.0,12.0,7.0,153.0,2.0,Defender,-59.09
20471.0,Santiago Arzamendia,Arzamendia,male,1997-05-05T00:00:00+00:00,74.0,173.0,Cádiz CF,CAD,https://assets.laliga.com/assets/2019/06/07/medium/cadiz.png,19.0,Defender,https://assets.laliga.com/squad/2021/t1737/p242445/512x556/p242445_t1737_2021_1_001_000.png,12.0,14.0,0.0,0.0,0.0,0.0,1.0,33.0,1.0,7.0,4.0,1.0,1.0,132.0,0.0,0.0,0.0,1.0,0.0,3.0,3.0,5.0,45.0,50.0,85.0,6.0,6.0,92.0,136.0,14.0,4.0,7.0,19.0,27.0,2.0,Forward,-59.64
4431.0,Jon Bautista,Bautista,male,1995-07-03T00:00:00+00:00,72.0,180.0,CD Leganés,LEG,https://assets.laliga.com/assets/2019/06/07/medium/leganes.png,24.0,Forward,https://assets.laliga.com/squad/2021/t957/p201182/512x556/p201182_t957_2021_1_001_000.png,74.0,24.0,0.0,0.0,5.0,0.0,0.0,121.0,1.0,15.0,1.0,8.0,7.0,202.0,0.0,0.0,0.0,11.0,0.0,0.0,12.0,4.0,78.0,51.0,125.0,24.0,27.0,161.0,225.0,14.0,50.0,12.0,3.0,93.0,4.0,Defender,-59.75
4431.0,Jon Bautista,Bautista,male,1995-07-03T00:00:00+00:00,72.0,180.0,CD Leganés,LEG,https://assets.laliga.com/assets/2019/06/07/medium/leganes.png,24.0,Forward,https://assets.laliga.com/squad/2021/t957/p201182/512x556/p201182_t957_2021_1_001_000.png,74.0,24.0,0.0,0.0,5.0,0.0,0.0,121.0,1.0,15.0,1.0,8.0,7.0,202.0,0.0,0.0,0.0,11.0,0.0,0.0,12.0,4.0,78.0,51.0,125.0,24.0,27.0,161.0,225.0,14.0,50.0,12.0,3.0,93.0,4.0,Forward,-59.75
15772.0,Ivan Azón,Ivan,male,2002-12-24T00:00:00+00:00,,,Real Zaragoza,ZAR,https://assets.laliga.com/assets/2019/06/07/medium/zaragoza.png,31.0,Forward,https://assets.laliga.com/squad/2021/t190/p503798/512x556/p503798_t190_2021_1_001_000.png,64.0,35.0,1.0,0.0,1.0,0.0,1.0,123.0,7.0,20.0,0.0,5.0,7.0,246.0,0.0,0.0,0.0,20.0,0.0,0.0,8.0,2.0,111.0,51.0,160.0,5.0,26.0,237.0,255.0,10.0,88.0,18.0,2.0,91.0,2.0,Forward,-59.94999999999999
16298.0,Iker Unzueta,Unzueta,male,1998-08-04T00:00:00+00:00,,,SD Amorebieta,AMO,https://assets.laliga.com/assets/2021/06/24/medium/7dcec1604142a8f60f876e4c7e839da7.png,7.0,Forward,https://assets.laliga.com/squad/2021/t6498/p464216/512x556/p464216_t6498_2021_1_001_000.png,19.0,24.0,0.0,1.0,1.0,0.0,0.0,49.0,2.0,14.0,2.0,2.0,9.0,119.0,0.0,0.0,0.0,8.0,0.0,1.0,8.0,4.0,60.0,15.0,70.0,3.0,13.0,130.0,120.0,4.0,29.0,12.0,4.0,42.0,3.0,Forward,-60.8
1531.0,Shkodran Mustafi,Mustafi,male,1992-04-17T00:00:00+00:00,82.0,184.0,Levante UD,LEV,https://assets.laliga.com/assets/2019/06/07/medium/levante.png,13.0,Defender,https://assets.laliga.com/squad/2021/t855/p69140/512x556/p69140_t855_2021_1_001_000.png,24.0,11.0,0.0,0.0,3.0,0.0,2.0,39.0,1.0,12.0,15.0,0.0,3.0,346.0,0.0,0.0,0.0,2.0,0.0,0.0,2.0,31.0,67.0,219.0,255.0,40.0,3.0,85.0,365.0,9.0,3.0,2.0,42.0,37.0,1.0,Forward,-60.85
3689.0,Héctor Herrera,H. Herrera,male,1990-04-19T00:00:00+00:00,80.0,185.0,Atlético de Madrid,ATM,https://assets.laliga.com/assets/2019/06/07/medium/atletico.png,16.0,Midfielder,https://assets.laliga.com/squad/2021/t175/p102578/512x556/p102578_t175_2021_1_001_000.png,23.0,21.0,0.0,0.0,2.0,0.0,2.0,63.0,0.0,9.0,12.0,10.0,1.0,630.0,0.0,0.0,0.0,3.0,0.0,2.0,16.0,32.0,309.0,248.0,522.0,13.0,19.0,129.0,653.0,16.0,7.0,3.0,20.0,79.0,4.0,Forward,-60.97
7170.0,Roger Brugué,R. Brugué,male,1996-11-04T00:00:00+00:00,68.0,173.0,CD Mirandés,MIR,https://assets.laliga.com/assets/2019/06/07/medium/mirandes.png,14.0,Forward,https://assets.laliga.com/squad/2021/t5741/p439878/512x556/p439878_t5741_2021_1_001_000.png,29.0,40.0,2.0,1.0,4.0,0.0,1.0,148.0,8.0,31.0,12.0,20.0,8.0,559.0,0.0,0.0,0.0,25.0,0.0,3.0,34.0,28.0,293.0,143.0,403.0,12.0,34.0,300.0,566.0,34.0,101.0,37.0,18.0,117.0,2.0,Midfielder,-61.34
1546.0,Nemanja Radoja,Radoja,male,1993-02-06T00:00:00+00:00,77.0,186.0,Levante UD,LEV,https://assets.laliga.com/assets/2019/06/07/medium/levante.png,5.0,Midfielder,https://assets.laliga.com/squad/2021/t855/p100263/512x556/p100263_t855_2021_1_001_000.png,18.0,19.0,0.0,0.0,9.0,0.0,2.0,67.0,0.0,27.0,22.0,7.0,0.0,446.0,0.0,0.0,0.0,1.0,0.0,1.0,11.0,20.0,156.0,227.0,362.0,15.0,16.0,124.0,454.0,25.0,10.0,5.0,14.0,58.0,3.0,Forward,-61.96000000000001
14513.0,Julen Lobete,Lobete,male,2000-09-18T00:00:00+00:00,,,R. Sociedad B,RSOB,https://assets.laliga.com/assets/2019/06/07/medium/real-sociedad.png,,Forward,https://assets.laliga.com/squad/2021/t3567/p495392/512x556/p495392_t3567_2021_1_001_000.png,25.0,23.0,0.0,0.0,0.0,0.0,2.0,94.0,1.0,23.0,3.0,9.0,8.0,295.0,0.0,0.0,0.0,14.0,0.0,3.0,19.0,5.0,154.0,84.0,230.0,2.0,19.0,195.0,300.0,12.0,84.0,19.0,4.0,61.0,3.0,Goalkeeper,-62.5
923.0,Álvaro Vadillo,Vadillo,male,1994-09-12T00:00:00+00:00,69.0,180.0,Málaga CF,MGA,https://assets.laliga.com/assets/2019/06/07/medium/malaga.png,18.0,Forward,,8.0,17.0,2.0,4.0,2.0,0.0,0.0,44.0,3.0,10.0,2.0,18.0,10.0,315.0,0.0,0.0,0.0,11.0,0.0,2.0,9.0,13.0,209.0,63.0,245.0,3.0,5.0,183.0,328.0,13.0,23.0,22.0,11.0,59.0,3.0,Forward,-62.72
923.0,Álvaro Vadillo,Vadillo,male,1994-09-12T00:00:00+00:00,69.0,180.0,Málaga CF,MGA,https://assets.laliga.com/assets/2019/06/07/medium/malaga.png,18.0,Forward,,8.0,17.0,2.0,4.0,2.0,0.0,0.0,44.0,3.0,10.0,2.0,18.0,10.0,315.0,0.0,0.0,0.0,11.0,0.0,2.0,9.0,13.0,209.0,63.0,245.0,3.0,5.0,183.0,328.0,13.0,23.0,22.0,11.0,59.0,3.0,Goalkeeper,-62.72
826.0,Iriome González,Iriome,male,1987-06-22T00:00:00+00:00,79.0,185.0,CD Lugo,LUG,https://assets.laliga.com/assets/2019/06/07/medium/lugo.png,24.0,Forward,https://assets.laliga.com/squad/2021/t5730/p55349/512x556/p55349_t5730_2021_1_001_000.png,29.0,23.0,0.0,0.0,2.0,0.0,0.0,57.0,0.0,9.0,3.0,9.0,4.0,155.0,0.0,0.0,0.0,3.0,0.0,5.0,5.0,3.0,80.0,13.0,85.0,8.0,19.0,117.0,155.0,10.0,27.0,8.0,8.0,59.0,2.0,Midfielder,-62.95
668.0,Jonathan Viera,Jonathan Viera,male,1989-10-21T00:00:00+00:00,66.0,171.0,UD Las Palmas,LPA,https://assets.laliga.com/assets/2019/06/07/medium/las-palmas.png,21.0,Forward,https://assets.laliga.com/squad/2021/t407/p86398/512x556/p86398_t407_2021_1_001_000.png,12.0,34.0,2.0,24.0,2.0,0.0,7.0,218.0,14.0,33.0,8.0,83.0,9.0,2195.0,0.0,0.0,0.0,45.0,0.0,5.0,81.0,93.0,1295.0,660.0,1850.0,6.0,36.0,620.0,2308.0,37.0,111.0,43.0,35.0,330.0,5.0,Forward,-63.42000000000007
1093.0,David Remeseiro Salgueiro,Jason,male,1994-07-06T00:00:00+00:00,65.0,178.0,Deportivo Alavés,ALA,https://assets.laliga.com/assets/2020/09/01/medium/27002754a98bf535807fe49a24cc63ea.png,25.0,Forward,https://assets.laliga.com/squad/2021/t173/p163784/512x556/p163784_t173_2021_1_001_000.png,9.0,14.0,1.0,1.0,0.0,0.0,0.0,38.0,0.0,10.0,7.0,16.0,0.0,136.0,0.0,0.0,0.0,2.0,0.0,9.0,5.0,5.0,85.0,25.0,85.0,4.0,13.0,140.0,153.0,11.0,10.0,13.0,18.0,45.0,1.0,Goalkeeper,-63.97
17745.0,Jakub Jankto,Jankto,male,1996-01-19T00:00:00+00:00,74.0,184.0,Getafe CF,GET,https://assets.laliga.com/assets/2019/06/07/medium/getafe.png,16.0,Midfielder,https://assets.laliga.com/squad/2021/t1450/p195577/512x556/p195577_t1450_2021_1_001_000.png,2.0,14.0,1.0,0.0,0.0,0.0,0.0,24.0,0.0,11.0,4.0,3.0,0.0,183.0,0.0,0.0,0.0,0.0,1.0,4.0,4.0,6.0,76.0,60.0,126.0,7.0,3.0,101.0,187.0,11.0,10.0,2.0,26.0,29.0,1.0,Forward,-64.13
1996.0,José Antonio Ferrández Pomares,Josan,male,1989-12-03T00:00:00+00:00,68.0,175.0,Elche CF,ELC,https://assets.laliga.com/assets/2019/06/07/medium/elche.png,17.0,Midfielder,https://assets.laliga.com/squad/2021/t954/p199195/512x556/p199195_t954_2021_1_001_000.png,3.0,31.0,2.0,0.0,4.0,0.0,0.0,96.0,2.0,25.0,10.0,15.0,4.0,367.0,0.0,0.0,0.0,5.0,0.0,16.0,27.0,11.0,170.0,145.0,288.0,16.0,14.0,214.0,380.0,36.0,33.0,19.0,13.0,68.0,2.0,Forward,-65.19999999999999
23614.0,Thiago Galhardo do Nascimento Rocha,Thiago Galhardo,male,1989-07-20T00:00:00+00:00,75.0,183.0,RC Celta,CEL,https://assets.laliga.com/assets/2019/06/07/medium/celta.png,7.0,Forward,https://assets.laliga.com/squad/2021/t176/p100799/512x556/p100799_t176_2021_1_001_000.png,48.0,31.0,2.0,0.0,2.0,0.0,1.0,81.0,2.0,16.0,6.0,10.0,16.0,256.0,0.0,0.0,0.0,16.0,0.0,2.0,8.0,4.0,116.0,52.0,162.0,8.0,21.0,160.0,260.0,12.0,51.0,12.0,2.0,92.0,5.0,Forward,-65.4
15568.0,Adolfo Gaich,Gaich,male,1999-02-26T00:00:00+00:00,94.0,194.0,SD Huesca,HUE,https://assets.laliga.com/assets/2019/06/07/medium/huesca.png,18.0,Forward,https://assets.laliga.com/squad/2021/t2894/p455730/512x556/p455730_t2894_2021_1_001_000.png,36.0,28.0,3.0,0.0,3.0,0.0,0.0,66.0,1.0,11.0,4.0,5.0,3.0,160.0,0.0,1.0,0.0,8.0,0.0,0.0,4.0,2.0,54.0,33.0,85.0,12.0,34.0,134.0,166.0,4.0,43.0,7.0,3.0,76.0,3.0,Goalkeeper,-65.84
12653.0,Óscar Clemente,Oscar,male,1999-03-26T00:00:00+00:00,,175.0,UD Las Palmas,LPA,https://assets.laliga.com/assets/2019/06/07/medium/las-palmas.png,17.0,Midfielder,https://assets.laliga.com/squad/2021/t407/p484388/512x556/p484388_t407_2021_1_001_000.png,6.0,21.0,1.0,0.0,2.0,0.0,0.0,32.0,1.0,15.0,9.0,11.0,1.0,460.0,0.0,0.0,0.0,6.0,0.0,2.0,8.0,16.0,266.0,132.0,380.0,3.0,13.0,143.0,476.0,8.0,32.0,8.0,7.0,73.0,3.0,Forward,-66.24000000000001
6382.0,Uros Djurdjevic,Djuka,male,1994-03-02T00:00:00+00:00,78.0,181.0,Real Sporting,SPO,https://assets.laliga.com/assets/2019/06/07/medium/sporting.png,23.0,Forward,https://assets.laliga.com/squad/2021/t616/p104227/512x556/p104227_t616_2021_1_001_000.png,22.0,36.0,3.0,1.0,2.0,0.0,6.0,141.0,14.0,37.0,6.0,29.0,46.0,353.0,0.0,0.0,0.0,44.0,0.0,3.0,28.0,6.0,174.0,53.0,218.0,25.0,57.0,345.0,363.0,10.0,189.0,38.0,3.0,136.0,12.0,Defender,-66.37
8434.0,Youssouf Sabaly,Sabaly,male,1993-03-05T00:00:00+00:00,67.0,173.0,Real Betis,BET,https://assets.laliga.com/assets/2019/06/07/medium/betis.png,23.0,Defender,https://assets.laliga.com/squad/2021/t185/p164474/512x556/p164474_t185_2021_1_001_000.png,10.0,10.0,0.0,0.0,4.0,0.0,4.0,37.0,0.0,8.0,13.0,6.0,1.0,406.0,0.0,0.0,0.0,1.0,0.0,2.0,6.0,10.0,177.0,171.0,336.0,15.0,5.0,119.0,409.0,12.0,10.0,7.0,18.0,45.0,1.0,Forward,-66.41
13305.0,Largie Ramazani,L. Ramazani,male,2001-02-27T00:00:00+00:00,,167.0,UD Almería,ALM,https://assets.laliga.com/assets/2019/06/07/medium/almeria.png,32.0,Forward,https://assets.laliga.com/squad/2021/t1564/p433952/512x556/p433952_t1564_2021_1_001_000.png,9.0,30.0,1.0,4.0,2.0,0.0,0.0,143.0,8.0,21.0,13.0,30.0,7.0,521.0,0.0,0.0,0.0,28.0,0.0,6.0,52.0,17.0,289.0,110.0,375.0,5.0,48.0,365.0,538.0,30.0,101.0,32.0,18.0,128.0,7.0,Defender,-66.62
14833.0,Rubén Díez,Rubén D.,male,1993-08-18T00:00:00+00:00,,166.0,CD Tenerife,TEN,https://assets.laliga.com/assets/2019/06/07/medium/tenerife.png,19.0,Midfielder,https://assets.laliga.com/squad/2021/t612/p464496/512x556/p464496_t612_2021_1_001_000.png,4.0,28.0,2.0,0.0,1.0,0.0,1.0,58.0,1.0,19.0,17.0,22.0,1.0,539.0,0.0,0.0,0.0,5.0,0.0,9.0,15.0,29.0,277.0,177.0,411.0,12.0,24.0,182.0,548.0,19.0,24.0,10.0,26.0,82.0,2.0,Forward,-67.52
3885.0,José Arnáiz,Jose Arnaiz,male,1995-04-15T00:00:00+00:00,70.0,175.0,CD Leganés,LEG,https://assets.laliga.com/assets/2019/06/07/medium/leganes.png,10.0,Forward,https://assets.laliga.com/squad/2021/t957/p219173/512x556/p219173_t957_2021_1_001_000.png,39.0,39.0,1.0,1.0,4.0,0.0,1.0,193.0,7.0,37.0,19.0,31.0,17.0,623.0,0.0,0.0,0.0,22.0,0.0,4.0,50.0,17.0,369.0,151.0,499.0,17.0,33.0,386.0,632.0,31.0,108.0,51.0,14.0,102.0,3.0,Defender,-68.18
1441.0,Jaime Mata,Mata,male,1988-10-24T00:00:00+00:00,79.0,185.0,Getafe CF,GET,https://assets.laliga.com/assets/2019/06/07/medium/getafe.png,7.0,Forward,https://assets.laliga.com/squad/2021/t1450/p109270/512x556/p109270_t1450_2021_1_001_000.png,26.0,22.0,0.0,0.0,1.0,0.0,0.0,53.0,1.0,9.0,1.0,8.0,9.0,186.0,0.0,0.0,0.0,3.0,0.0,1.0,4.0,2.0,90.0,43.0,130.0,5.0,25.0,118.0,193.0,7.0,36.0,5.0,3.0,58.0,7.0,Midfielder,-68.57
1997.0,Sergio Guardiola Navarro,Sergi Guardiola,male,1991-05-29T00:00:00+00:00,78.0,184.0,Rayo Vallecano,RAY,https://assets.laliga.com/assets/2019/06/07/medium/rayo.png,16.0,Forward,https://assets.laliga.com/squad/2021/t184/p89850/512x556/p89850_t184_2021_1_001_000.png,24.0,32.0,1.0,0.0,2.0,0.0,0.0,75.0,8.0,25.0,4.0,13.0,14.0,365.0,0.0,0.0,0.0,18.0,0.0,3.0,13.0,11.0,186.0,82.0,254.0,17.0,29.0,232.0,384.0,10.0,88.0,7.0,4.0,115.0,3.0,Defender,-68.66
1613.0,Federico San Emeterio Díaz,Fede S.,male,1997-03-16T00:00:00+00:00,68.0,174.0,Cádiz CF,CAD,https://assets.laliga.com/assets/2019/06/07/medium/cadiz.png,24.0,Midfielder,https://assets.laliga.com/squad/2021/t1737/p178092/512x556/p178092_t1737_2021_1_001_000.png,11.0,12.0,0.0,0.0,0.0,0.0,1.0,37.0,0.0,10.0,8.0,3.0,0.0,343.0,0.0,0.0,0.0,0.0,0.0,0.0,0.0,17.0,124.0,157.0,264.0,5.0,26.0,77.0,347.0,16.0,1.0,2.0,13.0,53.0,3.0,Forward,-69.53
12723.0,Nikola Maras,Maras,male,1995-12-19T00:00:00+00:00,79.0,189.0,Rayo Vallecano,RAY,https://assets.laliga.com/assets/2019/06/07/medium/rayo.png,2.0,Defender,https://assets.laliga.com/squad/2021/t184/p175642/512x556/p175642_t184_2021_1_001_000.png,30.0,16.0,0.0,0.0,13.0,0.0,3.0,47.0,0.0,18.0,15.0,3.0,0.0,441.0,0.0,0.0,0.0,0.0,0.0,0.0,1.0,21.0,97.0,272.0,348.0,50.0,11.0,92.0,455.0,13.0,10.0,0.0,35.0,51.0,4.0,Forward,-69.95
1313.0,Darwin Machís,D. Machis,male,1993-02-07T00:00:00+00:00,68.0,170.0,Granada CF,GRA,https://assets.laliga.com/assets/2019/06/07/medium/granada.png,11.0,Forward,https://assets.laliga.com/squad/2021/t5683/p111133/512x556/p111133_t5683_2021_1_001_000.png,12.0,25.0,1.0,1.0,0.0,0.0,1.0,99.0,4.0,22.0,15.0,16.0,6.0,347.0,0.0,0.0,0.0,17.0,0.0,12.0,34.0,18.0,179.0,88.0,234.0,13.0,20.0,264.0,353.0,23.0,46.0,26.0,26.0,75.0,2.0,Goalkeeper,-70.47
7280.0,Aitor Ruibal,Aitor R.,male,1996-03-22T00:00:00+00:00,74.0,176.0,Real Betis,BET,https://assets.laliga.com/assets/2019/06/07/medium/betis.png,24.0,Forward,https://assets.laliga.com/squad/2021/t185/p441303/512x556/p441303_t185_2021_1_001_000.png,5.0,19.0,0.0,0.0,0.0,0.0,0.0,54.0,0.0,11.0,8.0,11.0,1.0,293.0,0.0,0.0,0.0,3.0,0.0,2.0,13.0,5.0,171.0,66.0,230.0,5.0,23.0,136.0,295.0,21.0,28.0,13.0,11.0,49.0,6.0,Goalkeeper,-70.55
14936.0,Robert Navarro,Navarro,male,2002-04-12T00:00:00+00:00,,178.0,R. Sociedad B,RSOB,https://assets.laliga.com/assets/2019/06/07/medium/real-sociedad.png,24.0,Midfielder,,6.0,24.0,3.0,1.0,0.0,0.0,0.0,98.0,1.0,22.0,10.0,30.0,4.0,556.0,0.0,0.0,0.0,13.0,0.0,3.0,41.0,25.0,354.0,106.0,432.0,3.0,11.0,287.0,580.0,21.0,66.0,35.0,11.0,112.0,0.0,Forward,-70.69999999999999
14936.0,Robert Navarro,Navarro,male,2002-04-12T00:00:00+00:00,,178.0,R. Sociedad B,RSOB,https://assets.laliga.com/assets/2019/06/07/medium/real-sociedad.png,24.0,Midfielder,,6.0,24.0,3.0,1.0,0.0,0.0,0.0,98.0,1.0,22.0,10.0,30.0,4.0,556.0,0.0,0.0,0.0,13.0,0.0,3.0,41.0,25.0,354.0,106.0,432.0,3.0,11.0,287.0,580.0,21.0,66.0,35.0,11.0,112.0,0.0,Forward,-70.69999999999999
6385.0,Rodrigo Battaglia,Battaglia,male,1991-07-12T00:00:00+00:00,79.0,187.0,RCD Mallorca,MLL,https://assets.laliga.com/assets/2019/06/07/medium/mallorca.png,16.0,Midfielder,https://assets.laliga.com/squad/2021/t181/p89551/512x556/p89551_t181_2021_1_001_000.png,33.0,26.0,0.0,0.0,10.0,0.0,3.0,92.0,0.0,25.0,10.0,3.0,0.0,482.0,0.0,1.0,0.0,1.0,0.0,0.0,10.0,18.0,205.0,222.0,409.0,36.0,28.0,117.0,510.0,32.0,14.0,5.0,25.0,58.0,3.0,Forward,-71.4
1328.0,Ángel Correa,Correa,male,1995-03-09T00:00:00+00:00,70.0,171.0,Atlético de Madrid,ATM,https://assets.laliga.com/assets/2019/06/07/medium/atletico.png,10.0,Forward,https://assets.laliga.com/squad/2021/t175/p156223/512x556/p156223_t175_2021_1_001_000.png,6.0,36.0,3.0,0.0,2.0,0.0,1.0,80.0,12.0,21.0,10.0,20.0,10.0,584.0,0.0,0.0,0.0,23.0,1.0,3.0,32.0,12.0,324.0,139.0,446.0,3.0,24.0,327.0,599.0,16.0,148.0,23.0,15.0,126.0,3.0,Midfielder,-71.50999999999999
1189.0,Alfredo Ortuño,Ortuño,male,1991-01-21T00:00:00+00:00,77.0,184.0,FC Cartagena,CAR,https://assets.laliga.com/assets/2022/02/11/medium/1628caa9b2002a11e564eb84b3677f78.png,9.0,Forward,https://assets.laliga.com/squad/2021/t3554/p59059/512x556/p59059_t3554_2021_1_001_000.png,50.0,41.0,2.0,0.0,1.0,0.0,0.0,80.0,6.0,18.0,1.0,8.0,16.0,261.0,0.0,0.0,0.0,21.0,0.0,2.0,11.0,7.0,115.0,49.0,155.0,15.0,25.0,213.0,269.0,9.0,62.0,16.0,8.0,99.0,1.0,Forward,-72.81
6175.0,Óscar Trejo,Oscar Trejo,male,1988-04-26T00:00:00+00:00,79.0,180.0,Rayo Vallecano,RAY,https://assets.laliga.com/assets/2019/06/07/medium/rayo.png,8.0,Forward,https://assets.laliga.com/squad/2021/t184/p40721/512x556/p40721_t184_2021_1_001_000.png,25.0,32.0,5.0,0.0,1.0,0.0,0.0,217.0,3.0,21.0,13.0,51.0,4.0,855.0,0.0,0.0,0.0,9.0,0.0,6.0,82.0,36.0,554.0,236.0,717.0,11.0,59.0,449.0,916.0,42.0,58.0,45.0,22.0,141.0,13.0,Goalkeeper,-73.34000000000003
14169.0,Ekain Zenitagoia,Ekain,male,1994-04-29T00:00:00+00:00,,179.0,UD Ibiza,IBI,https://assets.laliga.com/assets/2021/06/24/medium/d7bc0d2c9bf06afd6b5ace9d62771713.png,10.0,Forward,https://assets.laliga.com/squad/2021/t16203/p434912/512x556/p434912_t16203_2021_1_001_000.png,43.0,32.0,1.0,0.0,3.0,0.0,0.0,113.0,6.0,33.0,16.0,18.0,14.0,384.0,0.0,0.0,0.0,11.0,0.0,0.0,18.0,5.0,174.0,136.0,305.0,10.0,36.0,229.0,422.0,18.0,68.0,23.0,8.0,104.0,4.0,Midfielder,-74.28
17808.0,Erick Ferigra,Ferigra,male,1999-02-07T00:00:00+00:00,74.0,188.0,UD Las Palmas,LPA,https://assets.laliga.com/assets/2019/06/07/medium/las-palmas.png,5.0,Defender,https://assets.laliga.com/squad/2021/t407/p449750/512x556/p449750_t407_2021_1_001_000.png,29.0,15.0,0.0,0.0,8.0,0.0,2.0,72.0,0.0,19.0,12.0,0.0,0.0,647.0,0.0,0.0,0.0,0.0,0.0,0.0,5.0,40.0,136.0,441.0,537.0,49.0,14.0,106.0,669.0,24.0,7.0,1.0,43.0,49.0,3.0,Forward,-74.31
1880.0,Sabin Merino,Sabin,male,1992-01-04T00:00:00+00:00,78.0,187.0,Real Zaragoza,ZAR,https://assets.laliga.com/assets/2019/06/07/medium/zaragoza.png,10.0,Forward,https://assets.laliga.com/squad/2021/t190/p197332/512x556/p197332_t190_2021_1_001_000.png,14.0,16.0,0.0,0.0,1.0,0.0,0.0,30.0,0.0,14.0,2.0,4.0,6.0,177.0,0.0,0.0,0.0,6.0,0.0,2.0,4.0,4.0,68.0,51.0,113.0,8.0,13.0,115.0,178.0,7.0,41.0,8.0,3.0,58.0,1.0,Goalkeeper,-75.22
9361.0,Kang-In Lee,Lee Kang In,male,2001-02-19T00:00:00+00:00,68.0,173.0,RCD Mallorca,MLL,https://assets.laliga.com/assets/2019/06/07/medium/mallorca.png,19.0,Midfielder,https://assets.laliga.com/squad/2021/t181/p451358/512x556/p451358_t181_2021_1_001_000.png,16.0,30.0,2.0,8.0,1.0,0.0,1.0,103.0,1.0,27.0,5.0,20.0,1.0,465.0,0.0,1.0,0.0,15.0,0.0,3.0,38.0,21.0,264.0,138.0,369.0,4.0,23.0,286.0,501.0,13.0,24.0,23.0,27.0,84.0,1.0,Forward,-75.49000000000001
14955.0,Yunus Musah,Musah,male,2002-11-29T00:00:00+00:00,75.0,178.0,Valencia CF,VAL,https://assets.laliga.com/assets/2019/06/07/medium/valencia.png,4.0,Midfielder,https://assets.laliga.com/squad/2021/t191/p244847/512x556/p244847_t191_2021_1_001_000.png,16.0,29.0,0.0,0.0,1.0,0.0,0.0,91.0,1.0,18.0,14.0,10.0,0.0,332.0,0.0,0.0,0.0,2.0,0.0,4.0,36.0,16.0,203.0,64.0,247.0,10.0,24.0,187.0,340.0,23.0,41.0,28.0,4.0,73.0,5.0,Forward,-75.6
1075.0,Marco Sangalli,Sangalli,male,1992-02-07T00:00:00+00:00,66.0,179.0,Real Oviedo,OVI,https://assets.laliga.com/assets/2019/06/07/medium/oviedo.png,8.0,Forward,https://assets.laliga.com/squad/2021/t187/p169070/512x556/p169070_t187_2021_1_001_000.png,14.0,29.0,2.0,0.0,0.0,0.0,0.0,71.0,0.0,17.0,10.0,11.0,5.0,401.0,0.0,0.0,0.0,3.0,0.0,5.0,10.0,9.0,201.0,135.0,318.0,9.0,11.0,164.0,411.0,26.0,37.0,11.0,17.0,67.0,0.0,Goalkeeper,-76.39
125.0,Juan Torres Ruiz,Juan Cala,male,1989-11-26T00:00:00+00:00,78.0,185.0,Cádiz CF,CAD,https://assets.laliga.com/assets/2019/06/07/medium/cadiz.png,16.0,Defender,https://assets.laliga.com/squad/2021/t1737/p55412/512x556/p55412_t1737_2021_1_001_000.png,16.0,14.0,0.0,0.0,6.0,0.0,2.0,32.0,0.0,20.0,12.0,2.0,1.0,275.0,0.0,1.0,0.0,0.0,0.0,0.0,1.0,33.0,62.0,153.0,182.0,56.0,11.0,85.0,291.0,9.0,7.0,0.0,40.0,36.0,7.0,Forward,-76.59
1687.0,Pere Milla,Pere Milla,male,1992-09-23T00:00:00+00:00,72.0,184.0,Elche CF,ELC,https://assets.laliga.com/assets/2019/06/07/medium/elche.png,10.0,Forward,https://assets.laliga.com/squad/2021/t954/p175090/512x556/p175090_t954_2021_1_001_000.png,32.0,32.0,3.0,0.0,1.0,0.0,2.0,117.0,8.0,24.0,5.0,9.0,9.0,481.0,0.0,0.0,0.0,14.0,0.0,4.0,16.0,14.0,211.0,147.0,340.0,19.0,17.0,254.0,489.0,20.0,47.0,17.0,23.0,112.0,5.0,Forward,-76.61000000000001
9224.0,Näis Djouahra,Djouahra,male,1999-11-23T00:00:00+00:00,67.0,171.0,R. Sociedad B,RSOB,https://assets.laliga.com/assets/2019/06/07/medium/real-sociedad.png,21.0,Midfielder,https://assets.laliga.com/squad/2021/t3567/p466464/512x556/p466464_t3567_2021_1_001_000.png,2.0,19.0,0.0,1.0,3.0,0.0,0.0,54.0,0.0,15.0,7.0,21.0,1.0,234.0,0.0,0.0,0.0,3.0,0.0,9.0,30.0,4.0,151.0,47.0,176.0,6.0,8.0,204.0,249.0,14.0,14.0,35.0,12.0,57.0,0.0,Forward,-77.51
1024.0,Francisco José Olivas Alba,K. Olivas,male,1988-08-21T00:00:00+00:00,76.0,184.0,Real Valladolid CF,VLL,https://assets.laliga.com/assets/2019/06/07/medium/valladolid.png,4.0,Defender,https://assets.laliga.com/squad/2021/t192/p58819/512x556/p58819_t192_2021_1_001_000.png,19.0,22.0,0.0,0.0,8.0,0.0,3.0,44.0,0.0,18.0,21.0,4.0,2.0,743.0,0.0,0.0,0.0,0.0,0.0,1.0,3.0,32.0,207.0,482.0,656.0,28.0,12.0,110.0,778.0,13.0,11.0,4.0,32.0,58.0,0.0,Forward,-77.72
1594.0,Enrique Barja Alfonso,Kike Barja,male,1997-04-01T00:00:00+00:00,69.0,178.0,CA Osasuna,OSA,https://assets.laliga.com/assets/2019/06/07/medium/osasuna.png,11.0,Forward,https://assets.laliga.com/squad/2021/t450/p178870/512x556/p178870_t450_2021_1_001_000.png,9.0,21.0,0.0,0.0,1.0,0.0,0.0,81.0,2.0,11.0,9.0,5.0,0.0,301.0,0.0,0.0,0.0,6.0,0.0,1.0,34.0,13.0,166.0,72.0,224.0,4.0,17.0,219.0,305.0,15.0,33.0,23.0,10.0,58.0,2.0,Forward,-77.95
7533.0,Pablo Martínez,P. Martinez,male,1998-02-22T00:00:00+00:00,74.0,182.0,SD Huesca,HUE,https://assets.laliga.com/assets/2019/06/07/medium/huesca.png,16.0,Midfielder,,11.0,17.0,0.0,4.0,2.0,0.0,0.0,46.0,1.0,15.0,12.0,10.0,4.0,375.0,0.0,0.0,0.0,6.0,0.0,3.0,12.0,24.0,181.0,124.0,275.0,9.0,23.0,140.0,394.0,16.0,16.0,6.0,38.0,57.0,4.0,Forward,-78.06
7533.0,Pablo Martínez,P. Martinez,male,1998-02-22T00:00:00+00:00,74.0,182.0,SD Huesca,HUE,https://assets.laliga.com/assets/2019/06/07/medium/huesca.png,16.0,Midfielder,,11.0,17.0,0.0,4.0,2.0,0.0,0.0,46.0,1.0,15.0,12.0,10.0,4.0,375.0,0.0,0.0,0.0,6.0,0.0,3.0,12.0,24.0,181.0,124.0,275.0,9.0,23.0,140.0,394.0,16.0,16.0,6.0,38.0,57.0,4.0,Forward,-78.06
12902.0,Alexander Sørloth,Sørloth,male,1995-12-05T00:00:00+00:00,90.0,195.0,Real Sociedad,RSO,https://assets.laliga.com/assets/2019/06/07/medium/real-sociedad.png,23.0,Forward,https://assets.laliga.com/squad/2021/t188/p143877/512x556/p143877_t188_2021_1_001_000.png,51.0,33.0,0.0,0.0,1.0,0.0,5.0,123.0,4.0,18.0,4.0,23.0,12.0,421.0,0.0,0.0,0.0,13.0,0.0,0.0,38.0,8.0,233.0,96.0,321.0,15.0,29.0,285.0,447.0,20.0,106.0,28.0,8.0,110.0,2.0,Goalkeeper,-78.53
1668.0,Federico Vico Villegas,Fede Vico,male,1994-07-04T00:00:00+00:00,70.0,176.0,CD Leganés,LEG,https://assets.laliga.com/assets/2019/06/07/medium/leganes.png,21.0,Forward,https://assets.laliga.com/squad/2021/t957/p93335/512x556/p93335_t957_2021_1_001_000.png,4.0,16.0,2.0,1.0,0.0,0.0,1.0,67.0,2.0,13.0,7.0,22.0,3.0,482.0,0.0,0.0,0.0,7.0,0.0,4.0,25.0,18.0,268.0,113.0,352.0,4.0,16.0,242.0,495.0,12.0,36.0,11.0,30.0,95.0,2.0,Midfielder,-79.55000000000001
9640.0,Bryan Gil,Bryan,male,2001-02-11T00:00:00+00:00,60.0,175.0,Valencia CF,VAL,https://assets.laliga.com/assets/2019/06/07/medium/valencia.png,21.0,Forward,https://assets.laliga.com/squad/2021/t191/p436234/512x556/p436234_t191_2021_1_001_000.png,2.0,13.0,1.0,0.0,0.0,0.0,1.0,51.0,0.0,7.0,1.0,9.0,7.0,188.0,0.0,0.0,0.0,2.0,0.0,3.0,17.0,6.0,125.0,25.0,137.0,3.0,13.0,166.0,191.0,13.0,32.0,18.0,7.0,41.0,3.0,Goalkeeper,-79.59
9656.0,Ante Budimir,Budimir,male,1991-07-22T00:00:00+00:00,75.0,190.0,CA Osasuna,OSA,https://assets.laliga.com/assets/2019/06/07/medium/osasuna.png,17.0,Forward,https://assets.laliga.com/squad/2021/t450/p94273/512x556/p94273_t450_2021_1_001_000.png,109.0,28.0,2.0,0.0,4.0,0.0,1.0,173.0,8.0,24.0,3.0,8.0,16.0,328.0,0.0,0.0,0.0,22.0,0.0,2.0,11.0,2.0,145.0,56.0,197.0,16.0,37.0,269.0,343.0,24.0,96.0,20.0,3.0,141.0,3.0,Forward,-80.07
4412.0,Manuel García,Manu Garcia,male,1998-01-02T00:00:00+00:00,65.0,169.0,Deportivo Alavés,ALA,https://assets.laliga.com/assets/2020/09/01/medium/27002754a98bf535807fe49a24cc63ea.png,14.0,Forward,https://assets.laliga.com/squad/2021/t173/p175352/512x556/p175352_t173_2021_1_001_000.png,3.0,24.0,0.0,0.0,2.0,0.0,1.0,86.0,0.0,15.0,13.0,18.0,0.0,486.0,0.0,0.0,0.0,1.0,0.0,5.0,32.0,54.0,302.0,129.0,360.0,3.0,24.0,210.0,526.0,18.0,12.0,13.0,38.0,74.0,3.0,Forward,-80.24
22345.0,Mohamed Bouldini,M. Bouldini,male,1995-11-27T00:00:00+00:00,88.0,187.0,CF Fuenlabrada,FUE,https://assets.laliga.com/assets/2019/06/07/medium/fuenlabrada.png,25.0,Forward,,116.0,17.0,0.0,0.0,4.0,0.0,1.0,177.0,7.0,28.0,2.0,11.0,26.0,300.0,0.0,1.0,0.0,17.0,0.0,1.0,14.0,0.0,139.0,48.0,186.0,22.0,52.0,235.0,321.0,19.0,69.0,17.0,8.0,127.0,3.0,Defender,-80.29000000000002
4002.0,Roman Zozulya,Zozulia,male,1989-11-17T00:00:00+00:00,62.0,180.0,CF Fuenlabrada,FUE,https://assets.laliga.com/assets/2019/06/07/medium/fuenlabrada.png,9.0,Forward,https://assets.laliga.com/squad/2021/t7104/p56375/512x556/p56375_t7104_2021_1_001_000.png,92.0,35.0,1.0,0.0,0.0,0.0,3.0,141.0,3.0,21.0,5.0,13.0,15.0,334.0,0.0,0.0,0.0,10.0,0.0,1.0,5.0,7.0,146.0,75.0,213.0,19.0,43.0,202.0,342.0,16.0,58.0,9.0,1.0,121.0,3.0,Midfielder,-80.57999999999998
1298.0,Samuel Sáiz Alonso,Samu Saiz,male,1991-01-22T00:00:00+00:00,68.0,174.0,Girona FC,GIR,https://assets.laliga.com/assets/2019/06/07/medium/girona.png,10.0,Midfielder,https://assets.laliga.com/squad/2021/t2893/p88961/512x556/p88961_t2893_2021_1_001_000.png,7.0,38.0,6.0,0.0,0.0,0.0,0.0,149.0,3.0,19.0,12.0,41.0,4.0,1010.0,0.0,0.0,0.0,16.0,1.0,8.0,54.0,57.0,576.0,255.0,766.0,2.0,12.0,399.0,1026.0,15.0,70.0,30.0,29.0,174.0,7.0,Forward,-80.74000000000001
2396.0,Jesús Corona,Tecatito,male,1993-01-06T00:00:00+00:00,59.0,173.0,Sevilla FC,SEV,https://assets.laliga.com/assets/2019/06/07/medium/sevilla.png,9.0,Forward,https://assets.laliga.com/squad/2021/t179/p96432/512x556/p96432_t179_2021_1_001_000.png,7.0,18.0,3.0,0.0,0.0,0.0,1.0,65.0,2.0,10.0,8.0,22.0,7.0,514.0,0.0,0.0,0.0,3.0,0.0,8.0,19.0,16.0,276.0,162.0,410.0,5.0,11.0,228.0,518.0,12.0,58.0,25.0,19.0,73.0,2.0,Forward,-81.32
7482.0,Lucas Boyé,Lucas Boyé,male,1996-02-28T00:00:00+00:00,81.0,179.0,Elche CF,ELC,https://assets.laliga.com/assets/2019/06/07/medium/elche.png,9.0,Forward,https://assets.laliga.com/squad/2021/t954/p193774/512x556/p193774_t954_2021_1_001_000.png,31.0,24.0,2.0,2.0,1.0,0.0,1.0,155.0,7.0,25.0,2.0,19.0,13.0,381.0,0.0,0.0,0.0,16.0,0.0,1.0,57.0,11.0,192.0,113.0,293.0,23.0,39.0,376.0,414.0,27.0,82.0,31.0,5.0,105.0,3.0,Forward,-81.36000000000001
15875.0,Kevin Villodres,Kevin,male,2001-02-26T00:00:00+00:00,,173.0,Málaga CF,MGA,https://assets.laliga.com/assets/2019/06/07/medium/malaga.png,37.0,Forward,https://assets.laliga.com/squad/2021/t182/p521708/512x556/p521708_t182_2021_1_001_000.png,10.0,30.0,0.0,0.0,0.0,0.0,0.0,150.0,0.0,22.0,18.0,14.0,4.0,340.0,0.0,0.0,0.0,4.0,0.0,5.0,52.0,19.0,209.0,75.0,256.0,4.0,40.0,243.0,352.0,36.0,48.0,41.0,20.0,57.0,3.0,Midfielder,-81.48000000000002
2586.0,Serge Aurier,Serge Aurier,male,1992-12-24T00:00:00+00:00,76.0,176.0,Villarreal CF,VIL,https://assets.laliga.com/assets/2019/06/07/medium/villarreal.png,25.0,Defender,,21.0,19.0,1.0,0.0,7.0,0.0,3.0,55.0,0.0,12.0,11.0,5.0,1.0,619.0,0.0,0.0,0.0,2.0,0.0,7.0,14.0,20.0,232.0,315.0,520.0,22.0,15.0,154.0,629.0,14.0,23.0,5.0,11.0,78.0,4.0,Forward,-82.21000000000001
3959.0,Javier Ontiveros,J. Ontiveros,male,1997-09-09T00:00:00+00:00,75.0,170.0,CF Fuenlabrada,FUE,https://assets.laliga.com/assets/2019/06/07/medium/fuenlabrada.png,20.0,Forward,,14.0,16.0,4.0,6.0,0.0,0.0,0.0,93.0,1.0,27.0,18.0,10.0,4.0,347.0,0.0,0.0,0.0,15.0,0.0,9.0,31.0,16.0,197.0,91.0,256.0,4.0,20.0,227.0,375.0,27.0,25.0,24.0,17.0,86.0,7.0,Defender,-82.75
3959.0,Javier Ontiveros,J. Ontiveros,male,1997-09-09T00:00:00+00:00,75.0,170.0,CF Fuenlabrada,FUE,https://assets.laliga.com/assets/2019/06/07/medium/fuenlabrada.png,20.0,Forward,,14.0,16.0,4.0,6.0,0.0,0.0,0.0,93.0,1.0,27.0,18.0,10.0,4.0,347.0,0.0,0.0,0.0,15.0,0.0,9.0,31.0,16.0,197.0,91.0,256.0,4.0,20.0,227.0,375.0,27.0,25.0,24.0,17.0,86.0,7.0,Goalkeeper,-82.75
157.0,Yuri Berchiche,Yuri B.,male,1990-02-10T00:00:00+00:00,79.0,181.0,Athletic Club,ATH,https://assets.laliga.com/assets/2019/06/07/medium/athletic.png,17.0,Defender,https://assets.laliga.com/squad/2021/t174/p42670/512x556/p42670_t174_2021_1_001_000.png,21.0,14.0,2.0,1.0,6.0,0.0,2.0,73.0,1.0,10.0,13.0,5.0,0.0,476.0,0.0,0.0,0.0,3.0,0.0,4.0,8.0,23.0,223.0,172.0,368.0,19.0,7.0,170.0,493.0,25.0,13.0,3.0,23.0,79.0,3.0,Forward,-83.07
5705.0,Alberto Rodríguez,Tachi,male,1997-09-10T00:00:00+00:00,72.0,184.0,CF Fuenlabrada,FUE,https://assets.laliga.com/assets/2019/06/07/medium/fuenlabrada.png,12.0,Defender,,25.0,11.0,0.0,0.0,7.0,0.0,2.0,50.0,0.0,14.0,13.0,1.0,2.0,205.0,0.0,0.0,0.0,0.0,0.0,0.0,2.0,27.0,45.0,87.0,105.0,24.0,19.0,96.0,218.0,14.0,8.0,0.0,42.0,44.0,5.0,Forward,-83.32
19558.0,Varazdat Haroyan,Haroyan,male,1992-08-24T00:00:00+00:00,75.0,185.0,Cádiz CF,CAD,https://assets.laliga.com/assets/2019/06/07/medium/cadiz.png,5.0,Defender,https://assets.laliga.com/squad/2021/t1737/p83350/512x556/p83350_t1737_2021_1_001_000.png,29.0,17.0,0.0,0.0,12.0,0.0,3.0,69.0,1.0,27.0,15.0,4.0,1.0,408.0,0.0,0.0,0.0,2.0,0.0,0.0,3.0,31.0,82.0,251.0,302.0,61.0,22.0,109.0,432.0,31.0,7.0,1.0,44.0,55.0,9.0,Forward,-83.68
6200.0,Maximiliano Gómez,M. Gómez,male,1996-08-14T00:00:00+00:00,91.0,186.0,Valencia CF,VAL,https://assets.laliga.com/assets/2019/06/07/medium/valencia.png,9.0,Forward,https://assets.laliga.com/squad/2021/t191/p215206/512x556/p215206_t191_2021_1_001_000.png,85.0,29.0,1.0,6.0,1.0,0.0,4.0,147.0,5.0,28.0,3.0,17.0,10.0,373.0,0.0,1.0,0.0,14.0,0.0,4.0,5.0,8.0,204.0,50.0,242.0,22.0,49.0,249.0,386.0,5.0,81.0,13.0,10.0,126.0,5.0,Defender,-84.13999999999999
1443.0,Enrique González Casín,Quique,male,1990-05-16T00:00:00+00:00,78.0,177.0,SD Eibar,EIB,https://assets.laliga.com/assets/2019/06/07/medium/eibar.png,7.0,Forward,https://assets.laliga.com/squad/2021/t953/p56271/512x556/p56271_t953_2021_1_001_000.png,50.0,31.0,0.0,0.0,2.0,0.0,1.0,80.0,1.0,15.0,5.0,7.0,1.0,337.0,0.0,0.0,0.0,8.0,0.0,3.0,5.0,7.0,161.0,77.0,228.0,12.0,17.0,182.0,337.0,7.0,36.0,6.0,13.0,89.0,3.0,Midfielder,-84.63
9325.0,Mohammed Dauda,Dauda,male,1998-02-20T00:00:00+00:00,69.0,176.0,FC Cartagena,CAR,https://assets.laliga.com/assets/2022/02/11/medium/1628caa9b2002a11e564eb84b3677f78.png,17.0,Forward,https://assets.laliga.com/squad/2021/t3554/p444489/512x556/p444489_t3554_2021_1_001_000.png,55.0,35.0,1.0,1.0,0.0,0.0,1.0,186.0,9.0,34.0,18.0,25.0,12.0,586.0,0.0,1.0,0.0,26.0,1.0,8.0,43.0,28.0,266.0,150.0,380.0,15.0,37.0,361.0,587.0,41.0,133.0,37.0,25.0,154.0,1.0,Midfielder,-85.13
313.0,Sergi Enrich,Sergi Enrich,male,1990-02-26T00:00:00+00:00,77.0,181.0,SD Ponferradina,PON,https://assets.laliga.com/assets/2021/06/24/medium/20f0382ea9163a771b3e01bbe7cf78b7.png,9.0,Forward,https://assets.laliga.com/squad/2021/t3090/p80791/512x556/p80791_t3090_2021_1_001_000.png,114.0,31.0,4.0,0.0,1.0,0.0,1.0,185.0,6.0,26.0,4.0,19.0,12.0,541.0,0.0,0.0,0.0,16.0,0.0,0.0,12.0,13.0,238.0,126.0,351.0,12.0,43.0,287.0,562.0,25.0,87.0,7.0,16.0,182.0,4.0,Defender,-85.38
1438.0,Manuel Barreiro Bustelo,M. Barreiro,male,1986-07-08T00:00:00+00:00,81.0,191.0,CD Lugo,LUG,https://assets.laliga.com/assets/2019/06/07/medium/lugo.png,9.0,Forward,https://assets.laliga.com/squad/2021/t5730/p69868/512x556/p69868_t5730_2021_1_001_000.png,147.0,36.0,0.0,0.0,2.0,0.0,0.0,170.0,7.0,19.0,4.0,9.0,10.0,332.0,0.0,0.0,0.0,14.0,0.0,0.0,2.0,3.0,106.0,50.0,153.0,36.0,33.0,246.0,336.0,5.0,78.0,5.0,7.0,173.0,4.0,Midfielder,-86.63999999999999
2020.0,Yanis Rahmani,Y. Rahmani,male,1995-05-12T00:00:00+00:00,73.0,179.0,SD Eibar,EIB,https://assets.laliga.com/assets/2019/06/07/medium/eibar.png,21.0,Midfielder,https://assets.laliga.com/squad/2021/t953/p200993/512x556/p200993_t953_2021_1_001_000.png,15.0,28.0,1.0,0.0,2.0,0.0,0.0,83.0,1.0,11.0,4.0,15.0,2.0,234.0,0.0,0.0,0.0,2.0,0.0,8.0,16.0,4.0,131.0,52.0,171.0,3.0,19.0,197.0,242.0,25.0,38.0,30.0,4.0,63.0,2.0,Forward,-87.08
711.0,Víctor Ruiz,Victor Ruiz,male,1989-01-25T00:00:00+00:00,95.0,184.0,Real Betis,BET,https://assets.laliga.com/assets/2019/06/07/medium/betis.png,6.0,Defender,https://assets.laliga.com/squad/2021/t185/p51948/512x556/p51948_t185_2021_1_001_000.png,46.0,18.0,0.0,0.0,13.0,0.0,4.0,60.0,0.0,17.0,29.0,6.0,2.0,858.0,0.0,0.0,0.0,1.0,0.0,0.0,1.0,54.0,241.0,533.0,720.0,70.0,12.0,133.0,890.0,11.0,13.0,1.0,47.0,69.0,2.0,Forward,-87.6
11872.0,Antonio Cristian Glauder García,Glauder,male,1995-10-18T00:00:00+00:00,76.0,183.0,SD Eibar,EIB,https://assets.laliga.com/assets/2019/06/07/medium/eibar.png,24.0,Defender,https://assets.laliga.com/squad/2021/t953/p421012/512x556/p421012_t953_2021_1_001_000.png,19.0,13.0,0.0,0.0,3.0,0.0,0.0,47.0,0.0,13.0,14.0,1.0,0.0,332.0,0.0,0.0,0.0,3.0,0.0,0.0,2.0,28.0,115.0,140.0,227.0,21.0,16.0,118.0,339.0,20.0,11.0,3.0,31.0,53.0,2.0,Forward,-88.61
5480.0,Fernando Calero,Calero,male,1995-09-14T00:00:00+00:00,71.0,183.0,RCD Espanyol de Barcelona,ESP,https://assets.laliga.com/assets/2019/06/07/medium/espanyol.png,5.0,Defender,https://assets.laliga.com/squad/2021/t177/p241869/512x556/p241869_t177_2021_1_001_000.png,21.0,16.0,0.0,0.0,2.0,0.0,3.0,48.0,0.0,17.0,16.0,2.0,0.0,587.0,0.0,0.0,0.0,0.0,0.0,0.0,4.0,35.0,186.0,330.0,481.0,62.0,10.0,115.0,620.0,17.0,4.0,1.0,57.0,47.0,3.0,Forward,-88.8
1730.0,Alexánder Alegría Moreno,Alegria,male,1992-10-14T00:00:00+00:00,82.0,190.0,Burgos CF,BUR,https://assets.laliga.com/assets/2021/06/24/medium/8de24d38ab1472bbae1620d36582d7bd.png,15.0,Forward,https://assets.laliga.com/squad/2021/t951/p91953/512x556/p91953_t951_2021_1_001_000.png,65.0,25.0,0.0,0.0,1.0,0.0,0.0,115.0,0.0,10.0,0.0,3.0,9.0,225.0,0.0,0.0,0.0,5.0,0.0,0.0,8.0,6.0,96.0,50.0,140.0,9.0,31.0,175.0,242.0,5.0,47.0,7.0,4.0,92.0,1.0,Defender,-89.08
877.0,Roger Martí,Roger Ms.,male,1991-01-03T00:00:00+00:00,74.0,179.0,Levante UD,LEV,https://assets.laliga.com/assets/2019/06/07/medium/levante.png,9.0,Forward,https://assets.laliga.com/squad/2021/t855/p109702/512x556/p109702_t855_2021_1_001_000.png,31.0,29.0,2.0,0.0,0.0,0.0,1.0,94.0,7.0,42.0,2.0,20.0,12.0,399.0,0.0,0.0,0.0,20.0,0.0,1.0,14.0,12.0,192.0,121.0,300.0,8.0,62.0,244.0,448.0,23.0,100.0,14.0,15.0,121.0,8.0,Midfielder,-90.02000000000001
1590.0,Unai López,Unai Lopez,male,1995-10-30T00:00:00+00:00,68.0,170.0,Rayo Vallecano,RAY,https://assets.laliga.com/assets/2019/06/07/medium/rayo.png,12.0,Midfielder,https://assets.laliga.com/squad/2021/t184/p183462/512x556/p183462_t184_2021_1_001_000.png,8.0,27.0,0.0,4.0,0.0,0.0,0.0,58.0,0.0,24.0,10.0,24.0,5.0,730.0,0.0,0.0,0.0,7.0,0.0,3.0,14.0,75.0,396.0,291.0,590.0,6.0,26.0,203.0,770.0,19.0,21.0,13.0,46.0,59.0,5.0,Forward,-90.3
14929.0,Alberto Moleiro,A. Moleiro,male,2003-09-30T00:00:00+00:00,,,UD Las Palmas,LPA,https://assets.laliga.com/assets/2019/06/07/medium/las-palmas.png,28.0,Midfielder,https://assets.laliga.com/squad/2021/t407/p513956/512x556/p513956_t407_2021_1_001_000.png,3.0,37.0,1.0,0.0,0.0,0.0,0.0,133.0,3.0,16.0,6.0,24.0,5.0,747.0,0.0,0.0,0.0,14.0,0.0,3.0,55.0,16.0,454.0,213.0,648.0,10.0,25.0,292.0,787.0,38.0,88.0,61.0,13.0,110.0,2.0,Forward,-90.63
604.0,Manuel Agudo Durán,Nolito,male,1986-10-15T00:00:00+00:00,65.0,175.0,RC Celta,CEL,https://assets.laliga.com/assets/2019/06/07/medium/celta.png,9.0,Forward,https://assets.laliga.com/squad/2021/t176/p86173/512x556/p86173_t176_2021_1_001_000.png,12.0,32.0,0.0,1.0,1.0,0.0,0.0,61.0,2.0,20.0,9.0,15.0,6.0,521.0,0.0,0.0,0.0,9.0,0.0,2.0,13.0,26.0,263.0,151.0,386.0,2.0,21.0,193.0,528.0,25.0,42.0,9.0,16.0,100.0,1.0,Goalkeeper,-91.22
7128.0,Eladio Zorrilla Jiménez,Elady,male,1990-07-13T00:00:00+00:00,75.0,178.0,CD Tenerife,TEN,https://assets.laliga.com/assets/2019/06/07/medium/tenerife.png,9.0,Forward,https://assets.laliga.com/squad/2021/t612/p140291/512x556/p140291_t612_2021_1_001_000.png,53.0,42.0,3.0,4.0,2.0,0.0,3.0,180.0,11.0,26.0,11.0,23.0,7.0,549.0,0.0,0.0,0.0,23.0,0.0,5.0,33.0,21.0,255.0,144.0,373.0,25.0,57.0,381.0,560.0,27.0,106.0,39.0,14.0,152.0,3.0,Goalkeeper,-91.39999999999998
1124.0,Guillermo Fernández,Guillermo,male,1993-05-23T00:00:00+00:00,70.0,180.0,Burgos CF,BUR,https://assets.laliga.com/assets/2021/06/24/medium/8de24d38ab1472bbae1620d36582d7bd.png,9.0,Forward,https://assets.laliga.com/squad/2021/t951/p92500/512x556/p92500_t951_2021_1_001_000.png,97.0,39.0,1.0,2.0,1.0,0.0,1.0,159.0,8.0,22.0,5.0,14.0,16.0,401.0,0.0,0.0,0.0,19.0,0.0,5.0,8.0,7.0,158.0,114.0,260.0,13.0,22.0,295.0,445.0,13.0,80.0,12.0,8.0,170.0,1.0,Goalkeeper,-91.55000000000001
715.0,Daniel Parejo,Parejo,male,1989-04-16T00:00:00+00:00,74.0,182.0,Villarreal CF,VIL,https://assets.laliga.com/assets/2019/06/07/medium/villarreal.png,5.0,Midfielder,https://assets.laliga.com/squad/2021/t449/p51952/512x556/p51952_t449_2021_1_001_000.png,17.0,33.0,10.0,3.0,7.0,0.0,7.0,140.0,2.0,32.0,29.0,56.0,0.0,1848.0,0.0,0.0,0.0,6.0,0.0,10.0,25.0,139.0,1096.0,700.0,1605.0,15.0,16.0,408.0,1990.0,43.0,18.0,8.0,60.0,186.0,3.0,Forward,-91.60000000000002
13885.0,Koldo Obieta,Obi,male,1993-10-08T00:00:00+00:00,,,SD Amorebieta,AMO,https://assets.laliga.com/assets/2021/06/24/medium/7dcec1604142a8f60f876e4c7e839da7.png,9.0,Forward,https://assets.laliga.com/squad/2021/t6498/p235433/512x556/p235433_t6498_2021_1_001_000.png,77.0,39.0,3.0,0.0,3.0,0.0,0.0,132.0,7.0,32.0,2.0,16.0,18.0,471.0,0.0,0.0,0.0,26.0,0.0,2.0,15.0,3.0,229.0,83.0,307.0,16.0,26.0,314.0,476.0,9.0,98.0,14.0,6.0,160.0,4.0,Midfielder,-92.74000000000001
532.0,Sandro Ramírez,Sandro,male,1995-07-09T00:00:00+00:00,71.0,175.0,Getafe CF,GET,https://assets.laliga.com/assets/2019/06/07/medium/getafe.png,12.0,Forward,https://assets.laliga.com/squad/2021/t1450/p108438/512x556/p108438_t1450_2021_1_001_000.png,14.0,29.0,0.0,7.0,3.0,0.0,0.0,79.0,3.0,15.0,2.0,13.0,11.0,325.0,0.0,0.0,0.0,13.0,0.0,1.0,13.0,11.0,193.0,81.0,260.0,3.0,31.0,213.0,342.0,7.0,63.0,31.0,4.0,67.0,7.0,Defender,-93.58
1479.0,Iago Aspas,Iago Aspas,male,1987-08-01T00:00:00+00:00,67.0,176.0,RC Celta,CEL,https://assets.laliga.com/assets/2019/06/07/medium/celta.png,10.0,Forward,https://assets.laliga.com/squad/2021/t176/p40270/512x556/p40270_t176_2021_1_001_000.png,22.0,37.0,6.0,7.0,2.0,0.0,6.0,137.0,18.0,39.0,11.0,51.0,20.0,1209.0,0.0,0.0,0.0,41.0,0.0,10.0,51.0,48.0,696.0,254.0,886.0,18.0,22.0,535.0,1237.0,14.0,205.0,32.0,27.0,276.0,8.0,Goalkeeper,-93.63
1005.0,Rubén Sobrino,Sobrino,male,1992-06-01T00:00:00+00:00,73.0,185.0,Cádiz CF,CAD,https://assets.laliga.com/assets/2019/06/07/medium/cadiz.png,21.0,Forward,https://assets.laliga.com/squad/2021/t1737/p112994/512x556/p112994_t1737_2021_1_001_000.png,39.0,33.0,1.0,0.0,1.0,0.0,4.0,132.0,4.0,31.0,21.0,12.0,4.0,462.0,0.0,0.0,0.0,10.0,0.0,3.0,33.0,12.0,214.0,138.0,337.0,16.0,46.0,260.0,474.0,28.0,77.0,23.0,14.0,111.0,3.0,Goalkeeper,-93.75999999999999
12631.0,Borja Sainz,Borja Sainz,male,2001-02-21T00:00:00+00:00,75.0,178.0,Real Zaragoza,ZAR,https://assets.laliga.com/assets/2019/06/07/medium/zaragoza.png,26.0,Forward,https://assets.laliga.com/squad/2021/t190/p490799/512x556/p490799_t190_2021_1_001_000.png,5.0,32.0,0.0,0.0,0.0,0.0,0.0,113.0,3.0,17.0,12.0,19.0,21.0,359.0,0.0,0.0,0.0,6.0,0.0,11.0,45.0,12.0,190.0,123.0,290.0,3.0,23.0,250.0,362.0,28.0,55.0,53.0,6.0,54.0,7.0,Forward,-94.38
14527.0,Jawad El Yamiq,J. El Yamiq,male,1992-02-29T00:00:00+00:00,83.0,190.0,Real Valladolid CF,VLL,https://assets.laliga.com/assets/2019/06/07/medium/valladolid.png,15.0,Defender,https://assets.laliga.com/squad/2021/t192/p241276/512x556/p241276_t192_2021_1_001_000.png,82.0,25.0,1.0,1.0,16.0,0.0,8.0,131.0,2.0,16.0,37.0,6.0,4.0,1010.0,0.0,0.0,0.0,5.0,0.0,0.0,9.0,83.0,247.0,642.0,806.0,115.0,20.0,192.0,1058.0,19.0,32.0,3.0,61.0,108.0,5.0,Forward,-94.42
8576.0,Enrique Gallego Puigsech,Enric Gallego,male,1986-09-12T00:00:00+00:00,79.0,190.0,CD Tenerife,TEN,https://assets.laliga.com/assets/2019/06/07/medium/tenerife.png,18.0,Forward,https://assets.laliga.com/squad/2021/t612/p454317/512x556/p454317_t612_2021_1_001_000.png,153.0,35.0,5.0,0.0,4.0,0.0,5.0,212.0,12.0,20.0,8.0,24.0,25.0,452.0,0.0,0.0,0.0,27.0,0.0,2.0,10.0,7.0,175.0,72.0,238.0,38.0,95.0,326.0,455.0,28.0,126.0,15.0,18.0,192.0,9.0,Midfielder,-94.44999999999999
851.0,Miguel Ángel Guerrero,Guerrero,male,1990-07-12T00:00:00+00:00,77.0,182.0,UD Ibiza,IBI,https://assets.laliga.com/assets/2021/06/24/medium/d7bc0d2c9bf06afd6b5ace9d62771713.png,11.0,Forward,https://assets.laliga.com/squad/2021/t16203/p86137/512x556/p86137_t16203_2021_1_001_000.png,33.0,34.0,2.0,3.0,2.0,0.0,1.0,104.0,2.0,36.0,9.0,26.0,2.0,708.0,0.0,0.0,0.0,10.0,1.0,6.0,31.0,29.0,353.0,229.0,547.0,17.0,60.0,259.0,722.0,17.0,45.0,18.0,22.0,124.0,4.0,Defender,-94.78
6308.0,Rey Manaj,R. Manaj,male,1997-02-24T00:00:00+00:00,76.0,182.0,Spezia,SPZ,https://assets.laliga.com/assets/2021/03/11/medium/9744bec98a29e159e991de7513818163.png,9.0,Forward,,70.0,30.0,0.0,6.0,0.0,0.0,1.0,172.0,5.0,36.0,4.0,13.0,11.0,382.0,0.0,0.0,0.0,16.0,0.0,1.0,22.0,3.0,197.0,132.0,324.0,13.0,54.0,285.0,440.0,19.0,70.0,27.0,6.0,107.0,9.0,Defender,-95.1
16580.0,Miguel Villar Alonso,Miki Villar,male,1996-09-19T00:00:00+00:00,,,UD Ibiza,IBI,https://assets.laliga.com/assets/2021/06/24/medium/d7bc0d2c9bf06afd6b5ace9d62771713.png,22.0,Forward,https://assets.laliga.com/squad/2021/t16203/p464585/512x556/p464585_t16203_2021_1_001_000.png,10.0,32.0,0.0,0.0,2.0,0.0,0.0,47.0,1.0,16.0,8.0,16.0,1.0,305.0,0.0,0.0,0.0,2.0,0.0,7.0,15.0,7.0,130.0,86.0,202.0,14.0,8.0,209.0,306.0,12.0,42.0,14.0,16.0,81.0,2.0,Defender,-98.44
12127.0,Iago López,Iago López,male,1999-04-06T00:00:00+00:00,70.0,177.0,CD Mirandés,MIR,https://assets.laliga.com/assets/2019/06/07/medium/mirandes.png,20.0,Defender,https://assets.laliga.com/squad/2021/t5741/p488278/512x556/p488278_t5741_2021_1_001_000.png,8.0,22.0,1.0,0.0,1.0,0.0,0.0,40.0,0.0,17.0,17.0,6.0,1.0,421.0,0.0,0.0,0.0,1.0,0.0,7.0,6.0,14.0,159.0,189.0,327.0,22.0,11.0,150.0,429.0,16.0,8.0,10.0,31.0,57.0,2.0,Forward,-98.71000000000001
540.0,David Juncà,Junca,male,1993-11-16T00:00:00+00:00,67.0,175.0,Girona FC,GIR,https://assets.laliga.com/assets/2019/06/07/medium/girona.png,17.0,Defender,https://assets.laliga.com/squad/2021/t2893/p105488/512x556/p105488_t2893_2021_1_001_000.png,8.0,25.0,0.0,0.0,5.0,0.0,1.0,55.0,1.0,17.0,11.0,4.0,1.0,470.0,0.0,0.0,0.0,2.0,1.0,6.0,5.0,28.0,188.0,209.0,363.0,23.0,19.0,140.0,479.0,32.0,17.0,7.0,23.0,65.0,2.0,Forward,-99.21000000000001
12859.0,Eric García,Eric,male,2001-01-09T00:00:00+00:00,76.0,182.0,FC Barcelona,BAR,https://assets.laliga.com/assets/2019/06/07/medium/barcelona.png,24.0,Defender,https://assets.laliga.com/squad/2021/t178/p432656/512x556/p432656_t178_2021_1_001_000.png,32.0,26.0,0.0,0.0,12.0,0.0,5.0,66.0,0.0,20.0,44.0,4.0,2.0,1628.0,0.0,0.0,0.0,4.0,1.0,0.0,2.0,86.0,671.0,887.0,1472.0,47.0,34.0,135.0,1672.0,27.0,10.0,1.0,37.0,77.0,5.0,Forward,-100.28
287.0,Óscar Plano,Oscar Plano,male,1991-02-11T00:00:00+00:00,72.0,180.0,Real Valladolid CF,VLL,https://assets.laliga.com/assets/2019/06/07/medium/valladolid.png,10.0,Forward,https://assets.laliga.com/squad/2021/t192/p96785/512x556/p96785_t192_2021_1_001_000.png,44.0,32.0,1.0,0.0,4.0,0.0,3.0,139.0,3.0,23.0,28.0,24.0,4.0,720.0,0.0,0.0,0.0,15.0,1.0,1.0,17.0,27.0,374.0,191.0,537.0,16.0,40.0,278.0,732.0,34.0,94.0,12.0,26.0,142.0,4.0,Midfielder,-100.68
6199.0,Enes Ünal,Enes Ünal,male,1997-05-10T00:00:00+00:00,78.0,187.0,Getafe CF,GET,https://assets.laliga.com/assets/2019/06/07/medium/getafe.png,10.0,Forward,https://assets.laliga.com/squad/2021/t1450/p168636/512x556/p168636_t1450_2021_1_001_000.png,146.0,37.0,1.0,7.0,5.0,0.0,7.0,275.0,16.0,35.0,5.0,28.0,14.0,605.0,0.0,0.0,0.0,28.0,0.0,3.0,25.0,9.0,290.0,102.0,380.0,36.0,77.0,454.0,633.0,37.0,138.0,23.0,6.0,238.0,8.0,Midfielder,-101.16999999999996
11775.0,Kirian Rodríguez,Kirian,male,1996-03-05T00:00:00+00:00,75.0,180.0,UD Las Palmas,LPA,https://assets.laliga.com/assets/2019/06/07/medium/las-palmas.png,20.0,Midfielder,https://assets.laliga.com/squad/2021/t407/p484753/512x556/p484753_t407_2021_1_001_000.png,18.0,34.0,3.0,0.0,1.0,0.0,4.0,148.0,5.0,32.0,13.0,42.0,1.0,1700.0,0.0,0.0,0.0,21.0,0.0,3.0,35.0,98.0,934.0,567.0,1400.0,11.0,17.0,399.0,1752.0,34.0,29.0,25.0,52.0,202.0,0.0,Forward,-101.98000000000002
1068.0,Santiago Mina Lorenzo,S. Mina,male,1995-12-07T00:00:00+00:00,77.0,181.0,RC Celta,CEL,https://assets.laliga.com/assets/2019/06/07/medium/celta.png,22.0,Forward,https://assets.laliga.com/squad/2021/t176/p150360/512x556/p150360_t176_2021_1_001_000.png,128.0,33.0,3.0,1.0,2.0,0.0,5.0,204.0,7.0,26.0,6.0,18.0,10.0,627.0,0.0,0.0,0.0,23.0,0.0,1.0,12.0,25.0,287.0,136.0,397.0,21.0,53.0,337.0,633.0,27.0,100.0,9.0,12.0,199.0,4.0,Defender,-102.16999999999999
4562.0,Iván Alejo,I. Alejo,male,1995-02-10T00:00:00+00:00,73.0,184.0,Cádiz CF,CAD,https://assets.laliga.com/assets/2019/06/07/medium/cadiz.png,14.0,Midfielder,https://assets.laliga.com/squad/2021/t1737/p179926/512x556/p179926_t1737_2021_1_001_000.png,11.0,20.0,1.0,0.0,0.0,0.0,1.0,92.0,2.0,9.0,8.0,18.0,5.0,223.0,0.0,0.0,0.0,4.0,0.0,24.0,15.0,5.0,133.0,54.0,157.0,13.0,37.0,229.0,225.0,33.0,22.0,28.0,19.0,44.0,7.0,Forward,-102.75
1573.0,Iván Rodríguez,Ivan R.,male,1996-04-30T00:00:00+00:00,70.0,180.0,SD Ponferradina,PON,https://assets.laliga.com/assets/2021/06/24/medium/20f0382ea9163a771b3e01bbe7cf78b7.png,2.0,Defender,https://assets.laliga.com/squad/2021/t3090/p195213/512x556/p195213_t3090_2021_1_001_000.png,31.0,17.0,0.0,0.0,4.0,0.0,2.0,97.0,0.0,15.0,21.0,6.0,0.0,409.0,0.0,0.0,0.0,2.0,0.0,7.0,17.0,17.0,180.0,161.0,317.0,24.0,24.0,193.0,418.0,28.0,17.0,20.0,18.0,66.0,3.0,Forward,-102.82
990.0,Lucas Vázquez,Lucas V.,male,1991-07-01T00:00:00+00:00,70.0,173.0,Real Madrid,RMA,https://assets.laliga.com/assets/2019/06/07/medium/real-madrid.png,17.0,Forward,https://assets.laliga.com/squad/2021/t186/p107593/512x556/p107593_t186_2021_1_001_000.png,2.0,29.0,0.0,0.0,7.0,0.0,4.0,97.0,3.0,18.0,20.0,31.0,5.0,1319.0,0.0,0.0,0.0,5.0,0.0,15.0,18.0,50.0,664.0,552.0,1149.0,31.0,26.0,281.0,1342.0,43.0,59.0,13.0,40.0,103.0,3.0,Midfielder,-103.07999999999998
341.0,Bruno González,Bruno,male,1990-05-24T00:00:00+00:00,83.0,185.0,CD Leganés,LEG,https://assets.laliga.com/assets/2019/06/07/medium/leganes.png,5.0,Defender,https://assets.laliga.com/squad/2021/t957/p98976/512x556/p98976_t957_2021_1_001_000.png,38.0,20.0,0.0,0.0,4.0,0.0,4.0,59.0,0.0,24.0,21.0,3.0,0.0,697.0,0.0,0.0,0.0,1.0,0.0,1.0,1.0,54.0,168.0,436.0,549.0,61.0,24.0,127.0,719.0,16.0,4.0,1.0,57.0,59.0,6.0,Forward,-103.31
6119.0,Enis Bardhi,Bardhi,male,1995-07-02T00:00:00+00:00,67.0,172.0,Levante UD,LEV,https://assets.laliga.com/assets/2019/06/07/medium/levante.png,10.0,Midfielder,https://assets.laliga.com/squad/2021/t855/p196739/512x556/p196739_t855_2021_1_001_000.png,6.0,30.0,2.0,9.0,2.0,0.0,0.0,117.0,3.0,44.0,10.0,39.0,4.0,608.0,0.0,0.0,0.0,10.0,0.0,2.0,38.0,36.0,351.0,163.0,456.0,5.0,33.0,345.0,640.0,29.0,45.0,36.0,34.0,114.0,3.0,Forward,-103.6
4822.0,Felipe Augusto de Almeida Monteiro,Felipe,male,1989-05-16T00:00:00+00:00,83.0,190.0,Atlético de Madrid,ATM,https://assets.laliga.com/assets/2019/06/07/medium/atletico.png,18.0,Defender,https://assets.laliga.com/squad/2021/t175/p116404/512x556/p116404_t175_2021_1_001_000.png,45.0,26.0,1.0,0.0,11.0,0.0,1.0,81.0,2.0,25.0,28.0,4.0,2.0,745.0,0.0,0.0,0.0,4.0,1.0,0.0,2.0,40.0,210.0,421.0,591.0,75.0,21.0,159.0,771.0,20.0,21.0,1.0,64.0,76.0,5.0,Forward,-103.78999999999999
1079.0,Álvaro Giménez,Alvaro G.c.,male,1991-05-19T00:00:00+00:00,83.0,183.0,Real Zaragoza,ZAR,https://assets.laliga.com/assets/2019/06/07/medium/zaragoza.png,20.0,Forward,https://assets.laliga.com/squad/2021/t190/p55175/512x556/p55175_t190_2021_1_001_000.png,85.0,34.0,2.0,0.0,5.0,0.0,1.0,150.0,5.0,27.0,2.0,14.0,14.0,480.0,0.0,0.0,0.0,16.0,0.0,0.0,14.0,13.0,231.0,111.0,329.0,14.0,32.0,289.0,505.0,6.0,94.0,18.0,5.0,158.0,4.0,Defender,-103.94999999999999
4505.0,David González Plata,Nono,male,1991-05-28T00:00:00+00:00,63.0,170.0,UD Ibiza,IBI,https://assets.laliga.com/assets/2021/06/24/medium/d7bc0d2c9bf06afd6b5ace9d62771713.png,9.0,Forward,https://assets.laliga.com/squad/2021/t16203/p84076/512x556/p84076_t16203_2021_1_001_000.png,7.0,23.0,1.0,0.0,2.0,0.0,0.0,59.0,2.0,13.0,4.0,13.0,1.0,316.0,0.0,0.0,0.0,6.0,0.0,11.0,15.0,8.0,159.0,93.0,231.0,2.0,19.0,232.0,324.0,18.0,18.0,21.0,15.0,70.0,2.0,Defender,-105.26
379.0,Enrique García Martínez,Kike G.,male,1989-11-25T00:00:00+00:00,79.0,186.0,CA Osasuna,OSA,https://assets.laliga.com/assets/2019/06/07/medium/osasuna.png,18.0,Forward,https://assets.laliga.com/squad/2021/t450/p61597/512x556/p61597_t450_2021_1_001_000.png,76.0,33.0,1.0,0.0,1.0,0.0,2.0,135.0,5.0,30.0,3.0,20.0,9.0,473.0,0.0,0.0,0.0,20.0,0.0,6.0,13.0,16.0,236.0,99.0,313.0,11.0,23.0,321.0,487.0,11.0,110.0,22.0,11.0,147.0,2.0,Forward,-106.13
392.0,Xabier Etxeita,X. Etxeita,male,1987-10-31T00:00:00+00:00,78.0,186.0,SD Eibar,EIB,https://assets.laliga.com/assets/2019/06/07/medium/eibar.png,5.0,Defender,https://assets.laliga.com/squad/2021/t953/p58637/512x556/p58637_t953_2021_1_001_000.png,34.0,18.0,0.0,0.0,11.0,0.0,3.0,53.0,1.0,15.0,22.0,0.0,0.0,613.0,0.0,1.0,0.0,3.0,0.0,0.0,0.0,48.0,171.0,336.0,459.0,58.0,11.0,133.0,628.0,15.0,13.0,2.0,46.0,75.0,5.0,Forward,-106.72
9383.0,Joaquín Muñoz,Joaquín,male,1999-03-10T00:00:00+00:00,60.0,173.0,SD Huesca,HUE,https://assets.laliga.com/assets/2019/06/07/medium/huesca.png,11.0,Forward,https://assets.laliga.com/squad/2021/t2894/p437831/512x556/p437831_t2894_2021_1_001_000.png,7.0,30.0,1.0,0.0,1.0,0.0,1.0,111.0,4.0,15.0,14.0,22.0,8.0,395.0,0.0,0.0,0.0,14.0,0.0,11.0,34.0,17.0,207.0,86.0,261.0,4.0,24.0,297.0,411.0,32.0,90.0,29.0,28.0,105.0,9.0,Goalkeeper,-107.38999999999999
6034.0,Daniel Escriche Romero,Escriche,male,1998-03-24T00:00:00+00:00,75.0,178.0,SD Huesca,HUE,https://assets.laliga.com/assets/2019/06/07/medium/huesca.png,10.0,Forward,https://assets.laliga.com/squad/2021/t2894/p424755/512x556/p424755_t2894_2021_1_001_000.png,42.0,37.0,3.0,0.0,0.0,0.0,5.0,170.0,5.0,25.0,8.0,29.0,22.0,488.0,0.0,0.0,0.0,19.0,1.0,1.0,49.0,11.0,260.0,124.0,371.0,8.0,71.0,334.0,521.0,26.0,121.0,51.0,10.0,129.0,7.0,Midfielder,-108.28999999999996
7142.0,Gonzalo Verdú,Gonzalo Verdú,male,1988-10-21T00:00:00+00:00,80.0,185.0,Elche CF,ELC,https://assets.laliga.com/assets/2019/06/07/medium/elche.png,5.0,Defender,https://assets.laliga.com/squad/2021/t954/p201550/512x556/p201550_t954_2021_1_001_000.png,28.0,19.0,0.0,1.0,14.0,0.0,4.0,60.0,0.0,14.0,13.0,0.0,0.0,677.0,0.0,0.0,0.0,0.0,0.0,0.0,0.0,66.0,125.0,470.0,529.0,58.0,23.0,121.0,707.0,19.0,5.0,0.0,70.0,42.0,11.0,Forward,-111.43
12616.0,Sergio Bermejo,Bermejo,male,1997-08-17T00:00:00+00:00,68.0,170.0,Real Zaragoza,ZAR,https://assets.laliga.com/assets/2019/06/07/medium/zaragoza.png,22.0,Forward,https://assets.laliga.com/squad/2021/t190/p464213/512x556/p464213_t190_2021_1_001_000.png,21.0,34.0,2.0,3.0,2.0,0.0,1.0,145.0,3.0,19.0,18.0,32.0,7.0,767.0,0.0,0.0,0.0,12.0,0.0,6.0,33.0,20.0,418.0,243.0,625.0,14.0,57.0,340.0,796.0,47.0,53.0,20.0,32.0,119.0,4.0,Midfielder,-112.03999999999999
8727.0,Iddrisu Baba,Baba,male,1996-01-22T00:00:00+00:00,73.0,185.0,RCD Mallorca,MLL,https://assets.laliga.com/assets/2019/06/07/medium/mallorca.png,12.0,Midfielder,https://assets.laliga.com/squad/2021/t181/p463170/512x556/p463170_t181_2021_1_001_000.png,41.0,26.0,0.0,0.0,5.0,0.0,3.0,158.0,1.0,36.0,24.0,9.0,0.0,755.0,0.0,0.0,0.0,8.0,0.0,1.0,22.0,52.0,264.0,352.0,563.0,33.0,42.0,221.0,771.0,57.0,9.0,9.0,39.0,117.0,9.0,Forward,-112.29000000000002
1785.0,Pablo Valcarce,P. Valcarce,male,1993-02-03T00:00:00+00:00,70.0,173.0,Burgos CF,BUR,https://assets.laliga.com/assets/2021/06/24/medium/8de24d38ab1472bbae1620d36582d7bd.png,8.0,Forward,https://assets.laliga.com/squad/2021/t951/p205608/512x556/p205608_t951_2021_1_001_000.png,50.0,38.0,5.0,0.0,3.0,0.0,3.0,201.0,10.0,30.0,13.0,26.0,24.0,640.0,0.0,0.0,0.0,33.0,1.0,8.0,36.0,24.0,324.0,111.0,403.0,23.0,31.0,441.0,642.0,37.0,111.0,28.0,40.0,175.0,5.0,Forward,-112.58000000000004
16889.0,Nicholas Williams,Williams Jr,male,2002-02-17T00:00:00+00:00,,,Athletic Club,ATH,https://assets.laliga.com/assets/2019/06/07/medium/athletic.png,30.0,Forward,https://assets.laliga.com/squad/2021/t174/p523654/512x556/p523654_t174_2021_1_001_000.png,10.0,34.0,0.0,0.0,2.0,0.0,0.0,97.0,0.0,15.0,5.0,16.0,10.0,386.0,0.0,0.0,0.0,10.0,0.0,7.0,44.0,6.0,227.0,84.0,298.0,8.0,24.0,263.0,389.0,20.0,90.0,46.0,9.0,76.0,4.0,Defender,-112.61000000000001
1094.0,Joseba Zaldua,Zaldua,male,1992-06-24T00:00:00+00:00,70.0,176.0,Real Sociedad,RSO,https://assets.laliga.com/assets/2019/06/07/medium/real-sociedad.png,2.0,Defender,https://assets.laliga.com/squad/2021/t188/p98821/512x556/p98821_t188_2021_1_001_000.png,18.0,24.0,0.0,0.0,4.0,0.0,4.0,71.0,0.0,17.0,13.0,4.0,1.0,447.0,0.0,0.0,0.0,3.0,0.0,7.0,3.0,16.0,175.0,195.0,347.0,30.0,18.0,168.0,459.0,31.0,7.0,5.0,24.0,72.0,6.0,Forward,-112.91
800.0,Jozabed Sánchez,Jozabed,male,1991-03-08T00:00:00+00:00,65.0,180.0,Málaga CF,MGA,https://assets.laliga.com/assets/2019/06/07/medium/malaga.png,19.0,Midfielder,https://assets.laliga.com/squad/2021/t182/p105064/512x556/p105064_t182_2021_1_001_000.png,9.0,29.0,2.0,1.0,3.0,0.0,3.0,69.0,0.0,26.0,22.0,34.0,5.0,954.0,0.0,0.0,0.0,4.0,0.0,9.0,12.0,68.0,513.0,364.0,781.0,21.0,18.0,271.0,993.0,26.0,29.0,6.0,38.0,106.0,9.0,Forward,-113.07
849.0,Hugo Fraile,Hugo F.,male,1987-03-16T00:00:00+00:00,73.0,176.0,AD Alcorcón,ALC,https://assets.laliga.com/assets/2019/06/07/medium/alcorcon.png,10.0,Forward,https://assets.laliga.com/squad/2021/t5233/p55302/512x556/p55302_t5233_2021_1_001_000.png,13.0,34.0,4.0,3.0,0.0,0.0,0.0,51.0,1.0,26.0,7.0,19.0,3.0,361.0,0.0,0.0,0.0,2.0,1.0,10.0,16.0,16.0,203.0,106.0,261.0,3.0,17.0,246.0,392.0,13.0,8.0,13.0,24.0,91.0,3.0,Defender,-114.08
7258.0,Jaime Seoane,Seoane,male,1997-01-22T00:00:00+00:00,73.0,175.0,SD Huesca,HUE,https://assets.laliga.com/assets/2019/06/07/medium/huesca.png,20.0,Midfielder,https://assets.laliga.com/squad/2021/t2894/p223762/512x556/p223762_t2894_2021_1_001_000.png,35.0,39.0,3.0,3.0,7.0,0.0,14.0,175.0,14.0,35.0,20.0,30.0,2.0,1100.0,0.0,0.0,0.0,29.0,0.0,7.0,41.0,74.0,501.0,402.0,820.0,25.0,54.0,449.0,1132.0,53.0,98.0,33.0,53.0,185.0,5.0,Forward,-114.68
15164.0,Vedat Muriqi,Muriqi,male,1994-04-24T00:00:00+00:00,92.0,194.0,RCD Mallorca,MLL,https://assets.laliga.com/assets/2019/06/07/medium/mallorca.png,7.0,Forward,https://assets.laliga.com/squad/2021/t181/p156293/512x556/p156293_t181_2021_1_001_000.png,116.0,16.0,3.0,0.0,0.0,0.0,3.0,147.0,5.0,28.0,6.0,11.0,7.0,440.0,0.0,0.0,0.0,18.0,0.0,1.0,9.0,8.0,148.0,97.0,236.0,29.0,27.0,282.0,450.0,6.0,88.0,13.0,8.0,198.0,6.0,Goalkeeper,-116.5
14162.0,Íñigo Orozco,Orozko,male,1993-07-16T00:00:00+00:00,80.0,192.0,SD Amorebieta,AMO,https://assets.laliga.com/assets/2021/06/24/medium/7dcec1604142a8f60f876e4c7e839da7.png,20.0,Forward,https://assets.laliga.com/squad/2021/t6498/p499109/512x556/p499109_t6498_2021_1_001_000.png,138.0,28.0,1.0,0.0,2.0,0.0,1.0,167.0,3.0,22.0,1.0,6.0,14.0,319.0,0.0,0.0,0.0,10.0,1.0,0.0,6.0,1.0,145.0,22.0,166.0,8.0,54.0,244.0,321.0,3.0,83.0,8.0,1.0,153.0,3.0,Forward,-117.78999999999999
1702.0,Iñaki Williams,Williams,male,1994-06-15T00:00:00+00:00,78.0,186.0,Athletic Club,ATH,https://assets.laliga.com/assets/2019/06/07/medium/athletic.png,9.0,Forward,https://assets.laliga.com/squad/2021/t174/p197334/512x556/p197334_t174_2021_1_001_000.png,50.0,38.0,5.0,0.0,3.0,0.0,5.0,131.0,8.0,25.0,3.0,28.0,29.0,592.0,0.0,0.0,0.0,37.0,0.0,6.0,28.0,15.0,301.0,116.0,396.0,20.0,24.0,412.0,607.0,14.0,204.0,28.0,11.0,185.0,4.0,Goalkeeper,-117.93
93.0,Tomás Pina,T. Pina,male,1987-10-14T00:00:00+00:00,78.0,184.0,Deportivo Alavés,ALA,https://assets.laliga.com/assets/2020/09/01/medium/27002754a98bf535807fe49a24cc63ea.png,8.0,Midfielder,https://assets.laliga.com/squad/2021/t173/p80956/512x556/p80956_t173_2021_1_001_000.png,32.0,29.0,0.0,0.0,3.0,0.0,0.0,92.0,0.0,32.0,22.0,2.0,0.0,575.0,0.0,0.0,0.0,1.0,0.0,1.0,4.0,15.0,224.0,230.0,438.0,23.0,39.0,154.0,577.0,28.0,12.0,3.0,16.0,108.0,4.0,Forward,-118.23
833.0,Iván Cuéllar,Cuellar,male,1984-05-27T00:00:00+00:00,76.0,187.0,Real Sporting,SPO,https://assets.laliga.com/assets/2019/06/07/medium/sporting.png,1.0,Goalkeeper,https://assets.laliga.com/squad/2021/t616/p16261/512x556/p16261_t616_2021_1_001_000.png,6.0,10.0,0.0,0.0,0.0,8.0,2.0,8.0,0.0,8.0,1.0,0.0,0.0,121.0,0.0,0.0,31.0,0.0,0.0,0.0,0.0,69.0,46.0,125.0,102.0,11.0,0.0,128.0,295.0,0.0,0.0,0.0,124.0,0.0,0.0,Forward,-119.05
8542.0,Luis Suárez,L. Suárez,male,1997-12-02T00:00:00+00:00,74.0,185.0,Granada CF,GRA,https://assets.laliga.com/assets/2019/06/07/medium/granada.png,9.0,Forward,https://assets.laliga.com/squad/2021/t5683/p432838/512x556/p432838_t5683_2021_1_001_000.png,56.0,37.0,3.0,1.0,3.0,0.0,2.0,161.0,8.0,51.0,6.0,26.0,5.0,585.0,0.0,0.0,0.0,25.0,0.0,6.0,44.0,19.0,301.0,120.0,396.0,21.0,40.0,423.0,617.0,26.0,116.0,35.0,28.0,174.0,6.0,Defender,-122.33000000000004
232.0,Álvaro Peña,Alvaro Peña,male,1991-10-24T00:00:00+00:00,69.0,178.0,SD Amorebieta,AMO,https://assets.laliga.com/assets/2021/06/24/medium/7dcec1604142a8f60f876e4c7e839da7.png,18.0,Midfielder,https://assets.laliga.com/squad/2021/t6498/p98841/512x556/p98841_t6498_2021_1_001_000.png,31.0,37.0,0.0,1.0,1.0,0.0,0.0,127.0,2.0,30.0,12.0,29.0,1.0,651.0,0.0,0.0,0.0,4.0,1.0,8.0,38.0,37.0,384.0,146.0,479.0,6.0,44.0,314.0,670.0,34.0,43.0,23.0,29.0,125.0,5.0,Forward,-122.80000000000001
1547.0,Aitor García Flores,Aitor G.,male,1994-03-25T00:00:00+00:00,69.0,173.0,Real Sporting,SPO,https://assets.laliga.com/assets/2019/06/07/medium/sporting.png,7.0,Midfielder,https://assets.laliga.com/squad/2021/t616/p111466/512x556/p111466_t616_2021_1_001_000.png,7.0,39.0,3.0,0.0,2.0,0.0,0.0,103.0,6.0,25.0,34.0,29.0,8.0,669.0,0.0,0.0,0.0,22.0,0.0,8.0,25.0,30.0,297.0,239.0,498.0,24.0,28.0,331.0,679.0,49.0,93.0,44.0,32.0,119.0,5.0,Forward,-123.21000000000001
4795.0,Franco Cervi,Cervi,male,1994-05-26T00:00:00+00:00,67.0,165.0,RC Celta,CEL,https://assets.laliga.com/assets/2019/06/07/medium/celta.png,11.0,Forward,https://assets.laliga.com/squad/2021/t176/p184028/512x556/p184028_t176_2021_1_001_000.png,17.0,33.0,3.0,0.0,2.0,0.0,1.0,150.0,4.0,22.0,21.0,9.0,2.0,666.0,0.0,0.0,0.0,10.0,0.0,7.0,20.0,22.0,338.0,214.0,517.0,13.0,22.0,291.0,673.0,73.0,52.0,19.0,17.0,117.0,6.0,Forward,-123.26999999999998
1950.0,José Manuel García Naranjo,J. Naranjo,male,1994-07-28T00:00:00+00:00,80.0,186.0,SD Ponferradina,PON,https://assets.laliga.com/assets/2021/06/24/medium/20f0382ea9163a771b3e01bbe7cf78b7.png,20.0,Forward,https://assets.laliga.com/squad/2021/t3090/p163814/512x556/p163814_t3090_2021_1_001_000.png,62.0,34.0,1.0,8.0,2.0,0.0,1.0,138.0,8.0,30.0,5.0,16.0,5.0,572.0,0.0,0.0,0.0,25.0,1.0,0.0,23.0,16.0,223.0,164.0,371.0,10.0,56.0,316.0,576.0,29.0,86.0,27.0,30.0,159.0,4.0,Goalkeeper,-123.74000000000001
719.0,Andrés Guardado,A. Guardado,male,1986-09-28T00:00:00+00:00,60.0,169.0,Real Betis,BET,https://assets.laliga.com/assets/2019/06/07/medium/betis.png,18.0,Midfielder,https://assets.laliga.com/squad/2021/t185/p37064/512x556/p37064_t185_2021_1_001_000.png,12.0,28.0,0.0,0.0,4.0,0.0,3.0,66.0,0.0,15.0,21.0,9.0,0.0,895.0,0.0,0.0,0.0,3.0,0.0,1.0,6.0,82.0,372.0,415.0,704.0,24.0,24.0,179.0,927.0,30.0,13.0,4.0,59.0,82.0,4.0,Forward,-124.23
1169.0,Alexander Mesa Travieso,Nano M.,male,1995-02-05T00:00:00+00:00,77.0,178.0,Real Zaragoza,ZAR,https://assets.laliga.com/assets/2019/06/07/medium/zaragoza.png,23.0,Forward,https://assets.laliga.com/squad/2021/t190/p177849/512x556/p177849_t190_2021_1_001_000.png,14.0,23.0,0.0,0.0,0.0,0.0,0.0,68.0,2.0,11.0,8.0,7.0,13.0,297.0,0.0,0.0,0.0,8.0,0.0,3.0,11.0,10.0,131.0,80.0,197.0,5.0,29.0,188.0,305.0,28.0,44.0,19.0,9.0,89.0,6.0,Goalkeeper,-125.45
12118.0,Pol Lozano,Pol Lozano,male,1999-10-06T00:00:00+00:00,62.0,177.0,Girona FC,GIR,https://assets.laliga.com/assets/2019/06/07/medium/girona.png,20.0,Midfielder,https://assets.laliga.com/squad/2021/t2893/p227172/512x556/p227172_t2893_2021_1_001_000.png,14.0,29.0,2.0,1.0,5.0,0.0,6.0,98.0,1.0,18.0,28.0,8.0,0.0,1024.0,0.0,0.0,0.0,2.0,0.0,0.0,12.0,50.0,462.0,453.0,864.0,22.0,50.0,194.0,1053.0,49.0,11.0,6.0,34.0,105.0,6.0,Forward,-126.47
6287.0,Alexandre Corredera Alardi,Alexandre,male,1996-03-19T00:00:00+00:00,72.0,181.0,CD Tenerife,TEN,https://assets.laliga.com/assets/2019/06/07/medium/tenerife.png,6.0,Midfielder,https://assets.laliga.com/squad/2021/t612/p433503/512x556/p433503_t612_2021_1_001_000.png,25.0,43.0,2.0,4.0,7.0,0.0,5.0,150.0,2.0,28.0,66.0,37.0,0.0,1609.0,0.0,0.0,0.0,10.0,0.0,8.0,18.0,138.0,825.0,775.0,1428.0,25.0,43.0,351.0,1763.0,74.0,23.0,8.0,57.0,140.0,3.0,Forward,-127.87
14636.0,Jesús Ruiz Suárez,Jesús,male,1997-01-20T00:00:00+00:00,,185.0,AD Alcorcón,ALC,https://assets.laliga.com/assets/2019/06/07/medium/alcorcon.png,31.0,Goalkeeper,https://assets.laliga.com/squad/2021/t5233/p508458/512x556/p508458_t5233_2021_1_001_000.png,3.0,14.0,0.0,0.0,0.0,12.0,4.0,5.0,0.0,18.0,1.0,0.0,0.0,199.0,2.0,0.0,34.0,0.0,0.0,0.0,0.0,80.0,54.0,201.0,175.0,13.0,0.0,134.0,387.0,0.0,0.0,0.0,131.0,1.0,2.0,Forward,-128.63
2548.0,Nemanja Maksimovic,Maksimovic,male,1995-01-26T00:00:00+00:00,78.0,189.0,Getafe CF,GET,https://assets.laliga.com/assets/2019/06/07/medium/getafe.png,20.0,Midfielder,https://assets.laliga.com/squad/2021/t1450/p198499/512x556/p198499_t1450_2021_1_001_000.png,47.0,35.0,1.0,0.0,13.0,0.0,8.0,126.0,1.0,37.0,71.0,18.0,0.0,823.0,0.0,0.0,0.0,5.0,0.0,2.0,10.0,31.0,346.0,304.0,617.0,33.0,13.0,248.0,834.0,56.0,61.0,6.0,40.0,146.0,4.0,Forward,-128.66
8768.0,Eduardo Espiau,Edu Espiau,male,1994-12-19T00:00:00+00:00,,185.0,SD Ponferradina,PON,https://assets.laliga.com/assets/2021/06/24/medium/20f0382ea9163a771b3e01bbe7cf78b7.png,19.0,Forward,https://assets.laliga.com/squad/2021/t3090/p462932/512x556/p462932_t3090_2021_1_001_000.png,76.0,37.0,2.0,0.0,1.0,0.0,1.0,146.0,7.0,32.0,5.0,15.0,12.0,467.0,0.0,0.0,0.0,20.0,2.0,0.0,12.0,5.0,216.0,104.0,315.0,17.0,26.0,342.0,483.0,9.0,100.0,28.0,8.0,155.0,4.0,Midfielder,-129.17000000000002
9689.0,Cristian Rodríguez,Cristian,male,1996-03-15T00:00:00+00:00,70.0,180.0,SD Ponferradina,PON,https://assets.laliga.com/assets/2021/06/24/medium/20f0382ea9163a771b3e01bbe7cf78b7.png,11.0,Midfielder,https://assets.laliga.com/squad/2021/t3090/p439601/512x556/p439601_t3090_2021_1_001_000.png,11.0,28.0,1.0,8.0,4.0,0.0,0.0,57.0,1.0,15.0,10.0,13.0,1.0,567.0,0.0,0.0,0.0,5.0,1.0,3.0,8.0,67.0,277.0,186.0,384.0,14.0,18.0,220.0,589.0,27.0,5.0,5.0,56.0,82.0,3.0,Forward,-129.61
2016.0,Lander Olaetxea,Olaetxea,male,1993-04-12T00:00:00+00:00,68.0,179.0,SD Amorebieta,AMO,https://assets.laliga.com/assets/2021/06/24/medium/7dcec1604142a8f60f876e4c7e839da7.png,5.0,Forward,https://assets.laliga.com/squad/2021/t6498/p215404/512x556/p215404_t6498_2021_1_001_000.png,39.0,35.0,1.0,0.0,3.0,0.0,0.0,165.0,2.0,36.0,17.0,18.0,2.0,562.0,0.0,0.0,0.0,7.0,0.0,3.0,23.0,18.0,266.0,163.0,408.0,20.0,45.0,279.0,597.0,66.0,67.0,12.0,30.0,141.0,7.0,Defender,-130.53
13538.0,Antonio David Álvarez Rey,Davo,male,1994-12-18T00:00:00+00:00,71.0,178.0,UD Ibiza,IBI,https://assets.laliga.com/assets/2021/06/24/medium/d7bc0d2c9bf06afd6b5ace9d62771713.png,7.0,Forward,https://assets.laliga.com/squad/2021/t16203/p439954/512x556/p439954_t16203_2021_1_001_000.png,10.0,36.0,2.0,0.0,1.0,0.0,0.0,51.0,2.0,19.0,4.0,12.0,9.0,326.0,0.0,0.0,0.0,11.0,0.0,8.0,18.0,5.0,156.0,74.0,217.0,2.0,29.0,248.0,334.0,8.0,75.0,25.0,17.0,95.0,2.0,Defender,-131.16
211.0,Pablo Ínsua,Insua,male,1993-09-09T00:00:00+00:00,80.0,187.0,SD Huesca,HUE,https://assets.laliga.com/assets/2019/06/07/medium/huesca.png,4.0,Defender,https://assets.laliga.com/squad/2021/t2894/p88621/512x556/p88621_t2894_2021_1_001_000.png,52.0,20.0,2.0,0.0,11.0,0.0,6.0,100.0,0.0,22.0,23.0,3.0,1.0,917.0,0.0,0.0,0.0,1.0,0.0,0.0,5.0,98.0,203.0,597.0,702.0,52.0,27.0,183.0,955.0,35.0,30.0,4.0,65.0,90.0,5.0,Forward,-131.95
9783.0,Martín Zubimendi,Zubimendi,male,1999-02-02T00:00:00+00:00,74.0,180.0,Real Sociedad,RSO,https://assets.laliga.com/assets/2019/06/07/medium/real-sociedad.png,3.0,Midfielder,https://assets.laliga.com/squad/2021/t188/p481655/512x556/p481655_t188_2021_1_001_000.png,63.0,36.0,0.0,0.0,13.0,0.0,12.0,153.0,2.0,30.0,49.0,14.0,3.0,1428.0,0.0,0.0,0.0,9.0,0.0,0.0,17.0,76.0,598.0,646.0,1168.0,48.0,34.0,261.0,1452.0,52.0,31.0,7.0,61.0,147.0,4.0,Forward,-131.98000000000002
5921.0,Gustavo Ezequiel Blanco Leschuk,Blanco Leschuk,male,1991-11-05T00:00:00+00:00,88.0,190.0,SD Eibar,EIB,https://assets.laliga.com/assets/2019/06/07/medium/eibar.png,20.0,Forward,https://assets.laliga.com/squad/2021/t953/p95409/512x556/p95409_t953_2021_1_001_000.png,135.0,37.0,1.0,0.0,3.0,0.0,1.0,193.0,4.0,24.0,6.0,23.0,10.0,512.0,0.0,0.0,0.0,16.0,0.0,1.0,9.0,12.0,234.0,88.0,309.0,24.0,49.0,332.0,519.0,23.0,116.0,20.0,7.0,191.0,5.0,Goalkeeper,-132.31
4269.0,Gorka Guruzeta,Guruzeta,male,1996-09-12T00:00:00+00:00,77.0,188.0,SD Amorebieta,AMO,https://assets.laliga.com/assets/2021/06/24/medium/7dcec1604142a8f60f876e4c7e839da7.png,24.0,Forward,https://assets.laliga.com/squad/2021/t6498/p220182/512x556/p220182_t6498_2021_1_001_000.png,133.0,37.0,0.0,1.0,8.0,0.0,1.0,228.0,13.0,41.0,8.0,27.0,39.0,664.0,0.0,0.0,0.0,36.0,0.0,11.0,32.0,22.0,367.0,66.0,400.0,16.0,54.0,453.0,669.0,27.0,158.0,25.0,16.0,231.0,4.0,Goalkeeper,-132.81
689.0,José Ángel Valdés Díaz,Cote,male,1989-09-05T00:00:00+00:00,74.0,182.0,CA Osasuna,OSA,https://assets.laliga.com/assets/2019/06/07/medium/osasuna.png,16.0,Defender,https://assets.laliga.com/squad/2021/t450/p59140/512x556/p59140_t450_2021_1_001_000.png,10.0,23.0,1.0,0.0,1.0,0.0,1.0,55.0,1.0,20.0,10.0,7.0,0.0,584.0,0.0,0.0,0.0,3.0,1.0,14.0,20.0,72.0,293.0,198.0,405.0,20.0,10.0,240.0,606.0,20.0,6.0,9.0,62.0,67.0,2.0,Forward,-133.44
421.0,Allan-Roméo Nyom,Nyom,male,1988-05-10T00:00:00+00:00,78.0,188.0,CD Leganés,LEG,https://assets.laliga.com/assets/2019/06/07/medium/leganes.png,22.0,Defender,https://assets.laliga.com/squad/2021/t957/p67527/512x556/p67527_t957_2021_1_001_000.png,25.0,16.0,1.0,0.0,5.0,0.0,6.0,72.0,1.0,14.0,7.0,7.0,3.0,534.0,0.0,0.0,0.0,1.0,0.0,11.0,6.0,32.0,187.0,225.0,369.0,30.0,17.0,196.0,543.0,26.0,6.0,6.0,65.0,77.0,5.0,Forward,-133.57
6263.0,José Antonio Morente Oliva,T. Morente,male,1996-12-04T00:00:00+00:00,76.0,180.0,Elche CF,ELC,https://assets.laliga.com/assets/2019/06/07/medium/elche.png,11.0,Midfielder,https://assets.laliga.com/squad/2021/t954/p429644/512x556/p429644_t954_2021_1_001_000.png,22.0,32.0,3.0,0.0,1.0,0.0,0.0,95.0,3.0,22.0,12.0,13.0,8.0,489.0,0.0,0.0,0.0,8.0,0.0,14.0,30.0,15.0,263.0,121.0,354.0,10.0,32.0,287.0,496.0,21.0,41.0,33.0,24.0,103.0,4.0,Forward,-134.04000000000002
5900.0,Gaku Shibasaki,Gaku,male,1992-05-28T00:00:00+00:00,64.0,175.0,CD Leganés,LEG,https://assets.laliga.com/assets/2019/06/07/medium/leganes.png,8.0,Midfielder,https://assets.laliga.com/squad/2021/t957/p158213/512x556/p158213_t957_2021_1_001_000.png,31.0,34.0,1.0,0.0,7.0,0.0,5.0,116.0,3.0,31.0,33.0,27.0,0.0,1210.0,0.0,0.0,0.0,9.0,0.0,6.0,16.0,86.0,591.0,453.0,951.0,26.0,33.0,301.0,1254.0,45.0,11.0,5.0,69.0,148.0,5.0,Forward,-135.95999999999998
591.0,Carlos Bellvis,C. Bellvis,male,1985-04-24T00:00:00+00:00,65.0,170.0,AD Alcorcón,ALC,https://assets.laliga.com/assets/2019/06/07/medium/alcorcon.png,16.0,Defender,https://assets.laliga.com/squad/2021/t5233/p8678/512x556/p8678_t5233_2021_1_001_000.png,28.0,19.0,1.0,0.0,4.0,0.0,1.0,83.0,0.0,32.0,33.0,19.0,0.0,565.0,0.0,0.0,0.0,3.0,0.0,20.0,15.0,32.0,268.0,182.0,398.0,33.0,17.0,259.0,581.0,23.0,8.0,15.0,45.0,106.0,4.0,Forward,-136.19
14924.0,Pablo García Carrasco,P. Garcia,male,2000-06-05T00:00:00+00:00,68.0,178.0,Real Sporting,SPO,https://assets.laliga.com/assets/2019/06/07/medium/sporting.png,26.0,Defender,https://assets.laliga.com/squad/2021/t616/p514134/512x556/p514134_t616_2021_1_001_000.png,6.0,15.0,1.0,0.0,0.0,0.0,0.0,42.0,0.0,17.0,12.0,6.0,4.0,371.0,0.0,0.0,0.0,0.0,0.0,5.0,3.0,12.0,140.0,154.0,277.0,14.0,24.0,172.0,380.0,31.0,9.0,11.0,28.0,63.0,6.0,Forward,-137.2
1617.0,Francisco García Solsona,Fran Garcia,male,1992-12-07T00:00:00+00:00,70.0,170.0,Burgos CF,BUR,https://assets.laliga.com/assets/2021/06/24/medium/8de24d38ab1472bbae1620d36582d7bd.png,3.0,Defender,https://assets.laliga.com/squad/2021/t951/p84083/512x556/p84083_t951_2021_1_001_000.png,15.0,17.0,0.0,0.0,0.0,0.0,4.0,55.0,0.0,9.0,20.0,9.0,1.0,399.0,0.0,0.0,0.0,2.0,0.0,5.0,4.0,14.0,171.0,110.0,261.0,24.0,18.0,196.0,401.0,29.0,8.0,6.0,39.0,87.0,3.0,Forward,-137.99
1264.0,Juan Manuel García,Juanma,male,1993-02-20T00:00:00+00:00,75.0,180.0,Burgos CF,BUR,https://assets.laliga.com/assets/2021/06/24/medium/8de24d38ab1472bbae1620d36582d7bd.png,7.0,Forward,https://assets.laliga.com/squad/2021/t951/p179826/512x556/p179826_t951_2021_1_001_000.png,28.0,36.0,6.0,0.0,1.0,0.0,0.0,125.0,9.0,21.0,20.0,25.0,16.0,694.0,0.0,0.0,0.0,19.0,0.0,3.0,28.0,22.0,353.0,146.0,474.0,3.0,23.0,392.0,704.0,21.0,81.0,38.0,26.0,182.0,2.0,Defender,-138.96
15591.0,Gaizka Ayesa,Ayesa,male,2001-04-02T00:00:00+00:00,,182.0,R. Sociedad B,RSOB,https://assets.laliga.com/assets/2019/06/07/medium/real-sociedad.png,1.0,Goalkeeper,https://assets.laliga.com/squad/2021/t3567/p508455/512x556/p508455_t3567_2021_1_001_000.png,5.0,21.0,0.0,0.0,0.0,14.0,1.0,7.0,0.0,36.0,0.0,1.0,0.0,421.0,0.0,0.0,60.0,0.0,0.0,0.0,0.0,96.0,44.0,460.0,408.0,17.0,0.0,153.0,652.0,1.0,0.0,1.0,133.0,15.0,0.0,Forward,-139.98000000000002
4725.0,Daniel Ojeda,Dani Ojeda,male,1994-12-03T00:00:00+00:00,72.0,177.0,SD Ponferradina,PON,https://assets.laliga.com/assets/2021/06/24/medium/20f0382ea9163a771b3e01bbe7cf78b7.png,7.0,Forward,https://assets.laliga.com/squad/2021/t3090/p235652/512x556/p235652_t3090_2021_1_001_000.png,9.0,37.0,1.0,0.0,1.0,0.0,3.0,79.0,7.0,41.0,18.0,43.0,8.0,1016.0,0.0,0.0,0.0,17.0,0.0,14.0,33.0,44.0,496.0,328.0,766.0,7.0,25.0,388.0,1030.0,25.0,72.0,30.0,31.0,189.0,6.0,Defender,-140.7
6236.0,Ezequiel Ávila,Chimy Avila,male,1994-02-06T00:00:00+00:00,81.0,172.0,CA Osasuna,OSA,https://assets.laliga.com/assets/2019/06/07/medium/osasuna.png,9.0,Forward,https://assets.laliga.com/squad/2021/t450/p205992/512x556/p205992_t450_2021_1_001_000.png,52.0,36.0,1.0,4.0,2.0,0.0,0.0,125.0,6.0,22.0,13.0,18.0,13.0,453.0,0.0,1.0,0.0,16.0,0.0,19.0,18.0,21.0,216.0,85.0,257.0,14.0,31.0,336.0,463.0,17.0,54.0,14.0,35.0,150.0,7.0,Midfielder,-142.37
1564.0,Roque Mesa,Roque Mesa,male,1989-06-07T00:00:00+00:00,74.0,172.0,Real Valladolid CF,VLL,https://assets.laliga.com/assets/2019/06/07/medium/valladolid.png,17.0,Midfielder,https://assets.laliga.com/squad/2021/t192/p106899/512x556/p106899_t192_2021_1_001_000.png,17.0,39.0,5.0,3.0,3.0,0.0,3.0,267.0,3.0,31.0,24.0,44.0,1.0,1911.0,0.0,0.0,0.0,14.0,0.0,12.0,82.0,146.0,976.0,804.0,1613.0,16.0,65.0,502.0,2032.0,84.0,45.0,41.0,80.0,193.0,15.0,Forward,-144.18
648.0,Francisco Portillo,Portillo,male,1990-06-13T00:00:00+00:00,60.0,169.0,UD Almería,ALM,https://assets.laliga.com/assets/2019/06/07/medium/almeria.png,8.0,Forward,https://assets.laliga.com/squad/2021/t1564/p80795/512x556/p80795_t1564_2021_1_001_000.png,8.0,39.0,7.0,0.0,2.0,0.0,0.0,110.0,3.0,20.0,13.0,48.0,5.0,1345.0,0.0,0.0,0.0,11.0,0.0,9.0,33.0,42.0,804.0,332.0,1081.0,4.0,12.0,414.0,1375.0,43.0,47.0,26.0,41.0,211.0,3.0,Goalkeeper,-144.25
1339.0,Marc-André ter Stegen,Ter Stegen,male,1992-04-30T00:00:00+00:00,85.0,187.0,FC Barcelona,BAR,https://assets.laliga.com/assets/2019/06/07/medium/barcelona.png,1.0,Goalkeeper,https://assets.laliga.com/squad/2021/t178/p77318/512x556/p77318_t178_2021_1_001_000.png,7.0,35.0,0.0,0.0,0.0,10.0,11.0,13.0,0.0,34.0,1.0,1.0,0.0,851.0,1.0,0.0,76.0,0.0,0.0,0.0,2.0,220.0,63.0,907.0,750.0,22.0,0.0,168.0,1129.0,0.0,0.0,0.0,141.0,18.0,3.0,Forward,-144.71
8650.0,Domingos de Sousa Coutinho Meneses Duarte,Domingos D.,male,1995-03-10T00:00:00+00:00,80.0,192.0,Granada CF,GRA,https://assets.laliga.com/assets/2019/06/07/medium/granada.png,22.0,Defender,https://assets.laliga.com/squad/2021/t5683/p200599/512x556/p200599_t5683_2021_1_001_000.png,40.0,21.0,0.0,0.0,20.0,0.0,4.0,74.0,1.0,31.0,22.0,3.0,0.0,701.0,0.0,0.0,0.0,1.0,1.0,0.0,2.0,72.0,175.0,390.0,493.0,79.0,24.0,179.0,731.0,18.0,15.0,1.0,79.0,87.0,7.0,Forward,-145.69
8534.0,Alejandro Centelles Plaza,Centelles,male,1999-08-30T00:00:00+00:00,73.0,185.0,UD Almería,ALM,https://assets.laliga.com/assets/2019/06/07/medium/almeria.png,20.0,Defender,https://assets.laliga.com/squad/2021/t1564/p454883/512x556/p454883_t1564_2021_1_001_000.png,18.0,22.0,1.0,0.0,2.0,0.0,7.0,68.0,0.0,13.0,19.0,16.0,3.0,756.0,0.0,0.0,0.0,5.0,0.0,4.0,21.0,32.0,279.0,346.0,588.0,30.0,13.0,269.0,777.0,21.0,28.0,16.0,55.0,102.0,2.0,Forward,-145.73000000000002
9659.0,Victor Mollejo,Mollejo,male,2001-01-21T00:00:00+00:00,63.0,176.0,CD Tenerife,TEN,https://assets.laliga.com/assets/2019/06/07/medium/tenerife.png,28.0,Forward,https://assets.laliga.com/squad/2021/t612/p248505/512x556/p248505_t612_2021_1_001_000.png,51.0,39.0,2.0,0.0,3.0,0.0,5.0,152.0,3.0,19.0,12.0,17.0,7.0,556.0,0.0,0.0,0.0,14.0,1.0,11.0,14.0,14.0,284.0,141.0,400.0,20.0,51.0,318.0,564.0,33.0,68.0,24.0,13.0,137.0,8.0,Goalkeeper,-146.36
9659.0,Victor Mollejo,Mollejo,male,2001-01-21T00:00:00+00:00,63.0,176.0,CD Tenerife,TEN,https://assets.laliga.com/assets/2019/06/07/medium/tenerife.png,28.0,Forward,https://assets.laliga.com/squad/2021/t612/p248505/512x556/p248505_t612_2021_1_001_000.png,51.0,39.0,2.0,0.0,3.0,0.0,5.0,152.0,3.0,19.0,12.0,17.0,7.0,556.0,0.0,0.0,0.0,14.0,1.0,11.0,14.0,14.0,284.0,141.0,400.0,20.0,51.0,318.0,564.0,33.0,68.0,24.0,13.0,137.0,8.0,Midfielder,-146.36
167.0,José Luis Morales,A. J. Morales,male,1987-07-23T00:00:00+00:00,70.0,180.0,Levante UD,LEV,https://assets.laliga.com/assets/2019/06/07/medium/levante.png,11.0,Forward,https://assets.laliga.com/squad/2021/t855/p165375/512x556/p165375_t855_2021_1_001_000.png,16.0,35.0,7.0,2.0,0.0,0.0,4.0,147.0,13.0,54.0,4.0,29.0,15.0,611.0,0.0,0.0,0.0,36.0,0.0,15.0,64.0,29.0,339.0,144.0,428.0,5.0,28.0,528.0,628.0,27.0,157.0,92.0,18.0,153.0,7.0,Forward,-149.22000000000003
7.0,Marc Bartra,Bartra,male,1991-01-15T00:00:00+00:00,70.0,184.0,Real Betis,BET,https://assets.laliga.com/assets/2019/06/07/medium/betis.png,5.0,Defender,https://assets.laliga.com/squad/2021/t185/p81138/512x556/p81138_t185_2021_1_001_000.png,61.0,23.0,0.0,0.0,22.0,0.0,8.0,121.0,1.0,24.0,33.0,4.0,0.0,1089.0,0.0,0.0,0.0,3.0,0.0,0.0,7.0,82.0,272.0,652.0,842.0,102.0,21.0,222.0,1121.0,39.0,26.0,1.0,111.0,86.0,5.0,Forward,-149.29
1000.0,Omar Mascarell,Mascarell,male,1993-02-02T00:00:00+00:00,76.0,181.0,Elche CF,ELC,https://assets.laliga.com/assets/2019/06/07/medium/elche.png,21.0,Midfielder,https://assets.laliga.com/squad/2021/t954/p107594/512x556/p107594_t954_2021_1_001_000.png,43.0,32.0,0.0,0.0,14.0,0.0,5.0,122.0,0.0,39.0,48.0,7.0,0.0,1184.0,0.0,0.0,0.0,1.0,0.0,1.0,12.0,85.0,450.0,599.0,963.0,47.0,37.0,219.0,1227.0,46.0,7.0,4.0,66.0,113.0,6.0,Forward,-149.73000000000002
797.0,Edgar Méndez,Edgar,male,1990-01-02T00:00:00+00:00,80.0,187.0,Deportivo Alavés,ALA,https://assets.laliga.com/assets/2020/09/01/medium/27002754a98bf535807fe49a24cc63ea.png,17.0,Forward,https://assets.laliga.com/squad/2021/t173/p89215/512x556/p89215_t173_2021_1_001_000.png,35.0,32.0,1.0,0.0,0.0,0.0,0.0,104.0,1.0,35.0,4.0,17.0,15.0,362.0,0.0,0.0,0.0,8.0,0.0,14.0,14.0,19.0,164.0,83.0,214.0,16.0,50.0,269.0,373.0,25.0,40.0,12.0,24.0,116.0,6.0,Defender,-151.26999999999998
12602.0,Aritz Arambarri,Arambarri,male,1998-01-31T00:00:00+00:00,76.0,186.0,R. Sociedad B,RSOB,https://assets.laliga.com/assets/2019/06/07/medium/real-sociedad.png,5.0,Defender,https://assets.laliga.com/squad/2021/t3567/p490310/512x556/p490310_t3567_2021_1_001_000.png,47.0,24.0,0.0,0.0,14.0,0.0,3.0,69.0,0.0,31.0,20.0,1.0,0.0,1389.0,0.0,0.0,0.0,0.0,0.0,0.0,0.0,49.0,328.0,915.0,1194.0,111.0,12.0,188.0,1419.0,15.0,6.0,2.0,101.0,75.0,5.0,Forward,-151.81
987.0,Jorge Pulido,J. Pulido,male,1991-04-08T00:00:00+00:00,72.0,186.0,SD Huesca,HUE,https://assets.laliga.com/assets/2019/06/07/medium/huesca.png,14.0,Defender,https://assets.laliga.com/squad/2021/t2894/p88925/512x556/p88925_t2894_2021_1_001_000.png,53.0,25.0,1.0,0.0,24.0,0.0,10.0,88.0,0.0,20.0,24.0,14.0,4.0,1238.0,0.0,1.0,0.0,1.0,0.0,3.0,4.0,84.0,346.0,762.0,1021.0,89.0,29.0,219.0,1299.0,20.0,36.0,4.0,96.0,98.0,7.0,Forward,-154.51
46.0,Pedro Mosquera,Pedro Mosquera,male,1988-04-21T00:00:00+00:00,75.0,184.0,SD Huesca,HUE,https://assets.laliga.com/assets/2019/06/07/medium/huesca.png,5.0,Midfielder,https://assets.laliga.com/squad/2021/t2894/p60012/512x556/p60012_t2894_2021_1_001_000.png,22.0,33.0,0.0,0.0,7.0,0.0,3.0,103.0,0.0,27.0,32.0,13.0,1.0,1246.0,0.0,0.0,0.0,3.0,0.0,4.0,8.0,133.0,472.0,690.0,1025.0,50.0,27.0,240.0,1355.0,43.0,5.0,5.0,74.0,123.0,1.0,Forward,-156.95
4703.0,Jose Luis Mato Sanmartín,Joselu,male,1990-03-27T00:00:00+00:00,80.0,192.0,Deportivo Alavés,ALA,https://assets.laliga.com/assets/2020/09/01/medium/27002754a98bf535807fe49a24cc63ea.png,9.0,Forward,https://assets.laliga.com/squad/2021/t173/p61316/512x556/p61316_t173_2021_1_001_000.png,284.0,37.0,4.0,5.0,4.0,0.0,5.0,372.0,14.0,58.0,7.0,31.0,11.0,1018.0,0.0,0.0,0.0,41.0,0.0,4.0,18.0,22.0,467.0,180.0,621.0,45.0,43.0,598.0,1052.0,16.0,166.0,33.0,27.0,382.0,0.0,Goalkeeper,-156.98000000000002
754.0,Mikel Saizar,M.m. Saizar,male,1983-01-18T00:00:00+00:00,84.0,189.0,SD Amorebieta,AMO,https://assets.laliga.com/assets/2021/06/24/medium/7dcec1604142a8f60f876e4c7e839da7.png,1.0,Goalkeeper,https://assets.laliga.com/squad/2021/t6498/p17511/512x556/p17511_t6498_2021_1_001_000.png,3.0,10.0,0.0,0.0,0.0,8.0,3.0,4.0,0.0,13.0,0.0,1.0,0.0,130.0,1.0,0.0,12.0,0.0,0.0,0.0,0.0,140.0,129.0,39.0,28.0,8.0,0.0,170.0,331.0,0.0,0.0,0.0,162.0,1.0,1.0,Forward,-160.19
3129.0,Lucas Ocampos,L. Ocampos,male,1994-07-11T00:00:00+00:00,84.0,187.0,Sevilla FC,SEV,https://assets.laliga.com/assets/2019/06/07/medium/sevilla.png,5.0,Forward,https://assets.laliga.com/squad/2021/t179/p121117/512x556/p121117_t179_2021_1_001_000.png,27.0,30.0,4.0,0.0,1.0,0.0,5.0,150.0,6.0,20.0,9.0,14.0,2.0,719.0,0.0,0.0,0.0,17.0,0.0,14.0,37.0,29.0,405.0,205.0,566.0,22.0,45.0,400.0,723.0,45.0,113.0,58.0,25.0,103.0,7.0,Goalkeeper,-161.27
9000.0,Umar Sadiq,Sadiq,male,1997-02-02T00:00:00+00:00,75.0,192.0,UD Almería,ALM,https://assets.laliga.com/assets/2019/06/07/medium/almeria.png,9.0,Forward,https://assets.laliga.com/squad/2021/t1564/p196878/512x556/p196878_t1564_2021_1_001_000.png,62.0,36.0,7.0,0.0,2.0,0.0,6.0,189.0,18.0,25.0,5.0,27.0,74.0,565.0,0.0,0.0,0.0,44.0,0.0,2.0,67.0,15.0,293.0,90.0,366.0,25.0,58.0,541.0,584.0,16.0,262.0,71.0,13.0,190.0,6.0,Midfielder,-161.66000000000003
2419.0,Héctor Bellerín,Bellerin,male,1995-03-19T00:00:00+00:00,74.0,178.0,Real Betis,BET,https://assets.laliga.com/assets/2019/06/07/medium/betis.png,19.0,Defender,https://assets.laliga.com/squad/2021/t185/p98745/512x556/p98745_t185_2021_1_001_000.png,27.0,23.0,2.0,0.0,2.0,0.0,8.0,115.0,0.0,23.0,23.0,24.0,2.0,803.0,0.0,0.0,0.0,2.0,1.0,12.0,22.0,26.0,378.0,273.0,613.0,55.0,23.0,304.0,821.0,52.0,46.0,20.0,36.0,146.0,2.0,Forward,-162.79
1092.0,Adrián Embarba,Embarba,male,1992-05-07T00:00:00+00:00,66.0,173.0,RCD Espanyol de Barcelona,ESP,https://assets.laliga.com/assets/2019/06/07/medium/espanyol.png,23.0,Forward,https://assets.laliga.com/squad/2021/t177/p132161/512x556/p132161_t177_2021_1_001_000.png,17.0,32.0,2.0,15.0,3.0,0.0,3.0,145.0,0.0,23.0,19.0,35.0,7.0,534.0,0.0,0.0,0.0,16.0,0.0,11.0,41.0,24.0,320.0,147.0,411.0,25.0,30.0,450.0,576.0,44.0,51.0,39.0,28.0,113.0,4.0,Goalkeeper,-163.24
9645.0,Iñigo Vicente,Vicente,male,1998-01-06T00:00:00+00:00,67.0,178.0,CD Mirandés,MIR,https://assets.laliga.com/assets/2019/06/07/medium/mirandes.png,10.0,Forward,https://assets.laliga.com/squad/2021/t5741/p242833/512x556/p242833_t5741_2021_1_001_000.png,2.0,36.0,4.0,3.0,0.0,0.0,1.0,102.0,6.0,32.0,18.0,46.0,10.0,1089.0,0.0,0.0,0.0,18.0,0.0,5.0,41.0,106.0,666.0,260.0,802.0,0.0,23.0,446.0,1149.0,38.0,107.0,37.0,39.0,202.0,10.0,Defender,-166.51
13139.0,Frederico André Ferrão Venâncio,F. Venancio,male,1993-02-04T00:00:00+00:00,82.0,186.0,SD Eibar,EIB,https://assets.laliga.com/assets/2019/06/07/medium/eibar.png,3.0,Defender,https://assets.laliga.com/squad/2021/t953/p125466/512x556/p125466_t953_2021_1_001_000.png,72.0,29.0,0.0,0.0,20.0,0.0,12.0,118.0,0.0,20.0,28.0,6.0,1.0,1349.0,0.0,0.0,0.0,3.0,0.0,0.0,4.0,103.0,280.0,885.0,1062.0,143.0,22.0,229.0,1386.0,31.0,23.0,1.0,100.0,121.0,7.0,Forward,-167.14
1958.0,Jairo Izquierdo,Jairo,male,1993-10-22T00:00:00+00:00,64.0,165.0,Girona FC,GIR,https://assets.laliga.com/assets/2019/06/07/medium/girona.png,3.0,Forward,https://assets.laliga.com/squad/2021/t2893/p200221/512x556/p200221_t2893_2021_1_001_000.png,11.0,36.0,3.0,0.0,3.0,0.0,5.0,140.0,0.0,21.0,33.0,19.0,3.0,1065.0,0.0,1.0,0.0,0.0,0.0,18.0,50.0,29.0,498.0,433.0,884.0,27.0,33.0,365.0,1074.0,49.0,34.0,35.0,38.0,123.0,2.0,Defender,-168.26
513.0,Jordi Masip,Masip,male,1989-01-03T00:00:00+00:00,76.0,180.0,Real Valladolid CF,VLL,https://assets.laliga.com/assets/2019/06/07/medium/valladolid.png,1.0,Goalkeeper,https://assets.laliga.com/squad/2021/t192/p86148/512x556/p86148_t192_2021_1_001_000.png,5.0,23.0,0.0,0.0,0.0,13.0,10.0,5.0,0.0,20.0,1.0,0.0,0.0,395.0,0.0,0.0,64.0,0.0,0.0,0.0,0.0,93.0,47.0,432.0,386.0,11.0,0.0,180.0,654.0,0.0,0.0,0.0,172.0,3.0,0.0,Forward,-168.46
1251.0,Luis Miguel Sánchez Benítez,Luismi,male,1992-05-05T00:00:00+00:00,73.0,180.0,Real Oviedo,OVI,https://assets.laliga.com/assets/2019/06/07/medium/oviedo.png,5.0,Midfielder,https://assets.laliga.com/squad/2021/t187/p105093/512x556/p105093_t187_2021_1_001_000.png,37.0,32.0,0.0,0.0,15.0,0.0,11.0,111.0,1.0,26.0,40.0,5.0,0.0,1129.0,0.0,0.0,0.0,5.0,0.0,0.0,6.0,119.0,439.0,523.0,843.0,45.0,41.0,236.0,1150.0,41.0,14.0,3.0,58.0,130.0,8.0,Forward,-168.5
1809.0,Alfonso Pedraza,A. Pedraza,male,1996-04-09T00:00:00+00:00,73.0,184.0,Villarreal CF,VIL,https://assets.laliga.com/assets/2019/06/07/medium/villarreal.png,24.0,Forward,https://assets.laliga.com/squad/2021/t449/p208380/512x556/p208380_t449_2021_1_001_000.png,14.0,28.0,4.0,0.0,3.0,0.0,3.0,105.0,4.0,18.0,31.0,20.0,2.0,723.0,0.0,0.0,0.0,8.0,0.0,16.0,31.0,19.0,349.0,232.0,546.0,29.0,35.0,383.0,732.0,34.0,83.0,30.0,54.0,113.0,2.0,Defender,-168.68
584.0,Yoel Rodríguez,Yoel,male,1988-08-28T00:00:00+00:00,78.0,186.0,SD Eibar,EIB,https://assets.laliga.com/assets/2019/06/07/medium/eibar.png,13.0,Goalkeeper,https://assets.laliga.com/squad/2021/t953/p76510/512x556/p76510_t953_2021_1_001_000.png,2.0,18.0,0.0,0.0,0.0,3.0,6.0,2.0,0.0,19.0,0.0,1.0,0.0,207.0,0.0,0.0,55.0,0.0,0.0,0.0,0.0,120.0,94.0,181.0,155.0,15.0,0.0,178.0,449.0,0.0,0.0,0.0,172.0,2.0,2.0,Forward,-170.51
947.0,Fidel Chaves de la Torre,Fidel,male,1989-10-27T00:00:00+00:00,74.0,180.0,Elche CF,ELC,https://assets.laliga.com/assets/2019/06/07/medium/elche.png,16.0,Forward,https://assets.laliga.com/squad/2021/t954/p83553/512x556/p83553_t954_2021_1_001_000.png,6.0,33.0,5.0,1.0,1.0,0.0,2.0,123.0,5.0,31.0,7.0,34.0,7.0,959.0,0.0,0.0,0.0,8.0,0.0,10.0,44.0,38.0,502.0,290.0,729.0,18.0,26.0,449.0,974.0,44.0,54.0,31.0,28.0,179.0,9.0,Defender,-174.76
82.0,Jaume Costa,J. Costa,male,1988-03-18T00:00:00+00:00,62.0,171.0,RCD Mallorca,MLL,https://assets.laliga.com/assets/2019/06/07/medium/mallorca.png,18.0,Defender,https://assets.laliga.com/squad/2021/t181/p58792/512x556/p58792_t181_2021_1_001_000.png,26.0,25.0,4.0,0.0,7.0,0.0,4.0,95.0,0.0,32.0,23.0,16.0,2.0,721.0,0.0,0.0,0.0,2.0,1.0,18.0,9.0,25.0,334.0,236.0,527.0,54.0,21.0,312.0,732.0,35.0,19.0,5.0,61.0,119.0,5.0,Forward,-178.18
972.0,Rubén García,Rubén García,male,1993-07-14T00:00:00+00:00,72.0,171.0,CA Osasuna,OSA,https://assets.laliga.com/assets/2019/06/07/medium/osasuna.png,14.0,Forward,https://assets.laliga.com/squad/2021/t450/p130026/512x556/p130026_t450_2021_1_001_000.png,29.0,37.0,6.0,4.0,4.0,0.0,1.0,123.0,1.0,36.0,24.0,53.0,8.0,988.0,0.0,0.0,0.0,12.0,0.0,22.0,24.0,52.0,609.0,262.0,754.0,15.0,37.0,470.0,1035.0,43.0,64.0,23.0,33.0,196.0,1.0,Forward,-178.65
14021.0,Rubén González,Rubén,female,1994-09-07T00:00:00+00:00,,184.0,UD Ibiza,IBI,https://assets.laliga.com/assets/2021/06/24/medium/d7bc0d2c9bf06afd6b5ace9d62771713.png,5.0,Defender,https://assets.laliga.com/squad/2021/t16203/p217569/512x556/p217569_t16203_2021_1_001_000.png,56.0,27.0,0.0,0.0,10.0,0.0,3.0,109.0,1.0,34.0,22.0,0.0,2.0,1029.0,0.0,0.0,0.0,4.0,0.0,1.0,2.0,44.0,135.0,716.0,806.0,66.0,20.0,239.0,1060.0,30.0,20.0,2.0,108.0,102.0,5.0,Forward,-180.4
1829.0,Aleix García,Aleix Garcia,male,1997-06-28T00:00:00+00:00,68.0,173.0,Girona FC,GIR,https://assets.laliga.com/assets/2019/06/07/medium/girona.png,14.0,Midfielder,https://assets.laliga.com/squad/2021/t2893/p178871/512x556/p178871_t2893_2021_1_001_000.png,29.0,40.0,3.0,8.0,9.0,0.0,8.0,152.0,0.0,38.0,47.0,75.0,1.0,2201.0,0.0,0.0,0.0,6.0,0.0,12.0,31.0,157.0,1219.0,910.0,1885.0,49.0,35.0,542.0,2328.0,65.0,26.0,7.0,100.0,186.0,7.0,Forward,-180.72000000000003
8730.0,Miguel Ángel Morro,M. Morro,male,2000-09-11T00:00:00+00:00,,193.0,CF Fuenlabrada,FUE,https://assets.laliga.com/assets/2019/06/07/medium/fuenlabrada.png,38.0,Goalkeeper,https://assets.laliga.com/squad/2021/t7104/p462680/512x556/p462680_t7104_2021_1_001_000.png,2.0,13.0,0.0,0.0,0.0,7.0,4.0,2.0,0.0,22.0,0.0,0.0,0.0,114.0,0.0,0.0,48.0,0.0,0.0,0.0,0.0,114.0,102.0,56.0,44.0,17.0,0.0,188.0,342.0,0.0,0.0,0.0,183.0,1.0,0.0,Forward,-181.57999999999998
1700.0,Marcos Llorente,M. Llorente,male,1995-01-30T00:00:00+00:00,74.0,184.0,Atlético de Madrid,ATM,https://assets.laliga.com/assets/2019/06/07/medium/atletico.png,14.0,Midfielder,https://assets.laliga.com/squad/2021/t175/p192364/512x556/p192364_t175_2021_1_001_000.png,18.0,29.0,2.0,0.0,10.0,0.0,5.0,104.0,0.0,26.0,27.0,24.0,7.0,1087.0,0.0,0.0,0.0,2.0,0.0,12.0,19.0,37.0,482.0,453.0,886.0,37.0,30.0,348.0,1089.0,51.0,57.0,11.0,34.0,132.0,5.0,Forward,-181.61
571.0,Jorge Resurrección,Koke,male,1992-01-08T00:00:00+00:00,77.0,176.0,Atlético de Madrid,ATM,https://assets.laliga.com/assets/2019/06/07/medium/atletico.png,6.0,Midfielder,https://assets.laliga.com/squad/2021/t175/p77390/512x556/p77390_t175_2021_1_001_000.png,13.0,31.0,2.0,0.0,5.0,0.0,8.0,107.0,1.0,34.0,24.0,24.0,0.0,1689.0,0.0,0.0,0.0,6.0,0.0,3.0,13.0,72.0,814.0,683.0,1420.0,30.0,29.0,329.0,1725.0,55.0,26.0,5.0,59.0,174.0,6.0,Forward,-182.25
9799.0,Paulino de la Fuente,Paulino,male,1997-06-27T00:00:00+00:00,65.0,181.0,Málaga CF,MGA,https://assets.laliga.com/assets/2019/06/07/medium/malaga.png,7.0,Midfielder,https://assets.laliga.com/squad/2021/t182/p483881/512x556/p483881_t182_2021_1_001_000.png,55.0,37.0,1.0,0.0,2.0,0.0,4.0,230.0,4.0,39.0,19.0,29.0,5.0,882.0,0.0,0.0,0.0,18.0,0.0,9.0,56.0,59.0,450.0,269.0,640.0,21.0,41.0,513.0,904.0,64.0,69.0,45.0,37.0,168.0,9.0,Forward,-182.46000000000004
661.0,Anaitz Arbilla,Arbilla,male,1987-05-15T00:00:00+00:00,76.0,178.0,SD Eibar,EIB,https://assets.laliga.com/assets/2019/06/07/medium/eibar.png,23.0,Defender,https://assets.laliga.com/squad/2021/t953/p87026/512x556/p87026_t953_2021_1_001_000.png,37.0,24.0,0.0,4.0,6.0,0.0,7.0,85.0,0.0,21.0,30.0,3.0,0.0,1196.0,0.0,0.0,0.0,1.0,0.0,1.0,7.0,152.0,368.0,671.0,886.0,73.0,14.0,243.0,1249.0,28.0,4.0,2.0,131.0,80.0,5.0,Forward,-185.51
390.0,Mikel Balenziaga,Balenziaga,male,1988-02-29T00:00:00+00:00,76.0,177.0,Athletic Club,ATH,https://assets.laliga.com/assets/2019/06/07/medium/athletic.png,24.0,Defender,https://assets.laliga.com/squad/2021/t174/p56680/512x556/p56680_t174_2021_1_001_000.png,33.0,26.0,0.0,0.0,4.0,0.0,8.0,84.0,0.0,23.0,21.0,8.0,1.0,743.0,0.0,0.0,0.0,2.0,0.0,7.0,6.0,33.0,308.0,291.0,559.0,71.0,21.0,280.0,763.0,33.0,10.0,6.0,67.0,104.0,2.0,Forward,-186.87
560.0,Thibaut Courtois,Courtois,male,1992-05-11T00:00:00+00:00,91.0,199.0,Real Madrid,RMA,https://assets.laliga.com/assets/2019/06/07/medium/real-madrid.png,1.0,Goalkeeper,https://assets.laliga.com/squad/2021/t186/p60772/512x556/p60772_t186_2021_1_001_000.png,8.0,36.0,0.0,0.0,0.0,19.0,16.0,10.0,0.0,29.0,0.0,0.0,0.0,695.0,1.0,0.0,93.0,0.0,0.0,0.0,0.0,110.0,35.0,715.0,640.0,14.0,1.0,202.0,947.0,1.0,0.0,0.0,189.0,8.0,1.0,Forward,-187.03
5979.0,Pervis Estupiñán,Estupiñán,male,1998-01-21T00:00:00+00:00,73.0,175.0,Villarreal CF,VIL,https://assets.laliga.com/assets/2019/06/07/medium/villarreal.png,12.0,Defender,https://assets.laliga.com/squad/2021/t449/p204214/512x556/p204214_t449_2021_1_001_000.png,23.0,28.0,1.0,0.0,5.0,0.0,4.0,87.0,0.0,17.0,25.0,12.0,11.0,812.0,0.0,0.0,0.0,4.0,0.0,14.0,17.0,21.0,371.0,315.0,651.0,22.0,24.0,302.0,825.0,36.0,31.0,18.0,28.0,125.0,3.0,Forward,-187.75
1605.0,Joan Jordán,Jordán,male,1994-07-06T00:00:00+00:00,74.0,184.0,Sevilla FC,SEV,https://assets.laliga.com/assets/2019/06/07/medium/sevilla.png,8.0,Midfielder,https://assets.laliga.com/squad/2021/t179/p195364/512x556/p195364_t179_2021_1_001_000.png,11.0,36.0,0.0,1.0,6.0,0.0,6.0,121.0,0.0,21.0,30.0,23.0,1.0,1740.0,0.0,0.0,0.0,1.0,0.0,2.0,23.0,153.0,860.0,735.0,1436.0,17.0,54.0,304.0,1796.0,61.0,25.0,14.0,55.0,152.0,9.0,Forward,-188.04
1593.0,Alejandro Berenguer Remiro,Berenguer,male,1995-07-04T00:00:00+00:00,73.0,175.0,Athletic Club,ATH,https://assets.laliga.com/assets/2019/06/07/medium/athletic.png,7.0,Forward,https://assets.laliga.com/squad/2021/t174/p195385/512x556/p195385_t174_2021_1_001_000.png,51.0,34.0,6.0,1.0,2.0,0.0,5.0,173.0,3.0,17.0,16.0,37.0,14.0,677.0,0.0,0.0,0.0,16.0,0.0,13.0,33.0,17.0,398.0,146.0,496.0,14.0,44.0,482.0,717.0,45.0,86.0,38.0,36.0,168.0,8.0,Defender,-189.83000000000004
7414.0,Álvaro Aguado,Aguado,male,1996-05-01T00:00:00+00:00,66.0,174.0,Real Valladolid CF,VLL,https://assets.laliga.com/assets/2019/06/07/medium/valladolid.png,16.0,Midfielder,https://assets.laliga.com/squad/2021/t192/p442291/512x556/p442291_t192_2021_1_001_000.png,16.0,41.0,2.0,1.0,4.0,0.0,6.0,129.0,4.0,27.0,27.0,31.0,1.0,1977.0,0.0,0.0,0.0,8.0,0.0,8.0,12.0,165.0,906.0,890.0,1609.0,16.0,22.0,395.0,2041.0,52.0,44.0,15.0,75.0,192.0,7.0,Forward,-194.09
4110.0,José García,Pepelu,male,1998-08-11T00:00:00+00:00,73.0,185.0,Levante UD,LEV,https://assets.laliga.com/assets/2019/06/07/medium/levante.png,8.0,Midfielder,https://assets.laliga.com/squad/2021/t855/p220191/512x556/p220191_t855_2021_1_001_000.png,31.0,29.0,0.0,2.0,5.0,0.0,2.0,110.0,0.0,39.0,38.0,26.0,0.0,1180.0,0.0,0.0,0.0,2.0,0.0,5.0,13.0,75.0,507.0,496.0,905.0,29.0,47.0,309.0,1208.0,46.0,13.0,7.0,71.0,157.0,9.0,Forward,-195.92000000000002
1630.0,David García,David García,male,1994-02-14T00:00:00+00:00,72.0,185.0,CA Osasuna,OSA,https://assets.laliga.com/assets/2019/06/07/medium/osasuna.png,5.0,Defender,https://assets.laliga.com/squad/2021/t450/p98851/512x556/p98851_t450_2021_1_001_000.png,136.0,35.0,0.0,0.0,21.0,0.0,12.0,186.0,4.0,45.0,52.0,9.0,0.0,1422.0,0.0,0.0,0.0,4.0,0.0,0.0,3.0,122.0,443.0,726.0,1047.0,166.0,53.0,313.0,1461.0,28.0,57.0,1.0,123.0,169.0,8.0,Forward,-197.39
1862.0,Roberto Antonio Correa Silva,Rober Correa,male,1992-09-29T00:00:00+00:00,71.0,180.0,SD Eibar,EIB,https://assets.laliga.com/assets/2019/06/07/medium/eibar.png,4.0,Defender,https://assets.laliga.com/squad/2021/t953/p109262/512x556/p109262_t953_2021_1_001_000.png,59.0,31.0,1.0,0.0,7.0,0.0,6.0,134.0,0.0,20.0,36.0,31.0,2.0,887.0,0.0,0.0,0.0,0.0,0.0,37.0,11.0,54.0,399.0,347.0,655.0,49.0,31.0,407.0,914.0,29.0,19.0,10.0,85.0,120.0,2.0,Forward,-197.86
4628.0,Gastón Silva,Gaston Silva,male,1994-03-05T00:00:00+00:00,74.0,185.0,FC Cartagena,CAR,https://assets.laliga.com/assets/2022/02/11/medium/1628caa9b2002a11e564eb84b3677f78.png,20.0,Defender,https://assets.laliga.com/squad/2021/t3554/p148037/512x556/p148037_t3554_2021_1_001_000.png,32.0,27.0,0.0,0.0,4.0,0.0,3.0,101.0,1.0,34.0,41.0,8.0,2.0,1096.0,0.0,0.0,0.0,3.0,1.0,6.0,12.0,78.0,333.0,594.0,843.0,44.0,21.0,289.0,1129.0,44.0,21.0,6.0,68.0,140.0,8.0,Forward,-200.71
917.0,Xavier Torres Buigues,X. Torres,male,1986-11-21T00:00:00+00:00,76.0,182.0,CD Lugo,LUG,https://assets.laliga.com/assets/2019/06/07/medium/lugo.png,14.0,Midfielder,https://assets.laliga.com/squad/2021/t5730/p58906/512x556/p58906_t5730_2021_1_001_000.png,65.0,34.0,1.0,2.0,21.0,0.0,5.0,125.0,3.0,38.0,34.0,9.0,6.0,1012.0,0.0,0.0,0.0,7.0,1.0,0.0,2.0,117.0,323.0,497.0,703.0,98.0,41.0,278.0,1069.0,41.0,17.0,2.0,119.0,130.0,9.0,Forward,-202.81
40.0,Pedro León Sánchez Gil,P. León,male,1986-11-24T00:00:00+00:00,70.0,183.0,CF Fuenlabrada,FUE,https://assets.laliga.com/assets/2019/06/07/medium/fuenlabrada.png,14.0,Forward,https://assets.laliga.com/squad/2021/t7104/p42839/512x556/p42839_t7104_2021_1_001_000.png,31.0,39.0,0.0,15.0,2.0,0.0,5.0,154.0,10.0,51.0,26.0,63.0,5.0,806.0,0.0,0.0,0.0,41.0,0.0,24.0,36.0,49.0,493.0,182.0,554.0,16.0,39.0,650.0,881.0,46.0,92.0,41.0,76.0,202.0,11.0,Midfielder,-204.19
753.0,Juan Carlos Martín,Juan Carlos,male,1988-01-20T00:00:00+00:00,85.0,186.0,Girona FC,GIR,https://assets.laliga.com/assets/2019/06/07/medium/girona.png,1.0,Goalkeeper,https://assets.laliga.com/squad/2021/t2893/p88279/512x556/p88279_t2893_2021_1_001_000.png,9.0,40.0,0.0,0.0,0.0,19.0,14.0,14.0,0.0,40.0,1.0,0.0,0.0,606.0,0.0,0.0,109.0,0.0,0.0,0.0,1.0,166.0,61.0,763.0,658.0,29.0,1.0,219.0,1040.0,3.0,0.0,0.0,207.0,9.0,5.0,Forward,-206.1
20042.0,Oier Luengo,Luengo,male,1997-11-11T00:00:00+00:00,,,SD Amorebieta,AMO,https://assets.laliga.com/assets/2021/06/24/medium/7dcec1604142a8f60f876e4c7e839da7.png,15.0,Defender,https://assets.laliga.com/squad/2021/t6498/p235421/512x556/p235421_t6498_2021_1_001_000.png,102.0,31.0,1.0,0.0,20.0,0.0,2.0,178.0,0.0,40.0,45.0,4.0,0.0,751.0,0.0,1.0,0.0,2.0,0.0,0.0,4.0,62.0,179.0,335.0,452.0,90.0,48.0,285.0,764.0,33.0,38.0,6.0,100.0,150.0,5.0,Forward,-206.36
7430.0,Chris Ramos,Chris Ramos,male,1997-01-16T00:00:00+00:00,80.0,193.0,CD Lugo,LUG,https://assets.laliga.com/assets/2019/06/07/medium/lugo.png,16.0,Forward,https://assets.laliga.com/squad/2021/t5730/p442838/512x556/p442838_t5730_2021_1_001_000.png,143.0,40.0,3.0,0.0,6.0,0.0,2.0,298.0,7.0,35.0,14.0,22.0,17.0,483.0,0.0,0.0,0.0,21.0,0.0,8.0,34.0,6.0,184.0,85.0,255.0,47.0,71.0,493.0,484.0,63.0,167.0,64.0,18.0,205.0,8.0,Defender,-206.65999999999997
12652.0,Ricard Sánchez,Ricard,male,2000-02-22T00:00:00+00:00,,175.0,CD Lugo,LUG,https://assets.laliga.com/assets/2019/06/07/medium/lugo.png,30.0,Defender,https://assets.laliga.com/squad/2021/t5730/p465495/512x556/p465495_t5730_2021_1_001_000.png,31.0,31.0,5.0,0.0,9.0,0.0,4.0,122.0,1.0,35.0,41.0,40.0,1.0,702.0,0.0,0.0,0.0,3.0,1.0,24.0,26.0,42.0,307.0,270.0,484.0,63.0,40.0,448.0,743.0,40.0,17.0,22.0,88.0,129.0,8.0,Forward,-207.57
1957.0,Germán Sánchez,Germán,male,1986-12-12T00:00:00+00:00,82.0,187.0,Granada CF,GRA,https://assets.laliga.com/assets/2019/06/07/medium/granada.png,6.0,Defender,https://assets.laliga.com/squad/2021/t5683/p87661/512x556/p87661_t5683_2021_1_001_000.png,64.0,32.0,0.0,0.0,16.0,0.0,3.0,114.0,2.0,47.0,28.0,4.0,1.0,991.0,0.0,1.0,0.0,4.0,0.0,0.0,0.0,78.0,192.0,584.0,698.0,136.0,23.0,273.0,1041.0,27.0,29.0,2.0,148.0,117.0,9.0,Forward,-216.59
401.0,Óscar De Marcos,De Marcos,male,1989-04-14T00:00:00+00:00,77.0,182.0,Athletic Club,ATH,https://assets.laliga.com/assets/2019/06/07/medium/athletic.png,18.0,Defender,https://assets.laliga.com/squad/2021/t174/p59062/512x556/p59062_t174_2021_1_001_000.png,23.0,22.0,1.0,0.0,3.0,0.0,3.0,84.0,1.0,13.0,19.0,16.0,3.0,842.0,0.0,0.0,0.0,3.0,0.0,9.0,4.0,35.0,358.0,294.0,608.0,26.0,25.0,305.0,867.0,50.0,20.0,9.0,56.0,168.0,4.0,Forward,-218.82999999999998
4048.0,Unai Elgezabal,Elgezabal,male,1993-04-25T00:00:00+00:00,74.0,185.0,Burgos CF,BUR,https://assets.laliga.com/assets/2021/06/24/medium/8de24d38ab1472bbae1620d36582d7bd.png,14.0,Defender,https://assets.laliga.com/squad/2021/t951/p219885/512x556/p219885_t951_2021_1_001_000.png,151.0,39.0,1.0,0.0,20.0,0.0,13.0,244.0,1.0,33.0,40.0,10.0,0.0,1258.0,0.0,0.0,0.0,6.0,0.0,0.0,3.0,85.0,419.0,560.0,894.0,121.0,45.0,350.0,1292.0,63.0,29.0,3.0,89.0,224.0,12.0,Forward,-225.57999999999998
15000.0,Urko González de Zárate,Gonzalez De Zarate,male,2001-03-20T00:00:00+00:00,,189.0,R. Sociedad B,RSOB,https://assets.laliga.com/assets/2019/06/07/medium/real-sociedad.png,6.0,Defender,https://assets.laliga.com/squad/2021/t3567/p514204/512x556/p514204_t3567_2021_1_001_000.png,42.0,35.0,1.0,0.0,13.0,0.0,7.0,142.0,0.0,45.0,36.0,6.0,0.0,1938.0,0.0,0.0,0.0,1.0,0.0,0.0,14.0,118.0,515.0,1211.0,1608.0,127.0,15.0,327.0,2015.0,50.0,13.0,4.0,123.0,166.0,4.0,Forward,-226.85
4091.0,Álvaro Tejero,A. Tejero,male,1996-07-20T00:00:00+00:00,69.0,174.0,SD Eibar,EIB,https://assets.laliga.com/assets/2019/06/07/medium/eibar.png,15.0,Defender,https://assets.laliga.com/squad/2021/t953/p199244/512x556/p199244_t953_2021_1_001_000.png,29.0,35.0,5.0,2.0,0.0,0.0,7.0,108.0,3.0,36.0,28.0,50.0,0.0,1288.0,0.0,1.0,0.0,11.0,0.0,47.0,15.0,106.0,580.0,499.0,925.0,51.0,38.0,502.0,1316.0,35.0,41.0,18.0,89.0,196.0,6.0,Forward,-227.34
1930.0,Manuel Reina,M. Reina,male,1985-04-01T00:00:00+00:00,81.0,186.0,RCD Mallorca,MLL,https://assets.laliga.com/assets/2019/06/07/medium/mallorca.png,1.0,Goalkeeper,https://assets.laliga.com/squad/2021/t181/p32298/512x556/p32298_t181_2021_1_001_000.png,6.0,21.0,0.0,0.0,0.0,13.0,8.0,10.0,0.0,26.0,1.0,0.0,0.0,258.0,1.0,0.0,52.0,0.0,1.0,0.0,0.0,150.0,108.0,238.0,196.0,12.0,0.0,235.0,574.0,0.0,0.0,0.0,227.0,1.0,5.0,Forward,-228.76
6311.0,César De la Hoz,C. De La Hoz,male,1992-03-30T00:00:00+00:00,74.0,179.0,UD Almería,ALM,https://assets.laliga.com/assets/2019/06/07/medium/almeria.png,6.0,Midfielder,https://assets.laliga.com/squad/2021/t1564/p116201/512x556/p116201_t1564_2021_1_001_000.png,83.0,40.0,0.0,0.0,15.0,0.0,15.0,176.0,0.0,25.0,50.0,11.0,1.0,1682.0,0.0,0.0,0.0,6.0,0.0,1.0,11.0,110.0,574.0,910.0,1373.0,69.0,48.0,324.0,1770.0,69.0,20.0,5.0,97.0,190.0,7.0,Forward,-229.3
1484.0,Florian Lejeune,Lejeune,male,1991-05-20T00:00:00+00:00,89.0,189.0,Deportivo Alavés,ALA,https://assets.laliga.com/assets/2020/09/01/medium/27002754a98bf535807fe49a24cc63ea.png,22.0,Defender,https://assets.laliga.com/squad/2021/t173/p77359/512x556/p77359_t173_2021_1_001_000.png,71.0,30.0,0.0,6.0,19.0,0.0,4.0,112.0,0.0,54.0,31.0,5.0,2.0,1085.0,0.0,1.0,0.0,2.0,0.0,0.0,3.0,162.0,295.0,611.0,744.0,153.0,34.0,279.0,1162.0,33.0,22.0,3.0,151.0,105.0,7.0,Forward,-231.38
1493.0,Miguel Ángel Garrido Cifuentes,Cifuentes,male,1990-10-05T00:00:00+00:00,66.0,174.0,UD Ibiza,IBI,https://assets.laliga.com/assets/2021/06/24/medium/d7bc0d2c9bf06afd6b5ace9d62771713.png,23.0,Defender,https://assets.laliga.com/squad/2021/t16203/p93283/512x556/p93283_t16203_2021_1_001_000.png,24.0,28.0,3.0,0.0,4.0,0.0,4.0,99.0,1.0,30.0,21.0,11.0,0.0,646.0,0.0,0.0,0.0,2.0,0.0,15.0,19.0,26.0,269.0,189.0,417.0,20.0,31.0,381.0,651.0,47.0,21.0,15.0,40.0,168.0,4.0,Forward,-238.49
12114.0,Gaizka Larrazabal,Larra,male,1997-12-17T00:00:00+00:00,81.0,180.0,SD Amorebieta,AMO,https://assets.laliga.com/assets/2021/06/24/medium/7dcec1604142a8f60f876e4c7e839da7.png,25.0,Forward,https://assets.laliga.com/squad/2021/t6498/p242260/512x556/p242260_t6498_2021_1_001_000.png,18.0,38.0,6.0,10.0,2.0,0.0,4.0,134.0,3.0,49.0,34.0,55.0,3.0,798.0,0.0,0.0,0.0,5.0,0.0,49.0,54.0,37.0,435.0,230.0,557.0,45.0,18.0,607.0,829.0,38.0,55.0,61.0,92.0,143.0,6.0,Defender,-239.21000000000004
23588.0,Gonzalo Escobar,Escobar,male,1997-03-16T00:00:00+00:00,70.0,171.0,UD Ibiza,IBI,https://assets.laliga.com/assets/2021/06/24/medium/d7bc0d2c9bf06afd6b5ace9d62771713.png,24.0,Defender,https://assets.laliga.com/squad/2021/t16203/p227243/512x556/p227243_t16203_2021_1_001_000.png,19.0,21.0,0.0,0.0,3.0,0.0,3.0,123.0,1.0,34.0,39.0,14.0,2.0,809.0,0.0,0.0,0.0,2.0,0.0,12.0,28.0,40.0,289.0,324.0,561.0,36.0,39.0,377.0,818.0,57.0,17.0,19.0,83.0,134.0,9.0,Forward,-241.32
1069.0,David Costas,David Costas,male,1995-03-26T00:00:00+00:00,71.0,184.0,Real Oviedo,OVI,https://assets.laliga.com/assets/2019/06/07/medium/oviedo.png,4.0,Defender,https://assets.laliga.com/squad/2021/t187/p169205/512x556/p169205_t187_2021_1_001_000.png,142.0,40.0,1.0,0.0,16.0,0.0,14.0,219.0,1.0,40.0,65.0,7.0,1.0,1760.0,0.0,0.0,0.0,4.0,0.0,3.0,12.0,160.0,357.0,1140.0,1334.0,178.0,51.0,379.0,1828.0,40.0,40.0,5.0,164.0,170.0,6.0,Forward,-246.22
14164.0,Markel Lozano,Markel Lozano,male,1996-05-03T00:00:00+00:00,,189.0,SD Amorebieta,AMO,https://assets.laliga.com/assets/2021/06/24/medium/7dcec1604142a8f60f876e4c7e839da7.png,16.0,Midfielder,https://assets.laliga.com/squad/2021/t6498/p220181/512x556/p220181_t6498_2021_1_001_000.png,56.0,34.0,0.0,0.0,18.0,0.0,4.0,127.0,0.0,40.0,31.0,4.0,0.0,1014.0,0.0,0.0,0.0,1.0,0.0,0.0,7.0,113.0,281.0,490.0,658.0,104.0,26.0,308.0,1049.0,46.0,2.0,2.0,156.0,122.0,6.0,Forward,-246.51
15087.0,Arnau Martinez,Arnau,male,2003-04-25T00:00:00+00:00,,,Girona FC,GIR,https://assets.laliga.com/assets/2019/06/07/medium/girona.png,38.0,Defender,https://assets.laliga.com/squad/2021/t2893/p517333/512x556/p517333_t2893_2021_1_001_000.png,59.0,38.0,5.0,0.0,10.0,0.0,11.0,285.0,1.0,36.0,36.0,29.0,9.0,1452.0,0.0,0.0,0.0,8.0,0.0,19.0,40.0,42.0,615.0,557.0,1111.0,63.0,31.0,535.0,1475.0,97.0,82.0,30.0,83.0,239.0,3.0,Forward,-247.25
374.0,Saúl Berjón,Saúl Berjón,male,1986-05-24T00:00:00+00:00,84.0,178.0,Burgos CF,BUR,https://assets.laliga.com/assets/2021/06/24/medium/8de24d38ab1472bbae1620d36582d7bd.png,21.0,Forward,https://assets.laliga.com/squad/2021/t951/p54496/512x556/p54496_t951_2021_1_001_000.png,16.0,31.0,4.0,3.0,1.0,0.0,2.0,82.0,0.0,19.0,12.0,40.0,2.0,692.0,0.0,0.0,0.0,3.0,0.0,13.0,25.0,61.0,349.0,165.0,419.0,5.0,9.0,485.0,744.0,28.0,41.0,30.0,51.0,213.0,1.0,Midfielder,-256.06
8635.0,Luis Rioja,L. Rioja,male,1993-10-16T00:00:00+00:00,68.0,175.0,Deportivo Alavés,ALA,https://assets.laliga.com/assets/2020/09/01/medium/27002754a98bf535807fe49a24cc63ea.png,11.0,Midfielder,https://assets.laliga.com/squad/2021/t173/p434941/512x556/p434941_t173_2021_1_001_000.png,17.0,37.0,2.0,0.0,1.0,0.0,1.0,154.0,1.0,57.0,25.0,30.0,12.0,726.0,0.0,0.0,0.0,16.0,0.0,20.0,70.0,28.0,370.0,174.0,486.0,16.0,17.0,594.0,738.0,28.0,100.0,60.0,46.0,178.0,3.0,Forward,-257.12
273.0,Míkel Iribas,Iribas,male,1988-04-13T00:00:00+00:00,78.0,184.0,CF Fuenlabrada,FUE,https://assets.laliga.com/assets/2019/06/07/medium/fuenlabrada.png,19.0,Defender,https://assets.laliga.com/squad/2021/t7104/p90284/512x556/p90284_t7104_2021_1_001_000.png,29.0,40.0,1.0,0.0,15.0,0.0,8.0,128.0,0.0,45.0,29.0,36.0,0.0,873.0,0.0,0.0,0.0,1.0,0.0,19.0,13.0,95.0,364.0,330.0,558.0,53.0,37.0,450.0,919.0,49.0,13.0,8.0,119.0,147.0,13.0,Forward,-259.31
463.0,Juan Pedro Ramírez López,Juanpe Rl,male,1991-04-30T00:00:00+00:00,80.0,190.0,Girona FC,GIR,https://assets.laliga.com/assets/2019/06/07/medium/girona.png,15.0,Defender,https://assets.laliga.com/squad/2021/t2893/p63119/512x556/p63119_t2893_2021_1_001_000.png,89.0,40.0,2.0,0.0,22.0,0.0,12.0,134.0,2.0,37.0,32.0,2.0,0.0,2474.0,0.0,0.0,0.0,10.0,0.0,0.0,5.0,187.0,724.0,1524.0,2061.0,124.0,36.0,366.0,2574.0,32.0,44.0,4.0,145.0,181.0,10.0,Forward,-261.26
490.0,Diego Mariño,D. Mariño,male,1990-05-09T00:00:00+00:00,75.0,187.0,Real Sporting,SPO,https://assets.laliga.com/assets/2019/06/07/medium/sporting.png,13.0,Goalkeeper,https://assets.laliga.com/squad/2021/t616/p76611/512x556/p76611_t616_2021_1_001_000.png,9.0,32.0,0.0,0.0,0.0,19.0,5.0,15.0,0.0,40.0,1.0,1.0,0.0,573.0,1.0,0.0,107.0,0.0,0.0,0.0,2.0,175.0,101.0,562.0,488.0,24.0,0.0,284.0,943.0,2.0,0.0,0.0,271.0,9.0,1.0,Forward,-263.07
4057.0,Carlos Pomares,Pomares,male,1992-12-05T00:00:00+00:00,74.0,183.0,CD Tenerife,TEN,https://assets.laliga.com/assets/2019/06/07/medium/tenerife.png,15.0,Defender,https://assets.laliga.com/squad/2021/t612/p219884/512x556/p219884_t612_2021_1_001_000.png,40.0,30.0,2.0,0.0,8.0,0.0,6.0,124.0,0.0,22.0,31.0,15.0,2.0,677.0,0.0,0.0,0.0,4.0,0.0,15.0,8.0,32.0,262.0,199.0,414.0,39.0,26.0,397.0,682.0,58.0,23.0,17.0,98.0,138.0,5.0,Forward,-263.68
14935.0,Jérémy Blasco,Blasco,male,1999-02-12T00:00:00+00:00,79.0,185.0,R. Sociedad B,RSOB,https://assets.laliga.com/assets/2019/06/07/medium/real-sociedad.png,,Defender,https://assets.laliga.com/squad/2021/t3567/p513942/512x556/p513942_t3567_2021_1_001_000.png,69.0,40.0,3.0,0.0,13.0,0.0,7.0,153.0,1.0,48.0,28.0,14.0,0.0,1705.0,0.0,0.0,0.0,4.0,0.0,8.0,7.0,99.0,596.0,885.0,1374.0,107.0,35.0,409.0,1773.0,56.0,24.0,10.0,119.0,181.0,4.0,Forward,-264.77
13123.0,Víctor Gómez,Victor G.,male,2000-04-01T00:00:00+00:00,69.0,166.0,Málaga CF,MGA,https://assets.laliga.com/assets/2019/06/07/medium/malaga.png,2.0,Defender,https://assets.laliga.com/squad/2021/t182/p437481/512x556/p437481_t182_2021_1_001_000.png,37.0,35.0,5.0,0.0,12.0,0.0,8.0,150.0,0.0,46.0,43.0,53.0,1.0,1360.0,0.0,1.0,0.0,4.0,0.0,38.0,24.0,109.0,635.0,530.0,1002.0,49.0,39.0,555.0,1439.0,45.0,28.0,15.0,129.0,199.0,7.0,Forward,-268.11
9782.0,Andrei Ratiu,Andrei,male,1998-06-20T00:00:00+00:00,,183.0,SD Huesca,HUE,https://assets.laliga.com/assets/2019/06/07/medium/huesca.png,2.0,Defender,https://assets.laliga.com/squad/2021/t2894/p466543/512x556/p466543_t2894_2021_1_001_000.png,33.0,34.0,2.0,0.0,5.0,0.0,7.0,156.0,1.0,29.0,39.0,19.0,3.0,875.0,0.0,0.0,0.0,3.0,0.0,11.0,37.0,40.0,289.0,362.0,600.0,63.0,32.0,458.0,884.0,69.0,44.0,34.0,86.0,158.0,8.0,Forward,-269.15999999999997
191.0,Alexandre Moreno Lopera,Alex Moreno,male,1993-06-08T00:00:00+00:00,68.0,179.0,Real Betis,BET,https://assets.laliga.com/assets/2019/06/07/medium/betis.png,15.0,Forward,https://assets.laliga.com/squad/2021/t185/p106468/512x556/p106468_t185_2021_1_001_000.png,24.0,30.0,3.0,0.0,6.0,0.0,7.0,161.0,5.0,30.0,34.0,18.0,3.0,1029.0,0.0,0.0,0.0,8.0,1.0,13.0,23.0,29.0,457.0,354.0,769.0,68.0,33.0,483.0,1047.0,76.0,79.0,38.0,77.0,172.0,3.0,Midfielder,-271.53
2011.0,Óscar Gil,Óscar Gil,male,1995-06-14T00:00:00+00:00,75.0,184.0,SD Amorebieta,AMO,https://assets.laliga.com/assets/2021/06/24/medium/7dcec1604142a8f60f876e4c7e839da7.png,22.0,Defender,https://assets.laliga.com/squad/2021/t6498/p197321/512x556/p197321_t6498_2021_1_001_000.png,81.0,28.0,0.0,0.0,10.0,0.0,3.0,149.0,1.0,43.0,44.0,5.0,1.0,886.0,0.0,0.0,0.0,3.0,0.0,1.0,0.0,114.0,288.0,319.0,492.0,88.0,42.0,336.0,914.0,60.0,24.0,2.0,159.0,149.0,8.0,Forward,-280.86
364.0,Fernando Martínez,Fernando C.,male,1990-06-10T00:00:00+00:00,85.0,185.0,UD Almería,ALM,https://assets.laliga.com/assets/2019/06/07/medium/almeria.png,13.0,Goalkeeper,https://assets.laliga.com/squad/2021/t1564/p100058/512x556/p100058_t1564_2021_1_001_000.png,6.0,41.0,0.0,0.0,0.0,32.0,16.0,8.0,0.0,33.0,0.0,2.0,0.0,712.0,2.0,0.0,99.0,0.0,0.0,0.0,0.0,248.0,121.0,714.0,587.0,30.0,0.0,309.0,1130.0,0.0,0.0,0.0,291.0,4.0,0.0,Forward,-282.7
1973.0,David Morillas,Morillas,male,1986-09-28T00:00:00+00:00,75.0,186.0,UD Ibiza,IBI,https://assets.laliga.com/assets/2021/06/24/medium/d7bc0d2c9bf06afd6b5ace9d62771713.png,3.0,Defender,https://assets.laliga.com/squad/2021/t16203/p89563/512x556/p89563_t16203_2021_1_001_000.png,27.0,27.0,0.0,0.0,2.0,0.0,7.0,97.0,0.0,22.0,30.0,17.0,0.0,1345.0,0.0,0.0,0.0,1.0,0.0,13.0,14.0,93.0,438.0,668.0,993.0,45.0,19.0,415.0,1389.0,38.0,9.0,5.0,127.0,176.0,6.0,Forward,-286.61
1463.0,Agustín Medina Delgado,Agus Medina,male,1994-09-08T00:00:00+00:00,71.0,176.0,SD Ponferradina,PON,https://assets.laliga.com/assets/2021/06/24/medium/20f0382ea9163a771b3e01bbe7cf78b7.png,8.0,Midfielder,https://assets.laliga.com/squad/2021/t3090/p192232/512x556/p192232_t3090_2021_1_001_000.png,40.0,37.0,4.0,2.0,9.0,0.0,8.0,189.0,4.0,39.0,23.0,50.0,4.0,1476.0,0.0,0.0,0.0,15.0,0.0,7.0,28.0,108.0,747.0,453.0,1078.0,16.0,50.0,594.0,1540.0,83.0,96.0,30.0,106.0,248.0,7.0,Forward,-289.1
19561.0,Jeremy Mellot,Mellot,male,1994-03-28T00:00:00+00:00,77.0,178.0,CD Tenerife,TEN,https://assets.laliga.com/assets/2019/06/07/medium/tenerife.png,22.0,Defender,https://assets.laliga.com/squad/2021/t612/p487109/512x556/p487109_t612_2021_1_001_000.png,41.0,41.0,2.0,0.0,9.0,0.0,11.0,210.0,1.0,27.0,50.0,39.0,1.0,1129.0,0.0,1.0,0.0,2.0,0.0,32.0,22.0,75.0,471.0,401.0,765.0,94.0,32.0,553.0,1144.0,113.0,21.0,12.0,114.0,190.0,4.0,Forward,-289.56
6344.0,Daniel Martín Fernández,Dani,male,1998-07-08T00:00:00+00:00,76.0,187.0,Málaga CF,MGA,https://assets.laliga.com/assets/2019/06/07/medium/malaga.png,13.0,Goalkeeper,https://assets.laliga.com/squad/2021/t182/p435090/512x556/p435090_t182_2021_1_001_000.png,5.0,28.0,0.0,0.0,0.0,26.0,9.0,10.0,0.0,40.0,0.0,1.0,0.0,396.0,0.0,0.0,79.0,0.0,0.0,0.0,0.0,176.0,106.0,362.0,292.0,22.0,0.0,308.0,772.0,0.0,0.0,0.0,296.0,8.0,3.0,Forward,-294.28
815.0,José Antonio Ríos Reina,Rios Reina,male,1990-05-10T00:00:00+00:00,78.0,180.0,SD Ponferradina,PON,https://assets.laliga.com/assets/2021/06/24/medium/20f0382ea9163a771b3e01bbe7cf78b7.png,3.0,Defender,https://assets.laliga.com/squad/2021/t3090/p55325/512x556/p55325_t3090_2021_1_001_000.png,14.0,30.0,6.0,6.0,5.0,0.0,5.0,71.0,2.0,39.0,33.0,31.0,3.0,879.0,0.0,0.0,0.0,4.0,0.0,23.0,20.0,59.0,423.0,310.0,632.0,42.0,8.0,571.0,928.0,16.0,34.0,34.0,111.0,126.0,4.0,Forward,-296.22
12678.0,Sergio Carreira,S. Carreira,male,2000-10-13T00:00:00+00:00,70.0,170.0,CD Mirandés,MIR,https://assets.laliga.com/assets/2019/06/07/medium/mirandes.png,2.0,Defender,https://assets.laliga.com/squad/2021/t5741/p439871/512x556/p439871_t5741_2021_1_001_000.png,14.0,38.0,2.0,0.0,4.0,0.0,5.0,110.0,1.0,47.0,25.0,43.0,11.0,1381.0,0.0,0.0,0.0,6.0,0.0,18.0,33.0,47.0,643.0,460.0,1037.0,36.0,16.0,578.0,1412.0,39.0,60.0,30.0,88.0,240.0,3.0,Forward,-316.38
6153.0,Julián Delmás,Delmas,male,1995-04-20T00:00:00+00:00,61.0,173.0,FC Cartagena,CAR,https://assets.laliga.com/assets/2022/02/11/medium/1628caa9b2002a11e564eb84b3677f78.png,22.0,Defender,https://assets.laliga.com/squad/2021/t3554/p433211/512x556/p433211_t3554_2021_1_001_000.png,36.0,39.0,4.0,0.0,11.0,0.0,11.0,155.0,3.0,48.0,24.0,35.0,3.0,1288.0,0.0,0.0,0.0,7.0,0.0,30.0,31.0,56.0,496.0,534.0,944.0,68.0,43.0,631.0,1326.0,48.0,38.0,15.0,111.0,215.0,9.0,Forward,-321.74
18381.0,Florian Miguel,Florian Miguel,male,1996-09-01T00:00:00+00:00,70.0,179.0,SD Huesca,HUE,https://assets.laliga.com/assets/2019/06/07/medium/huesca.png,3.0,Defender,https://assets.laliga.com/squad/2021/t2894/p200666/512x556/p200666_t2894_2021_1_001_000.png,74.0,41.0,1.0,0.0,10.0,0.0,8.0,191.0,2.0,31.0,58.0,20.0,5.0,1135.0,0.0,0.0,0.0,10.0,0.0,19.0,19.0,72.0,359.0,491.0,759.0,121.0,62.0,516.0,1160.0,55.0,55.0,25.0,123.0,206.0,9.0,Forward,-325.9
1180.0,Antonio García Aranda,Toño Garcia,male,1989-11-07T00:00:00+00:00,69.0,179.0,SD Eibar,EIB,https://assets.laliga.com/assets/2019/06/07/medium/eibar.png,18.0,Defender,https://assets.laliga.com/squad/2021/t953/p77039/512x556/p77039_t953_2021_1_001_000.png,16.0,36.0,2.0,0.0,6.0,0.0,7.0,107.0,0.0,31.0,16.0,36.0,2.0,1153.0,0.0,0.0,0.0,4.0,1.0,38.0,32.0,62.0,485.0,427.0,812.0,39.0,35.0,559.0,1193.0,35.0,32.0,25.0,120.0,199.0,6.0,Forward,-328.57
4478.0,José Joaquín Matos,Matos,male,1995-05-06T00:00:00+00:00,64.0,168.0,Burgos CF,BUR,https://assets.laliga.com/assets/2021/06/24/medium/8de24d38ab1472bbae1620d36582d7bd.png,23.0,Defender,https://assets.laliga.com/squad/2021/t951/p213838/512x556/p213838_t951_2021_1_001_000.png,25.0,33.0,1.0,0.0,9.0,0.0,7.0,203.0,0.0,29.0,34.0,13.0,6.0,797.0,0.0,0.0,0.0,5.0,0.0,19.0,19.0,39.0,335.0,240.0,517.0,47.0,29.0,532.0,808.0,94.0,28.0,33.0,85.0,167.0,6.0,Forward,-333.42
940.0,Damián Suárez,Damián,male,1988-04-27T00:00:00+00:00,61.0,172.0,Getafe CF,GET,https://assets.laliga.com/assets/2019/06/07/medium/getafe.png,22.0,Defender,https://assets.laliga.com/squad/2021/t1450/p99005/512x556/p99005_t1450_2021_1_001_000.png,25.0,35.0,3.0,2.0,5.0,0.0,9.0,147.0,0.0,28.0,31.0,43.0,1.0,977.0,0.0,0.0,0.0,4.0,0.0,28.0,15.0,77.0,507.0,269.0,662.0,27.0,46.0,566.0,1041.0,74.0,13.0,27.0,118.0,184.0,13.0,Forward,-335.09000000000003
6014.0,Ignacio Vidal Miralles,Nacho Vidal,male,1995-01-24T00:00:00+00:00,75.0,180.0,CA Osasuna,OSA,https://assets.laliga.com/assets/2019/06/07/medium/osasuna.png,2.0,Defender,https://assets.laliga.com/squad/2021/t450/p230598/512x556/p230598_t450_2021_1_001_000.png,71.0,35.0,1.0,0.0,14.0,0.0,10.0,208.0,0.0,40.0,58.0,20.0,3.0,1072.0,0.0,0.0,0.0,1.0,0.0,10.0,23.0,73.0,427.0,356.0,699.0,71.0,48.0,530.0,1088.0,83.0,34.0,25.0,94.0,222.0,9.0,Forward,-343.12
2081.0,Álvaro Lemos,Lemos S.,male,1993-03-30T00:00:00+00:00,77.0,175.0,UD Las Palmas,LPA,https://assets.laliga.com/assets/2019/06/07/medium/las-palmas.png,14.0,Forward,https://assets.laliga.com/squad/2021/t407/p213469/512x556/p213469_t407_2021_1_001_000.png,49.0,38.0,2.0,8.0,4.0,0.0,10.0,208.0,1.0,36.0,46.0,46.0,0.0,1638.0,0.0,0.0,0.0,9.0,0.0,17.0,30.0,62.0,732.0,607.0,1246.0,63.0,51.0,687.0,1712.0,82.0,45.0,23.0,114.0,290.0,10.0,Midfielder,-377.38
985.0,Leandro Cabrera,Cabrera,male,1991-06-17T00:00:00+00:00,80.0,190.0,RCD Espanyol de Barcelona,ESP,https://assets.laliga.com/assets/2019/06/07/medium/espanyol.png,4.0,Defender,https://assets.laliga.com/squad/2021/t177/p64662/512x556/p64662_t177_2021_1_001_000.png,84.0,37.0,0.0,0.0,23.0,0.0,10.0,141.0,2.0,49.0,44.0,10.0,2.0,1702.0,0.0,0.0,0.0,6.0,0.0,0.0,1.0,164.0,514.0,887.0,1237.0,215.0,32.0,500.0,1829.0,37.0,27.0,4.0,243.0,185.0,7.0,Forward,-382.71000000000004
462.0,Raúl Lizoain,Raúl Lizoain,male,1991-01-27T00:00:00+00:00,83.0,188.0,CD Mirandés,MIR,https://assets.laliga.com/assets/2019/06/07/medium/mirandes.png,13.0,Goalkeeper,https://assets.laliga.com/squad/2021/t5741/p91022/512x556/p91022_t5741_2021_1_001_000.png,19.0,39.0,0.0,0.0,0.0,29.0,7.0,36.0,0.0,59.0,0.0,1.0,0.0,512.0,0.0,0.0,115.0,0.0,0.0,0.0,3.0,244.0,143.0,464.0,363.0,42.0,0.0,425.0,1024.0,2.0,1.0,0.0,412.0,5.0,1.0,Forward,-389.76
20682.0,Matías Dituro,Dituro,male,1987-05-08T00:00:00+00:00,86.0,191.0,RC Celta,CEL,https://assets.laliga.com/assets/2019/06/07/medium/celta.png,1.0,Goalkeeper,https://assets.laliga.com/squad/2021/t176/p98448/512x556/p98448_t176_2021_1_001_000.png,8.0,38.0,0.0,0.0,0.0,31.0,14.0,10.0,0.0,43.0,0.0,1.0,0.0,808.0,4.0,0.0,96.0,0.0,0.0,0.0,0.0,362.0,221.0,578.0,437.0,28.0,1.0,541.0,1328.0,0.0,0.0,0.0,520.0,9.0,1.0,Forward,-516.22
12946.0,Luís Manuel Arantes Maximiano,Maximiano,male,1999-01-05T00:00:00+00:00,82.0,190.0,Granada CF,GRA,https://assets.laliga.com/assets/2019/06/07/medium/granada.png,1.0,Goalkeeper,https://assets.laliga.com/squad/2021/t5683/p222628/512x556/p222628_t5683_2021_1_001_000.png,6.0,35.0,0.0,0.0,0.0,21.0,7.0,14.0,0.0,55.0,1.0,0.0,0.0,427.0,2.0,0.0,127.0,0.0,0.0,0.0,2.0,254.0,196.0,297.0,239.0,21.0,0.0,539.0,1025.0,3.0,0.0,0.0,528.0,4.0,2.0,Forward,-519.75
