id,name,nickname,gender,date_of_birth,weight,height,team,team.shortname,team.shield,shirt_number,position,photo,aerial_duels_won,appearances,assists_intentional,attempts_from_set_pieces,blocks,catches,clean_sheets,duels_won,goals,goals_conceded,interceptions,key_passes_attempt_assists,offsides,open_play_passes,penalties_saved,red_cards_2nd_yellow,saves_made,shots_on_target_inc_goals,straight_red_cards,successful_crosses_open_play,successful_dribbles,successful_long_passes,successful_passes_opposition_half,successful_passes_own_half,successful_short_passes,total_clearances,total_fouls_conceded,total_losses_of_possession,total_passes,total_tackles,total_touches_in_opposition_box,unsuccessful_dribbles,unsuccessful_long_passes,unsuccessful_short_passes,yellow_cards,predicted_position,score
15895.0,Sergi Puig,Sergi Puig,male,1998-11-19T00:00:00+00:00,72.0,182.0,SD Ponferradina,PON,https://assets.laliga.com/assets/2021/06/24/medium/20f0382ea9163a771b3e01bbe7cf78b7.png,35.0,Goalkeeper,https://assets.laliga.com/squad/2021/t3090/p242309/512x556/p242309_t3090_2021_1_001_000.png,0.0,1.0,0.0,0.0,0.0,0.0,0.0,0.0,0.0,3.0,0.0,0.0,0.0,10.0,1.0,0.0,4.0,0.0,0.0,0.0,0.0,8.0,5.0,7.0,4.0,0.0,1.0,10.0,21.0,0.0,0.0,0.0,8.0,1.0,0.0,Midfielder,17.0
6724.0,Andrii Lunin,Lunin,male,1999-02-11T00:00:00+00:00,80.0,191.0,Real Madrid,RMA,https://assets.laliga.com/assets/2019/06/07/medium/real-madrid.png,13.0,Goalkeeper,https://assets.laliga.com/squad/2021/t186/p224965/512x556/p224965_t186_2021_1_001_000.png,0.0,2.0,0.0,0.0,0.0,3.0,0.0,0.0,0.0,2.0,0.0,0.0,0.0,40.0,1.0,0.0,7.0,0.0,0.0,0.0,0.0,12.0,1.0,56.0,45.0,3.0,1.0,10.0,67.0,0.0,0.0,0.0,7.0,3.0,0.0,Midfielder,15.0
14270.0,Ramón Juan,Ramón J.r.,male,1999-12-10T00:00:00+00:00,,,CD Mirandés,MIR,https://assets.laliga.com/assets/2019/06/07/medium/mirandes.png,27.0,Goalkeeper,https://assets.laliga.com/squad/2021/t5741/p464490/512x556/p464490_t5741_2021_1_001_000.png,0.0,3.0,0.0,0.0,0.0,2.0,1.0,0.0,0.0,3.0,0.0,0.0,0.0,41.0,0.0,0.0,14.0,0.0,0.0,0.0,0.0,25.0,19.0,32.0,26.0,3.0,0.0,35.0,86.0,0.0,0.0,0.0,35.0,0.0,0.0,Forward,13.333333333333334
4509.0,José Antonio Caro,J.a. Caro,male,1994-05-03T00:00:00+00:00,88.0,194.0,Burgos CF,BUR,https://assets.laliga.com/assets/2021/06/24/medium/8de24d38ab1472bbae1620d36582d7bd.png,13.0,Goalkeeper,https://assets.laliga.com/squad/2021/t951/p229320/512x556/p229320_t951_2021_1_001_000.png,9.0,15.0,0.0,0.0,0.0,24.0,8.0,16.0,0.0,12.0,0.0,1.0,0.0,164.0,0.0,0.0,53.0,0.0,0.0,0.0,2.0,173.0,149.0,98.0,74.0,15.0,0.0,215.0,458.0,1.0,0.0,0.0,210.0,1.0,2.0,Midfielder,13.1
14938.0,Giorgi Makaridze,Makaridze,male,1990-03-31T00:00:00+00:00,80.0,193.0,UD Almería,ALM,https://assets.laliga.com/assets/2019/06/07/medium/almeria.png,1.0,Goalkeeper,https://assets.laliga.com/squad/2021/t1564/p48807/512x556/p48807_t1564_2021_1_001_000.png,3.0,1.0,0.0,0.0,0.0,4.0,0.0,3.0,0.0,2.0,0.0,0.0,0.0,19.0,0.0,0.0,3.0,0.0,0.0,0.0,0.0,6.0,3.0,20.0,17.0,0.0,0.0,14.0,36.0,0.0,0.0,0.0,12.0,1.0,1.0,Midfielder,11.5
7549.0,Andoni Zubiaurre,Zubiaurre,male,1996-12-04T00:00:00+00:00,80.0,190.0,R. Sociedad B,RSOB,https://assets.laliga.com/assets/2019/06/07/medium/real-sociedad.png,13.0,Goalkeeper,https://assets.laliga.com/squad/2021/t3567/p446306/512x556/p446306_t3567_2021_1_001_000.png,8.0,21.0,0.0,0.0,0.0,21.0,6.0,9.0,0.0,24.0,0.0,0.0,0.0,301.0,3.0,0.0,69.0,0.0,2.0,0.0,0.0,87.0,63.0,283.0,259.0,20.0,3.0,214.0,555.0,0.0,0.0,0.0,208.0,1.0,2.0,Goalkeeper,11.428571428571429
4516.0,Juan Soriano,Juan Soriano,male,1997-08-23T00:00:00+00:00,78.0,185.0,CD Tenerife,TEN,https://assets.laliga.com/assets/2019/06/07/medium/tenerife.png,1.0,Goalkeeper,https://assets.laliga.com/squad/2021/t612/p178874/512x556/p178874_t612_2021_1_001_000.png,18.0,43.0,0.0,0.0,0.0,56.0,17.0,24.0,0.0,36.0,1.0,0.0,0.0,494.0,0.0,0.0,134.0,0.0,0.0,0.0,0.0,312.0,221.0,400.0,309.0,49.0,1.0,494.0,1104.0,1.0,1.0,0.0,477.0,6.0,5.0,Midfielder,10.883720930232558
14070.0,Leonardo Román Riquelme,Leo Roman,male,2000-07-06T00:00:00+00:00,,,RCD Mallorca,MLL,https://assets.laliga.com/assets/2019/06/07/medium/mallorca.png,31.0,Goalkeeper,https://assets.laliga.com/squad/2021/t181/p500755/512x556/p500755_t181_2021_1_001_000.png,0.0,2.0,0.0,0.0,0.0,1.0,0.0,1.0,0.0,5.0,0.0,0.0,0.0,36.0,0.0,0.0,10.0,0.0,0.0,0.0,1.0,9.0,4.0,36.0,31.0,3.0,0.0,20.0,60.0,0.0,0.0,0.0,20.0,0.0,0.0,Forward,10.75
9396.0,Alejandro Domínguez,A. Domínguez,male,1998-07-30T00:00:00+00:00,80.0,187.0,UD Ibiza,IBI,https://assets.laliga.com/assets/2021/06/24/medium/d7bc0d2c9bf06afd6b5ace9d62771713.png,13.0,Goalkeeper,https://assets.laliga.com/squad/2021/t16203/p439750/512x556/p439750_t16203_2021_1_001_000.png,6.0,10.0,0.0,0.0,0.0,6.0,2.0,8.0,0.0,14.0,0.0,0.0,0.0,205.0,1.0,0.0,36.0,0.0,0.0,0.0,0.0,38.0,20.0,214.0,196.0,13.0,1.0,90.0,320.0,1.0,0.0,0.0,81.0,5.0,0.0,Goalkeeper,10.5
3.0,Oier Olazábal,Oier,male,1989-09-14T00:00:00+00:00,86.0,190.0,RCD Espanyol de Barcelona,ESP,https://assets.laliga.com/assets/2019/06/07/medium/espanyol.png,1.0,Goalkeeper,https://assets.laliga.com/squad/2021/t177/p49442/512x556/p49442_t177_2021_1_001_000.png,1.0,2.0,0.0,0.0,0.0,1.0,0.0,1.0,0.0,1.0,0.0,0.0,0.0,15.0,0.0,0.0,8.0,0.0,0.0,0.0,0.0,9.0,6.0,13.0,10.0,0.0,0.0,19.0,38.0,0.0,0.0,0.0,19.0,0.0,0.0,Midfielder,10.25
14864.0,Jeremías Ledesma,Ledesma,male,1993-02-13T00:00:00+00:00,70.0,187.0,Cádiz CF,CAD,https://assets.laliga.com/assets/2019/06/07/medium/cadiz.png,1.0,Goalkeeper,https://assets.laliga.com/squad/2021/t1737/p167210/512x556/p167210_t1737_2021_1_001_000.png,16.0,38.0,0.0,0.0,0.0,37.0,13.0,23.0,0.0,51.0,1.0,2.0,0.0,412.0,2.0,0.0,120.0,1.0,0.0,0.0,2.0,294.0,232.0,258.0,196.0,49.0,2.0,556.0,1034.0,3.0,1.0,0.0,540.0,4.0,4.0,Goalkeeper,10.25
77.0,Aitor Fernández,Aitor Fdez.,male,1991-05-03T00:00:00+00:00,78.0,182.0,Levante UD,LEV,https://assets.laliga.com/assets/2019/06/07/medium/levante.png,1.0,Goalkeeper,https://assets.laliga.com/squad/2021/t855/p80993/512x556/p80993_t855_2021_1_001_000.png,2.0,13.0,0.0,0.0,0.0,7.0,2.0,4.0,0.0,29.0,0.0,0.0,0.0,177.0,1.0,0.0,52.0,0.0,1.0,0.0,0.0,69.0,33.0,170.0,134.0,9.0,1.0,114.0,312.0,2.0,0.0,0.0,105.0,4.0,1.0,Goalkeeper,10.115384615384615
12946.0,Luís Manuel Arantes Maximiano,Maximiano,male,1999-01-05T00:00:00+00:00,82.0,190.0,Granada CF,GRA,https://assets.laliga.com/assets/2019/06/07/medium/granada.png,1.0,Goalkeeper,https://assets.laliga.com/squad/2021/t5683/p222628/512x556/p222628_t5683_2021_1_001_000.png,6.0,35.0,0.0,0.0,0.0,21.0,7.0,14.0,0.0,55.0,1.0,0.0,0.0,427.0,2.0,0.0,127.0,0.0,0.0,0.0,2.0,254.0,196.0,297.0,239.0,21.0,0.0,539.0,1025.0,3.0,0.0,0.0,528.0,4.0,2.0,Forward,9.971428571428572
8313.0,Amir Abedzadeh,Amir,male,1993-04-26T00:00:00+00:00,80.0,186.0,SD Ponferradina,PON,https://assets.laliga.com/assets/2021/06/24/medium/20f0382ea9163a771b3e01bbe7cf78b7.png,1.0,Goalkeeper,https://assets.laliga.com/squad/2021/t3090/p246353/512x556/p246353_t3090_2021_1_001_000.png,17.0,35.0,0.0,0.0,0.0,36.0,9.0,24.0,0.0,43.0,0.0,1.0,0.0,523.0,0.0,0.0,117.0,0.0,0.0,0.0,2.0,384.0,270.0,381.0,267.0,30.0,1.0,438.0,1077.0,0.0,0.0,0.0,422.0,4.0,2.0,Defender,9.957142857142857
8730.0,Miguel Ángel Morro,M. Morro,male,2000-09-11T00:00:00+00:00,,193.0,CF Fuenlabrada,FUE,https://assets.laliga.com/assets/2019/06/07/medium/fuenlabrada.png,38.0,Goalkeeper,https://assets.laliga.com/squad/2021/t7104/p462680/512x556/p462680_t7104_2021_1_001_000.png,2.0,13.0,0.0,0.0,0.0,7.0,4.0,2.0,0.0,22.0,0.0,0.0,0.0,114.0,0.0,0.0,48.0,0.0,0.0,0.0,0.0,114.0,102.0,56.0,44.0,17.0,0.0,188.0,342.0,0.0,0.0,0.0,183.0,1.0,0.0,Forward,9.884615384615385
8730.0,Miguel Ángel Morro,M. Morro,male,2000-09-11T00:00:00+00:00,,193.0,CF Fuenlabrada,FUE,https://assets.laliga.com/assets/2019/06/07/medium/fuenlabrada.png,38.0,Goalkeeper,https://assets.laliga.com/squad/2021/t7104/p462680/512x556/p462680_t7104_2021_1_001_000.png,2.0,13.0,0.0,0.0,0.0,7.0,4.0,2.0,0.0,22.0,0.0,0.0,0.0,114.0,0.0,0.0,48.0,0.0,0.0,0.0,0.0,114.0,102.0,56.0,44.0,17.0,0.0,188.0,342.0,0.0,0.0,0.0,183.0,1.0,0.0,Midfielder,9.884615384615385
1988.0,Marko Dmitrovic,Dmitrovic,male,1992-01-24T00:00:00+00:00,94.0,194.0,Sevilla FC,SEV,https://assets.laliga.com/assets/2019/06/07/medium/sevilla.png,1.0,Goalkeeper,https://assets.laliga.com/squad/2021/t179/p94618/512x556/p94618_t179_2021_1_001_000.png,1.0,6.0,0.0,0.0,0.0,4.0,4.0,1.0,0.0,5.0,0.0,0.0,0.0,148.0,0.0,0.0,15.0,0.0,0.0,0.0,0.0,27.0,15.0,144.0,132.0,4.0,0.0,39.0,197.0,0.0,0.0,0.0,38.0,0.0,1.0,Defender,9.75
3417.0,Jérôme Prior,Prior,male,1995-08-08T00:00:00+00:00,86.0,187.0,FC Cartagena,CAR,https://assets.laliga.com/assets/2022/02/11/medium/1628caa9b2002a11e564eb84b3677f78.png,13.0,Goalkeeper,https://assets.laliga.com/squad/2021/t3554/p181439/512x556/p181439_t3554_2021_1_001_000.png,2.0,2.0,0.0,0.0,0.0,1.0,0.0,3.0,0.0,2.0,1.0,0.0,0.0,17.0,0.0,0.0,8.0,0.0,0.0,0.0,0.0,9.0,7.0,26.0,24.0,2.0,0.0,15.0,46.0,0.0,0.0,0.0,12.0,1.0,0.0,Midfielder,9.75
22797.0,Julen Agirrezabala,Agirrezabala,male,2000-12-26T00:00:00+00:00,,,Athletic Club,ATH,https://assets.laliga.com/assets/2019/06/07/medium/athletic.png,26.0,Goalkeeper,https://assets.laliga.com/squad/2021/t174/p470508/512x556/p470508_t174_2021_1_001_000.png,0.0,4.0,0.0,0.0,0.0,1.0,1.0,0.0,0.0,5.0,0.0,0.0,0.0,31.0,0.0,0.0,15.0,0.0,0.0,0.0,0.0,15.0,10.0,40.0,35.0,4.0,0.0,20.0,70.0,0.0,0.0,0.0,20.0,0.0,0.0,Forward,9.75
1035.0,Stole Dimitrievski,Dimitrievski,male,1993-12-25T00:00:00+00:00,84.0,188.0,Rayo Vallecano,RAY,https://assets.laliga.com/assets/2019/06/07/medium/rayo.png,13.0,Goalkeeper,https://assets.laliga.com/squad/2021/t184/p94878/512x556/p94878_t184_2021_1_001_000.png,12.0,31.0,0.0,0.0,0.0,30.0,9.0,17.0,0.0,37.0,1.0,0.0,0.0,397.0,2.0,0.0,91.0,0.0,0.0,0.0,0.0,196.0,150.0,247.0,201.0,35.0,0.0,402.0,790.0,0.0,0.0,0.0,389.0,4.0,0.0,Defender,9.693548387096774
15006.0,Giorgi Mamardashvili,Mamardashvili,male,2000-09-29T00:00:00+00:00,,199.0,Valencia CF,VAL,https://assets.laliga.com/assets/2019/06/07/medium/valencia.png,28.0,Goalkeeper,https://assets.laliga.com/squad/2021/t191/p449027/512x556/p449027_t191_2021_1_001_000.png,6.0,18.0,0.0,0.0,0.0,10.0,8.0,8.0,0.0,20.0,0.0,0.0,0.0,177.0,0.0,0.0,55.0,0.0,0.0,0.0,0.0,126.0,103.0,118.0,95.0,19.0,0.0,218.0,431.0,0.0,0.0,0.0,208.0,2.0,2.0,Midfielder,9.583333333333334
1885.0,Mathew Ryan,Ryan,male,1992-04-08T00:00:00+00:00,82.0,184.0,Real Sociedad,RSO,https://assets.laliga.com/assets/2019/06/07/medium/real-sociedad.png,13.0,Goalkeeper,https://assets.laliga.com/squad/2021/t188/p131897/512x556/p131897_t188_2021_1_001_000.png,1.0,3.0,0.0,0.0,0.0,2.0,1.0,1.0,0.0,5.0,0.0,0.0,0.0,49.0,0.0,0.0,10.0,0.0,0.0,0.0,0.0,17.0,12.0,41.0,36.0,5.0,0.0,40.0,93.0,0.0,0.0,0.0,40.0,0.0,0.0,Midfielder,9.333333333333334
20682.0,Matías Dituro,Dituro,male,1987-05-08T00:00:00+00:00,86.0,191.0,RC Celta,CEL,https://assets.laliga.com/assets/2019/06/07/medium/celta.png,1.0,Goalkeeper,https://assets.laliga.com/squad/2021/t176/p98448/512x556/p98448_t176_2021_1_001_000.png,8.0,38.0,0.0,0.0,0.0,31.0,14.0,10.0,0.0,43.0,0.0,1.0,0.0,808.0,4.0,0.0,96.0,0.0,0.0,0.0,0.0,362.0,221.0,578.0,437.0,28.0,1.0,541.0,1328.0,0.0,0.0,0.0,520.0,9.0,1.0,Forward,9.302631578947368
4027.0,Edgar Badia,Edgar Badia,male,1992-02-12T00:00:00+00:00,70.0,180.0,Elche CF,ELC,https://assets.laliga.com/assets/2019/06/07/medium/elche.png,13.0,Goalkeeper,https://assets.laliga.com/squad/2021/t954/p110923/512x556/p110923_t954_2021_1_001_000.png,9.0,24.0,0.0,0.0,0.0,16.0,5.0,9.0,0.0,35.0,0.0,0.0,0.0,369.0,1.0,0.0,79.0,0.0,0.0,0.0,0.0,205.0,143.0,318.0,256.0,31.0,0.0,266.0,722.0,0.0,0.0,0.0,255.0,6.0,2.0,Midfielder,9.229166666666666
437.0,Andrés Fernández,Andrés Fdez.,male,1986-12-16T00:00:00+00:00,82.0,187.0,SD Huesca,HUE,https://assets.laliga.com/assets/2019/06/07/medium/huesca.png,1.0,Goalkeeper,https://assets.laliga.com/squad/2021/t2894/p51792/512x556/p51792_t2894_2021_1_001_000.png,7.0,42.0,0.0,0.0,0.0,13.0,17.0,12.0,0.0,44.0,0.0,0.0,0.0,614.0,1.0,0.0,126.0,0.0,0.0,0.0,1.0,204.0,102.0,756.0,654.0,45.0,0.0,262.0,1113.0,1.0,0.0,0.0,250.0,5.0,2.0,Defender,9.178571428571429
51.0,Diego López,Diego Lopez,male,1981-11-03T00:00:00+00:00,89.0,196.0,RCD Espanyol de Barcelona,ESP,https://assets.laliga.com/assets/2019/06/07/medium/espanyol.png,13.0,Goalkeeper,https://assets.laliga.com/squad/2021/t177/p16021/512x556/p16021_t177_2021_1_001_000.png,13.0,36.0,0.0,0.0,0.0,31.0,9.0,16.0,0.0,49.0,1.0,1.0,0.0,460.0,0.0,0.0,115.0,0.0,0.0,0.0,0.0,190.0,120.0,532.0,462.0,39.0,0.0,303.0,950.0,0.0,0.0,0.0,290.0,8.0,4.0,Goalkeeper,9.166666666666666
833.0,Iván Cuéllar,Cuellar,male,1984-05-27T00:00:00+00:00,76.0,187.0,Real Sporting,SPO,https://assets.laliga.com/assets/2019/06/07/medium/sporting.png,1.0,Goalkeeper,https://assets.laliga.com/squad/2021/t616/p16261/512x556/p16261_t616_2021_1_001_000.png,6.0,10.0,0.0,0.0,0.0,8.0,2.0,8.0,0.0,8.0,1.0,0.0,0.0,121.0,0.0,0.0,31.0,0.0,0.0,0.0,0.0,69.0,46.0,125.0,102.0,11.0,0.0,128.0,295.0,0.0,0.0,0.0,124.0,0.0,0.0,Forward,9.15
513.0,Jordi Masip,Masip,male,1989-01-03T00:00:00+00:00,76.0,180.0,Real Valladolid CF,VLL,https://assets.laliga.com/assets/2019/06/07/medium/valladolid.png,1.0,Goalkeeper,https://assets.laliga.com/squad/2021/t192/p86148/512x556/p86148_t192_2021_1_001_000.png,5.0,23.0,0.0,0.0,0.0,13.0,10.0,5.0,0.0,20.0,1.0,0.0,0.0,395.0,0.0,0.0,64.0,0.0,0.0,0.0,0.0,93.0,47.0,432.0,386.0,11.0,0.0,180.0,654.0,0.0,0.0,0.0,172.0,3.0,0.0,Forward,9.108695652173912
490.0,Diego Mariño,D. Mariño,male,1990-05-09T00:00:00+00:00,75.0,187.0,Real Sporting,SPO,https://assets.laliga.com/assets/2019/06/07/medium/sporting.png,13.0,Goalkeeper,https://assets.laliga.com/squad/2021/t616/p76611/512x556/p76611_t616_2021_1_001_000.png,9.0,32.0,0.0,0.0,0.0,19.0,5.0,15.0,0.0,40.0,1.0,1.0,0.0,573.0,1.0,0.0,107.0,0.0,0.0,0.0,2.0,175.0,101.0,562.0,488.0,24.0,0.0,284.0,943.0,2.0,0.0,0.0,271.0,9.0,1.0,Forward,9.09375
4617.0,Sergio Herrera,S. Herrera,male,1993-06-05T00:00:00+00:00,82.0,192.0,CA Osasuna,OSA,https://assets.laliga.com/assets/2019/06/07/medium/osasuna.png,1.0,Goalkeeper,https://assets.laliga.com/squad/2021/t450/p138039/512x556/p138039_t450_2021_1_001_000.png,9.0,36.0,0.0,0.0,0.0,21.0,12.0,20.0,0.0,48.0,1.0,1.0,0.0,504.0,3.0,0.0,101.0,0.0,0.0,0.0,3.0,410.0,357.0,235.0,182.0,27.0,0.0,495.0,1080.0,3.0,0.0,0.0,480.0,8.0,3.0,Midfielder,9.055555555555555
4736.0,Alfonso Herrero,A. Herrero,male,1994-04-21T00:00:00+00:00,83.0,183.0,Burgos CF,BUR,https://assets.laliga.com/assets/2021/06/24/medium/8de24d38ab1472bbae1620d36582d7bd.png,1.0,Goalkeeper,https://assets.laliga.com/squad/2021/t951/p165795/512x556/p165795_t951_2021_1_001_000.png,5.0,28.0,0.0,0.0,0.0,29.0,8.0,10.0,0.0,29.0,0.0,0.0,0.0,288.0,0.0,0.0,79.0,0.0,0.0,0.0,0.0,256.0,195.0,221.0,160.0,23.0,0.0,355.0,761.0,0.0,0.0,0.0,344.0,1.0,1.0,Defender,9.0
1178.0,Marc Martínez,Marc Martinez,male,1990-04-04T00:00:00+00:00,72.0,186.0,FC Cartagena,CAR,https://assets.laliga.com/assets/2022/02/11/medium/1628caa9b2002a11e564eb84b3677f78.png,1.0,Goalkeeper,https://assets.laliga.com/squad/2021/t3554/p116112/512x556/p116112_t3554_2021_1_001_000.png,12.0,40.0,0.0,0.0,0.0,20.0,11.0,19.0,0.0,55.0,0.0,1.0,0.0,380.0,1.0,0.0,128.0,0.0,0.0,0.0,1.0,172.0,89.0,537.0,454.0,35.0,1.0,218.0,841.0,1.0,0.0,1.0,212.0,3.0,4.0,Defender,9.0
560.0,Thibaut Courtois,Courtois,male,1992-05-11T00:00:00+00:00,91.0,199.0,Real Madrid,RMA,https://assets.laliga.com/assets/2019/06/07/medium/real-madrid.png,1.0,Goalkeeper,https://assets.laliga.com/squad/2021/t186/p60772/512x556/p60772_t186_2021_1_001_000.png,8.0,36.0,0.0,0.0,0.0,19.0,16.0,10.0,0.0,29.0,0.0,0.0,0.0,695.0,1.0,0.0,93.0,0.0,0.0,0.0,0.0,110.0,35.0,715.0,640.0,14.0,1.0,202.0,947.0,1.0,0.0,0.0,189.0,8.0,1.0,Forward,8.944444444444445
1103.0,Yassine Bounou,Bono,male,1991-04-05T00:00:00+00:00,78.0,192.0,Sevilla FC,SEV,https://assets.laliga.com/assets/2019/06/07/medium/sevilla.png,13.0,Goalkeeper,https://assets.laliga.com/squad/2021/t179/p120026/512x556/p120026_t179_2021_1_001_000.png,7.0,31.0,1.0,0.0,0.0,24.0,13.0,11.0,0.0,24.0,0.0,0.0,0.0,589.0,1.0,0.0,76.0,0.0,0.0,0.0,1.0,186.0,88.0,618.0,520.0,23.0,0.0,254.0,954.0,0.0,0.0,0.0,241.0,7.0,2.0,Midfielder,8.935483870967742
14636.0,Jesús Ruiz Suárez,Jesús,male,1997-01-20T00:00:00+00:00,,185.0,AD Alcorcón,ALC,https://assets.laliga.com/assets/2019/06/07/medium/alcorcon.png,31.0,Goalkeeper,https://assets.laliga.com/squad/2021/t5233/p508458/512x556/p508458_t5233_2021_1_001_000.png,3.0,14.0,0.0,0.0,0.0,12.0,4.0,5.0,0.0,18.0,1.0,0.0,0.0,199.0,2.0,0.0,34.0,0.0,0.0,0.0,0.0,80.0,54.0,201.0,175.0,13.0,0.0,134.0,387.0,0.0,0.0,0.0,131.0,1.0,2.0,Forward,8.928571428571429
1100.0,Óscar Whalley,Oscar,male,1994-03-29T00:00:00+00:00,82.0,190.0,CD Lugo,LUG,https://assets.laliga.com/assets/2019/06/07/medium/lugo.png,13.0,Goalkeeper,https://assets.laliga.com/squad/2021/t5730/p171580/512x556/p171580_t5730_2021_1_001_000.png,6.0,30.0,0.0,0.0,0.0,19.0,7.0,8.0,0.0,37.0,0.0,0.0,0.0,419.0,1.0,0.0,92.0,0.0,0.0,0.0,0.0,270.0,226.0,287.0,243.0,16.0,0.0,347.0,853.0,0.0,0.0,0.0,337.0,3.0,3.0,Goalkeeper,8.883333333333333
9540.0,Álvaro Vallés,Á.valles,male,1997-07-25T00:00:00+00:00,78.0,190.0,UD Las Palmas,LPA,https://assets.laliga.com/assets/2019/06/07/medium/las-palmas.png,13.0,Goalkeeper,https://assets.laliga.com/squad/2021/t407/p472194/512x556/p472194_t407_2021_1_001_000.png,4.0,16.0,0.0,0.0,0.0,12.0,6.0,6.0,0.0,16.0,0.0,0.0,0.0,357.0,1.0,0.0,40.0,0.0,0.0,0.0,0.0,99.0,37.0,320.0,258.0,11.0,0.0,174.0,525.0,0.0,0.0,0.0,161.0,7.0,0.0,Defender,8.875
364.0,Fernando Martínez,Fernando C.,male,1990-06-10T00:00:00+00:00,85.0,185.0,UD Almería,ALM,https://assets.laliga.com/assets/2019/06/07/medium/almeria.png,13.0,Goalkeeper,https://assets.laliga.com/squad/2021/t1564/p100058/512x556/p100058_t1564_2021_1_001_000.png,6.0,41.0,0.0,0.0,0.0,32.0,16.0,8.0,0.0,33.0,0.0,2.0,0.0,712.0,2.0,0.0,99.0,0.0,0.0,0.0,0.0,248.0,121.0,714.0,587.0,30.0,0.0,309.0,1130.0,0.0,0.0,0.0,291.0,4.0,0.0,Forward,8.841463414634147
1562.0,Cristian Álvarez,Alvarez,male,1985-11-13T00:00:00+00:00,83.0,186.0,Real Zaragoza,ZAR,https://assets.laliga.com/assets/2019/06/07/medium/zaragoza.png,1.0,Goalkeeper,https://assets.laliga.com/squad/2021/t190/p51728/512x556/p51728_t190_2021_1_001_000.png,12.0,38.0,0.0,0.0,0.0,26.0,11.0,21.0,0.0,40.0,0.0,1.0,0.0,564.0,2.0,0.0,104.0,0.0,0.0,0.0,0.0,266.0,140.0,514.0,388.0,30.0,2.0,348.0,992.0,0.0,0.0,0.0,329.0,9.0,3.0,Midfielder,8.789473684210526
6344.0,Daniel Martín Fernández,Dani,male,1998-07-08T00:00:00+00:00,76.0,187.0,Málaga CF,MGA,https://assets.laliga.com/assets/2019/06/07/medium/malaga.png,13.0,Goalkeeper,https://assets.laliga.com/squad/2021/t182/p435090/512x556/p435090_t182_2021_1_001_000.png,5.0,28.0,0.0,0.0,0.0,26.0,9.0,10.0,0.0,40.0,0.0,1.0,0.0,396.0,0.0,0.0,79.0,0.0,0.0,0.0,0.0,176.0,106.0,362.0,292.0,22.0,0.0,308.0,772.0,0.0,0.0,0.0,296.0,8.0,3.0,Forward,8.625
1793.0,Alejandro Remiro Gargallo,A. Remiro,male,1995-03-24T00:00:00+00:00,79.0,191.0,Real Sociedad,RSO,https://assets.laliga.com/assets/2019/06/07/medium/real-sociedad.png,1.0,Goalkeeper,https://assets.laliga.com/squad/2021/t188/p197316/512x556/p197316_t188_2021_1_001_000.png,4.0,35.0,0.0,0.0,0.0,17.0,19.0,7.0,0.0,32.0,1.0,0.0,0.0,714.0,1.0,0.0,80.0,0.0,0.0,0.0,0.0,272.0,120.0,707.0,555.0,31.0,0.0,311.0,1131.0,0.0,0.0,0.0,293.0,11.0,1.0,Midfielder,8.528571428571428
584.0,Yoel Rodríguez,Yoel,male,1988-08-28T00:00:00+00:00,78.0,186.0,SD Eibar,EIB,https://assets.laliga.com/assets/2019/06/07/medium/eibar.png,13.0,Goalkeeper,https://assets.laliga.com/squad/2021/t953/p76510/512x556/p76510_t953_2021_1_001_000.png,2.0,18.0,0.0,0.0,0.0,3.0,6.0,2.0,0.0,19.0,0.0,1.0,0.0,207.0,0.0,0.0,55.0,0.0,0.0,0.0,0.0,120.0,94.0,181.0,155.0,15.0,0.0,178.0,449.0,0.0,0.0,0.0,172.0,2.0,2.0,Forward,8.5
1037.0,Germán Parreño,Germán,male,1993-02-16T00:00:00+00:00,78.0,189.0,UD Ibiza,IBI,https://assets.laliga.com/assets/2021/06/24/medium/d7bc0d2c9bf06afd6b5ace9d62771713.png,1.0,Goalkeeper,https://assets.laliga.com/squad/2021/t16203/p149052/512x556/p149052_t16203_2021_1_001_000.png,10.0,32.0,0.0,0.0,0.0,31.0,8.0,13.0,0.0,45.0,1.0,0.0,0.0,698.0,1.0,0.0,87.0,0.0,0.0,0.0,0.0,196.0,125.0,595.0,524.0,30.0,1.0,336.0,1047.0,2.0,0.0,0.0,314.0,13.0,4.0,Midfielder,8.40625
1514.0,Gerónimo Rulli,Rulli,male,1992-05-20T00:00:00+00:00,84.0,189.0,Villarreal CF,VIL,https://assets.laliga.com/assets/2019/06/07/medium/villarreal.png,13.0,Goalkeeper,https://assets.laliga.com/squad/2021/t449/p106921/512x556/p106921_t449_2021_1_001_000.png,12.0,32.0,0.0,0.0,0.0,19.0,14.0,14.0,0.0,28.0,1.0,0.0,0.0,795.0,1.0,0.0,75.0,0.0,0.0,0.0,1.0,163.0,84.0,808.0,729.0,31.0,0.0,241.0,1126.0,0.0,0.0,0.0,222.0,12.0,2.0,Midfielder,8.375
608.0,Francisco Casilla Cortés,K. Casilla,male,1986-10-02T00:00:00+00:00,86.0,190.0,Elche CF,ELC,https://assets.laliga.com/assets/2019/06/07/medium/elche.png,1.0,Goalkeeper,https://assets.laliga.com/squad/2021/t954/p39790/512x556/p39790_t954_2021_1_001_000.png,3.0,14.0,0.0,0.0,0.0,7.0,3.0,5.0,0.0,17.0,1.0,1.0,0.0,202.0,0.0,0.0,43.0,0.0,0.0,0.0,0.0,102.0,58.0,194.0,150.0,10.0,0.0,163.0,407.0,0.0,0.0,0.0,151.0,4.0,3.0,Defender,8.285714285714286
753.0,Juan Carlos Martín,Juan Carlos,male,1988-01-20T00:00:00+00:00,85.0,186.0,Girona FC,GIR,https://assets.laliga.com/assets/2019/06/07/medium/girona.png,1.0,Goalkeeper,https://assets.laliga.com/squad/2021/t2893/p88279/512x556/p88279_t2893_2021_1_001_000.png,9.0,40.0,0.0,0.0,0.0,19.0,14.0,14.0,0.0,40.0,1.0,0.0,0.0,606.0,0.0,0.0,109.0,0.0,0.0,0.0,1.0,166.0,61.0,763.0,658.0,29.0,1.0,219.0,1040.0,3.0,0.0,0.0,207.0,9.0,5.0,Forward,8.275
1930.0,Manuel Reina,M. Reina,male,1985-04-01T00:00:00+00:00,81.0,186.0,RCD Mallorca,MLL,https://assets.laliga.com/assets/2019/06/07/medium/mallorca.png,1.0,Goalkeeper,https://assets.laliga.com/squad/2021/t181/p32298/512x556/p32298_t181_2021_1_001_000.png,6.0,21.0,0.0,0.0,0.0,13.0,8.0,10.0,0.0,26.0,1.0,0.0,0.0,258.0,1.0,0.0,52.0,0.0,1.0,0.0,0.0,150.0,108.0,238.0,196.0,12.0,0.0,235.0,574.0,0.0,0.0,0.0,227.0,1.0,5.0,Forward,8.261904761904763
13149.0,José Javier Belman Calvo,Belman,male,1998-10-04T00:00:00+00:00,80.0,184.0,CF Fuenlabrada,FUE,https://assets.laliga.com/assets/2019/06/07/medium/fuenlabrada.png,31.0,Goalkeeper,https://assets.laliga.com/squad/2021/t7104/p223768/512x556/p223768_t7104_2021_1_001_000.png,0.0,5.0,0.0,0.0,0.0,2.0,1.0,1.0,0.0,12.0,1.0,0.0,0.0,56.0,1.0,1.0,14.0,0.0,0.0,0.0,0.0,38.0,34.0,27.0,23.0,4.0,0.0,71.0,129.0,0.0,0.0,0.0,68.0,0.0,0.0,Defender,8.2
7570.0,Francisco Barbosa Vieites,F. Vieites,male,1999-05-07T00:00:00+00:00,88.0,196.0,CD Lugo,LUG,https://assets.laliga.com/assets/2019/06/07/medium/lugo.png,34.0,Goalkeeper,https://assets.laliga.com/squad/2021/t5730/p447091/512x556/p447091_t5730_2021_1_001_000.png,4.0,12.0,0.0,0.0,0.0,12.0,2.0,6.0,0.0,15.0,1.0,0.0,0.0,129.0,0.0,0.0,34.0,0.0,0.0,0.0,1.0,105.0,92.0,86.0,73.0,11.0,1.0,160.0,332.0,0.0,0.0,0.0,152.0,2.0,2.0,Defender,8.166666666666666
2001.0,Unai Simón,Unai Simon,male,1997-06-11T00:00:00+00:00,88.0,190.0,Athletic Club,ATH,https://assets.laliga.com/assets/2019/06/07/medium/athletic.png,1.0,Goalkeeper,https://assets.laliga.com/squad/2021/t174/p212769/512x556/p212769_t174_2021_1_001_000.png,8.0,34.0,0.0,0.0,0.0,27.0,12.0,8.0,0.0,31.0,1.0,1.0,0.0,408.0,0.0,0.0,83.0,0.0,0.0,0.0,0.0,172.0,108.0,389.0,325.0,15.0,0.0,256.0,746.0,0.0,0.0,0.0,242.0,7.0,3.0,Midfielder,8.147058823529411
12131.0,Diego Altube,Altube,male,2000-02-22T00:00:00+00:00,87.0,188.0,CF Fuenlabrada,FUE,https://assets.laliga.com/assets/2019/06/07/medium/fuenlabrada.png,26.0,Goalkeeper,https://assets.laliga.com/squad/2021/t7104/p440014/512x556/p440014_t7104_2021_1_001_000.png,3.0,24.0,0.0,0.0,0.0,14.0,6.0,5.0,0.0,31.0,0.0,0.0,0.0,257.0,0.0,0.0,70.0,0.0,0.0,0.0,0.0,240.0,219.0,102.0,81.0,15.0,0.0,360.0,677.0,0.0,0.0,0.0,352.0,4.0,2.0,Goalkeeper,8.125
5889.0,Rui Tiago Dantas da Silva,Rui Silva,male,1994-02-07T00:00:00+00:00,91.0,191.0,Real Betis,BET,https://assets.laliga.com/assets/2019/06/07/medium/betis.png,13.0,Goalkeeper,https://assets.laliga.com/squad/2021/t185/p124097/512x556/p124097_t185_2021_1_001_000.png,4.0,22.0,0.0,0.0,0.0,14.0,8.0,7.0,0.0,21.0,1.0,0.0,0.0,323.0,0.0,0.0,55.0,0.0,0.0,0.0,0.0,129.0,54.0,367.0,292.0,17.0,1.0,213.0,629.0,1.0,0.0,0.0,203.0,5.0,2.0,Goalkeeper,8.068181818181818
462.0,Raúl Lizoain,Raúl Lizoain,male,1991-01-27T00:00:00+00:00,83.0,188.0,CD Mirandés,MIR,https://assets.laliga.com/assets/2019/06/07/medium/mirandes.png,13.0,Goalkeeper,https://assets.laliga.com/squad/2021/t5741/p91022/512x556/p91022_t5741_2021_1_001_000.png,19.0,39.0,0.0,0.0,0.0,29.0,7.0,36.0,0.0,59.0,0.0,1.0,0.0,512.0,0.0,0.0,115.0,0.0,0.0,0.0,3.0,244.0,143.0,464.0,363.0,42.0,0.0,425.0,1024.0,2.0,1.0,0.0,412.0,5.0,1.0,Forward,7.871794871794871
1669.0,David Soria,David Soria,male,1993-04-04T00:00:00+00:00,85.0,192.0,Getafe CF,GET,https://assets.laliga.com/assets/2019/06/07/medium/getafe.png,13.0,Goalkeeper,https://assets.laliga.com/squad/2021/t1450/p175204/512x556/p175204_t1450_2021_1_001_000.png,16.0,38.0,0.0,0.0,0.0,20.0,13.0,18.0,0.0,41.0,0.0,0.0,0.0,471.0,1.0,0.0,94.0,0.0,0.0,0.0,0.0,397.0,277.0,273.0,153.0,47.0,1.0,540.0,1079.0,1.0,0.0,0.0,524.0,5.0,4.0,Defender,7.868421052631579
1194.0,Ander Cantero,Cantero,male,1995-01-09T00:00:00+00:00,82.0,189.0,SD Eibar,EIB,https://assets.laliga.com/assets/2019/06/07/medium/eibar.png,1.0,Goalkeeper,https://assets.laliga.com/squad/2021/t953/p167177/512x556/p167177_t953_2021_1_001_000.png,7.0,26.0,0.0,0.0,0.0,24.0,10.0,9.0,0.0,28.0,0.0,0.0,0.0,298.0,0.0,0.0,55.0,0.0,0.0,0.0,0.0,156.0,118.0,268.0,230.0,26.0,0.0,240.0,624.0,1.0,0.0,0.0,234.0,4.0,1.0,Midfielder,7.519230769230769
810.0,Daniel Jimenez Lopez,D. Jimenez,male,1990-03-05T00:00:00+00:00,72.0,179.0,CD Leganés,LEG,https://assets.laliga.com/assets/2019/06/07/medium/leganes.png,25.0,Goalkeeper,https://assets.laliga.com/squad/2021/t957/p78627/512x556/p78627_t957_2021_1_001_000.png,1.0,13.0,1.0,0.0,0.0,8.0,3.0,2.0,0.0,17.0,1.0,0.0,0.0,161.0,2.0,0.0,27.0,0.0,0.0,0.0,0.0,85.0,47.0,134.0,96.0,6.0,0.0,112.0,291.0,0.0,0.0,0.0,108.0,2.0,0.0,Goalkeeper,7.5
3235.0,Jasper Cillessen,Cillessen,male,1989-04-22T00:00:00+00:00,83.0,185.0,Valencia CF,VAL,https://assets.laliga.com/assets/2019/06/07/medium/valencia.png,13.0,Goalkeeper,https://assets.laliga.com/squad/2021/t191/p72162/512x556/p72162_t191_2021_1_001_000.png,2.0,17.0,0.0,0.0,0.0,4.0,3.0,2.0,0.0,29.0,1.0,0.0,0.0,210.0,1.0,0.0,50.0,0.0,0.0,0.0,0.0,118.0,78.0,152.0,112.0,13.0,0.0,148.0,376.0,0.0,0.0,0.0,145.0,1.0,1.0,Defender,7.470588235294118
12604.0,Unai Marino,Unai,male,1999-12-10T00:00:00+00:00,81.0,185.0,SD Amorebieta,AMO,https://assets.laliga.com/assets/2021/06/24/medium/7dcec1604142a8f60f876e4c7e839da7.png,30.0,Goalkeeper,https://assets.laliga.com/squad/2021/t6498/p490320/512x556/p490320_t6498_2021_1_001_000.png,0.0,10.0,0.0,0.0,0.0,6.0,0.0,0.0,0.0,17.0,0.0,0.0,0.0,68.0,1.0,0.0,29.0,0.0,0.0,0.0,0.0,90.0,82.0,18.0,10.0,3.0,0.0,166.0,264.0,0.0,0.0,0.0,164.0,0.0,0.0,Goalkeeper,7.45
2432.0,Roberto Jiménez,Roberto,male,1986-02-10T00:00:00+00:00,94.0,192.0,Real Valladolid CF,VLL,https://assets.laliga.com/assets/2019/06/07/medium/valladolid.png,13.0,Goalkeeper,https://assets.laliga.com/squad/2021/t192/p40694/512x556/p40694_t192_2021_1_001_000.png,3.0,19.0,0.0,0.0,0.0,1.0,7.0,5.0,0.0,23.0,0.0,0.0,0.0,334.0,1.0,0.0,47.0,0.0,0.0,0.0,0.0,94.0,50.0,353.0,309.0,17.0,0.0,139.0,541.0,1.0,0.0,0.0,134.0,4.0,2.0,Defender,7.421052631578948
12716.0,Daniel Cárdenas,Cárdenas,male,1997-03-28T00:00:00+00:00,80.0,186.0,Levante UD,LEV,https://assets.laliga.com/assets/2019/06/07/medium/levante.png,34.0,Goalkeeper,https://assets.laliga.com/squad/2021/t855/p491436/512x556/p491436_t855_2021_1_001_000.png,2.0,24.0,0.0,0.0,0.0,9.0,5.0,6.0,0.0,46.0,1.0,1.0,0.0,329.0,0.0,0.0,74.0,0.0,0.0,0.0,0.0,127.0,54.0,356.0,283.0,25.0,0.0,229.0,637.0,1.0,0.0,0.0,219.0,8.0,3.0,Midfielder,7.395833333333333
12112.0,Joan Femenias,J. Femenias,male,1996-08-19T00:00:00+00:00,79.0,189.0,Real Oviedo,OVI,https://assets.laliga.com/assets/2019/06/07/medium/oviedo.png,1.0,Goalkeeper,https://assets.laliga.com/squad/2021/t187/p240069/512x556/p240069_t187_2021_1_001_000.png,5.0,42.0,0.0,0.0,0.0,16.0,16.0,8.0,0.0,41.0,0.0,2.0,0.0,539.0,0.0,0.0,99.0,0.0,0.0,0.0,0.0,284.0,204.0,395.0,315.0,27.0,0.0,495.0,1087.0,1.0,0.0,0.0,480.0,8.0,3.0,Defender,7.392857142857143
982.0,Fernando Pacheco,Pacheco,male,1992-05-18T00:00:00+00:00,81.0,186.0,Deportivo Alavés,ALA,https://assets.laliga.com/assets/2020/09/01/medium/27002754a98bf535807fe49a24cc63ea.png,1.0,Goalkeeper,https://assets.laliga.com/squad/2021/t173/p91406/512x556/p91406_t173_2021_1_001_000.png,5.0,34.0,0.0,0.0,0.0,20.0,5.0,8.0,0.0,60.0,0.0,2.0,0.0,379.0,3.0,0.0,89.0,0.0,0.0,0.0,0.0,361.0,289.0,275.0,203.0,25.0,0.0,385.0,944.0,2.0,0.0,0.0,377.0,3.0,1.0,Defender,7.279411764705882
438.0,Asier Riesgo,Riesgo,male,1983-10-06T00:00:00+00:00,76.0,185.0,CD Leganés,LEG,https://assets.laliga.com/assets/2019/06/07/medium/leganes.png,13.0,Goalkeeper,https://assets.laliga.com/squad/2021/t957/p17973/512x556/p17973_t957_2021_1_001_000.png,6.0,20.0,0.0,0.0,0.0,15.0,7.0,8.0,0.0,17.0,0.0,0.0,0.0,228.0,0.0,0.0,42.0,0.0,0.0,0.0,0.0,143.0,92.0,226.0,175.0,9.0,0.0,218.0,534.0,0.0,0.0,0.0,213.0,3.0,2.0,Midfielder,7.275
1290.0,Antonio Sivera,Sivera,male,1996-08-11T00:00:00+00:00,75.0,184.0,Deportivo Alavés,ALA,https://assets.laliga.com/assets/2020/09/01/medium/27002754a98bf535807fe49a24cc63ea.png,13.0,Goalkeeper,https://assets.laliga.com/squad/2021/t173/p176245/512x556/p176245_t173_2021_1_001_000.png,0.0,4.0,0.0,0.0,0.0,2.0,0.0,0.0,0.0,4.0,0.0,0.0,0.0,37.0,0.0,0.0,12.0,0.0,0.0,0.0,0.0,30.0,25.0,32.0,27.0,2.0,0.0,41.0,98.0,0.0,0.0,0.0,41.0,0.0,1.0,Goalkeeper,7.25
14848.0,Ivo Grbic,Grbić,male,1996-01-18T00:00:00+00:00,83.0,195.0,LOSC,LIL,https://assets.laliga.com/assets/2021/03/11/medium/d706703d7789124be476fca8b5c49e46.png,1.0,Goalkeeper,,11.0,21.0,0.0,0.0,0.0,14.0,2.0,14.0,0.0,28.0,0.0,0.0,0.0,250.0,0.0,0.0,59.0,0.0,0.0,0.0,1.0,108.0,74.0,238.0,204.0,23.0,0.0,191.0,498.0,0.0,0.0,0.0,182.0,4.0,3.0,Goalkeeper,7.166666666666667
7427.0,Cristian Rivero,C.rivero,male,1998-03-21T00:00:00+00:00,75.0,188.0,AD Alcorcón,ALC,https://assets.laliga.com/assets/2019/06/07/medium/alcorcon.png,13.0,Goalkeeper,,0.0,3.0,0.0,0.0,0.0,0.0,0.0,0.0,0.0,6.0,0.0,0.0,0.0,42.0,0.0,0.0,11.0,0.0,0.0,0.0,0.0,22.0,14.0,34.0,26.0,3.0,0.0,27.0,75.0,0.0,0.0,0.0,27.0,0.0,0.0,Defender,7.166666666666667
7427.0,Cristian Rivero,C.rivero,male,1998-03-21T00:00:00+00:00,75.0,188.0,AD Alcorcón,ALC,https://assets.laliga.com/assets/2019/06/07/medium/alcorcon.png,13.0,Goalkeeper,,0.0,3.0,0.0,0.0,0.0,0.0,0.0,0.0,0.0,6.0,0.0,0.0,0.0,42.0,0.0,0.0,11.0,0.0,0.0,0.0,0.0,22.0,14.0,34.0,26.0,3.0,0.0,27.0,75.0,0.0,0.0,0.0,27.0,0.0,0.0,Goalkeeper,7.166666666666667
515.0,Adrià Ortolá,Ortolá,male,1993-08-20T00:00:00+00:00,74.0,187.0,Girona FC,GIR,https://assets.laliga.com/assets/2019/06/07/medium/girona.png,13.0,Goalkeeper,https://assets.laliga.com/squad/2021/t2893/p94220/512x556/p94220_t2893_2021_1_001_000.png,1.0,4.0,0.0,0.0,0.0,1.0,1.0,1.0,0.0,3.0,0.0,0.0,0.0,125.0,0.0,0.0,10.0,0.0,1.0,0.0,0.0,22.0,3.0,151.0,132.0,3.0,0.0,24.0,177.0,0.0,0.0,0.0,22.0,1.0,1.0,Forward,7.125
1307.0,Aarón Escandell,Aarón,male,1995-09-27T00:00:00+00:00,71.0,185.0,Granada CF,GRA,https://assets.laliga.com/assets/2019/06/07/medium/granada.png,13.0,Goalkeeper,https://assets.laliga.com/squad/2021/t5683/p176278/512x556/p176278_t5683_2021_1_001_000.png,0.0,4.0,0.0,0.0,0.0,3.0,1.0,1.0,0.0,6.0,0.0,0.0,0.0,45.0,0.0,0.0,10.0,0.0,1.0,0.0,0.0,38.0,27.0,32.0,21.0,5.0,0.0,56.0,115.0,0.0,0.0,0.0,55.0,1.0,1.0,Goalkeeper,7.125
6350.0,Luca Zidane,Luca,male,1998-05-13T00:00:00+00:00,78.0,183.0,Rayo Vallecano,RAY,https://assets.laliga.com/assets/2019/06/07/medium/rayo.png,1.0,Goalkeeper,https://assets.laliga.com/squad/2021/t184/p199673/512x556/p199673_t184_2021_1_001_000.png,1.0,8.0,0.0,0.0,0.0,6.0,0.0,4.0,0.0,13.0,0.0,0.0,0.0,117.0,0.0,0.0,24.0,0.0,1.0,0.0,2.0,59.0,27.0,104.0,72.0,4.0,1.0,59.0,189.0,0.0,0.0,0.0,57.0,1.0,0.0,Defender,7.0
16406.0,Unai Marrero,Marrero,male,2001-10-09T00:00:00+00:00,,,R. Sociedad B,RSOB,https://assets.laliga.com/assets/2019/06/07/medium/real-sociedad.png,32.0,Goalkeeper,https://assets.laliga.com/squad/2021/t3567/p523062/512x556/p523062_t3567_2021_1_001_000.png,0.0,2.0,0.0,0.0,0.0,0.0,1.0,0.0,0.0,1.0,0.0,0.0,0.0,25.0,0.0,0.0,4.0,0.0,0.0,0.0,0.0,4.0,4.0,31.0,31.0,1.0,0.0,16.0,51.0,0.0,0.0,0.0,16.0,0.0,0.0,Goalkeeper,7.0
16406.0,Unai Marrero,Marrero,male,2001-10-09T00:00:00+00:00,,,R. Sociedad B,RSOB,https://assets.laliga.com/assets/2019/06/07/medium/real-sociedad.png,32.0,Goalkeeper,https://assets.laliga.com/squad/2021/t3567/p523062/512x556/p523062_t3567_2021_1_001_000.png,0.0,2.0,0.0,0.0,0.0,0.0,1.0,0.0,0.0,1.0,0.0,0.0,0.0,25.0,0.0,0.0,4.0,0.0,0.0,0.0,0.0,4.0,4.0,31.0,31.0,1.0,0.0,16.0,51.0,0.0,0.0,0.0,16.0,0.0,0.0,Goalkeeper,7.0
2681.0,Norberto Murara Neto,Neto,male,1989-07-19T00:00:00+00:00,84.0,190.0,FC Barcelona,BAR,https://assets.laliga.com/assets/2019/06/07/medium/barcelona.png,13.0,Goalkeeper,https://assets.laliga.com/squad/2021/t178/p69752/512x556/p69752_t178_2021_1_001_000.png,0.0,3.0,0.0,0.0,0.0,0.0,0.0,0.0,0.0,4.0,0.0,1.0,0.0,82.0,0.0,0.0,10.0,0.0,0.0,0.0,0.0,32.0,10.0,79.0,57.0,3.0,0.0,24.0,112.0,0.0,0.0,0.0,18.0,5.0,0.0,Goalkeeper,7.0
1339.0,Marc-André ter Stegen,Ter Stegen,male,1992-04-30T00:00:00+00:00,85.0,187.0,FC Barcelona,BAR,https://assets.laliga.com/assets/2019/06/07/medium/barcelona.png,1.0,Goalkeeper,https://assets.laliga.com/squad/2021/t178/p77318/512x556/p77318_t178_2021_1_001_000.png,7.0,35.0,0.0,0.0,0.0,10.0,11.0,13.0,0.0,34.0,1.0,1.0,0.0,851.0,1.0,0.0,76.0,0.0,0.0,0.0,2.0,220.0,63.0,907.0,750.0,22.0,0.0,168.0,1129.0,0.0,0.0,0.0,141.0,18.0,3.0,Forward,6.742857142857143
15591.0,Gaizka Ayesa,Ayesa,male,2001-04-02T00:00:00+00:00,,182.0,R. Sociedad B,RSOB,https://assets.laliga.com/assets/2019/06/07/medium/real-sociedad.png,1.0,Goalkeeper,https://assets.laliga.com/squad/2021/t3567/p508455/512x556/p508455_t3567_2021_1_001_000.png,5.0,21.0,0.0,0.0,0.0,14.0,1.0,7.0,0.0,36.0,0.0,1.0,0.0,421.0,0.0,0.0,60.0,0.0,0.0,0.0,0.0,96.0,44.0,460.0,408.0,17.0,0.0,153.0,652.0,1.0,0.0,1.0,133.0,15.0,0.0,Midfielder,6.666666666666667
15591.0,Gaizka Ayesa,Ayesa,male,2001-04-02T00:00:00+00:00,,182.0,R. Sociedad B,RSOB,https://assets.laliga.com/assets/2019/06/07/medium/real-sociedad.png,1.0,Goalkeeper,https://assets.laliga.com/squad/2021/t3567/p508455/512x556/p508455_t3567_2021_1_001_000.png,5.0,21.0,0.0,0.0,0.0,14.0,1.0,7.0,0.0,36.0,0.0,1.0,0.0,421.0,0.0,0.0,60.0,0.0,0.0,0.0,0.0,96.0,44.0,460.0,408.0,17.0,0.0,153.0,652.0,1.0,0.0,1.0,133.0,15.0,0.0,Forward,6.666666666666667
680.0,Claudio Bravo,C. Bravo,male,1983-04-13T00:00:00+00:00,80.0,184.0,Real Betis,BET,https://assets.laliga.com/assets/2019/06/07/medium/betis.png,25.0,Goalkeeper,https://assets.laliga.com/squad/2021/t185/p33148/512x556/p33148_t185_2021_1_001_000.png,6.0,17.0,0.0,0.0,0.0,6.0,5.0,7.0,0.0,19.0,0.0,1.0,0.0,254.0,0.0,0.0,39.0,0.0,0.0,0.0,0.0,120.0,72.0,209.0,161.0,14.0,1.0,175.0,451.0,0.0,0.0,0.0,167.0,3.0,2.0,Defender,6.617647058823529
23368.0,Jesús Owono,Owono,male,2001-03-01T00:00:00+00:00,67.0,183.0,Deportivo Alavés,ALA,https://assets.laliga.com/assets/2020/09/01/medium/27002754a98bf535807fe49a24cc63ea.png,31.0,Goalkeeper,https://assets.laliga.com/squad/2021/t173/p470312/512x556/p470312_t173_2021_1_001_000.png,0.0,1.0,0.0,0.0,0.0,0.0,0.0,0.0,0.0,1.0,0.0,0.0,0.0,8.0,0.0,0.0,3.0,0.0,0.0,0.0,0.0,8.0,6.0,3.0,1.0,1.0,0.0,12.0,21.0,0.0,0.0,0.0,12.0,0.0,0.0,Defender,6.5
292.0,Raúl Fernández,Raúl F.,male,1988-03-13T00:00:00+00:00,92.0,195.0,UD Las Palmas,LPA,https://assets.laliga.com/assets/2019/06/07/medium/las-palmas.png,1.0,Goalkeeper,https://assets.laliga.com/squad/2021/t407/p49214/512x556/p49214_t407_2021_1_001_000.png,6.0,28.0,0.0,0.0,0.0,19.0,8.0,11.0,0.0,34.0,1.0,0.0,0.0,354.0,0.0,0.0,59.0,0.0,0.0,0.0,0.0,89.0,33.0,417.0,361.0,23.0,1.0,164.0,610.0,2.0,0.0,0.0,158.0,2.0,3.0,Midfielder,6.5
4625.0,Luis Alberto García,Lucho Garcia,male,1998-03-20T00:00:00+00:00,84.0,188.0,SD Ponferradina,PON,https://assets.laliga.com/assets/2021/06/24/medium/20f0382ea9163a771b3e01bbe7cf78b7.png,13.0,Goalkeeper,https://assets.laliga.com/squad/2021/t3090/p219198/512x556/p219198_t3090_2021_1_001_000.png,1.0,6.0,0.0,0.0,0.0,1.0,0.0,3.0,0.0,9.0,1.0,0.0,0.0,89.0,0.0,0.0,18.0,0.0,0.0,0.0,0.0,44.0,31.0,58.0,45.0,7.0,0.0,74.0,162.0,0.0,0.0,0.0,73.0,0.0,1.0,Midfielder,6.25
316.0,Roberto Santamaría,Santamaría,male,1985-02-27T00:00:00+00:00,75.0,183.0,SD Amorebieta,AMO,https://assets.laliga.com/assets/2021/06/24/medium/7dcec1604142a8f60f876e4c7e839da7.png,13.0,Goalkeeper,https://assets.laliga.com/squad/2021/t6498/p21062/512x556/p21062_t6498_2021_1_001_000.png,2.0,24.0,0.0,0.0,0.0,11.0,3.0,4.0,0.0,33.0,0.0,1.0,0.0,282.0,1.0,0.0,55.0,0.0,0.0,0.0,0.0,276.0,227.0,136.0,87.0,8.0,1.0,325.0,683.0,0.0,0.0,0.0,317.0,3.0,1.0,Midfielder,6.083333333333333
1470.0,Jan Oblak,Oblak,male,1993-01-07T00:00:00+00:00,87.0,188.0,Atlético de Madrid,ATM,https://assets.laliga.com/assets/2019/06/07/medium/atletico.png,13.0,Goalkeeper,https://assets.laliga.com/squad/2021/t175/p81352/512x556/p81352_t175_2021_1_001_000.png,8.0,38.0,0.0,0.0,0.0,23.0,12.0,16.0,0.0,43.0,1.0,0.0,0.0,467.0,1.0,0.0,66.0,0.0,0.0,0.0,2.0,207.0,116.0,371.0,280.0,17.0,0.0,456.0,938.0,0.0,1.0,0.0,446.0,5.0,1.0,Midfielder,5.9605263157894735
4658.0,Álvaro Ratón,A. Ratón,male,1993-01-29T00:00:00+00:00,84.0,192.0,Real Zaragoza,ZAR,https://assets.laliga.com/assets/2019/06/07/medium/zaragoza.png,13.0,Goalkeeper,https://assets.laliga.com/squad/2021/t190/p230038/512x556/p230038_t190_2021_1_001_000.png,0.0,4.0,0.0,0.0,0.0,3.0,1.0,1.0,0.0,6.0,0.0,1.0,0.0,78.0,0.0,0.0,8.0,0.0,0.0,0.0,1.0,25.0,15.0,86.0,76.0,4.0,0.0,18.0,118.0,0.0,0.0,0.0,17.0,0.0,0.0,Midfielder,5.875
1121.0,Jaume Doménech,Domenech,male,1990-11-05T00:00:00+00:00,73.0,185.0,Valencia CF,VAL,https://assets.laliga.com/assets/2019/06/07/medium/valencia.png,1.0,Goalkeeper,https://assets.laliga.com/squad/2021/t191/p116732/512x556/p116732_t191_2021_1_001_000.png,0.0,4.0,0.0,0.0,0.0,1.0,1.0,0.0,0.0,4.0,0.0,0.0,0.0,45.0,0.0,0.0,8.0,0.0,0.0,0.0,0.0,36.0,24.0,34.0,22.0,4.0,0.0,42.0,100.0,0.0,0.0,0.0,42.0,0.0,2.0,Midfielder,5.625
1462.0,Daniel Hernández,Dani H.,male,1985-10-21T00:00:00+00:00,89.0,196.0,CD Tenerife,TEN,https://assets.laliga.com/assets/2019/06/07/medium/tenerife.png,13.0,Goalkeeper,https://assets.laliga.com/squad/2021/t612/p76559/512x556/p76559_t612_2021_1_001_000.png,0.0,1.0,0.0,0.0,0.0,0.0,0.0,0.0,0.0,2.0,0.0,0.0,0.0,6.0,0.0,0.0,3.0,0.0,0.0,0.0,0.0,3.0,2.0,6.0,5.0,0.0,0.0,4.0,12.0,0.0,0.0,0.0,4.0,0.0,0.0,Defender,5.5
4655.0,Iván Villar,Ivan Villar,male,1997-07-09T00:00:00+00:00,76.0,183.0,CD Leganés,LEG,https://assets.laliga.com/assets/2019/06/07/medium/leganes.png,1.0,Goalkeeper,https://assets.laliga.com/squad/2021/t957/p234580/512x556/p234580_t957_2021_1_001_000.png,0.0,10.0,0.0,0.0,0.0,6.0,1.0,1.0,0.0,17.0,0.0,0.0,0.0,122.0,0.0,0.0,23.0,0.0,0.0,0.0,0.0,56.0,40.0,96.0,80.0,2.0,0.0,97.0,232.0,0.0,0.0,0.0,95.0,1.0,0.0,Goalkeeper,5.45
754.0,Mikel Saizar,M.m. Saizar,male,1983-01-18T00:00:00+00:00,84.0,189.0,SD Amorebieta,AMO,https://assets.laliga.com/assets/2021/06/24/medium/7dcec1604142a8f60f876e4c7e839da7.png,1.0,Goalkeeper,https://assets.laliga.com/squad/2021/t6498/p17511/512x556/p17511_t6498_2021_1_001_000.png,3.0,10.0,0.0,0.0,0.0,8.0,3.0,4.0,0.0,13.0,0.0,1.0,0.0,130.0,1.0,0.0,12.0,0.0,0.0,0.0,0.0,140.0,129.0,39.0,28.0,8.0,0.0,170.0,331.0,0.0,0.0,0.0,162.0,1.0,1.0,Forward,5.4
1348.0,Daniel Barrio,Dani Barrio,male,1987-02-10T00:00:00+00:00,79.0,191.0,Málaga CF,MGA,https://assets.laliga.com/assets/2019/06/07/medium/malaga.png,1.0,Goalkeeper,https://assets.laliga.com/squad/2021/t182/p107745/512x556/p107745_t182_2021_1_001_000.png,3.0,14.0,0.0,0.0,0.0,8.0,3.0,4.0,0.0,17.0,0.0,0.0,0.0,152.0,0.0,0.0,26.0,0.0,0.0,0.0,0.0,66.0,39.0,156.0,129.0,12.0,0.0,121.0,312.0,0.0,0.0,0.0,115.0,2.0,2.0,Goalkeeper,5.357142857142857
13052.0,Dominik Greif,Greif,male,1997-04-06T00:00:00+00:00,82.0,197.0,RCD Mallorca,MLL,https://assets.laliga.com/assets/2019/06/07/medium/mallorca.png,13.0,Goalkeeper,https://assets.laliga.com/squad/2021/t181/p212873/512x556/p212873_t181_2021_1_001_000.png,0.0,1.0,0.0,0.0,0.0,0.0,0.0,0.0,0.0,3.0,0.0,0.0,0.0,13.0,0.0,0.0,3.0,0.0,0.0,0.0,0.0,4.0,1.0,13.0,10.0,0.0,0.0,11.0,25.0,0.0,0.0,0.0,11.0,0.0,0.0,Midfielder,4.5
1293.0,Sergio Rico,Sergio Rico,male,1993-09-01T00:00:00+00:00,90.0,195.0,RCD Mallorca,MLL,https://assets.laliga.com/assets/2019/06/07/medium/mallorca.png,25.0,Goalkeeper,https://assets.laliga.com/squad/2021/t181/p94248/512x556/p94248_t181_2021_1_001_000.png,2.0,14.0,0.0,0.0,0.0,1.0,1.0,2.0,0.0,29.0,0.0,1.0,0.0,155.0,1.0,0.0,30.0,0.0,0.0,0.0,0.0,105.0,76.0,119.0,90.0,9.0,0.0,115.0,310.0,0.0,0.0,0.0,114.0,1.0,0.0,Midfielder,4.464285714285714
12086.0,Catalina Coll,Cata Coll,female,2001-04-23T00:00:00+00:00,,170.0,FC Barcelona,FCB,https://assets.laliga.com/assets/2019/06/07/medium/fc-barcelona-femenino.png,13.0,Goalkeeper,https://assets.laliga.com/squad/2021/t9121/p460040/512x556/p460040_t9121_2021_0_001_000.png,0.0,8.0,0.0,0.0,0.0,0.0,5.0,0.0,0.0,3.0,0.0,0.0,0.0,0.0,0.0,0.0,0.0,0.0,0.0,0.0,0.0,0.0,0.0,0.0,0.0,0.0,0.0,0.0,0.0,0.0,0.0,0.0,0.0,0.0,0.0,Midfielder,2.75
14768.0,Hedvig Lindahl,Hedvig Lindahl,female,1983-04-29T00:00:00+00:00,70.0,179.0,At. Madrid Femenino,ATM,https://assets.laliga.com/assets/2019/06/07/medium/atletico-feminas.png,1.0,Goalkeeper,https://assets.laliga.com/squad/2021/t11212/p96703/512x556/p96703_t11212_2021_1_001_000.png,0.0,8.0,0.0,0.0,0.0,0.0,4.0,0.0,0.0,5.0,0.0,0.0,0.0,0.0,0.0,0.0,0.0,0.0,0.0,0.0,0.0,0.0,0.0,0.0,0.0,0.0,0.0,0.0,0.0,0.0,0.0,0.0,0.0,0.0,0.0,Goalkeeper,1.875
12772.0,Elene Lete,Elene Lete,female,2002-05-07T00:00:00+00:00,66.0,173.0,Real Sociedad,RSO,https://assets.laliga.com/assets/2019/06/07/medium/real-sociedad.png,25.0,Goalkeeper,https://assets.laliga.com/squad/2021/t13324/p492095/512x556/p492095_t13324_2021_0_001_000.png,0.0,22.0,0.0,0.0,0.0,0.0,11.0,0.0,0.0,14.0,0.0,0.0,0.0,0.0,0.0,0.0,0.0,0.0,0.0,0.0,0.0,0.0,0.0,0.0,0.0,0.0,0.0,0.0,0.0,0.0,0.0,0.0,0.0,0.0,0.0,Midfielder,1.8636363636363635
4539.0,Andreea Paraluta,Andreea Paraluta,female,1994-11-27T00:00:00+00:00,63.0,172.0,Levante UD,LUD,https://assets.laliga.com/assets/2019/06/07/medium/levante-femenino.png,13.0,Goalkeeper,https://assets.laliga.com/squad/2021/t13319/p429656/512x556/p429656_t13319_2021_1_001_000.png,0.0,14.0,0.0,0.0,0.0,0.0,8.0,0.0,0.0,14.0,0.0,0.0,0.0,0.0,0.0,0.0,0.0,0.0,0.0,0.0,0.0,0.0,0.0,0.0,0.0,0.0,0.0,0.0,0.0,0.0,0.0,0.0,0.0,0.0,3.0,Forward,1.8571428571428572
1814.0,Juan Pérez,Juan Perez,male,1996-07-15T00:00:00+00:00,83.0,187.0,CA Osasuna,OSA,https://assets.laliga.com/assets/2019/06/07/medium/osasuna.png,13.0,Goalkeeper,https://assets.laliga.com/squad/2021/t450/p208765/512x556/p208765_t450_2021_1_001_000.png,0.0,2.0,0.0,0.0,0.0,1.0,0.0,0.0,0.0,3.0,0.0,0.0,0.0,20.0,0.0,0.0,2.0,0.0,0.0,0.0,0.0,11.0,6.0,8.0,3.0,2.0,0.0,21.0,35.0,0.0,0.0,0.0,19.0,2.0,0.0,Defender,1.75
835.0,Luis Hernández,Luis Hernández,male,1989-04-14T00:00:00+00:00,75.0,183.0,Cádiz CF,CAD,https://assets.laliga.com/assets/2019/06/07/medium/cadiz.png,23.0,Defender,https://assets.laliga.com/squad/2021/t1737/p130025/512x556/p130025_t1737_2021_1_001_000.png,16.0,16.0,0.0,0.0,3.0,0.0,8.0,30.0,0.0,13.0,16.0,5.0,1.0,665.0,0.0,0.0,0.0,2.0,0.0,2.0,0.0,54.0,193.0,400.0,537.0,33.0,9.0,188.0,699.0,9.0,15.0,0.0,56.0,52.0,5.0,Goalkeeper,1.6875
5906.0,María Isabel Rodríguez,Misa Rodríguez,female,1999-07-22T00:00:00+00:00,66.0,173.0,Real Madrid Femenino,RMA,https://assets.laliga.com/assets/2019/06/07/medium/real-madrid.png,1.0,Goalkeeper,,0.0,27.0,0.0,0.0,0.0,0.0,14.0,0.0,0.0,26.0,0.0,0.0,0.0,0.0,0.0,0.0,0.0,0.0,0.0,0.0,0.0,0.0,0.0,0.0,0.0,0.0,0.0,0.0,0.0,0.0,0.0,0.0,0.0,0.0,0.0,Goalkeeper,1.6296296296296295
1585.0,Jesús Vallejo,Vallejo,male,1997-01-05T00:00:00+00:00,79.0,184.0,Real Madrid,RMA,https://assets.laliga.com/assets/2019/06/07/medium/real-madrid.png,5.0,Defender,https://assets.laliga.com/squad/2021/t186/p178876/512x556/p178876_t186_2021_1_001_000.png,11.0,5.0,0.0,0.0,8.0,0.0,2.0,21.0,0.0,2.0,6.0,1.0,0.0,202.0,0.0,0.0,0.0,0.0,0.0,0.0,2.0,7.0,41.0,140.0,174.0,15.0,4.0,33.0,209.0,7.0,2.0,2.0,13.0,15.0,1.0,Goalkeeper,1.6
8228.0,Javier Díaz,Javi Diaz,male,1997-05-15T00:00:00+00:00,75.0,184.0,Sevilla FC,SEV,https://assets.laliga.com/assets/2019/06/07/medium/sevilla.png,31.0,Goalkeeper,https://assets.laliga.com/squad/2021/t179/p451787/512x556/p451787_t179_2021_1_001_000.png,0.0,1.0,0.0,0.0,0.0,0.0,0.0,0.0,0.0,1.0,0.0,0.0,0.0,24.0,0.0,0.0,1.0,0.0,0.0,0.0,0.0,7.0,0.0,26.0,19.0,0.0,0.0,6.0,32.0,0.0,0.0,0.0,5.0,1.0,0.0,Midfielder,1.5
12675.0,Jon Pacheco,Pacheco,male,2001-01-08T00:00:00+00:00,77.0,184.0,R. Sociedad B,RSOB,https://assets.laliga.com/assets/2019/06/07/medium/real-sociedad.png,12.0,Defender,,0.0,2.0,0.0,0.0,4.0,0.0,1.0,8.0,0.0,2.0,2.0,0.0,0.0,129.0,0.0,0.0,0.0,0.0,0.0,0.0,0.0,3.0,27.0,96.0,120.0,5.0,2.0,16.0,137.0,6.0,0.0,0.0,6.0,8.0,1.0,Goalkeeper,1.5
12585.0,Diego Conde,Diego Conde,male,1998-10-28T00:00:00+00:00,,188.0,Getafe CF,GET,https://assets.laliga.com/assets/2019/06/07/medium/getafe.png,27.0,Goalkeeper,https://assets.laliga.com/squad/2021/t1450/p439597/512x556/p439597_t1450_2021_1_001_000.png,0.0,1.0,0.0,0.0,0.0,1.0,0.0,0.0,0.0,0.0,0.0,0.0,0.0,2.0,0.0,0.0,0.0,0.0,0.0,0.0,0.0,0.0,0.0,0.0,0.0,0.0,0.0,6.0,6.0,0.0,0.0,0.0,6.0,0.0,0.0,Defender,1.5
26557.0,Alejandro Primo,A. Primo,male,2004-07-10T00:00:00+00:00,,,Levante UD,LEV,https://assets.laliga.com/assets/2019/06/07/medium/levante.png,45.0,Goalkeeper,,0.0,1.0,0.0,0.0,0.0,0.0,0.0,0.0,0.0,1.0,0.0,0.0,0.0,16.0,0.0,0.0,1.0,0.0,0.0,0.0,0.0,3.0,2.0,18.0,17.0,0.0,0.0,5.0,25.0,0.0,0.0,0.0,5.0,0.0,0.0,Defender,1.5
25844.0,Víctor Olmo,Víctor Olmo,male,2001-06-17T00:00:00+00:00,,170.0,Málaga CF,MGA,https://assets.laliga.com/assets/2019/06/07/medium/malaga.png,43.0,Defender,,5.0,3.0,0.0,0.0,0.0,0.0,1.0,16.0,0.0,1.0,7.0,0.0,0.0,122.0,0.0,0.0,0.0,0.0,0.0,1.0,1.0,3.0,50.0,48.0,94.0,3.0,2.0,42.0,122.0,5.0,1.0,2.0,6.0,19.0,1.0,Goalkeeper,1.3333333333333333
1714.0,Aritz Elustondo,Aritz,male,1994-03-28T00:00:00+00:00,71.0,180.0,Real Sociedad,RSO,https://assets.laliga.com/assets/2019/06/07/medium/real-sociedad.png,6.0,Defender,https://assets.laliga.com/squad/2021/t188/p200957/512x556/p200957_t188_2021_1_001_000.png,56.0,30.0,1.0,0.0,13.0,0.0,12.0,103.0,4.0,21.0,29.0,0.0,2.0,1102.0,0.0,0.0,0.0,7.0,1.0,0.0,6.0,70.0,297.0,655.0,882.0,85.0,18.0,208.0,1136.0,21.0,14.0,1.0,77.0,107.0,3.0,Goalkeeper,1.3
4698.0,Srdjan Babic,Babic,male,1996-04-22T00:00:00+00:00,73.0,195.0,UD Almería,ALM,https://assets.laliga.com/assets/2019/06/07/medium/almeria.png,22.0,Defender,https://assets.laliga.com/squad/2021/t1564/p210977/512x556/p210977_t1564_2021_1_001_000.png,88.0,37.0,0.0,0.0,15.0,0.0,15.0,151.0,1.0,28.0,45.0,6.0,0.0,2079.0,0.0,0.0,0.0,3.0,0.0,2.0,9.0,127.0,536.0,1361.0,1768.0,130.0,41.0,269.0,2140.0,39.0,27.0,1.0,95.0,150.0,10.0,Goalkeeper,1.2702702702702702
4145.0,Jules Koundé,Kounde,male,1998-11-12T00:00:00+00:00,70.0,178.0,Sevilla FC,SEV,https://assets.laliga.com/assets/2019/06/07/medium/sevilla.png,23.0,Defender,https://assets.laliga.com/squad/2021/t179/p220325/512x556/p220325_t179_2021_1_001_000.png,77.0,32.0,1.0,0.0,18.0,0.0,13.0,169.0,2.0,25.0,21.0,16.0,2.0,2043.0,0.0,0.0,0.0,3.0,2.0,5.0,24.0,126.0,635.0,1235.0,1739.0,98.0,15.0,316.0,2099.0,40.0,52.0,15.0,89.0,145.0,2.0,Goalkeeper,1.25
8819.0,Gemma Font,Gemma Font,female,1999-10-23T00:00:00+00:00,60.0,165.0,FC Barcelona,FCB,https://assets.laliga.com/assets/2019/06/07/medium/fc-barcelona-femenino.png,24.0,Goalkeeper,https://assets.laliga.com/squad/2021/t9121/p460027/512x556/p460027_t9121_2021_0_001_000.png,0.0,6.0,0.0,0.0,0.0,0.0,2.0,0.0,0.0,3.0,0.0,0.0,0.0,0.0,0.0,0.0,0.0,0.0,0.0,0.0,0.0,0.0,0.0,0.0,0.0,0.0,0.0,0.0,0.0,0.0,0.0,0.0,0.0,0.0,0.0,Defender,1.1666666666666667
2528.0,Jennifer Hermoso,Jennifer Hermoso,female,1990-05-09T00:00:00+00:00,59.0,174.0,FC Barcelona,FCB,https://assets.laliga.com/assets/2019/06/07/medium/fc-barcelona-femenino.png,10.0,Forward,https://assets.laliga.com/squad/2021/t9121/p165364/512x556/p165364_t9121_2021_0_001_000.png,0.0,23.0,5.0,0.0,0.0,0.0,6.0,0.0,16.0,5.0,0.0,0.0,0.0,6.0,0.0,0.0,0.0,17.0,0.0,0.0,0.0,0.0,5.0,0.0,6.0,0.0,0.0,0.0,6.0,0.0,21.0,0.0,0.0,0.0,1.0,Goalkeeper,1.0869565217391304
7251.0,Juan Brandáriz Movilla,Chumi,male,1999-03-02T00:00:00+00:00,78.0,186.0,UD Almería,ALM,https://assets.laliga.com/assets/2019/06/07/medium/almeria.png,21.0,Defender,https://assets.laliga.com/squad/2021/t1564/p227162/512x556/p227162_t1564_2021_1_001_000.png,36.0,25.0,0.0,0.0,16.0,0.0,9.0,63.0,1.0,18.0,29.0,1.0,1.0,1431.0,0.0,0.0,0.0,1.0,0.0,0.0,4.0,53.0,379.0,930.0,1256.0,77.0,14.0,202.0,1491.0,19.0,14.0,2.0,83.0,99.0,1.0,Goalkeeper,1.08
3455.0,Raúl Albiol,R. Albiol,male,1985-09-04T00:00:00+00:00,74.0,187.0,Villarreal CF,VIL,https://assets.laliga.com/assets/2019/06/07/medium/villarreal.png,3.0,Defender,https://assets.laliga.com/squad/2021/t449/p18003/512x556/p18003_t449_2021_1_001_000.png,42.0,28.0,0.0,0.0,15.0,0.0,11.0,82.0,0.0,25.0,21.0,4.0,2.0,1499.0,0.0,0.0,0.0,1.0,0.0,0.0,3.0,131.0,393.0,945.0,1207.0,124.0,18.0,235.0,1555.0,26.0,8.0,1.0,114.0,103.0,8.0,Goalkeeper,1.0714285714285714
14804.0,María López Valenzuela,María López Valenzuela,female,2002-11-26T00:00:00+00:00,,174.0,Levante UD,LUD,https://assets.laliga.com/assets/2019/06/07/medium/levante-femenino.png,1.0,Goalkeeper,https://assets.laliga.com/squad/2021/t13319/p248509/512x556/p248509_t13319_2021_1_001_000.png,0.0,5.0,0.0,0.0,0.0,0.0,2.0,0.0,0.0,5.0,0.0,0.0,0.0,0.0,0.0,0.0,0.0,0.0,0.0,0.0,0.0,0.0,0.0,0.0,0.0,0.0,0.0,0.0,0.0,0.0,0.0,0.0,0.0,0.0,0.0,Midfielder,1.0
8582.0,Okay Yokuslu,Okay,male,1994-03-09T00:00:00+00:00,79.0,190.0,Getafe CF,GET,https://assets.laliga.com/assets/2019/06/07/medium/getafe.png,19.0,Midfielder,https://assets.laliga.com/squad/2021/t1450/p101394/512x556/p101394_t1450_2021_1_001_000.png,10.0,11.0,0.0,0.0,5.0,0.0,3.0,29.0,0.0,4.0,5.0,0.0,0.0,192.0,0.0,0.0,0.0,1.0,0.0,0.0,5.0,12.0,40.0,115.0,143.0,17.0,6.0,48.0,195.0,9.0,3.0,0.0,17.0,23.0,1.0,Goalkeeper,1.0
562.0,José Giménez,J. M. Giménez,male,1995-01-20T00:00:00+00:00,80.0,185.0,Atlético de Madrid,ATM,https://assets.laliga.com/assets/2019/06/07/medium/atletico.png,2.0,Defender,https://assets.laliga.com/squad/2021/t175/p151883/512x556/p151883_t175_2021_1_001_000.png,43.0,24.0,0.0,0.0,19.0,0.0,9.0,88.0,1.0,22.0,25.0,4.0,2.0,879.0,0.0,0.0,0.0,7.0,0.0,0.0,8.0,75.0,202.0,617.0,744.0,94.0,11.0,123.0,923.0,18.0,26.0,4.0,51.0,53.0,8.0,Goalkeeper,0.9583333333333334
5.0,Gerard Piqué,Piqué,male,1987-02-02T00:00:00+00:00,85.0,194.0,FC Barcelona,BAR,https://assets.laliga.com/assets/2019/06/07/medium/barcelona.png,3.0,Defender,https://assets.laliga.com/squad/2021/t178/p18221/512x556/p18221_t178_2021_1_001_000.png,80.0,27.0,0.0,1.0,16.0,0.0,8.0,123.0,1.0,19.0,34.0,5.0,1.0,1625.0,0.0,1.0,0.0,3.0,0.0,0.0,6.0,118.0,542.0,967.0,1391.0,85.0,30.0,185.0,1677.0,22.0,29.0,0.0,71.0,97.0,8.0,Goalkeeper,0.7777777777777778
839.0,Bernardo Espinosa,Bernardo,male,1989-07-11T00:00:00+00:00,85.0,192.0,Girona FC,GIR,https://assets.laliga.com/assets/2019/06/07/medium/girona.png,2.0,Defender,https://assets.laliga.com/squad/2021/t2893/p55317/512x556/p55317_t2893_2021_1_001_000.png,187.0,41.0,0.0,0.0,29.0,0.0,14.0,250.0,3.0,39.0,41.0,14.0,5.0,2348.0,0.0,0.0,0.0,10.0,0.0,0.0,6.0,105.0,530.0,1591.0,2016.0,221.0,47.0,322.0,2414.0,34.0,71.0,3.0,113.0,180.0,6.0,Goalkeeper,0.7560975609756098
2577.0,Fernando Francisco Reges,Fernando,male,1987-07-25T00:00:00+00:00,76.0,183.0,Sevilla FC,SEV,https://assets.laliga.com/assets/2019/06/07/medium/sevilla.png,25.0,Midfielder,https://assets.laliga.com/squad/2021/t179/p52538/512x556/p52538_t179_2021_1_001_000.png,35.0,24.0,1.0,0.0,13.0,0.0,7.0,77.0,1.0,17.0,29.0,5.0,1.0,1212.0,0.0,0.0,0.0,1.0,0.0,0.0,7.0,104.0,416.0,694.0,1006.0,31.0,16.0,172.0,1244.0,24.0,10.0,4.0,50.0,84.0,6.0,Goalkeeper,0.75
6097.0,Lieke Martens,Lieke Martens,female,1992-12-16T00:00:00+00:00,66.0,170.0,FC Barcelona,FCB,https://assets.laliga.com/assets/2019/06/07/medium/fc-barcelona-femenino.png,22.0,Forward,https://assets.laliga.com/squad/2021/t9121/p111973/512x556/p111973_t9121_2021_0_001_000.png,0.0,21.0,5.0,0.0,0.0,0.0,4.0,0.0,16.0,5.0,0.0,0.0,0.0,13.0,0.0,0.0,0.0,16.0,0.0,0.0,0.0,0.0,13.0,0.0,13.0,0.0,0.0,0.0,13.0,0.0,27.0,0.0,0.0,0.0,0.0,Goalkeeper,0.7142857142857143
5878.0,Eric Curbelo,E. Curbelo,male,1994-01-14T00:00:00+00:00,69.0,173.0,UD Las Palmas,LPA,https://assets.laliga.com/assets/2019/06/07/medium/las-palmas.png,6.0,Defender,https://assets.laliga.com/squad/2021/t407/p220371/512x556/p220371_t407_2021_1_001_000.png,45.0,35.0,0.0,0.0,20.0,0.0,11.0,155.0,2.0,31.0,59.0,4.0,0.0,1999.0,0.0,0.0,0.0,2.0,0.0,0.0,9.0,134.0,450.0,1431.0,1747.0,59.0,30.0,266.0,2097.0,66.0,10.0,5.0,79.0,137.0,9.0,Goalkeeper,0.6857142857142857
2524.0,Melanie Serrano,Melanie Serrano,female,1989-10-12T00:00:00+00:00,56.0,169.0,FC Barcelona,FCB,https://assets.laliga.com/assets/2019/06/07/medium/fc-barcelona-femenino.png,5.0,Defender,https://assets.laliga.com/squad/2021/t9121/p209836/512x556/p209836_t9121_2021_0_001_000.png,0.0,23.0,0.0,0.0,0.0,0.0,4.0,0.0,3.0,6.0,0.0,0.0,0.0,2.0,0.0,0.0,0.0,3.0,0.0,0.0,0.0,0.0,2.0,0.0,2.0,0.0,0.0,0.0,2.0,0.0,5.0,0.0,0.0,0.0,2.0,Goalkeeper,0.6086956521739131
2279.0,María Dolores Gallardo,Lola Gallardo,female,1993-06-10T00:00:00+00:00,57.0,172.0,At. Madrid Femenino,ATM,https://assets.laliga.com/assets/2019/06/07/medium/atletico-feminas.png,13.0,Goalkeeper,https://assets.laliga.com/squad/2021/t11212/p165356/512x556/p165356_t11212_2021_0_001_000.png,0.0,22.0,0.0,0.0,0.0,0.0,7.0,0.0,0.0,23.0,0.0,0.0,0.0,0.0,0.0,0.0,0.0,0.0,0.0,0.0,0.0,0.0,0.0,0.0,0.0,0.0,0.0,0.0,0.0,0.0,0.0,0.0,0.0,0.0,1.0,Defender,0.5454545454545454
68.0,Carlos Henrique Casimiro,Casemiro,male,1992-02-23T00:00:00+00:00,84.0,185.0,Real Madrid,RMA,https://assets.laliga.com/assets/2019/06/07/medium/real-madrid.png,14.0,Midfielder,https://assets.laliga.com/squad/2021/t186/p61256/512x556/p61256_t186_2021_1_001_000.png,101.0,32.0,2.0,1.0,19.0,0.0,8.0,237.0,1.0,23.0,38.0,23.0,4.0,1912.0,0.0,0.0,0.0,9.0,0.0,4.0,19.0,175.0,852.0,840.0,1513.0,59.0,54.0,350.0,1962.0,79.0,32.0,8.0,55.0,219.0,11.0,Goalkeeper,0.53125
3242.0,Nemanja Gudelj,Gudelj,male,1991-11-16T00:00:00+00:00,81.0,187.0,Sevilla FC,SEV,https://assets.laliga.com/assets/2019/06/07/medium/sevilla.png,6.0,Midfielder,https://assets.laliga.com/squad/2021/t179/p72154/512x556/p72154_t179_2021_1_001_000.png,29.0,21.0,0.0,1.0,9.0,0.0,4.0,54.0,0.0,9.0,22.0,2.0,0.0,655.0,0.0,0.0,0.0,1.0,0.0,0.0,0.0,22.0,166.0,433.0,577.0,36.0,15.0,82.0,671.0,16.0,3.0,0.0,26.0,46.0,5.0,Goalkeeper,0.5238095238095238
1621.0,Unai Bustinza,Bustinza M.,male,1992-02-02T00:00:00+00:00,74.0,175.0,CD Leganés,LEG,https://assets.laliga.com/assets/2019/06/07/medium/leganes.png,3.0,Defender,https://assets.laliga.com/squad/2021/t957/p112540/512x556/p112540_t957_2021_1_001_000.png,13.0,12.0,0.0,0.0,3.0,0.0,2.0,35.0,0.0,4.0,16.0,6.0,1.0,357.0,0.0,1.0,0.0,0.0,0.0,5.0,2.0,21.0,127.0,137.0,238.0,18.0,9.0,135.0,359.0,13.0,5.0,2.0,34.0,66.0,2.0,Goalkeeper,0.5
298.0,Juan Manuel Marrero Monzón,Juanma,male,1982-10-18T00:00:00+00:00,80.0,186.0,CF Fuenlabrada,FUE,https://assets.laliga.com/assets/2019/06/07/medium/fuenlabrada.png,5.0,Defender,https://assets.laliga.com/squad/2021/t7104/p56557/512x556/p56557_t7104_2021_1_001_000.png,23.0,16.0,0.0,0.0,5.0,0.0,4.0,56.0,0.0,12.0,19.0,0.0,0.0,299.0,0.0,0.0,0.0,0.0,0.0,0.0,4.0,42.0,76.0,147.0,181.0,45.0,13.0,123.0,325.0,17.0,9.0,0.0,57.0,45.0,1.0,Goalkeeper,0.5
12623.0,Ismael Casas,Ismael,male,2001-03-07T00:00:00+00:00,62.0,174.0,Málaga CF,MGA,https://assets.laliga.com/assets/2019/06/07/medium/malaga.png,20.0,Defender,https://assets.laliga.com/squad/2021/t182/p485213/512x556/p485213_t182_2021_1_001_000.png,22.0,12.0,1.0,0.0,7.0,0.0,4.0,47.0,0.0,14.0,15.0,6.0,0.0,396.0,0.0,0.0,0.0,0.0,0.0,9.0,5.0,28.0,103.0,220.0,286.0,27.0,11.0,142.0,402.0,15.0,7.0,4.0,32.0,56.0,1.0,Goalkeeper,0.5
1045.0,José Manuel Rodríguez Benito,Chema R.,male,1992-03-03T00:00:00+00:00,80.0,189.0,SD Eibar,EIB,https://assets.laliga.com/assets/2019/06/07/medium/eibar.png,25.0,Defender,,41.0,19.0,0.0,0.0,9.0,0.0,4.0,65.0,1.0,14.0,25.0,1.0,0.0,546.0,0.0,0.0,0.0,1.0,0.0,0.0,2.0,62.0,154.0,270.0,362.0,48.0,15.0,149.0,564.0,19.0,17.0,0.0,73.0,67.0,5.0,Goalkeeper,0.3157894736842105
418.0,Dimitri Foulquier,Foulquier,male,1993-03-23T00:00:00+00:00,72.0,183.0,Valencia CF,VAL,https://assets.laliga.com/assets/2019/06/07/medium/valencia.png,20.0,Defender,https://assets.laliga.com/squad/2021/t191/p96767/512x556/p96767_t191_2021_1_001_000.png,20.0,29.0,0.0,0.0,3.0,0.0,9.0,119.0,0.0,36.0,29.0,10.0,1.0,705.0,0.0,0.0,0.0,5.0,0.0,9.0,23.0,38.0,279.0,224.0,456.0,42.0,39.0,360.0,730.0,36.0,16.0,10.0,108.0,128.0,11.0,Goalkeeper,0.3103448275862069
14820.0,Javiera Toro,Javiera Toro,female,1998-04-22T00:00:00+00:00,,161.0,Sevilla FC,SFC,https://assets.laliga.com/assets/2019/06/07/medium/sevilla.png,20.0,Defender,https://assets.laliga.com/squad/2021/t13326/p435933/512x556/p435933_t13326_2021_1_001_000.png,0.0,18.0,1.0,0.0,0.0,0.0,6.0,0.0,0.0,25.0,0.0,0.0,0.0,1.0,0.0,0.0,0.0,0.0,0.0,0.0,0.0,0.0,1.0,0.0,1.0,0.0,0.0,0.0,1.0,0.0,1.0,0.0,0.0,0.0,6.0,Goalkeeper,0.2777777777777778
12042.0,Allegra Poljak,Allegra Poljak,female,1999-02-05T00:00:00+00:00,56.0,162.0,Real Sociedad,RSO,https://assets.laliga.com/assets/2019/06/07/medium/real-sociedad.png,17.0,Forward,,0.0,15.0,0.0,0.0,0.0,0.0,2.0,0.0,3.0,6.0,0.0,0.0,0.0,0.0,0.0,0.0,0.0,3.0,0.0,0.0,0.0,0.0,0.0,0.0,0.0,0.0,0.0,0.0,0.0,0.0,3.0,0.0,0.0,0.0,1.0,Goalkeeper,0.26666666666666666
6063.0,Amparo Delgado Vega,Amparito,female,1997-02-18T00:00:00+00:00,45.0,152.0,Sevilla FC,SFC,https://assets.laliga.com/assets/2019/06/07/medium/sevilla.png,15.0,Midfielder,https://assets.laliga.com/squad/2021/t13326/p434575/512x556/p434575_t13326_2021_1_001_000.png,0.0,12.0,0.0,0.0,0.0,0.0,2.0,0.0,0.0,7.0,0.0,0.0,0.0,0.0,0.0,0.0,0.0,0.0,0.0,0.0,0.0,0.0,0.0,0.0,0.0,0.0,0.0,0.0,0.0,0.0,0.0,0.0,0.0,0.0,2.0,Goalkeeper,0.25
6943.0,Andoni Gorosabel,Gorosabel,male,1996-08-04T00:00:00+00:00,73.0,174.0,Real Sociedad,RSO,https://assets.laliga.com/assets/2019/06/07/medium/real-sociedad.png,18.0,Defender,https://assets.laliga.com/squad/2021/t188/p235227/512x556/p235227_t188_2021_1_001_000.png,22.0,32.0,3.0,0.0,3.0,0.0,6.0,105.0,0.0,22.0,18.0,18.0,0.0,1114.0,0.0,0.0,0.0,1.0,0.0,16.0,18.0,31.0,551.0,431.0,935.0,42.0,27.0,312.0,1138.0,47.0,33.0,16.0,38.0,134.0,4.0,Goalkeeper,0.25
4654.0,Cinta Rodríguez,Cinta Rodríguez,female,1999-11-07T00:00:00+00:00,67.0,178.0,Sporting Huelva,SPH,https://assets.laliga.com/assets/2019/06/07/medium/sporting-club.png,5.0,Defender,https://assets.laliga.com/squad/2021/t13327/p434593/512x556/p434593_t13327_2021_1_001_000.png,0.0,28.0,0.0,0.0,0.0,0.0,9.0,0.0,0.0,38.0,0.0,0.0,0.0,1.0,0.0,1.0,0.0,0.0,0.0,0.0,0.0,0.0,1.0,0.0,1.0,0.0,0.0,0.0,1.0,0.0,1.0,0.0,0.0,0.0,3.0,Goalkeeper,0.25
128.0,Alberto Moreno,Alberto M.,male,1992-07-05T00:00:00+00:00,65.0,171.0,Villarreal CF,VIL,https://assets.laliga.com/assets/2019/06/07/medium/villarreal.png,18.0,Defender,https://assets.laliga.com/squad/2021/t449/p100059/512x556/p100059_t449_2021_1_001_000.png,7.0,24.0,2.0,1.0,1.0,0.0,3.0,51.0,3.0,9.0,27.0,14.0,6.0,522.0,0.0,0.0,0.0,10.0,0.0,8.0,10.0,11.0,276.0,194.0,445.0,11.0,20.0,179.0,533.0,13.0,36.0,7.0,12.0,65.0,3.0,Goalkeeper,0.25
9681.0,Alfonso Espino,A. Espino,male,1992-01-05T00:00:00+00:00,71.0,172.0,Cádiz CF,CAD,https://assets.laliga.com/assets/2019/06/07/medium/cadiz.png,22.0,Defender,https://assets.laliga.com/squad/2021/t1737/p178424/512x556/p178424_t1737_2021_1_001_000.png,46.0,37.0,2.0,0.0,10.0,0.0,12.0,220.0,2.0,51.0,54.0,33.0,6.0,1232.0,0.0,0.0,0.0,7.0,0.0,27.0,24.0,81.0,445.0,406.0,740.0,76.0,50.0,756.0,1274.0,107.0,45.0,23.0,174.0,279.0,6.0,Goalkeeper,0.24324324324324326
14265.0,Josep Chavarría,Chavarría,male,1998-04-10T00:00:00+00:00,,,Real Zaragoza,ZAR,https://assets.laliga.com/assets/2019/06/07/medium/zaragoza.png,15.0,Defender,https://assets.laliga.com/squad/2021/t190/p498444/512x556/p498444_t190_2021_1_001_000.png,34.0,36.0,0.0,0.0,11.0,0.0,9.0,152.0,0.0,37.0,43.0,30.0,2.0,1433.0,0.0,0.0,0.0,1.0,0.0,35.0,23.0,86.0,534.0,623.0,1036.0,89.0,33.0,641.0,1476.0,58.0,23.0,22.0,141.0,213.0,7.0,Goalkeeper,0.2222222222222222
12902.0,Alexander Sørloth,Sørloth,male,1995-12-05T00:00:00+00:00,90.0,195.0,Real Sociedad,RSO,https://assets.laliga.com/assets/2019/06/07/medium/real-sociedad.png,23.0,Forward,https://assets.laliga.com/squad/2021/t188/p143877/512x556/p143877_t188_2021_1_001_000.png,51.0,33.0,0.0,0.0,1.0,0.0,5.0,123.0,4.0,18.0,4.0,23.0,12.0,421.0,0.0,0.0,0.0,13.0,0.0,0.0,38.0,8.0,233.0,96.0,321.0,15.0,29.0,285.0,447.0,20.0,106.0,28.0,8.0,110.0,2.0,Goalkeeper,0.21212121212121213
6266.0,Fabio González,Fabio,male,1997-02-12T00:00:00+00:00,72.0,176.0,UD Las Palmas,LPA,https://assets.laliga.com/assets/2019/06/07/medium/las-palmas.png,15.0,Midfielder,https://assets.laliga.com/squad/2021/t407/p433455/512x556/p433455_t407_2021_1_001_000.png,18.0,29.0,1.0,0.0,4.0,0.0,5.0,70.0,0.0,19.0,23.0,18.0,0.0,1120.0,0.0,0.0,0.0,1.0,0.0,0.0,4.0,58.0,433.0,586.0,961.0,23.0,31.0,171.0,1162.0,33.0,3.0,1.0,45.0,98.0,8.0,Goalkeeper,0.20689655172413793
6300.0,Brais Méndez,Brais Méndez,male,1997-01-07T00:00:00+00:00,76.0,187.0,RC Celta,CEL,https://assets.laliga.com/assets/2019/06/07/medium/celta.png,23.0,Midfielder,https://assets.laliga.com/squad/2021/t176/p178880/512x556/p178880_t176_2021_1_001_000.png,46.0,37.0,3.0,3.0,6.0,0.0,8.0,201.0,4.0,33.0,37.0,30.0,9.0,1441.0,0.0,0.0,0.0,17.0,0.0,6.0,34.0,74.0,785.0,395.0,1099.0,28.0,75.0,508.0,1461.0,68.0,86.0,36.0,37.0,251.0,8.0,Goalkeeper,0.1891891891891892
3606.0,Noelia Ramos,Noelia Ramos,female,1999-02-10T00:00:00+00:00,60.0,168.0,UD Granadilla Tenerife Egatesa,UDG,https://assets.laliga.com/assets/2019/06/07/medium/granadilla.png,24.0,Goalkeeper,,0.0,11.0,0.0,0.0,0.0,0.0,3.0,0.0,0.0,13.0,0.0,0.0,0.0,0.0,0.0,0.0,0.0,0.0,0.0,0.0,0.0,0.0,0.0,0.0,0.0,0.0,0.0,0.0,0.0,0.0,0.0,0.0,0.0,0.0,2.0,Midfielder,0.18181818181818182
8681.0,Javier Sánchez de Felipe,Javi Sanchez,male,1997-03-14T00:00:00+00:00,71.0,186.0,Real Valladolid CF,VLL,https://assets.laliga.com/assets/2019/06/07/medium/valladolid.png,5.0,Defender,https://assets.laliga.com/squad/2021/t192/p199259/512x556/p199259_t192_2021_1_001_000.png,56.0,28.0,0.0,3.0,23.0,0.0,6.0,91.0,2.0,25.0,43.0,4.0,0.0,1041.0,0.0,0.0,0.0,5.0,0.0,0.0,4.0,88.0,320.0,582.0,814.0,86.0,41.0,195.0,1078.0,22.0,19.0,1.0,93.0,83.0,10.0,Goalkeeper,0.17857142857142858
3129.0,Lucas Ocampos,L. Ocampos,male,1994-07-11T00:00:00+00:00,84.0,187.0,Sevilla FC,SEV,https://assets.laliga.com/assets/2019/06/07/medium/sevilla.png,5.0,Forward,https://assets.laliga.com/squad/2021/t179/p121117/512x556/p121117_t179_2021_1_001_000.png,27.0,30.0,4.0,0.0,1.0,0.0,5.0,150.0,6.0,20.0,9.0,14.0,2.0,719.0,0.0,0.0,0.0,17.0,0.0,14.0,37.0,29.0,405.0,205.0,566.0,22.0,45.0,400.0,723.0,45.0,113.0,58.0,25.0,103.0,7.0,Goalkeeper,0.16666666666666666
2574.0,David Silva,Silva,male,1986-01-08T00:00:00+00:00,67.0,173.0,Real Sociedad,RSO,https://assets.laliga.com/assets/2019/06/07/medium/real-sociedad.png,21.0,Midfielder,https://assets.laliga.com/squad/2021/t188/p20664/512x556/p20664_t188_2021_1_001_000.png,15.0,25.0,4.0,0.0,3.0,0.0,3.0,97.0,2.0,11.0,7.0,35.0,3.0,1003.0,0.0,0.0,0.0,6.0,1.0,5.0,29.0,27.0,605.0,304.0,868.0,12.0,23.0,226.0,1016.0,28.0,81.0,15.0,11.0,110.0,4.0,Goalkeeper,0.16
4618.0,Jair Amador Silos,Jair Jr,male,1989-08-21T00:00:00+00:00,80.0,190.0,Real Zaragoza,ZAR,https://assets.laliga.com/assets/2019/06/07/medium/zaragoza.png,3.0,Defender,https://assets.laliga.com/squad/2021/t190/p229500/512x556/p229500_t190_2021_1_001_000.png,126.0,39.0,1.0,0.0,34.0,0.0,10.0,157.0,1.0,44.0,38.0,5.0,2.0,1742.0,0.0,0.0,0.0,8.0,0.0,0.0,1.0,85.0,287.0,1223.0,1425.0,213.0,29.0,312.0,1798.0,28.0,60.0,1.0,138.0,150.0,6.0,Goalkeeper,0.15384615384615385
9659.0,Victor Mollejo,Mollejo,male,2001-01-21T00:00:00+00:00,63.0,176.0,CD Tenerife,TEN,https://assets.laliga.com/assets/2019/06/07/medium/tenerife.png,28.0,Forward,https://assets.laliga.com/squad/2021/t612/p248505/512x556/p248505_t612_2021_1_001_000.png,51.0,39.0,2.0,0.0,3.0,0.0,5.0,152.0,3.0,19.0,12.0,17.0,7.0,556.0,0.0,0.0,0.0,14.0,1.0,11.0,14.0,14.0,284.0,141.0,400.0,20.0,51.0,318.0,564.0,33.0,68.0,24.0,13.0,137.0,8.0,Goalkeeper,0.15384615384615385
8623.0,Cristian Salvador,C. Salvador,male,1994-11-20T00:00:00+00:00,79.0,183.0,SD Huesca,HUE,https://assets.laliga.com/assets/2019/06/07/medium/huesca.png,6.0,Midfielder,https://assets.laliga.com/squad/2021/t2894/p217925/512x556/p217925_t2894_2021_1_001_000.png,29.0,21.0,0.0,0.0,5.0,0.0,4.0,89.0,1.0,17.0,32.0,4.0,0.0,831.0,0.0,0.0,0.0,2.0,0.0,1.0,12.0,62.0,182.0,574.0,693.0,39.0,16.0,137.0,856.0,33.0,12.0,6.0,34.0,67.0,4.0,Goalkeeper,0.14285714285714285
1118.0,Xavi Quintillá,Quintillà,male,1996-08-23T00:00:00+00:00,70.0,183.0,CD Leganés,LEG,https://assets.laliga.com/assets/2019/06/07/medium/leganes.png,16.0,Defender,https://assets.laliga.com/squad/2021/t957/p164089/512x556/p164089_t957_2021_1_001_000.png,7.0,15.0,0.0,0.0,3.0,0.0,2.0,23.0,1.0,8.0,7.0,16.0,0.0,434.0,0.0,0.0,0.0,3.0,0.0,7.0,0.0,21.0,227.0,147.0,340.0,20.0,17.0,188.0,448.0,8.0,16.0,5.0,27.0,60.0,1.0,Goalkeeper,0.13333333333333333
11789.0,Sergi Cardona,Cardona,male,1999-07-08T00:00:00+00:00,,,UD Las Palmas,LPA,https://assets.laliga.com/assets/2019/06/07/medium/las-palmas.png,30.0,Defender,https://assets.laliga.com/squad/2021/t407/p484693/512x556/p484693_t407_2021_1_001_000.png,69.0,39.0,1.0,0.0,8.0,0.0,9.0,262.0,0.0,40.0,78.0,22.0,5.0,1834.0,0.0,0.0,0.0,6.0,0.0,12.0,29.0,44.0,744.0,768.0,1456.0,71.0,62.0,602.0,1891.0,96.0,40.0,35.0,104.0,287.0,10.0,Goalkeeper,0.1282051282051282
1586.0,Carlos Nieto,Nieto,male,1996-05-06T00:00:00+00:00,74.0,179.0,Real Zaragoza,ZAR,https://assets.laliga.com/assets/2019/06/07/medium/zaragoza.png,17.0,Defender,https://assets.laliga.com/squad/2021/t190/p195378/512x556/p195378_t190_2021_1_001_000.png,20.0,16.0,0.0,0.0,3.0,0.0,2.0,44.0,0.0,8.0,8.0,6.0,1.0,262.0,0.0,0.0,0.0,0.0,0.0,9.0,5.0,11.0,109.0,90.0,179.0,20.0,11.0,114.0,263.0,17.0,13.0,1.0,21.0,52.0,0.0,Goalkeeper,0.125
14856.0,Enzo Loiodice,Loiodice,male,2000-11-27T00:00:00+00:00,60.0,176.0,UD Las Palmas,LPA,https://assets.laliga.com/assets/2019/06/07/medium/las-palmas.png,12.0,Midfielder,https://assets.laliga.com/squad/2021/t407/p449718/512x556/p449718_t407_2021_1_001_000.png,23.0,24.0,0.0,2.0,3.0,0.0,4.0,130.0,1.0,17.0,20.0,17.0,0.0,951.0,0.0,1.0,0.0,4.0,0.0,0.0,31.0,52.0,407.0,424.0,778.0,12.0,39.0,215.0,971.0,39.0,7.0,10.0,34.0,107.0,5.0,Goalkeeper,0.125
6157.0,Gregorio Sierra,Grego S.,male,1992-03-05T00:00:00+00:00,74.0,184.0,Burgos CF,BUR,https://assets.laliga.com/assets/2021/06/24/medium/8de24d38ab1472bbae1620d36582d7bd.png,20.0,Midfielder,https://assets.laliga.com/squad/2021/t951/p429177/512x556/p429177_t951_2021_1_001_000.png,39.0,26.0,0.0,0.0,20.0,0.0,6.0,87.0,3.0,27.0,30.0,5.0,4.0,707.0,0.0,0.0,0.0,6.0,1.0,0.0,8.0,82.0,211.0,347.0,476.0,79.0,31.0,200.0,735.0,22.0,19.0,2.0,96.0,81.0,9.0,Goalkeeper,0.11538461538461539
1197.0,Sergio González,Sergio G.,male,1992-04-20T00:00:00+00:00,81.0,188.0,CD Leganés,LEG,https://assets.laliga.com/assets/2019/06/07/medium/leganes.png,6.0,Defender,https://assets.laliga.com/squad/2021/t957/p178355/512x556/p178355_t957_2021_1_001_000.png,55.0,26.0,1.0,0.0,13.0,0.0,7.0,104.0,1.0,32.0,29.0,3.0,2.0,1138.0,0.0,0.0,0.0,4.0,1.0,0.0,4.0,117.0,293.0,710.0,886.0,56.0,22.0,201.0,1189.0,28.0,17.0,0.0,85.0,101.0,6.0,Goalkeeper,0.11538461538461539
8546.0,Franco Russo,F. Russo,male,1994-10-25T00:00:00+00:00,78.0,185.0,RCD Mallorca,MLL,https://assets.laliga.com/assets/2019/06/07/medium/mallorca.png,5.0,Defender,https://assets.laliga.com/squad/2021/t181/p455815/512x556/p455815_t181_2021_1_001_000.png,29.0,19.0,0.0,0.0,9.0,0.0,4.0,64.0,1.0,18.0,27.0,1.0,1.0,601.0,0.0,2.0,0.0,2.0,0.0,0.0,5.0,61.0,157.0,332.0,428.0,71.0,26.0,166.0,640.0,19.0,18.0,1.0,76.0,75.0,3.0,Goalkeeper,0.10526315789473684
9539.0,Aihen Muñoz,Aihen,male,1997-08-16T00:00:00+00:00,72.0,175.0,Real Sociedad,RSO,https://assets.laliga.com/assets/2019/06/07/medium/real-sociedad.png,12.0,Defender,https://assets.laliga.com/squad/2021/t188/p472145/512x556/p472145_t188_2021_1_001_000.png,25.0,20.0,0.0,0.0,1.0,0.0,4.0,81.0,0.0,18.0,17.0,6.0,0.0,570.0,0.0,1.0,0.0,0.0,0.0,6.0,14.0,25.0,225.0,248.0,441.0,29.0,27.0,245.0,593.0,28.0,10.0,14.0,38.0,89.0,2.0,Goalkeeper,0.1
8631.0,Chelsea Ashurst,Chelsea Ashurst,female,1990-04-22T00:00:00+00:00,,,Sporting Huelva,SPH,https://assets.laliga.com/assets/2019/06/07/medium/sporting-club.png,1.0,Goalkeeper,https://assets.laliga.com/squad/2021/t13327/p453117/512x556/p453117_t13327_2021_1_001_000.png,0.0,23.0,0.0,0.0,0.0,0.0,7.0,0.0,0.0,33.0,0.0,0.0,0.0,0.0,0.0,0.0,0.0,0.0,0.0,0.0,0.0,0.0,0.0,0.0,0.0,0.0,0.0,0.0,0.0,0.0,0.0,0.0,0.0,0.0,1.0,Midfielder,0.08695652173913043
14513.0,Julen Lobete,Lobete,male,2000-09-18T00:00:00+00:00,,,Real Sociedad,RSO,https://assets.laliga.com/assets/2019/06/07/medium/real-sociedad.png,35.0,Forward,https://assets.laliga.com/squad/2021/t188/p495392/512x556/p495392_t188_2021_0_001_000.png,4.0,13.0,0.0,0.0,1.0,0.0,1.0,22.0,2.0,4.0,1.0,1.0,5.0,49.0,0.0,0.0,0.0,2.0,0.0,0.0,3.0,1.0,29.0,15.0,43.0,1.0,9.0,38.0,55.0,4.0,17.0,6.0,0.0,11.0,0.0,Goalkeeper,0.07692307692307693
14222.0,Rubén Pulido,R.pulido,male,2000-09-02T00:00:00+00:00,,184.0,CF Fuenlabrada,FUE,https://assets.laliga.com/assets/2019/06/07/medium/fuenlabrada.png,15.0,Defender,https://assets.laliga.com/squad/2021/t7104/p466077/512x556/p466077_t7104_2021_1_001_000.png,63.0,34.0,0.0,0.0,23.0,0.0,9.0,149.0,0.0,43.0,38.0,2.0,1.0,875.0,0.0,0.0,0.0,2.0,1.0,0.0,13.0,45.0,221.0,431.0,607.0,84.0,43.0,305.0,922.0,50.0,24.0,4.0,133.0,137.0,8.0,Goalkeeper,0.058823529411764705
6476.0,Juan Foyth,Foyth,male,1998-01-12T00:00:00+00:00,69.0,179.0,Villarreal CF,VIL,https://assets.laliga.com/assets/2019/06/07/medium/villarreal.png,8.0,Defender,https://assets.laliga.com/squad/2021/t449/p234908/512x556/p234908_t449_2021_1_001_000.png,36.0,25.0,1.0,0.0,7.0,0.0,4.0,155.0,1.0,19.0,20.0,9.0,0.0,958.0,0.0,1.0,0.0,2.0,0.0,1.0,28.0,38.0,387.0,434.0,782.0,42.0,39.0,245.0,974.0,69.0,18.0,12.0,37.0,117.0,4.0,Goalkeeper,0.04
6130.0,Federico Valverde,Valverde,male,1998-07-22T00:00:00+00:00,78.0,182.0,Real Madrid,RMA,https://assets.laliga.com/assets/2019/06/07/medium/real-madrid.png,15.0,Midfielder,https://assets.laliga.com/squad/2021/t186/p223255/512x556/p223255_t186_2021_1_001_000.png,15.0,31.0,1.0,0.0,5.0,0.0,4.0,92.0,0.0,19.0,24.0,23.0,6.0,1138.0,0.0,0.0,0.0,9.0,0.0,0.0,32.0,48.0,699.0,331.0,982.0,10.0,17.0,199.0,1148.0,36.0,41.0,18.0,27.0,91.0,2.0,Goalkeeper,0.03225806451612903
137.0,Ivan Rakitic,I. Rakitic,male,1988-03-10T00:00:00+00:00,78.0,184.0,Sevilla FC,SEV,https://assets.laliga.com/assets/2019/06/07/medium/sevilla.png,10.0,Midfielder,https://assets.laliga.com/squad/2021/t179/p34703/512x556/p34703_t179_2021_1_001_000.png,38.0,35.0,6.0,4.0,8.0,0.0,4.0,120.0,4.0,19.0,23.0,35.0,0.0,1482.0,0.0,0.0,0.0,12.0,0.0,4.0,8.0,117.0,695.0,670.0,1219.0,34.0,36.0,337.0,1556.0,40.0,27.0,13.0,66.0,154.0,5.0,Goalkeeper,0.02857142857142857
4642.0,Alejandro Pozo,Pozo,male,1999-02-22T00:00:00+00:00,70.0,174.0,UD Almería,ALM,https://assets.laliga.com/assets/2019/06/07/medium/almeria.png,17.0,Midfielder,https://assets.laliga.com/squad/2021/t1564/p234548/512x556/p234548_t1564_2021_1_001_000.png,25.0,39.0,3.0,0.0,9.0,0.0,6.0,142.0,3.0,29.0,43.0,50.0,1.0,1560.0,0.0,0.0,0.0,6.0,0.0,15.0,39.0,94.0,673.0,569.0,1132.0,41.0,25.0,644.0,1602.0,47.0,76.0,57.0,125.0,251.0,1.0,Goalkeeper,0.02564102564102564
24144.0,Jorge Carrillo Balea,Carrillo,male,2002-01-07T00:00:00+00:00,,,RC Celta,CEL,https://assets.laliga.com/assets/2019/06/07/medium/celta.png,37.0,Goalkeeper,,0.0,0.0,0.0,0.0,0.0,0.0,0.0,0.0,0.0,0.0,0.0,0.0,0.0,0.0,0.0,0.0,0.0,0.0,0.0,0.0,0.0,0.0,0.0,0.0,0.0,0.0,0.0,0.0,0.0,0.0,0.0,0.0,0.0,0.0,0.0,Goalkeeper,0.0
24269.0,Carlos Calavia,C. Calavia,male,2003-04-17T00:00:00+00:00,,,Real Zaragoza,ZAR,https://assets.laliga.com/assets/2019/06/07/medium/zaragoza.png,40.0,Goalkeeper,,0.0,0.0,0.0,0.0,0.0,0.0,0.0,0.0,0.0,0.0,0.0,0.0,0.0,0.0,0.0,0.0,0.0,0.0,0.0,0.0,0.0,0.0,0.0,0.0,0.0,0.0,0.0,0.0,0.0,0.0,0.0,0.0,0.0,0.0,0.0,Goalkeeper,0.0
15764.0,Karl Strindholm,D. Strindholm,male,2001-10-07T00:00:00+00:00,,,Málaga CF,MGA,https://assets.laliga.com/assets/2019/06/07/medium/malaga.png,27.0,Goalkeeper,https://assets.laliga.com/squad/2021/t182/p514202/512x556/p514202_t182_2021_0_001_000.png,0.0,0.0,0.0,0.0,0.0,0.0,0.0,0.0,0.0,0.0,0.0,0.0,0.0,0.0,0.0,0.0,0.0,0.0,0.0,0.0,0.0,0.0,0.0,0.0,0.0,0.0,0.0,0.0,0.0,0.0,0.0,0.0,0.0,0.0,0.0,Defender,0.0
16774.0,Lorenzo Zúñiga Owono,Loren,male,2003-01-18T00:00:00+00:00,74.0,180.0,Málaga CF,MGA,https://assets.laliga.com/assets/2019/06/07/medium/malaga.png,29.0,Forward,https://assets.laliga.com/squad/2021/t182/p521977/512x556/p521977_t182_2021_1_001_000.png,1.0,4.0,0.0,0.0,0.0,0.0,0.0,6.0,0.0,0.0,0.0,1.0,0.0,9.0,0.0,0.0,0.0,1.0,0.0,0.0,1.0,0.0,3.0,1.0,4.0,2.0,1.0,15.0,10.0,2.0,4.0,2.0,1.0,5.0,0.0,Goalkeeper,0.0
13156.0,Laida Balerdi,Laida Balerdi,female,2003-03-08T00:00:00+00:00,,,Real Sociedad,RSO,https://assets.laliga.com/assets/2019/06/07/medium/real-sociedad.png,28.0,Defender,https://assets.laliga.com/squad/2021/t13324/p494770/512x556/p494770_t13324_2021_0_001_000.png,0.0,0.0,0.0,0.0,0.0,0.0,0.0,0.0,0.0,0.0,0.0,0.0,0.0,0.0,0.0,0.0,0.0,0.0,0.0,0.0,0.0,0.0,0.0,0.0,0.0,0.0,0.0,0.0,0.0,0.0,0.0,0.0,0.0,0.0,0.0,Goalkeeper,0.0
25393.0,Luis Miguel Luengo Herrera,Luismi,male,2001-03-19T00:00:00+00:00,,,Real Zaragoza,ZAR,https://assets.laliga.com/assets/2019/06/07/medium/zaragoza.png,37.0,Defender,,0.0,0.0,0.0,0.0,0.0,0.0,0.0,0.0,0.0,0.0,0.0,0.0,0.0,0.0,0.0,0.0,0.0,0.0,0.0,0.0,0.0,0.0,0.0,0.0,0.0,0.0,0.0,0.0,0.0,0.0,0.0,0.0,0.0,0.0,0.0,Goalkeeper,0.0
8715.0,Abdelkabir Abqar,Abqar,male,1999-03-10T00:00:00+00:00,80.0,188.0,Deportivo Alavés,ALA,https://assets.laliga.com/assets/2020/09/01/medium/27002754a98bf535807fe49a24cc63ea.png,26.0,Defender,https://assets.laliga.com/squad/2021/t173/p463001/512x556/p463001_t173_2021_1_001_000.png,0.0,0.0,0.0,0.0,0.0,0.0,0.0,0.0,0.0,0.0,0.0,0.0,0.0,0.0,0.0,0.0,0.0,0.0,0.0,0.0,0.0,0.0,0.0,0.0,0.0,0.0,0.0,0.0,0.0,0.0,0.0,0.0,0.0,0.0,0.0,Goalkeeper,0.0
4136.0,Clément Grenier,Grenier,male,1991-01-07T00:00:00+00:00,72.0,186.0,RCD Mallorca,MLL,https://assets.laliga.com/assets/2019/06/07/medium/mallorca.png,6.0,Midfielder,,1.0,5.0,0.0,0.0,1.0,0.0,0.0,1.0,1.0,0.0,0.0,1.0,0.0,39.0,0.0,0.0,0.0,1.0,0.0,0.0,0.0,0.0,15.0,14.0,29.0,1.0,2.0,14.0,39.0,0.0,4.0,1.0,3.0,7.0,1.0,Goalkeeper,0.0
14260.0,Cheikh Kane Sarr,Kane Sarr,male,2000-04-21T00:00:00+00:00,,190.0,Granada CF,GRA,https://assets.laliga.com/assets/2019/06/07/medium/granada.png,31.0,Goalkeeper,https://assets.laliga.com/squad/2021/t5683/p476399/512x556/p476399_t5683_2021_1_001_000.png,0.0,0.0,0.0,0.0,0.0,0.0,0.0,0.0,0.0,0.0,0.0,0.0,0.0,0.0,0.0,0.0,0.0,0.0,0.0,0.0,0.0,0.0,0.0,0.0,0.0,0.0,0.0,0.0,0.0,0.0,0.0,0.0,0.0,0.0,0.0,Goalkeeper,0.0
7595.0,Daniel Rebollo,D. Rebollo,male,1999-12-10T00:00:00+00:00,77.0,185.0,Real Betis,BET,https://assets.laliga.com/assets/2019/06/07/medium/betis.png,30.0,Goalkeeper,https://assets.laliga.com/squad/2021/t185/p449993/512x556/p449993_t185_2021_1_001_000.png,0.0,0.0,0.0,0.0,0.0,0.0,0.0,0.0,0.0,0.0,0.0,0.0,0.0,0.0,0.0,0.0,0.0,0.0,0.0,0.0,0.0,0.0,0.0,0.0,0.0,0.0,0.0,0.0,0.0,0.0,0.0,0.0,0.0,0.0,0.0,Forward,0.0
25260.0,Leire Herráez,Leire Herráez,female,2003-04-16T00:00:00+00:00,,,VCF Femenino,VCF,https://assets.laliga.com/assets/2019/06/07/medium/valencia-femenino.png,31.0,Goalkeeper,,0.0,0.0,0.0,0.0,0.0,0.0,0.0,0.0,0.0,0.0,0.0,0.0,0.0,0.0,0.0,0.0,0.0,0.0,0.0,0.0,0.0,0.0,0.0,0.0,0.0,0.0,0.0,0.0,0.0,0.0,0.0,0.0,0.0,0.0,0.0,Midfielder,0.0
1823.0,Kevin Vázquez,Kevin V.,male,1993-03-23T00:00:00+00:00,72.0,173.0,RC Celta,CEL,https://assets.laliga.com/assets/2019/06/07/medium/celta.png,20.0,Defender,https://assets.laliga.com/squad/2021/t176/p107807/512x556/p107807_t176_2021_1_001_000.png,18.0,17.0,1.0,0.0,7.0,0.0,3.0,82.0,0.0,15.0,36.0,9.0,0.0,642.0,0.0,0.0,0.0,1.0,0.0,6.0,11.0,23.0,290.0,232.0,493.0,26.0,18.0,239.0,659.0,34.0,16.0,5.0,41.0,102.0,3.0,Goalkeeper,0.0
7565.0,Miguel San Román,San Román,male,1997-07-14T00:00:00+00:00,79.0,189.0,SD Huesca,HUE,https://assets.laliga.com/assets/2019/06/07/medium/huesca.png,13.0,Goalkeeper,https://assets.laliga.com/squad/2021/t2894/p439595/512x556/p439595_t2894_2021_1_001_000.png,0.0,0.0,0.0,0.0,0.0,0.0,0.0,0.0,0.0,0.0,0.0,0.0,0.0,0.0,0.0,0.0,0.0,0.0,0.0,0.0,0.0,0.0,0.0,0.0,0.0,0.0,0.0,0.0,0.0,0.0,0.0,0.0,0.0,0.0,0.0,Forward,0.0
9741.0,Mikel Carro,Mikel Carro,male,1999-01-25T00:00:00+00:00,79.0,188.0,Real Valladolid CF,VLL,https://assets.laliga.com/assets/2019/06/07/medium/valladolid.png,32.0,Midfielder,https://assets.laliga.com/squad/2021/t192/p437824/512x556/p437824_t192_2021_0_001_000.png,0.0,0.0,0.0,0.0,0.0,0.0,0.0,0.0,0.0,0.0,0.0,0.0,0.0,0.0,0.0,0.0,0.0,0.0,0.0,0.0,0.0,0.0,0.0,0.0,0.0,0.0,0.0,0.0,0.0,0.0,0.0,0.0,0.0,0.0,0.0,Goalkeeper,0.0
12697.0,Fernando Medrano,Medrano,male,2000-03-26T00:00:00+00:00,,,RC Celta,CEL,https://assets.laliga.com/assets/2019/06/07/medium/celta.png,34.0,Defender,https://assets.laliga.com/squad/2021/t176/p439321/512x556/p439321_t176_2021_1_001_000.png,0.0,0.0,0.0,0.0,0.0,0.0,0.0,0.0,0.0,0.0,0.0,0.0,0.0,0.0,0.0,0.0,0.0,0.0,0.0,0.0,0.0,0.0,0.0,0.0,0.0,0.0,0.0,0.0,0.0,0.0,0.0,0.0,0.0,0.0,0.0,Goalkeeper,0.0
25160.0,Alejandro Fidalgo,A. Fidalgo,male,2001-05-15T00:00:00+00:00,,,CD Lugo,LUG,https://assets.laliga.com/assets/2019/06/07/medium/lugo.png,37.0,Midfielder,,0.0,0.0,0.0,0.0,0.0,0.0,0.0,0.0,0.0,0.0,0.0,0.0,0.0,0.0,0.0,0.0,0.0,0.0,0.0,0.0,0.0,0.0,0.0,0.0,0.0,0.0,0.0,0.0,0.0,0.0,0.0,0.0,0.0,0.0,0.0,Goalkeeper,0.0
19020.0,Alejandro Medina,Medina,male,1998-03-17T00:00:00+00:00,,,CD Tenerife,TEN,https://assets.laliga.com/assets/2019/06/07/medium/tenerife.png,40.0,Goalkeeper,,0.0,0.0,0.0,0.0,0.0,0.0,0.0,0.0,0.0,0.0,0.0,0.0,0.0,0.0,0.0,0.0,0.0,0.0,0.0,0.0,0.0,0.0,0.0,0.0,0.0,0.0,0.0,0.0,0.0,0.0,0.0,0.0,0.0,0.0,0.0,Midfielder,0.0
25545.0,Itzel González,Itzel González,female,1994-08-14T00:00:00+00:00,59.0,165.0,Sevilla FC,SFC,https://assets.laliga.com/assets/2019/06/07/medium/sevilla.png,1.0,Goalkeeper,,0.0,0.0,0.0,0.0,0.0,0.0,0.0,0.0,0.0,0.0,0.0,0.0,0.0,0.0,0.0,0.0,0.0,0.0,0.0,0.0,0.0,0.0,0.0,0.0,0.0,0.0,0.0,0.0,0.0,0.0,0.0,0.0,0.0,0.0,0.0,Goalkeeper,0.0
25263.0,Alfonso Liceras,Alfonso,male,2000-09-10T00:00:00+00:00,,,UD Las Palmas,LPA,https://assets.laliga.com/assets/2019/06/07/medium/las-palmas.png,31.0,Goalkeeper,,0.0,0.0,0.0,0.0,0.0,0.0,0.0,0.0,0.0,0.0,0.0,0.0,0.0,0.0,0.0,0.0,0.0,0.0,0.0,0.0,0.0,0.0,0.0,0.0,0.0,0.0,0.0,0.0,0.0,0.0,0.0,0.0,0.0,0.0,0.0,Forward,0.0
25315.0,Diego Piñeiro del Álamo,Diego Piñeiro,male,2004-02-13T00:00:00+00:00,,,Real Madrid,RMA,https://assets.laliga.com/assets/2019/06/07/medium/real-madrid.png,45.0,Goalkeeper,,0.0,0.0,0.0,0.0,0.0,0.0,0.0,0.0,0.0,0.0,0.0,0.0,0.0,0.0,0.0,0.0,0.0,0.0,0.0,0.0,0.0,0.0,0.0,0.0,0.0,0.0,0.0,0.0,0.0,0.0,0.0,0.0,0.0,0.0,0.0,Forward,0.0
14616.0,Diego Bri,Diego Bri,male,2002-09-12T00:00:00+00:00,,,Elche CF,ELC,https://assets.laliga.com/assets/2019/06/07/medium/elche.png,29.0,Midfielder,https://assets.laliga.com/squad/2021/t954/p508462/512x556/p508462_t954_2021_1_001_000.png,0.0,0.0,0.0,0.0,0.0,0.0,0.0,0.0,0.0,0.0,0.0,0.0,0.0,0.0,0.0,0.0,0.0,0.0,0.0,0.0,0.0,0.0,0.0,0.0,0.0,0.0,0.0,0.0,0.0,0.0,0.0,0.0,0.0,0.0,0.0,Goalkeeper,0.0
23581.0,Antonio Santos,Santos,male,2002-07-15T00:00:00+00:00,,,Málaga CF,MGA,https://assets.laliga.com/assets/2019/06/07/medium/malaga.png,36.0,Goalkeeper,https://assets.laliga.com/squad/2021/t182/p547729/512x556/p547729_t182_2021_1_001_000.png,0.0,0.0,0.0,0.0,0.0,0.0,0.0,0.0,0.0,0.0,0.0,0.0,0.0,0.0,0.0,0.0,0.0,0.0,0.0,0.0,0.0,0.0,0.0,0.0,0.0,0.0,0.0,0.0,0.0,0.0,0.0,0.0,0.0,0.0,0.0,Goalkeeper,0.0
19187.0,Bilal Ouacharaf,Bilal,male,2002-05-09T00:00:00+00:00,,,Málaga CF,MGA,https://assets.laliga.com/assets/2019/06/07/medium/malaga.png,38.0,Forward,https://assets.laliga.com/squad/2021/t182/p482239/512x556/p482239_t182_2021_1_001_000.png,0.0,0.0,0.0,0.0,0.0,0.0,0.0,0.0,0.0,0.0,0.0,0.0,0.0,0.0,0.0,0.0,0.0,0.0,0.0,0.0,0.0,0.0,0.0,0.0,0.0,0.0,0.0,0.0,0.0,0.0,0.0,0.0,0.0,0.0,0.0,Goalkeeper,0.0
24618.0,Miguel Ángel Sanz Campos,Miguel Angel,male,2003-03-12T00:00:00+00:00,,185.0,Real Zaragoza,ZAR,https://assets.laliga.com/assets/2019/06/07/medium/zaragoza.png,35.0,Goalkeeper,,0.0,0.0,0.0,0.0,0.0,0.0,0.0,0.0,0.0,0.0,0.0,0.0,0.0,0.0,0.0,0.0,0.0,0.0,0.0,0.0,0.0,0.0,0.0,0.0,0.0,0.0,0.0,0.0,0.0,0.0,0.0,0.0,0.0,0.0,0.0,Forward,0.0
16440.0,Aritz de Miguel,De Miguel,male,1999-06-28T00:00:00+00:00,,,CD Mirandés,MIR,https://assets.laliga.com/assets/2019/06/07/medium/mirandes.png,31.0,Goalkeeper,,0.0,0.0,0.0,0.0,0.0,0.0,0.0,0.0,0.0,0.0,0.0,0.0,0.0,0.0,0.0,0.0,0.0,0.0,0.0,0.0,0.0,0.0,0.0,0.0,0.0,0.0,0.0,0.0,0.0,0.0,0.0,0.0,0.0,0.0,0.0,Midfielder,0.0
5368.0,David Gil,David Gil,male,1994-01-11T00:00:00+00:00,81.0,186.0,Cádiz CF,CAD,https://assets.laliga.com/assets/2019/06/07/medium/cadiz.png,13.0,Goalkeeper,https://assets.laliga.com/squad/2021/t1737/p173947/512x556/p173947_t1737_2021_1_001_000.png,0.0,0.0,0.0,0.0,0.0,0.0,0.0,0.0,0.0,0.0,0.0,0.0,0.0,0.0,0.0,0.0,0.0,0.0,0.0,0.0,0.0,0.0,0.0,0.0,0.0,0.0,0.0,0.0,0.0,0.0,0.0,0.0,0.0,0.0,0.0,Midfielder,0.0
8798.0,Darío Ramos,Dario,male,1999-10-19T00:00:00+00:00,78.0,191.0,CA Osasuna,OSA,https://assets.laliga.com/assets/2019/06/07/medium/osasuna.png,36.0,Goalkeeper,https://assets.laliga.com/squad/2021/t450/p439196/512x556/p439196_t450_2021_1_001_000.png,0.0,0.0,0.0,0.0,0.0,0.0,0.0,0.0,0.0,0.0,0.0,0.0,0.0,0.0,0.0,0.0,0.0,0.0,0.0,0.0,0.0,0.0,0.0,0.0,0.0,0.0,0.0,0.0,0.0,0.0,0.0,0.0,0.0,0.0,0.0,Goalkeeper,0.0
12658.0,Julen Fernández,Julen,male,1999-02-23T00:00:00+00:00,,,CD Lugo,LUG,https://assets.laliga.com/assets/2019/06/07/medium/lugo.png,26.0,Goalkeeper,https://assets.laliga.com/squad/2021/t5730/p484766/512x556/p484766_t5730_2021_1_001_000.png,0.0,0.0,0.0,0.0,0.0,0.0,0.0,0.0,0.0,0.0,0.0,0.0,0.0,0.0,0.0,0.0,0.0,0.0,0.0,0.0,0.0,0.0,0.0,0.0,0.0,0.0,0.0,0.0,0.0,0.0,0.0,0.0,0.0,0.0,0.0,Midfielder,0.0
25885.0,Laia López de la Morena,Laia López de la Morena,female,,,,Madrid CFF,MAD,https://assets.laliga.com/assets/2019/06/07/medium/madrid-futbol-femenino.png,41.0,Goalkeeper,,0.0,0.0,0.0,0.0,0.0,0.0,0.0,0.0,0.0,0.0,0.0,0.0,0.0,0.0,0.0,0.0,0.0,0.0,0.0,0.0,0.0,0.0,0.0,0.0,0.0,0.0,0.0,0.0,0.0,0.0,0.0,0.0,0.0,0.0,0.0,Goalkeeper,0.0
14644.0,Daniel Villahermosa,Villahermosa,male,2001-01-02T00:00:00+00:00,,,RCD Espanyol de Barcelona,ESP,https://assets.laliga.com/assets/2019/06/07/medium/espanyol.png,40.0,Midfielder,,0.0,1.0,0.0,0.0,0.0,0.0,0.0,2.0,0.0,0.0,0.0,0.0,0.0,7.0,0.0,0.0,0.0,0.0,0.0,0.0,1.0,1.0,1.0,3.0,3.0,1.0,0.0,5.0,7.0,0.0,0.0,0.0,0.0,3.0,0.0,Goalkeeper,0.0
23119.0,Carlos Manuel Pérez Sánchez,Charly,male,2002-06-07T00:00:00+00:00,,,Valencia CF,VAL,https://assets.laliga.com/assets/2019/06/07/medium/valencia.png,35.0,Goalkeeper,https://assets.laliga.com/squad/2021/t191/p482669/512x556/p482669_t191_2021_1_001_000.png,0.0,0.0,0.0,0.0,0.0,0.0,0.0,0.0,0.0,0.0,0.0,0.0,0.0,0.0,0.0,0.0,0.0,0.0,0.0,0.0,0.0,0.0,0.0,0.0,0.0,0.0,0.0,0.0,0.0,0.0,0.0,0.0,0.0,0.0,0.0,Forward,0.0
15514.0,Carlo García,Carlo Adriano,male,2001-02-12T00:00:00+00:00,,181.0,Villarreal CF,VIL,https://assets.laliga.com/assets/2019/06/07/medium/villarreal.png,38.0,Midfielder,https://assets.laliga.com/squad/2021/t449/p513949/512x556/p513949_t449_2021_0_001_000.png,0.0,1.0,0.0,0.0,0.0,0.0,0.0,0.0,0.0,0.0,0.0,0.0,0.0,4.0,0.0,0.0,0.0,0.0,0.0,0.0,0.0,0.0,4.0,0.0,4.0,0.0,0.0,0.0,4.0,0.0,0.0,0.0,0.0,0.0,0.0,Goalkeeper,0.0
25343.0,David Cuenca Barreno,D. Cuenca,male,2002-04-05T00:00:00+00:00,,,UD Almería,ALM,https://assets.laliga.com/assets/2019/06/07/medium/almeria.png,29.0,Defender,,0.0,0.0,0.0,0.0,0.0,0.0,0.0,0.0,0.0,0.0,0.0,0.0,0.0,0.0,0.0,0.0,0.0,0.0,0.0,0.0,0.0,0.0,0.0,0.0,0.0,0.0,0.0,0.0,0.0,0.0,0.0,0.0,0.0,0.0,0.0,Goalkeeper,0.0
25838.0,Fidel Castillo,Fidel,male,1999-02-09T00:00:00+00:00,,,UD Ibiza,IBI,https://assets.laliga.com/assets/2021/06/24/medium/d7bc0d2c9bf06afd6b5ace9d62771713.png,30.0,Goalkeeper,,0.0,0.0,0.0,0.0,0.0,0.0,0.0,0.0,0.0,0.0,0.0,0.0,0.0,0.0,0.0,0.0,0.0,0.0,0.0,0.0,0.0,0.0,0.0,0.0,0.0,0.0,0.0,0.0,0.0,0.0,0.0,0.0,0.0,0.0,0.0,Goalkeeper,0.0
19234.0,Jorge Chanza,J. Chanza,male,1998-03-20T00:00:00+00:00,,182.0,UD Ibiza,IBI,https://assets.laliga.com/assets/2021/06/24/medium/d7bc0d2c9bf06afd6b5ace9d62771713.png,26.0,Goalkeeper,https://assets.laliga.com/squad/2021/t16203/p498197/512x556/p498197_t16203_2021_1_001_000.png,0.0,0.0,0.0,0.0,0.0,0.0,0.0,0.0,0.0,0.0,0.0,0.0,0.0,0.0,0.0,0.0,0.0,0.0,0.0,0.0,0.0,0.0,0.0,0.0,0.0,0.0,0.0,0.0,0.0,0.0,0.0,0.0,0.0,0.0,0.0,Forward,0.0
24138.0,Félix Ofoli,Felix,male,2000-06-22T00:00:00+00:00,,,CD Leganés,LEG,https://assets.laliga.com/assets/2019/06/07/medium/leganes.png,38.0,Defender,,0.0,0.0,0.0,0.0,0.0,0.0,0.0,0.0,0.0,0.0,0.0,0.0,0.0,0.0,0.0,0.0,0.0,0.0,0.0,0.0,0.0,0.0,0.0,0.0,0.0,0.0,0.0,0.0,0.0,0.0,0.0,0.0,0.0,0.0,0.0,Goalkeeper,0.0
25466.0,Naroa Domenech,Naroa Domenech,female,2004-07-28T00:00:00+00:00,,,SD Eibar,EIB,https://assets.laliga.com/assets/2019/06/07/medium/eibar.png,34.0,Midfielder,,0.0,0.0,0.0,0.0,0.0,0.0,0.0,0.0,0.0,0.0,0.0,0.0,0.0,0.0,0.0,0.0,0.0,0.0,0.0,0.0,0.0,0.0,0.0,0.0,0.0,0.0,0.0,0.0,0.0,0.0,0.0,0.0,0.0,0.0,0.0,Goalkeeper,0.0
14421.0,Nerea Pallás,Nerea Pallás,female,1999-11-11T00:00:00+00:00,,,VCF Femenino,VCF,https://assets.laliga.com/assets/2019/06/07/medium/valencia-femenino.png,25.0,Goalkeeper,,0.0,0.0,0.0,0.0,0.0,0.0,0.0,0.0,0.0,0.0,0.0,0.0,0.0,0.0,0.0,0.0,0.0,0.0,0.0,0.0,0.0,0.0,0.0,0.0,0.0,0.0,0.0,0.0,0.0,0.0,0.0,0.0,0.0,0.0,0.0,Forward,0.0
25281.0,Alberto Flores,Alberto F.,male,2003-11-10T00:00:00+00:00,,186.0,Sevilla FC,SEV,https://assets.laliga.com/assets/2019/06/07/medium/sevilla.png,41.0,Goalkeeper,,0.0,0.0,0.0,0.0,0.0,0.0,0.0,0.0,0.0,0.0,0.0,0.0,0.0,0.0,0.0,0.0,0.0,0.0,0.0,0.0,0.0,0.0,0.0,0.0,0.0,0.0,0.0,0.0,0.0,0.0,0.0,0.0,0.0,0.0,0.0,Defender,0.0
23369.0,Alan Godoy,Godoy,male,2003-05-04T00:00:00+00:00,,178.0,Deportivo Alavés,ALA,https://assets.laliga.com/assets/2020/09/01/medium/27002754a98bf535807fe49a24cc63ea.png,35.0,Forward,https://assets.laliga.com/squad/2021/t173/p514525/512x556/p514525_t173_2021_1_001_000.png,0.0,0.0,0.0,0.0,0.0,0.0,0.0,0.0,0.0,0.0,0.0,0.0,0.0,0.0,0.0,0.0,0.0,0.0,0.0,0.0,0.0,0.0,0.0,0.0,0.0,0.0,0.0,0.0,0.0,0.0,0.0,0.0,0.0,0.0,0.0,Goalkeeper,0.0
12681.0,Jonathan Morilla,Jonatan,male,1999-12-06T00:00:00+00:00,,,Girona FC,GIR,https://assets.laliga.com/assets/2019/06/07/medium/girona.png,30.0,Goalkeeper,https://assets.laliga.com/squad/2021/t2893/p436230/512x556/p436230_t2893_2021_0_001_000.png,0.0,0.0,0.0,0.0,0.0,0.0,0.0,0.0,0.0,0.0,0.0,0.0,0.0,0.0,0.0,0.0,0.0,0.0,0.0,0.0,0.0,0.0,0.0,0.0,0.0,0.0,0.0,0.0,0.0,0.0,0.0,0.0,0.0,0.0,0.0,Forward,0.0
18992.0,Guillermo Acín,Acín,male,2001-02-28T00:00:00+00:00,,,Real Zaragoza,ZAR,https://assets.laliga.com/assets/2019/06/07/medium/zaragoza.png,41.0,Goalkeeper,https://assets.laliga.com/squad/2021/t190/p503795/512x556/p503795_t190_2021_1_001_000.png,0.0,0.0,0.0,0.0,0.0,0.0,0.0,0.0,0.0,0.0,0.0,0.0,0.0,0.0,0.0,0.0,0.0,0.0,0.0,0.0,0.0,0.0,0.0,0.0,0.0,0.0,0.0,0.0,0.0,0.0,0.0,0.0,0.0,0.0,0.0,Goalkeeper,0.0
19225.0,Jon Karrikaburu,Karrikaburu,male,2002-09-19T00:00:00+00:00,,,Real Sociedad,RSO,https://assets.laliga.com/assets/2019/06/07/medium/real-sociedad.png,,Forward,,0.0,0.0,0.0,0.0,0.0,0.0,0.0,0.0,0.0,0.0,0.0,0.0,0.0,0.0,0.0,0.0,0.0,0.0,0.0,0.0,0.0,0.0,0.0,0.0,0.0,0.0,0.0,0.0,0.0,0.0,0.0,0.0,0.0,0.0,0.0,Goalkeeper,0.0
25582.0,Idrissa Thiam,Idrissa,male,2000-09-02T00:00:00+00:00,,177.0,CD Lugo,LUG,https://assets.laliga.com/assets/2019/06/07/medium/lugo.png,32.0,Forward,,0.0,0.0,0.0,0.0,0.0,0.0,0.0,0.0,0.0,0.0,0.0,0.0,0.0,0.0,0.0,0.0,0.0,0.0,0.0,0.0,0.0,0.0,0.0,0.0,0.0,0.0,0.0,0.0,0.0,0.0,0.0,0.0,0.0,0.0,0.0,Goalkeeper,0.0
15797.0,Joel Jiménez,J. Jimenez,male,2000-01-20T00:00:00+00:00,,187.0,Real Sporting,SPO,https://assets.laliga.com/assets/2019/06/07/medium/sporting.png,33.0,Goalkeeper,https://assets.laliga.com/squad/2021/t616/p514136/512x556/p514136_t616_2021_1_001_000.png,0.0,0.0,0.0,0.0,0.0,0.0,0.0,0.0,0.0,0.0,0.0,0.0,0.0,0.0,0.0,0.0,0.0,0.0,0.0,0.0,0.0,0.0,0.0,0.0,0.0,0.0,0.0,0.0,0.0,0.0,0.0,0.0,0.0,0.0,0.0,Forward,0.0
12600.0,Adrián Rodríguez,A. Rodriguez,male,2000-12-12T00:00:00+00:00,82.0,195.0,Deportivo Alavés,ALA,https://assets.laliga.com/assets/2020/09/01/medium/27002754a98bf535807fe49a24cc63ea.png,33.0,Goalkeeper,https://assets.laliga.com/squad/2021/t173/p466131/512x556/p466131_t173_2021_0_001_000.png,0.0,0.0,0.0,0.0,0.0,0.0,0.0,0.0,0.0,0.0,0.0,0.0,0.0,0.0,0.0,0.0,0.0,0.0,0.0,0.0,0.0,0.0,0.0,0.0,0.0,0.0,0.0,0.0,0.0,0.0,0.0,0.0,0.0,0.0,0.0,Defender,0.0
12758.0,Adrián Quintela,Adrian,male,2001-03-11T00:00:00+00:00,,,Rayo Vallecano,RAY,https://assets.laliga.com/assets/2019/06/07/medium/rayo.png,30.0,Goalkeeper,,0.0,0.0,0.0,0.0,0.0,0.0,0.0,0.0,0.0,0.0,0.0,0.0,0.0,0.0,0.0,0.0,0.0,0.0,0.0,0.0,0.0,0.0,0.0,0.0,0.0,0.0,0.0,0.0,0.0,0.0,0.0,0.0,0.0,0.0,0.0,Goalkeeper,0.0
26569.0,Javier Rentero,Rentero,male,2001-03-16T00:00:00+00:00,,187.0,CD Leganés,LEG,https://assets.laliga.com/assets/2019/06/07/medium/leganes.png,43.0,Midfielder,,0.0,1.0,0.0,0.0,0.0,0.0,0.0,1.0,0.0,0.0,0.0,0.0,0.0,2.0,0.0,0.0,0.0,0.0,0.0,0.0,0.0,0.0,2.0,0.0,2.0,0.0,0.0,0.0,2.0,0.0,0.0,0.0,0.0,0.0,0.0,Goalkeeper,0.0
25304.0,Javier Izquierdo,J. Izquierdo,male,2001-03-15T00:00:00+00:00,,181.0,Real Sporting,SPO,https://assets.laliga.com/assets/2019/06/07/medium/sporting.png,30.0,Goalkeeper,,0.0,0.0,0.0,0.0,0.0,0.0,0.0,0.0,0.0,0.0,0.0,0.0,0.0,0.0,0.0,0.0,0.0,0.0,0.0,0.0,0.0,0.0,0.0,0.0,0.0,0.0,0.0,0.0,0.0,0.0,0.0,0.0,0.0,0.0,0.0,Midfielder,0.0
9426.0,Jagoba Zárraga,Zarraga,male,1997-11-04T00:00:00+00:00,,,AD Alcorcón,ALC,https://assets.laliga.com/assets/2019/06/07/medium/alcorcon.png,33.0,Goalkeeper,,0.0,0.0,0.0,0.0,0.0,0.0,0.0,0.0,0.0,0.0,0.0,0.0,0.0,0.0,0.0,0.0,0.0,0.0,0.0,0.0,0.0,0.0,0.0,0.0,0.0,0.0,0.0,0.0,0.0,0.0,0.0,0.0,0.0,0.0,0.0,Goalkeeper,0.0
23345.0,Javier Garrido,Javi Garrido,male,2003-09-07T00:00:00+00:00,70.0,186.0,CD Leganés,LEG,https://assets.laliga.com/assets/2019/06/07/medium/leganes.png,30.0,Goalkeeper,https://assets.laliga.com/squad/2021/t957/p539672/512x556/p539672_t957_2021_1_001_000.png,0.0,0.0,0.0,0.0,0.0,0.0,0.0,0.0,0.0,0.0,0.0,0.0,0.0,0.0,0.0,0.0,0.0,0.0,0.0,0.0,0.0,0.0,0.0,0.0,0.0,0.0,0.0,0.0,0.0,0.0,0.0,0.0,0.0,0.0,0.0,Goalkeeper,0.0
24225.0,Jose Manuel Vivancos,Josema,male,1999-10-01T00:00:00+00:00,,,FC Cartagena,CAR,https://assets.laliga.com/assets/2022/02/11/medium/1628caa9b2002a11e564eb84b3677f78.png,34.0,Forward,,0.0,1.0,0.0,0.0,0.0,0.0,0.0,0.0,0.0,0.0,0.0,0.0,0.0,1.0,0.0,0.0,0.0,0.0,0.0,0.0,0.0,0.0,1.0,0.0,1.0,0.0,0.0,2.0,1.0,0.0,0.0,1.0,0.0,0.0,0.0,Goalkeeper,0.0
7212.0,Moneyba Rodríguez,Moneyba Rodríguez,female,1999-05-15T00:00:00+00:00,,,UD Granadilla Tenerife Egatesa,UDG,https://assets.laliga.com/assets/2019/06/07/medium/granadilla.png,32.0,Midfielder,https://assets.laliga.com/squad/2021/t13328/p440701/512x556/p440701_t13328_2021_1_001_000.png,0.0,0.0,0.0,0.0,0.0,0.0,0.0,0.0,0.0,0.0,0.0,0.0,0.0,0.0,0.0,0.0,0.0,0.0,0.0,0.0,0.0,0.0,0.0,0.0,0.0,0.0,0.0,0.0,0.0,0.0,0.0,0.0,0.0,0.0,0.0,Goalkeeper,0.0
13689.0,César García,Cesar,male,1999-08-27T00:00:00+00:00,74.0,178.0,Real Sporting,SPO,https://assets.laliga.com/assets/2019/06/07/medium/sporting.png,35.0,Forward,https://assets.laliga.com/squad/2021/t616/p500737/512x556/p500737_t616_2021_1_001_000.png,1.0,3.0,0.0,0.0,0.0,0.0,0.0,5.0,0.0,0.0,0.0,1.0,0.0,19.0,0.0,0.0,0.0,0.0,0.0,0.0,3.0,0.0,12.0,2.0,14.0,0.0,0.0,12.0,19.0,0.0,8.0,1.0,0.0,5.0,0.0,Goalkeeper,0.0
13394.0,Alfonso Pastor,Alfonso P.,male,2000-10-04T00:00:00+00:00,78.0,189.0,Sevilla FC,SEV,https://assets.laliga.com/assets/2019/06/07/medium/sevilla.png,33.0,Goalkeeper,https://assets.laliga.com/squad/2021/t179/p436216/512x556/p436216_t179_2021_1_001_000.png,0.0,0.0,0.0,0.0,0.0,0.0,0.0,0.0,0.0,0.0,0.0,0.0,0.0,0.0,0.0,0.0,0.0,0.0,0.0,0.0,0.0,0.0,0.0,0.0,0.0,0.0,0.0,0.0,0.0,0.0,0.0,0.0,0.0,0.0,0.0,Forward,0.0
18847.0,Cesar Fernandez,Cesar Fernández,male,2004-01-28T00:00:00+00:00,,,RC Celta,CEL,https://assets.laliga.com/assets/2019/06/07/medium/celta.png,41.0,Goalkeeper,,0.0,0.0,0.0,0.0,0.0,0.0,0.0,0.0,0.0,0.0,0.0,0.0,0.0,0.0,0.0,0.0,0.0,0.0,0.0,0.0,0.0,0.0,0.0,0.0,0.0,0.0,0.0,0.0,0.0,0.0,0.0,0.0,0.0,0.0,0.0,Defender,0.0
25380.0,Carlos Benítez Royo,Benitez,male,2002-11-25T00:00:00+00:00,,,Levante UD,LEV,https://assets.laliga.com/assets/2019/06/07/medium/levante.png,39.0,Midfielder,,0.0,0.0,0.0,0.0,0.0,0.0,0.0,0.0,0.0,0.0,0.0,0.0,0.0,0.0,0.0,0.0,0.0,0.0,0.0,0.0,0.0,0.0,0.0,0.0,0.0,0.0,0.0,0.0,0.0,0.0,0.0,0.0,0.0,0.0,0.0,Goalkeeper,0.0
15780.0,Alberto Hórreo,B. Horreo,male,2000-06-24T00:00:00+00:00,,191.0,Real Oviedo,OVI,https://assets.laliga.com/assets/2019/06/07/medium/oviedo.png,26.0,Goalkeeper,,0.0,0.0,0.0,0.0,0.0,0.0,0.0,0.0,0.0,0.0,0.0,0.0,0.0,0.0,0.0,0.0,0.0,0.0,0.0,0.0,0.0,0.0,0.0,0.0,0.0,0.0,0.0,0.0,0.0,0.0,0.0,0.0,0.0,0.0,0.0,Defender,0.0
24505.0,Juan Pedro Gil Bueno,Juanpe,male,2001-05-05T00:00:00+00:00,,,AD Alcorcón,ALC,https://assets.laliga.com/assets/2019/06/07/medium/alcorcon.png,41.0,Goalkeeper,,0.0,0.0,0.0,0.0,0.0,0.0,0.0,0.0,0.0,0.0,0.0,0.0,0.0,0.0,0.0,0.0,0.0,0.0,0.0,0.0,0.0,0.0,0.0,0.0,0.0,0.0,0.0,0.0,0.0,0.0,0.0,0.0,0.0,0.0,0.0,Goalkeeper,0.0
23670.0,Marina Salas,Marina Salas,female,2001-07-17T00:00:00+00:00,57.0,162.0,Real Madrid Femenino,RMA,https://assets.laliga.com/assets/2019/06/07/medium/real-madrid.png,29.0,Midfielder,,0.0,0.0,0.0,0.0,0.0,0.0,0.0,0.0,0.0,0.0,0.0,0.0,0.0,0.0,0.0,0.0,0.0,0.0,0.0,0.0,0.0,0.0,0.0,0.0,0.0,0.0,0.0,0.0,0.0,0.0,0.0,0.0,0.0,0.0,0.0,Goalkeeper,0.0
12673.0,Juan de Dios Rivas,Juande,male,1999-07-07T00:00:00+00:00,78.0,185.0,Málaga CF,MGA,https://assets.laliga.com/assets/2019/06/07/medium/malaga.png,5.0,Defender,https://assets.laliga.com/squad/2021/t182/p490879/512x556/p490879_t182_2021_1_001_000.png,46.0,21.0,0.0,0.0,25.0,0.0,6.0,75.0,2.0,30.0,27.0,2.0,1.0,864.0,0.0,0.0,0.0,3.0,0.0,0.0,4.0,91.0,220.0,503.0,632.0,90.0,16.0,173.0,886.0,13.0,14.0,0.0,83.0,80.0,2.0,Goalkeeper,0.0
18315.0,Benjamin Lecomte,Lecomte,male,1991-04-26T00:00:00+00:00,78.0,186.0,Atlético de Madrid,ATM,https://assets.laliga.com/assets/2019/06/07/medium/atletico.png,1.0,Goalkeeper,https://assets.laliga.com/squad/2021/t175/p86873/512x556/p86873_t175_2021_1_001_000.png,0.0,0.0,0.0,0.0,0.0,0.0,0.0,0.0,0.0,0.0,0.0,0.0,0.0,0.0,0.0,0.0,0.0,0.0,0.0,0.0,0.0,0.0,0.0,0.0,0.0,0.0,0.0,0.0,0.0,0.0,0.0,0.0,0.0,0.0,1.0,Forward,0.0
14667.0,Arnau Tenas,Arnau Tenas,male,2001-05-30T00:00:00+00:00,85.0,185.0,FC Barcelona,BAR,https://assets.laliga.com/assets/2019/06/07/medium/barcelona.png,36.0,Goalkeeper,https://assets.laliga.com/squad/2021/t178/p449924/512x556/p449924_t178_2021_1_001_000.png,0.0,0.0,0.0,0.0,0.0,0.0,0.0,0.0,0.0,0.0,0.0,0.0,0.0,0.0,0.0,0.0,0.0,0.0,0.0,0.0,0.0,0.0,0.0,0.0,0.0,0.0,0.0,0.0,0.0,0.0,0.0,0.0,0.0,0.0,0.0,Midfielder,0.0
25653.0,Antonio Gomís Alemañ,A.gomis,male,2003-05-20T00:00:00+00:00,,,Atlético de Madrid,ATM,https://assets.laliga.com/assets/2019/06/07/medium/atletico.png,35.0,Goalkeeper,,0.0,0.0,0.0,0.0,0.0,0.0,0.0,0.0,0.0,0.0,0.0,0.0,0.0,0.0,0.0,0.0,0.0,0.0,0.0,0.0,0.0,0.0,0.0,0.0,0.0,0.0,0.0,0.0,0.0,0.0,0.0,0.0,0.0,0.0,0.0,Goalkeeper,0.0
25784.0,Diego De Pedro,De Pedro,male,2003-02-03T00:00:00+00:00,,,FC Cartagena,CAR,https://assets.laliga.com/assets/2022/02/11/medium/1628caa9b2002a11e564eb84b3677f78.png,46.0,Midfielder,,0.0,1.0,0.0,0.0,0.0,0.0,0.0,1.0,0.0,0.0,0.0,0.0,0.0,4.0,0.0,0.0,0.0,0.0,0.0,0.0,0.0,0.0,2.0,1.0,3.0,0.0,2.0,5.0,4.0,0.0,0.0,0.0,0.0,1.0,0.0,Goalkeeper,0.0
14867.0,Diego Licinio Lázaro Fuoli,Fuoli,male,1997-10-20T00:00:00+00:00,,,UD Almería,ALM,https://assets.laliga.com/assets/2019/06/07/medium/almeria.png,33.0,Goalkeeper,https://assets.laliga.com/squad/2021/t1564/p435256/512x556/p435256_t1564_2021_1_001_000.png,0.0,0.0,0.0,0.0,0.0,0.0,0.0,0.0,0.0,0.0,0.0,0.0,0.0,0.0,0.0,0.0,0.0,0.0,0.0,0.0,0.0,0.0,0.0,0.0,0.0,0.0,0.0,0.0,0.0,0.0,0.0,0.0,0.0,0.0,0.0,Forward,0.0
17025.0,Antonio Blanco,Blanco,male,2000-07-23T00:00:00+00:00,,176.0,Real Madrid,RMA,https://assets.laliga.com/assets/2019/06/07/medium/real-madrid.png,27.0,Midfielder,https://assets.laliga.com/squad/2021/t186/p437465/512x556/p437465_t186_2021_1_001_000.png,0.0,1.0,0.0,0.0,1.0,0.0,0.0,3.0,0.0,0.0,1.0,0.0,0.0,20.0,0.0,0.0,0.0,0.0,0.0,0.0,1.0,1.0,7.0,11.0,17.0,0.0,1.0,3.0,20.0,2.0,0.0,0.0,1.0,1.0,0.0,Goalkeeper,0.0
25338.0,Egoitz Arana,Arana,male,2002-02-19T00:00:00+00:00,,,R. Sociedad B,RSOB,https://assets.laliga.com/assets/2019/06/07/medium/real-sociedad.png,40.0,Goalkeeper,,0.0,0.0,0.0,0.0,0.0,0.0,0.0,0.0,0.0,0.0,0.0,0.0,0.0,0.0,0.0,0.0,0.0,0.0,0.0,0.0,0.0,0.0,0.0,0.0,0.0,0.0,0.0,0.0,0.0,0.0,0.0,0.0,0.0,0.0,0.0,Goalkeeper,0.0
19226.0,José Ortega,Ortega,male,2002-04-09T00:00:00+00:00,,,R. Sociedad B,RSOB,https://assets.laliga.com/assets/2019/06/07/medium/real-sociedad.png,35.0,Goalkeeper,https://assets.laliga.com/squad/2021/t3567/p541055/512x556/p541055_t3567_2021_1_001_000.png,0.0,0.0,0.0,0.0,0.0,0.0,0.0,0.0,0.0,0.0,0.0,0.0,0.0,0.0,0.0,0.0,0.0,0.0,0.0,0.0,0.0,0.0,0.0,0.0,0.0,0.0,0.0,0.0,0.0,0.0,0.0,0.0,0.0,0.0,0.0,Goalkeeper,0.0
14456.0,Ander Iruarrizaga,Iru,male,1998-08-22T00:00:00+00:00,74.0,188.0,Athletic Club,ATH,https://assets.laliga.com/assets/2019/06/07/medium/athletic.png,35.0,Goalkeeper,https://assets.laliga.com/squad/2021/t174/p439771/512x556/p439771_t174_2021_0_001_000.png,0.0,0.0,0.0,0.0,0.0,0.0,0.0,0.0,0.0,0.0,0.0,0.0,0.0,0.0,0.0,0.0,0.0,0.0,0.0,0.0,0.0,0.0,0.0,0.0,0.0,0.0,0.0,0.0,0.0,0.0,0.0,0.0,0.0,0.0,0.0,Forward,0.0
6270.0,Ander Guevara,Guevara,male,1997-07-07T00:00:00+00:00,73.0,180.0,Real Sociedad,RSO,https://assets.laliga.com/assets/2019/06/07/medium/real-sociedad.png,16.0,Midfielder,https://assets.laliga.com/squad/2021/t188/p431644/512x556/p431644_t188_2021_1_001_000.png,15.0,17.0,0.0,0.0,6.0,0.0,2.0,41.0,0.0,10.0,12.0,6.0,0.0,594.0,0.0,0.0,0.0,0.0,0.0,0.0,3.0,28.0,223.0,302.0,497.0,8.0,15.0,101.0,607.0,18.0,10.0,1.0,12.0,70.0,2.0,Goalkeeper,0.0
23703.0,José Ramón de Diego Martín,Joserra,male,1999-01-18T00:00:00+00:00,,,CD Leganés,LEG,https://assets.laliga.com/assets/2019/06/07/medium/leganes.png,40.0,Defender,,0.0,0.0,0.0,0.0,0.0,0.0,0.0,0.0,0.0,0.0,0.0,0.0,0.0,0.0,0.0,0.0,0.0,0.0,0.0,0.0,0.0,0.0,0.0,0.0,0.0,0.0,0.0,0.0,0.0,0.0,0.0,0.0,0.0,0.0,0.0,Goalkeeper,0.0
1709.0,Pablo Clavería,Claveria,male,1996-04-01T00:00:00+00:00,75.0,180.0,CD Lugo,LUG,https://assets.laliga.com/assets/2019/06/07/medium/lugo.png,20.0,Midfielder,,6.0,16.0,1.0,0.0,7.0,0.0,4.0,39.0,1.0,20.0,20.0,9.0,0.0,350.0,0.0,0.0,0.0,4.0,0.0,4.0,5.0,21.0,135.0,140.0,250.0,21.0,32.0,148.0,383.0,18.0,13.0,8.0,37.0,75.0,6.0,Goalkeeper,0.0
16561.0,Alberto Fuentes,Fuentes,male,1999-08-26T00:00:00+00:00,,,SD Huesca,HUE,https://assets.laliga.com/assets/2019/06/07/medium/huesca.png,27.0,Midfielder,https://assets.laliga.com/squad/2021/t2894/p521640/512x556/p521640_t2894_2021_1_001_000.png,0.0,0.0,0.0,0.0,0.0,0.0,0.0,0.0,0.0,0.0,0.0,0.0,0.0,0.0,0.0,0.0,0.0,0.0,0.0,0.0,0.0,0.0,0.0,0.0,0.0,0.0,0.0,0.0,0.0,0.0,0.0,0.0,0.0,0.0,0.0,Goalkeeper,0.0
19544.0,Carmen Carbonell,Carmen Carbonell,female,1999-07-26T00:00:00+00:00,,,Villarreal CF,VIL,https://assets.laliga.com/assets/2021/06/28/medium/9fbd53c24db4a5ff2257fa8ba57b59d4.png,25.0,Goalkeeper,https://assets.laliga.com/squad/2021/t18273/p543148/512x556/p543148_t18273_2021_0_001_000.png,0.0,0.0,0.0,0.0,0.0,0.0,0.0,0.0,0.0,0.0,0.0,0.0,0.0,0.0,0.0,0.0,0.0,0.0,0.0,0.0,0.0,0.0,0.0,0.0,0.0,0.0,0.0,0.0,0.0,0.0,0.0,0.0,0.0,0.0,0.0,Midfielder,0.0
585.0,Rubén Blanco,Ruben Blanco,male,1995-07-25T00:00:00+00:00,70.0,188.0,RC Celta,CEL,https://assets.laliga.com/assets/2019/06/07/medium/celta.png,13.0,Goalkeeper,https://assets.laliga.com/squad/2021/t176/p106539/512x556/p106539_t176_2021_1_001_000.png,0.0,0.0,0.0,0.0,0.0,0.0,0.0,0.0,0.0,0.0,0.0,0.0,0.0,0.0,0.0,0.0,0.0,0.0,0.0,0.0,0.0,0.0,0.0,0.0,0.0,0.0,0.0,0.0,0.0,0.0,0.0,0.0,0.0,0.0,0.0,Defender,0.0
23605.0,Ane Elexpuru,Ane Elexpuru,female,2003-05-02T00:00:00+00:00,,,Athletic Club,ATH,https://assets.laliga.com/assets/2019/06/07/medium/athletic-femenino.png,31.0,Defender,https://assets.laliga.com/squad/2021/t12034/p478151/512x556/p478151_t12034_2021_1_001_000.png,0.0,0.0,0.0,0.0,0.0,0.0,0.0,0.0,0.0,0.0,0.0,0.0,0.0,0.0,0.0,0.0,0.0,0.0,0.0,0.0,0.0,0.0,0.0,0.0,0.0,0.0,0.0,0.0,0.0,0.0,0.0,0.0,0.0,0.0,0.0,Goalkeeper,0.0
25318.0,Bella Ramírez González,Bella,female,,,,Sporting Huelva,SPH,https://assets.laliga.com/assets/2019/06/07/medium/sporting-club.png,,Goalkeeper,,0.0,0.0,0.0,0.0,0.0,0.0,0.0,0.0,0.0,0.0,0.0,0.0,0.0,0.0,0.0,0.0,0.0,0.0,0.0,0.0,0.0,0.0,0.0,0.0,0.0,0.0,0.0,0.0,0.0,0.0,0.0,0.0,0.0,0.0,0.0,Goalkeeper,0.0
25852.0,Jesus Lopez,J.lopez,male,2002-08-01T00:00:00+00:00,,187.0,Elche CF,ELC,https://assets.laliga.com/assets/2019/06/07/medium/elche.png,30.0,Goalkeeper,,0.0,0.0,0.0,0.0,0.0,0.0,0.0,0.0,0.0,0.0,0.0,0.0,0.0,0.0,0.0,0.0,0.0,0.0,0.0,0.0,0.0,0.0,0.0,0.0,0.0,0.0,0.0,0.0,0.0,0.0,0.0,0.0,0.0,0.0,0.0,Forward,0.0
19218.0,Yago Cantero,Cantero,male,2000-01-26T00:00:00+00:00,,,R. Sociedad B,RSOB,https://assets.laliga.com/assets/2019/06/07/medium/real-sociedad.png,33.0,Defender,,0.0,0.0,0.0,0.0,0.0,0.0,0.0,0.0,0.0,0.0,0.0,0.0,0.0,0.0,0.0,0.0,0.0,0.0,0.0,0.0,0.0,0.0,0.0,0.0,0.0,0.0,0.0,0.0,0.0,0.0,0.0,0.0,0.0,0.0,0.0,Goalkeeper,0.0
15178.0,Nikita Iosifov,Nikita,male,2001-04-11T00:00:00+00:00,,,Villarreal CF,VIL,https://assets.laliga.com/assets/2019/06/07/medium/villarreal.png,28.0,Midfielder,https://assets.laliga.com/squad/2021/t449/p465168/512x556/p465168_t449_2021_1_001_000.png,0.0,1.0,0.0,0.0,0.0,0.0,0.0,1.0,0.0,0.0,0.0,0.0,0.0,2.0,0.0,0.0,0.0,0.0,0.0,0.0,1.0,0.0,2.0,0.0,2.0,0.0,0.0,2.0,2.0,0.0,1.0,0.0,0.0,0.0,0.0,Goalkeeper,0.0
414.0,Jeison Murillo,Murillo,male,1992-05-27T00:00:00+00:00,78.0,182.0,RC Celta,CEL,https://assets.laliga.com/assets/2019/06/07/medium/celta.png,24.0,Defender,https://assets.laliga.com/squad/2021/t176/p107117/512x556/p107117_t176_2021_1_001_000.png,32.0,19.0,0.0,0.0,8.0,0.0,4.0,62.0,0.0,20.0,17.0,1.0,0.0,673.0,0.0,0.0,0.0,1.0,1.0,0.0,3.0,53.0,210.0,410.0,567.0,33.0,13.0,83.0,695.0,15.0,8.0,0.0,41.0,34.0,5.0,Goalkeeper,0.0
24061.0,Belén de Gracia,Belén de Gracia,female,2004-04-12T00:00:00+00:00,,,Real Madrid Femenino,RMA,https://assets.laliga.com/assets/2019/06/07/medium/real-madrid.png,30.0,Goalkeeper,,0.0,0.0,0.0,0.0,0.0,0.0,0.0,0.0,0.0,0.0,0.0,0.0,0.0,0.0,0.0,0.0,0.0,0.0,0.0,0.0,0.0,0.0,0.0,0.0,0.0,0.0,0.0,0.0,0.0,0.0,0.0,0.0,0.0,0.0,0.0,Goalkeeper,0.0
14989.0,Víctor Méndez,Víctor,male,2000-03-24T00:00:00+00:00,,,CD Tenerife,TEN,https://assets.laliga.com/assets/2019/06/07/medium/tenerife.png,30.0,Goalkeeper,https://assets.laliga.com/squad/2021/t612/p503138/512x556/p503138_t612_2021_1_001_000.png,0.0,0.0,0.0,0.0,0.0,0.0,0.0,0.0,0.0,0.0,0.0,0.0,0.0,0.0,0.0,0.0,0.0,0.0,0.0,0.0,0.0,0.0,0.0,0.0,0.0,0.0,0.0,0.0,0.0,0.0,0.0,0.0,0.0,0.0,0.0,Defender,0.0
14526.0,Javier Castro,Castro,male,2000-09-13T00:00:00+00:00,75.0,183.0,RC Celta,CEL,https://assets.laliga.com/assets/2019/06/07/medium/celta.png,38.0,Defender,,0.0,0.0,0.0,0.0,0.0,0.0,0.0,0.0,0.0,0.0,0.0,0.0,0.0,0.0,0.0,0.0,0.0,0.0,0.0,0.0,0.0,0.0,0.0,0.0,0.0,0.0,0.0,0.0,0.0,0.0,0.0,0.0,0.0,0.0,0.0,Goalkeeper,0.0
25379.0,Omar Faraj,Faraj,male,2002-03-09T00:00:00+00:00,,,Levante UD,LEV,https://assets.laliga.com/assets/2019/06/07/medium/levante.png,40.0,Forward,,0.0,1.0,0.0,0.0,0.0,0.0,0.0,1.0,0.0,0.0,0.0,0.0,0.0,2.0,0.0,0.0,0.0,0.0,0.0,0.0,0.0,0.0,0.0,0.0,0.0,0.0,1.0,3.0,2.0,1.0,0.0,0.0,0.0,2.0,0.0,Goalkeeper,0.0
25352.0,Oscar Medina,Oscar,male,2004-01-19T00:00:00+00:00,,,Deportivo Alavés,ALA,https://assets.laliga.com/assets/2020/09/01/medium/27002754a98bf535807fe49a24cc63ea.png,32.0,Goalkeeper,,0.0,0.0,0.0,0.0,0.0,0.0,0.0,0.0,0.0,0.0,0.0,0.0,0.0,0.0,0.0,0.0,0.0,0.0,0.0,0.0,0.0,0.0,0.0,0.0,0.0,0.0,0.0,0.0,0.0,0.0,0.0,0.0,0.0,0.0,0.0,Defender,0.0
18830.0,Pablo Cuñat,Pablo,male,2002-04-28T00:00:00+00:00,,,Levante UD,LEV,https://assets.laliga.com/assets/2019/06/07/medium/levante.png,37.0,Goalkeeper,https://assets.laliga.com/squad/2021/t855/p523865/512x556/p523865_t855_2021_1_001_000.png,0.0,0.0,0.0,0.0,0.0,0.0,0.0,0.0,0.0,0.0,0.0,0.0,0.0,0.0,0.0,0.0,0.0,0.0,0.0,0.0,0.0,0.0,0.0,0.0,0.0,0.0,0.0,0.0,0.0,0.0,0.0,0.0,0.0,0.0,0.0,Forward,0.0
17232.0,Unai Ruiz-Zeberio,Ruiz-Zeberio,male,2000-06-19T00:00:00+00:00,,,SD Eibar,EIB,https://assets.laliga.com/assets/2019/06/07/medium/eibar.png,26.0,Goalkeeper,,0.0,0.0,0.0,0.0,0.0,0.0,0.0,0.0,0.0,0.0,0.0,0.0,0.0,0.0,0.0,0.0,0.0,0.0,0.0,0.0,0.0,0.0,0.0,0.0,0.0,0.0,0.0,0.0,0.0,0.0,0.0,0.0,0.0,0.0,0.0,Defender,0.0
25274.0,Pablo Picón,Picon,male,2000-02-01T00:00:00+00:00,,,Levante UD,LEV,https://assets.laliga.com/assets/2019/06/07/medium/levante.png,26.0,Goalkeeper,,0.0,0.0,0.0,0.0,0.0,0.0,0.0,0.0,0.0,0.0,0.0,0.0,0.0,0.0,0.0,0.0,0.0,0.0,0.0,0.0,0.0,0.0,0.0,0.0,0.0,0.0,0.0,0.0,0.0,0.0,0.0,0.0,0.0,0.0,0.0,Forward,0.0
14677.0,Pere Joan García,Pere Joan,male,2002-03-22T00:00:00+00:00,,188.0,RCD Mallorca,MLL,https://assets.laliga.com/assets/2019/06/07/medium/mallorca.png,33.0,Goalkeeper,https://assets.laliga.com/squad/2021/t181/p495631/512x556/p495631_t181_2021_1_001_000.png,0.0,0.0,0.0,0.0,0.0,0.0,0.0,0.0,0.0,0.0,0.0,0.0,0.0,0.0,0.0,0.0,0.0,0.0,0.0,0.0,0.0,0.0,0.0,0.0,0.0,0.0,0.0,0.0,0.0,0.0,0.0,0.0,0.0,0.0,0.0,Forward,0.0
24152.0,Carla Gallego,Carla Gallego,female,,,,Villarreal CF,VIL,https://assets.laliga.com/assets/2021/06/28/medium/9fbd53c24db4a5ff2257fa8ba57b59d4.png,35.0,Goalkeeper,,0.0,0.0,0.0,0.0,0.0,0.0,0.0,0.0,0.0,0.0,0.0,0.0,0.0,0.0,0.0,0.0,0.0,0.0,0.0,0.0,0.0,0.0,0.0,0.0,0.0,0.0,0.0,0.0,0.0,0.0,0.0,0.0,0.0,0.0,0.0,Midfielder,0.0
24136.0,Ana Urzainqui,Ana Urzainqui,female,2002-09-09T00:00:00+00:00,,,Athletic Club,ATH,https://assets.laliga.com/assets/2019/06/07/medium/athletic-femenino.png,33.0,Forward,,0.0,0.0,0.0,0.0,0.0,0.0,0.0,0.0,0.0,0.0,0.0,0.0,0.0,0.0,0.0,0.0,0.0,0.0,0.0,0.0,0.0,0.0,0.0,0.0,0.0,0.0,0.0,0.0,0.0,0.0,0.0,0.0,0.0,0.0,0.0,Goalkeeper,0.0
25856.0,Miguel Ángel Brau,Brau,male,2001-12-27T00:00:00+00:00,,,Granada CF,GRA,https://assets.laliga.com/assets/2019/06/07/medium/granada.png,36.0,Defender,,0.0,0.0,0.0,0.0,0.0,0.0,0.0,0.0,0.0,0.0,0.0,0.0,0.0,0.0,0.0,0.0,0.0,0.0,0.0,0.0,0.0,0.0,0.0,0.0,0.0,0.0,0.0,0.0,0.0,0.0,0.0,0.0,0.0,0.0,0.0,Goalkeeper,0.0
1241.0,Alejandro Pérez Navarro,Alex Perez,male,1991-08-11T00:00:00+00:00,88.0,191.0,CD Lugo,LUG,https://assets.laliga.com/assets/2019/06/07/medium/lugo.png,2.0,Defender,https://assets.laliga.com/squad/2021/t5730/p89345/512x556/p89345_t5730_2021_01_001_000.png,3.0,3.0,0.0,0.0,1.0,0.0,0.0,7.0,0.0,0.0,1.0,0.0,0.0,47.0,0.0,0.0,0.0,0.0,0.0,0.0,3.0,6.0,6.0,37.0,37.0,4.0,4.0,10.0,50.0,0.0,2.0,0.0,6.0,1.0,1.0,Goalkeeper,0.0
7191.0,Joel Robles,Joel Robles,male,1990-06-17T00:00:00+00:00,78.0,195.0,Real Betis,BET,https://assets.laliga.com/assets/2019/06/07/medium/betis.png,1.0,Goalkeeper,https://assets.laliga.com/squad/2021/t185/p78315/512x556/p78315_t185_2021_1_001_000.png,0.0,0.0,0.0,0.0,0.0,0.0,0.0,0.0,0.0,0.0,0.0,0.0,0.0,0.0,0.0,0.0,0.0,0.0,0.0,0.0,0.0,0.0,0.0,0.0,0.0,0.0,0.0,0.0,0.0,0.0,0.0,0.0,0.0,0.0,0.0,Forward,0.0
23373.0,Óscar González Granado,Óscar G.,male,2000-01-08T00:00:00+00:00,,,CD Mirandés,MIR,https://assets.laliga.com/assets/2019/06/07/medium/mirandes.png,30.0,Forward,https://assets.laliga.com/squad/2021/t5741/p530561/512x556/p530561_t5741_2021_1_001_000.png,0.0,0.0,0.0,0.0,0.0,0.0,0.0,0.0,0.0,0.0,0.0,0.0,0.0,0.0,0.0,0.0,0.0,0.0,0.0,0.0,0.0,0.0,0.0,0.0,0.0,0.0,0.0,0.0,0.0,0.0,0.0,0.0,0.0,0.0,0.0,Goalkeeper,0.0
24255.0,Lazar Carevic,Lazar Carevic,male,1999-03-16T00:00:00+00:00,85.0,193.0,FC Barcelona,BAR,https://assets.laliga.com/assets/2019/06/07/medium/barcelona.png,27.0,Goalkeeper,,0.0,0.0,0.0,0.0,0.0,0.0,0.0,0.0,0.0,0.0,0.0,0.0,0.0,0.0,0.0,0.0,0.0,0.0,0.0,0.0,0.0,0.0,0.0,0.0,0.0,0.0,0.0,0.0,0.0,0.0,0.0,0.0,0.0,0.0,0.0,Midfielder,0.0
13684.0,Lluis Andreu,Andreu,male,1999-07-23T00:00:00+00:00,78.0,189.0,Elche CF,ELC,https://assets.laliga.com/assets/2019/06/07/medium/elche.png,28.0,Goalkeeper,https://assets.laliga.com/squad/2021/t954/p464442/512x556/p464442_t954_2021_1_001_000.png,0.0,0.0,0.0,0.0,0.0,0.0,0.0,0.0,0.0,0.0,0.0,0.0,0.0,0.0,0.0,0.0,0.0,0.0,0.0,0.0,0.0,0.0,0.0,0.0,0.0,0.0,0.0,0.0,0.0,0.0,0.0,0.0,0.0,0.0,0.0,Forward,0.0
26571.0,Luca Koleosho,Koleosho,male,2004-09-15T00:00:00+00:00,,,RCD Espanyol de Barcelona,ESP,https://assets.laliga.com/assets/2019/06/07/medium/espanyol.png,41.0,Forward,,0.0,1.0,0.0,0.0,0.0,0.0,0.0,0.0,0.0,0.0,0.0,0.0,0.0,1.0,0.0,0.0,0.0,0.0,0.0,0.0,0.0,0.0,1.0,0.0,1.0,0.0,2.0,0.0,1.0,0.0,0.0,0.0,0.0,0.0,0.0,Goalkeeper,0.0
23608.0,Andrea Gurtner,Andrea Gurtner,female,2001-02-01T00:00:00+00:00,,177.0,UD Granadilla Tenerife Egatesa,UDG,https://assets.laliga.com/assets/2019/06/07/medium/granadilla.png,31.0,Goalkeeper,https://assets.laliga.com/squad/2021/t13328/p470034/512x556/p470034_t13328_2021_1_001_000.png,0.0,0.0,0.0,0.0,0.0,0.0,0.0,0.0,0.0,0.0,0.0,0.0,0.0,0.0,0.0,0.0,0.0,0.0,0.0,0.0,0.0,0.0,0.0,0.0,0.0,0.0,0.0,0.0,0.0,0.0,0.0,0.0,0.0,0.0,0.0,Goalkeeper,0.0
13886.0,Óscar López,O. Lopez,male,1998-08-22T00:00:00+00:00,,,Burgos CF,BUR,https://assets.laliga.com/assets/2021/06/24/medium/8de24d38ab1472bbae1620d36582d7bd.png,26.0,Goalkeeper,https://assets.laliga.com/squad/2021/t951/p241108/512x556/p241108_t951_2021_1_001_000.png,0.0,0.0,0.0,0.0,0.0,0.0,0.0,0.0,0.0,0.0,0.0,0.0,0.0,0.0,0.0,0.0,0.0,0.0,0.0,0.0,0.0,0.0,0.0,0.0,0.0,0.0,0.0,0.0,0.0,0.0,0.0,0.0,0.0,0.0,0.0,Goalkeeper,0.0
16987.0,Andrea Okene,Andrea Okene,female,2001-11-30T00:00:00+00:00,,,VCF Femenino,VCF,https://assets.laliga.com/assets/2019/06/07/medium/valencia-femenino.png,29.0,Forward,https://assets.laliga.com/squad/2021/t13329/p248532/512x556/p248532_t13329_2021_0_001_000.png,0.0,0.0,0.0,0.0,0.0,0.0,0.0,0.0,0.0,0.0,0.0,0.0,0.0,0.0,0.0,0.0,0.0,0.0,0.0,0.0,0.0,0.0,0.0,0.0,0.0,0.0,0.0,0.0,0.0,0.0,0.0,0.0,0.0,0.0,0.0,Goalkeeper,0.0
14678.0,Luis Federico López Andúgar,Luis López,male,2001-05-08T00:00:00+00:00,,,Real Madrid,RMA,https://assets.laliga.com/assets/2019/06/07/medium/real-madrid.png,26.0,Goalkeeper,https://assets.laliga.com/squad/2021/t186/p466118/512x556/p466118_t186_2021_1_001_000.png,0.0,0.0,0.0,0.0,0.0,0.0,0.0,0.0,0.0,0.0,0.0,0.0,0.0,0.0,0.0,0.0,0.0,0.0,0.0,0.0,0.0,0.0,0.0,0.0,0.0,0.0,0.0,0.0,0.0,0.0,0.0,0.0,0.0,0.0,0.0,Defender,0.0
23324.0,Ángel Troncho,Troncho,male,2002-10-02T00:00:00+00:00,,,SD Eibar,EIB,https://assets.laliga.com/assets/2019/06/07/medium/eibar.png,34.0,Midfielder,https://assets.laliga.com/squad/2021/t953/p546892/512x556/p546892_t953_2021_1_001_000.png,0.0,0.0,0.0,0.0,0.0,0.0,0.0,0.0,0.0,0.0,0.0,0.0,0.0,0.0,0.0,0.0,0.0,0.0,0.0,0.0,0.0,0.0,0.0,0.0,0.0,0.0,0.0,0.0,0.0,0.0,0.0,0.0,0.0,0.0,0.0,Goalkeeper,0.0
19021.0,Javier Cendón,J.cendón,male,2001-06-02T00:00:00+00:00,,,UD Las Palmas,LPA,https://assets.laliga.com/assets/2019/06/07/medium/las-palmas.png,36.0,Goalkeeper,,0.0,0.0,0.0,0.0,0.0,0.0,0.0,0.0,0.0,0.0,0.0,0.0,0.0,0.0,0.0,0.0,0.0,0.0,0.0,0.0,0.0,0.0,0.0,0.0,0.0,0.0,0.0,0.0,0.0,0.0,0.0,0.0,0.0,0.0,0.0,Midfielder,0.0
23328.0,Ángel López,Angel,male,2003-02-17T00:00:00+00:00,,176.0,Real Zaragoza,ZAR,https://assets.laliga.com/assets/2019/06/07/medium/zaragoza.png,34.0,Defender,https://assets.laliga.com/squad/2021/t190/p503739/512x556/p503739_t190_2021_1_001_000.png,0.0,1.0,0.0,0.0,0.0,0.0,0.0,4.0,0.0,0.0,0.0,0.0,0.0,6.0,0.0,0.0,0.0,0.0,0.0,0.0,0.0,0.0,2.0,1.0,3.0,0.0,0.0,5.0,6.0,4.0,0.0,0.0,0.0,3.0,0.0,Goalkeeper,0.0
12596.0,Juan Flere,Juan Flere,male,1998-05-12T00:00:00+00:00,,182.0,Cádiz CF,CAD,https://assets.laliga.com/assets/2019/06/07/medium/cadiz.png,26.0,Goalkeeper,https://assets.laliga.com/squad/2021/t1737/p490316/512x556/p490316_t1737_2021_1_001_000.png,0.0,0.0,0.0,0.0,0.0,0.0,0.0,0.0,0.0,0.0,0.0,0.0,0.0,0.0,0.0,0.0,0.0,0.0,0.0,0.0,0.0,0.0,0.0,0.0,0.0,0.0,0.0,0.0,0.0,0.0,0.0,0.0,0.0,0.0,0.0,Midfielder,0.0
9365.0,Manuel Navarro,Manu,male,2000-10-09T00:00:00+00:00,,,Rayo Vallecano,RAY,https://assets.laliga.com/assets/2019/06/07/medium/rayo.png,31.0,Midfielder,https://assets.laliga.com/squad/2021/t184/p469189/512x556/p469189_t184_2021_0_001_000.png,0.0,0.0,0.0,0.0,0.0,0.0,0.0,0.0,0.0,0.0,0.0,0.0,0.0,0.0,0.0,0.0,0.0,0.0,0.0,0.0,0.0,0.0,0.0,0.0,0.0,0.0,0.0,0.0,0.0,0.0,0.0,0.0,0.0,0.0,0.0,Goalkeeper,0.0
25198.0,Andrea Tarazona,Andrea Tarazona,female,2004-03-21T00:00:00+00:00,,,Levante UD,LUD,https://assets.laliga.com/assets/2019/06/07/medium/levante-femenino.png,36.0,Goalkeeper,,0.0,0.0,0.0,0.0,0.0,0.0,0.0,0.0,0.0,0.0,0.0,0.0,0.0,0.0,0.0,0.0,0.0,0.0,0.0,0.0,0.0,0.0,0.0,0.0,0.0,0.0,0.0,0.0,0.0,0.0,0.0,0.0,0.0,0.0,0.0,Midfielder,0.0
25766.0,Marco Moreno,Marco,male,2001-02-20T00:00:00+00:00,,192.0,Atlético de Madrid,ATM,https://assets.laliga.com/assets/2019/06/07/medium/atletico.png,32.0,Defender,,0.0,0.0,0.0,0.0,0.0,0.0,0.0,0.0,0.0,0.0,0.0,0.0,0.0,0.0,0.0,0.0,0.0,0.0,0.0,0.0,0.0,0.0,0.0,0.0,0.0,0.0,0.0,0.0,0.0,0.0,0.0,0.0,0.0,0.0,0.0,Goalkeeper,0.0
23121.0,José David Menargues Manzanares,Joseda,male,2002-05-01T00:00:00+00:00,,180.0,Valencia CF,VAL,https://assets.laliga.com/assets/2019/06/07/medium/valencia.png,34.0,Defender,https://assets.laliga.com/squad/2021/t191/p488031/512x556/p488031_t191_2021_1_001_000.png,0.0,0.0,0.0,0.0,0.0,0.0,0.0,0.0,0.0,0.0,0.0,0.0,0.0,0.0,0.0,0.0,0.0,0.0,0.0,0.0,0.0,0.0,0.0,0.0,0.0,0.0,0.0,0.0,0.0,0.0,0.0,0.0,0.0,0.0,0.0,Goalkeeper,0.0
1728.0,Jokin Ezkieta,Jokin Ezkieta,male,1996-08-17T00:00:00+00:00,82.0,193.0,Athletic Club,ATH,https://assets.laliga.com/assets/2019/06/07/medium/athletic.png,13.0,Goalkeeper,https://assets.laliga.com/squad/2021/t174/p195383/512x556/p195383_t174_2021_1_001_000.png,0.0,0.0,0.0,0.0,0.0,0.0,0.0,0.0,0.0,0.0,0.0,0.0,0.0,0.0,0.0,0.0,0.0,0.0,0.0,0.0,0.0,0.0,0.0,0.0,0.0,0.0,0.0,0.0,0.0,0.0,0.0,0.0,0.0,0.0,0.0,Defender,0.0
14735.0,Alejandro Orellana Gómez,Jandro,male,2000-08-07T00:00:00+00:00,63.0,177.0,FC Barcelona,BAR,https://assets.laliga.com/assets/2019/06/07/medium/barcelona.png,43.0,Midfielder,,0.0,0.0,0.0,0.0,0.0,0.0,0.0,0.0,0.0,0.0,0.0,0.0,0.0,0.0,0.0,0.0,0.0,0.0,0.0,0.0,0.0,0.0,0.0,0.0,0.0,0.0,0.0,0.0,0.0,0.0,0.0,0.0,0.0,0.0,0.0,Goalkeeper,0.0
19042.0,Alejandro Suárez Cardero,Alex C.,male,2003-08-25T00:00:00+00:00,,,Real Oviedo,OVI,https://assets.laliga.com/assets/2019/06/07/medium/oviedo.png,27.0,Midfielder,https://assets.laliga.com/squad/2021/t187/p536562/512x556/p536562_t187_2021_1_001_000.png,0.0,1.0,0.0,0.0,0.0,0.0,0.0,0.0,0.0,0.0,0.0,0.0,0.0,4.0,0.0,0.0,0.0,0.0,0.0,0.0,0.0,0.0,1.0,2.0,3.0,0.0,0.0,3.0,4.0,0.0,0.0,0.0,0.0,1.0,0.0,Goalkeeper,0.0
1495.0,Rubén Peña,R. Peña,male,1991-07-18T00:00:00+00:00,65.0,170.0,Villarreal CF,VIL,https://assets.laliga.com/assets/2019/06/07/medium/villarreal.png,20.0,Forward,https://assets.laliga.com/squad/2021/t449/p126290/512x556/p126290_t449_2021_1_001_000.png,3.0,7.0,0.0,0.0,0.0,0.0,0.0,11.0,0.0,0.0,5.0,2.0,0.0,44.0,0.0,0.0,0.0,2.0,0.0,2.0,2.0,1.0,27.0,10.0,34.0,1.0,8.0,25.0,44.0,2.0,7.0,3.0,1.0,8.0,1.0,Goalkeeper,0.0
9519.0,Ángel Algobia,Algobia,male,1999-06-23T00:00:00+00:00,78.0,180.0,Getafe CF,GET,https://assets.laliga.com/assets/2019/06/07/medium/getafe.png,29.0,Midfielder,https://assets.laliga.com/squad/2021/t1450/p471840/512x556/p471840_t1450_2021_0_001_000.png,0.0,0.0,0.0,0.0,0.0,0.0,0.0,0.0,0.0,0.0,0.0,0.0,0.0,0.0,0.0,0.0,0.0,0.0,0.0,0.0,0.0,0.0,0.0,0.0,0.0,0.0,0.0,0.0,0.0,0.0,0.0,0.0,0.0,0.0,0.0,Goalkeeper,0.0
25590.0,Victor Wehbi Aznar Ussen,Victor Aznar,male,2002-10-17T00:00:00+00:00,,189.0,Cádiz CF,CAD,https://assets.laliga.com/assets/2019/06/07/medium/cadiz.png,34.0,Goalkeeper,,0.0,0.0,0.0,0.0,0.0,0.0,0.0,0.0,0.0,0.0,0.0,0.0,0.0,0.0,0.0,0.0,0.0,0.0,0.0,0.0,0.0,0.0,0.0,0.0,0.0,0.0,0.0,0.0,0.0,0.0,0.0,0.0,0.0,0.0,0.0,Midfielder,0.0
17163.0,Sergio Díaz,Sergio Diaz,male,1998-01-14T00:00:00+00:00,,,FC Cartagena,CAR,https://assets.laliga.com/assets/2022/02/11/medium/1628caa9b2002a11e564eb84b3677f78.png,27.0,Goalkeeper,https://assets.laliga.com/squad/2021/t3554/p464436/512x556/p464436_t3554_2021_1_001_000.png,0.0,0.0,0.0,0.0,0.0,0.0,0.0,0.0,0.0,0.0,0.0,0.0,0.0,0.0,0.0,0.0,0.0,0.0,0.0,0.0,0.0,0.0,0.0,0.0,0.0,0.0,0.0,0.0,0.0,0.0,0.0,0.0,0.0,0.0,0.0,Midfielder,0.0
14778.0,Eider Egaña,Eider Egaña,female,2002-08-02T00:00:00+00:00,,,SD Eibar,EIB,https://assets.laliga.com/assets/2019/06/07/medium/eibar.png,30.0,Goalkeeper,https://assets.laliga.com/squad/2021/t16881/p508003/512x556/p508003_t16881_2021_0_001_000.png,0.0,0.0,0.0,0.0,0.0,0.0,0.0,0.0,0.0,0.0,0.0,0.0,0.0,0.0,0.0,0.0,0.0,0.0,0.0,0.0,0.0,0.0,0.0,0.0,0.0,0.0,0.0,0.0,0.0,0.0,0.0,0.0,0.0,0.0,0.0,Defender,0.0
23325.0,Yoel Ramírez,Yoel R.,male,2002-02-05T00:00:00+00:00,,184.0,CA Osasuna,OSA,https://assets.laliga.com/assets/2019/06/07/medium/osasuna.png,34.0,Goalkeeper,https://assets.laliga.com/squad/2021/t450/p546327/512x556/p546327_t450_2021_1_001_000.png,0.0,0.0,0.0,0.0,0.0,0.0,0.0,0.0,0.0,0.0,0.0,0.0,0.0,0.0,0.0,0.0,0.0,0.0,0.0,0.0,0.0,0.0,0.0,0.0,0.0,0.0,0.0,0.0,0.0,0.0,0.0,0.0,0.0,0.0,0.0,Forward,0.0
25820.0,Elisabet López,Elisabet López,female,2004-05-27T00:00:00+00:00,,,Sevilla FC,SFC,https://assets.laliga.com/assets/2019/06/07/medium/sevilla.png,30.0,Goalkeeper,,0.0,0.0,0.0,0.0,0.0,0.0,0.0,0.0,0.0,0.0,0.0,0.0,0.0,0.0,0.0,0.0,0.0,0.0,0.0,0.0,0.0,0.0,0.0,0.0,0.0,0.0,0.0,0.0,0.0,0.0,0.0,0.0,0.0,0.0,0.0,Defender,0.0
12745.0,Samuel Casado,S. Casado,male,1997-01-16T00:00:00+00:00,77.0,186.0,Real Valladolid CF,VLL,https://assets.laliga.com/assets/2019/06/07/medium/valladolid.png,26.0,Goalkeeper,,0.0,0.0,0.0,0.0,0.0,0.0,0.0,0.0,0.0,0.0,0.0,0.0,0.0,0.0,0.0,0.0,0.0,0.0,0.0,0.0,0.0,0.0,0.0,0.0,0.0,0.0,0.0,0.0,0.0,0.0,0.0,0.0,0.0,0.0,0.0,Goalkeeper,0.0
15765.0,Ángel Jiménez,Angel,male,2002-06-22T00:00:00+00:00,,,Granada CF,GRA,https://assets.laliga.com/assets/2019/06/07/medium/granada.png,30.0,Goalkeeper,https://assets.laliga.com/squad/2021/t5683/p519839/512x556/p519839_t5683_2021_1_001_000.png,0.0,0.0,0.0,0.0,0.0,0.0,0.0,0.0,0.0,0.0,0.0,0.0,0.0,0.0,0.0,0.0,0.0,0.0,0.0,0.0,0.0,0.0,0.0,0.0,0.0,0.0,0.0,0.0,0.0,0.0,0.0,0.0,0.0,0.0,0.0,Goalkeeper,0.0
25423.0,Claudia Castro,Claudia Castro,female,,,,Sevilla FC,SFC,https://assets.laliga.com/assets/2019/06/07/medium/sevilla.png,25.0,Goalkeeper,,0.0,0.0,0.0,0.0,0.0,0.0,0.0,0.0,0.0,0.0,0.0,0.0,0.0,0.0,0.0,0.0,0.0,0.0,0.0,0.0,0.0,0.0,0.0,0.0,0.0,0.0,0.0,0.0,0.0,0.0,0.0,0.0,0.0,0.0,0.0,Forward,0.0
25756.0,Emma Tovar,Emma Tovar,female,2003-12-04T00:00:00+00:00,,,VCF Femenino,VCF,https://assets.laliga.com/assets/2019/06/07/medium/valencia-femenino.png,40.0,Defender,,0.0,1.0,0.0,0.0,0.0,0.0,0.0,0.0,0.0,0.0,0.0,0.0,0.0,0.0,0.0,0.0,0.0,0.0,0.0,0.0,0.0,0.0,0.0,0.0,0.0,0.0,0.0,0.0,0.0,0.0,0.0,0.0,0.0,0.0,0.0,Goalkeeper,0.0
14734.0,Óscar Mingueza,Mingueza,male,1999-05-13T00:00:00+00:00,75.0,184.0,FC Barcelona,BAR,https://assets.laliga.com/assets/2019/06/07/medium/barcelona.png,22.0,Defender,https://assets.laliga.com/squad/2021/t178/p242313/512x556/p242313_t178_2021_1_001_000.png,9.0,19.0,1.0,0.0,0.0,0.0,2.0,44.0,0.0,10.0,9.0,8.0,1.0,646.0,0.0,0.0,0.0,1.0,0.0,9.0,6.0,24.0,300.0,293.0,560.0,18.0,12.0,117.0,654.0,25.0,8.0,1.0,25.0,45.0,2.0,Goalkeeper,0.0
6322.0,Gaizka Campos,Gaizka,male,1997-05-16T00:00:00+00:00,80.0,189.0,RC Celta,CEL,https://assets.laliga.com/assets/2019/06/07/medium/celta.png,26.0,Goalkeeper,,0.0,0.0,0.0,0.0,0.0,0.0,0.0,0.0,0.0,0.0,0.0,0.0,0.0,0.0,0.0,0.0,0.0,0.0,0.0,0.0,0.0,0.0,0.0,0.0,0.0,0.0,0.0,0.0,0.0,0.0,0.0,0.0,0.0,0.0,0.0,Defender,0.0
23704.0,Adrián Victores,Adrián Victores,male,2001-07-06T00:00:00+00:00,,,CD Leganés,LEG,https://assets.laliga.com/assets/2019/06/07/medium/leganes.png,35.0,Goalkeeper,https://assets.laliga.com/squad/2021/t957/p547045/512x556/p547045_t957_2021_1_001_000.png,0.0,0.0,0.0,0.0,0.0,0.0,0.0,0.0,0.0,0.0,0.0,0.0,0.0,0.0,0.0,0.0,0.0,0.0,0.0,0.0,0.0,0.0,0.0,0.0,0.0,0.0,0.0,0.0,0.0,0.0,0.0,0.0,0.0,0.0,0.0,Goalkeeper,0.0
14671.0,Filip Jörgensen,Jörgensen,male,2002-04-16T00:00:00+00:00,,,Villarreal CF,VIL,https://assets.laliga.com/assets/2019/06/07/medium/villarreal.png,35.0,Goalkeeper,https://assets.laliga.com/squad/2021/t449/p508479/512x556/p508479_t449_2021_1_001_000.png,0.0,0.0,0.0,0.0,0.0,0.0,0.0,0.0,0.0,0.0,0.0,0.0,0.0,0.0,0.0,0.0,0.0,0.0,0.0,0.0,0.0,0.0,0.0,0.0,0.0,0.0,0.0,0.0,0.0,0.0,0.0,0.0,0.0,0.0,0.0,Midfielder,0.0
25294.0,Ferrán Quetglás,F. Quetglas,male,2005-06-06T00:00:00+00:00,,,RCD Mallorca,MLL,https://assets.laliga.com/assets/2019/06/07/medium/mallorca.png,30.0,Goalkeeper,,0.0,0.0,0.0,0.0,0.0,0.0,0.0,0.0,0.0,0.0,0.0,0.0,0.0,0.0,0.0,0.0,0.0,0.0,0.0,0.0,0.0,0.0,0.0,0.0,0.0,0.0,0.0,0.0,0.0,0.0,0.0,0.0,0.0,0.0,0.0,Goalkeeper,0.0
24135.0,Borislav Ivaylov Stankov,Slavy,male,2002-05-05T00:00:00+00:00,,182.0,Real Valladolid CF,VLL,https://assets.laliga.com/assets/2019/06/07/medium/valladolid.png,42.0,Forward,,0.0,1.0,0.0,0.0,0.0,0.0,0.0,1.0,0.0,0.0,0.0,1.0,0.0,1.0,0.0,0.0,0.0,0.0,0.0,0.0,1.0,1.0,1.0,0.0,0.0,0.0,0.0,0.0,1.0,0.0,1.0,0.0,0.0,0.0,0.0,Goalkeeper,0.0
26541.0,Claudia Diaz,Claudia Diaz,female,2000-11-11T00:00:00+00:00,,,Madrid CFF,MAD,https://assets.laliga.com/assets/2019/06/07/medium/madrid-futbol-femenino.png,27.0,Goalkeeper,,0.0,0.0,0.0,0.0,0.0,0.0,0.0,0.0,0.0,0.0,0.0,0.0,0.0,0.0,0.0,0.0,0.0,0.0,0.0,0.0,0.0,0.0,0.0,0.0,0.0,0.0,0.0,0.0,0.0,0.0,0.0,0.0,0.0,0.0,0.0,Defender,0.0
15816.0,Iker Recio,Iker Recio,male,2001-06-17T00:00:00+00:00,,,Rayo Vallecano,RAY,https://assets.laliga.com/assets/2019/06/07/medium/rayo.png,27.0,Defender,https://assets.laliga.com/squad/2021/t184/p493097/512x556/p493097_t184_2021_1_001_000.png,0.0,0.0,0.0,0.0,0.0,0.0,0.0,0.0,0.0,0.0,0.0,0.0,0.0,0.0,0.0,0.0,0.0,0.0,0.0,0.0,0.0,0.0,0.0,0.0,0.0,0.0,0.0,0.0,0.0,0.0,0.0,0.0,0.0,0.0,0.0,Goalkeeper,0.0
25353.0,Iván Sanz,Ivan,male,2003-01-08T00:00:00+00:00,,,Deportivo Alavés,ALA,https://assets.laliga.com/assets/2020/09/01/medium/27002754a98bf535807fe49a24cc63ea.png,38.0,Goalkeeper,,0.0,0.0,0.0,0.0,0.0,0.0,0.0,0.0,0.0,0.0,0.0,0.0,0.0,0.0,0.0,0.0,0.0,0.0,0.0,0.0,0.0,0.0,0.0,0.0,0.0,0.0,0.0,0.0,0.0,0.0,0.0,0.0,0.0,0.0,0.0,Forward,0.0
1702.0,Iñaki Williams,Williams,male,1994-06-15T00:00:00+00:00,78.0,186.0,Athletic Club,ATH,https://assets.laliga.com/assets/2019/06/07/medium/athletic.png,9.0,Forward,https://assets.laliga.com/squad/2021/t174/p197334/512x556/p197334_t174_2021_1_001_000.png,50.0,38.0,5.0,0.0,3.0,0.0,5.0,131.0,8.0,25.0,3.0,28.0,29.0,592.0,0.0,0.0,0.0,37.0,0.0,6.0,28.0,15.0,301.0,116.0,396.0,20.0,24.0,412.0,607.0,14.0,204.0,28.0,11.0,185.0,4.0,Goalkeeper,0.0
983.0,Rubén Yáñez,R. Yáñez,male,1993-10-12T00:00:00+00:00,85.0,190.0,Getafe CF,GET,https://assets.laliga.com/assets/2019/06/07/medium/getafe.png,1.0,Goalkeeper,https://assets.laliga.com/squad/2021/t1450/p110713/512x556/p110713_t1450_2021_1_001_000.png,0.0,0.0,0.0,0.0,0.0,0.0,0.0,0.0,0.0,0.0,0.0,0.0,0.0,0.0,0.0,0.0,0.0,0.0,0.0,0.0,0.0,0.0,0.0,0.0,0.0,0.0,0.0,0.0,0.0,0.0,0.0,0.0,0.0,0.0,0.0,Defender,0.0
9409.0,Ignacio Peña Sotorres,Iñaki Peña,male,1999-03-02T00:00:00+00:00,78.0,184.0,FC Barcelona,BAR,https://assets.laliga.com/assets/2019/06/07/medium/barcelona.png,,Goalkeeper,https://assets.laliga.com/squad/2021/t178/p210341/512x556/p210341_t178_2021_1_001_000.png,0.0,0.0,0.0,0.0,0.0,0.0,0.0,0.0,0.0,0.0,0.0,0.0,0.0,0.0,0.0,0.0,0.0,0.0,0.0,0.0,0.0,0.0,0.0,0.0,0.0,0.0,0.0,0.0,0.0,0.0,0.0,0.0,0.0,0.0,0.0,Defender,0.0
6299.0,Bartolomé Nadal Mesquida,Tomeu Nadal,male,1989-02-08T00:00:00+00:00,82.0,187.0,Real Oviedo,OVI,https://assets.laliga.com/assets/2019/06/07/medium/oviedo.png,13.0,Goalkeeper,https://assets.laliga.com/squad/2021/t187/p58772/512x556/p58772_t187_2021_1_001_000.png,0.0,0.0,0.0,0.0,0.0,0.0,0.0,0.0,0.0,0.0,0.0,0.0,0.0,0.0,0.0,0.0,0.0,0.0,0.0,0.0,0.0,0.0,0.0,0.0,0.0,0.0,0.0,0.0,0.0,0.0,0.0,0.0,0.0,0.0,0.0,Midfielder,0.0
25253.0,Tiago Filipe Fernandes Martins,Tiago,male,1998-09-28T00:00:00+00:00,80.0,185.0,SD Huesca,HUE,https://assets.laliga.com/assets/2019/06/07/medium/huesca.png,30.0,Goalkeeper,,0.0,0.0,0.0,0.0,0.0,0.0,0.0,0.0,0.0,0.0,0.0,0.0,0.0,0.0,0.0,0.0,0.0,0.0,0.0,0.0,0.0,0.0,0.0,0.0,0.0,0.0,0.0,0.0,0.0,0.0,0.0,0.0,0.0,0.0,0.0,Midfielder,0.0
25415.0,Tenkou Yougou Yanike,Yanike,male,2002-10-10T00:00:00+00:00,79.0,185.0,CF Fuenlabrada,FUE,https://assets.laliga.com/assets/2019/06/07/medium/fuenlabrada.png,39.0,Midfielder,,0.0,0.0,0.0,0.0,0.0,0.0,0.0,0.0,0.0,0.0,0.0,0.0,0.0,0.0,0.0,0.0,0.0,0.0,0.0,0.0,0.0,0.0,0.0,0.0,0.0,0.0,0.0,0.0,0.0,0.0,0.0,0.0,0.0,0.0,0.0,Goalkeeper,0.0
18844.0,Iker Álvarez de Eulate Molne,Iker Alvarez,male,2001-07-25T00:00:00+00:00,,190.0,Villarreal CF,VIL,https://assets.laliga.com/assets/2019/06/07/medium/villarreal.png,31.0,Goalkeeper,https://assets.laliga.com/squad/2021/t449/p439062/512x556/p439062_t449_2021_1_001_000.png,0.0,0.0,0.0,0.0,0.0,0.0,0.0,0.0,0.0,0.0,0.0,0.0,0.0,0.0,0.0,0.0,0.0,0.0,0.0,0.0,0.0,0.0,0.0,0.0,0.0,0.0,0.0,0.0,0.0,0.0,0.0,0.0,0.0,0.0,0.0,Midfielder,0.0
22904.0,Catalina Pérez,Catalina Pérez,female,1994-11-08T00:00:00+00:00,62.0,170.0,R. Betis Féminas,RBB,https://assets.laliga.com/assets/2019/06/07/medium/betis.png,13.0,Goalkeeper,https://assets.laliga.com/squad/2021/t13322/p120861/512x556/p120861_t13322_2021_1_001_000.png,0.0,3.0,0.0,0.0,0.0,0.0,1.0,0.0,0.0,5.0,0.0,0.0,0.0,0.0,0.0,0.0,0.0,0.0,0.0,0.0,0.0,0.0,0.0,0.0,0.0,0.0,0.0,0.0,0.0,0.0,0.0,0.0,0.0,0.0,1.0,Defender,0.0
15785.0,Suleiman Camara,Suleiman,male,2001-02-07T00:00:00+00:00,,,Girona FC,GIR,https://assets.laliga.com/assets/2019/06/07/medium/girona.png,43.0,Defender,,0.0,0.0,0.0,0.0,0.0,0.0,0.0,0.0,0.0,0.0,0.0,0.0,0.0,0.0,0.0,0.0,0.0,0.0,0.0,0.0,0.0,0.0,0.0,0.0,0.0,0.0,0.0,0.0,0.0,0.0,0.0,0.0,0.0,0.0,0.0,Goalkeeper,0.0
15592.0,Sergio Santos,Santos,male,2001-01-03T00:00:00+00:00,,178.0,Real Madrid,RMA,https://assets.laliga.com/assets/2019/06/07/medium/real-madrid.png,43.0,Defender,,0.0,1.0,0.0,0.0,0.0,0.0,0.0,0.0,0.0,0.0,0.0,1.0,0.0,6.0,0.0,0.0,0.0,0.0,0.0,1.0,0.0,0.0,2.0,5.0,6.0,0.0,0.0,0.0,6.0,0.0,0.0,0.0,0.0,0.0,0.0,Goalkeeper,0.0
22803.0,Toni Fuidias,Fuidias,male,2001-04-15T00:00:00+00:00,,195.0,Real Madrid,RMA,https://assets.laliga.com/assets/2019/06/07/medium/real-madrid.png,40.0,Goalkeeper,https://assets.laliga.com/squad/2021/t186/p448169/512x556/p448169_t186_2021_1_001_000.png,0.0,0.0,0.0,0.0,0.0,0.0,0.0,0.0,0.0,0.0,0.0,0.0,0.0,0.0,0.0,0.0,0.0,0.0,0.0,0.0,0.0,0.0,0.0,0.0,0.0,0.0,0.0,0.0,0.0,0.0,0.0,0.0,0.0,0.0,0.0,Defender,0.0
6066.0,Olga Carmona,Olga Carmona,female,2000-06-12T00:00:00+00:00,51.0,160.0,Real Madrid Femenino,RMA,https://assets.laliga.com/assets/2019/06/07/medium/real-madrid.png,7.0,Forward,,0.0,28.0,1.0,0.0,0.0,0.0,5.0,0.0,2.0,26.0,0.0,0.0,0.0,2.0,0.0,0.0,0.0,2.0,0.0,0.0,0.0,0.0,1.0,0.0,2.0,0.0,0.0,0.0,2.0,0.0,3.0,0.0,0.0,0.0,0.0,Goalkeeper,-0.03571428571428571
397.0,Mikel San José,San Jose,male,1989-05-30T00:00:00+00:00,78.0,188.0,SD Amorebieta,AMO,https://assets.laliga.com/assets/2021/06/24/medium/7dcec1604142a8f60f876e4c7e839da7.png,12.0,Midfielder,https://assets.laliga.com/squad/2021/t6498/p42995/512x556/p42995_t6498_2021_1_001_000.png,45.0,27.0,0.0,0.0,8.0,0.0,5.0,93.0,1.0,26.0,18.0,21.0,1.0,648.0,0.0,0.0,0.0,2.0,0.0,4.0,14.0,30.0,278.0,202.0,446.0,31.0,34.0,248.0,656.0,30.0,21.0,10.0,29.0,151.0,4.0,Goalkeeper,-0.037037037037037035
428.0,José Luis García del Pozo,J.l. Recio,male,1991-01-11T00:00:00+00:00,74.0,183.0,CD Leganés,LEG,https://assets.laliga.com/assets/2019/06/07/medium/leganes.png,14.0,Midfielder,https://assets.laliga.com/squad/2021/t957/p91338/512x556/p91338_t957_2021_1_001_000.png,14.0,21.0,0.0,1.0,4.0,0.0,2.0,98.0,1.0,11.0,21.0,12.0,1.0,918.0,0.0,0.0,0.0,2.0,0.0,1.0,16.0,64.0,394.0,481.0,810.0,12.0,32.0,132.0,966.0,34.0,4.0,3.0,22.0,70.0,5.0,Goalkeeper,-0.047619047619047616
15703.0,Ramón Terrats,R. Terrats,male,2000-10-18T00:00:00+00:00,,,Girona FC,GIR,https://assets.laliga.com/assets/2019/06/07/medium/girona.png,21.0,Midfielder,https://assets.laliga.com/squad/2021/t2893/p519373/512x556/p519373_t2893_2021_1_001_000.png,11.0,19.0,0.0,0.0,3.0,0.0,2.0,74.0,0.0,11.0,6.0,6.0,0.0,543.0,0.0,0.0,0.0,0.0,0.0,1.0,22.0,18.0,204.0,252.0,436.0,19.0,16.0,142.0,553.0,21.0,10.0,8.0,26.0,73.0,5.0,Goalkeeper,-0.05263157894736842
1568.0,Manuel Antonio Molina Valero,Manu N. Molina,male,1991-11-20T00:00:00+00:00,72.0,175.0,UD Ibiza,IBI,https://assets.laliga.com/assets/2021/06/24/medium/d7bc0d2c9bf06afd6b5ace9d62771713.png,8.0,Midfielder,https://assets.laliga.com/squad/2021/t16203/p88273/512x556/p88273_t16203_2021_1_001_000.png,26.0,38.0,2.0,0.0,5.0,0.0,8.0,128.0,0.0,42.0,56.0,47.0,1.0,2010.0,0.0,1.0,0.0,0.0,0.0,11.0,8.0,133.0,892.0,1019.0,1743.0,45.0,57.0,365.0,2131.0,59.0,4.0,8.0,57.0,198.0,5.0,Goalkeeper,-0.05263157894736842
6116.0,Rafael Sebastián Mújica García,R. Mújica,male,1998-10-29T00:00:00+00:00,70.0,183.0,UD Las Palmas,LPA,https://assets.laliga.com/assets/2019/06/07/medium/las-palmas.png,9.0,Forward,https://assets.laliga.com/squad/2021/t407/p231202/512x556/p231202_t407_2021_1_001_000.png,17.0,16.0,0.0,0.0,0.0,0.0,1.0,39.0,1.0,6.0,1.0,3.0,5.0,77.0,0.0,1.0,0.0,7.0,0.0,0.0,7.0,3.0,41.0,24.0,62.0,8.0,21.0,65.0,91.0,6.0,32.0,5.0,1.0,25.0,0.0,Goalkeeper,-0.0625
758.0,Eduard Campabadal,Campabadal,male,1993-01-26T00:00:00+00:00,76.0,176.0,CD Lugo,LUG,https://assets.laliga.com/assets/2019/06/07/medium/lugo.png,22.0,Defender,https://assets.laliga.com/squad/2021/t5730/p106458/512x556/p106458_t5730_2021_1_001_000.png,26.0,25.0,1.0,1.0,7.0,0.0,3.0,111.0,0.0,17.0,18.0,14.0,1.0,505.0,0.0,0.0,0.0,2.0,1.0,5.0,8.0,54.0,218.0,171.0,319.0,31.0,29.0,274.0,533.0,53.0,12.0,8.0,60.0,100.0,3.0,Goalkeeper,-0.08
14846.0,Jon Morcillo,Morci,male,1998-09-15T00:00:00+00:00,72.0,183.0,Real Valladolid CF,VLL,https://assets.laliga.com/assets/2019/06/07/medium/valladolid.png,20.0,Forward,,0.0,11.0,1.0,0.0,0.0,0.0,0.0,6.0,1.0,1.0,1.0,1.0,0.0,73.0,0.0,0.0,0.0,3.0,0.0,4.0,2.0,6.0,44.0,21.0,53.0,0.0,2.0,58.0,78.0,1.0,13.0,4.0,6.0,13.0,0.0,Goalkeeper,-0.09090909090909091
4451.0,Carlos Soler,C.soler,male,1997-01-02T00:00:00+00:00,76.0,180.0,Valencia CF,VAL,https://assets.laliga.com/assets/2019/06/07/medium/valencia.png,10.0,Midfielder,https://assets.laliga.com/squad/2021/t191/p224860/512x556/p224860_t191_2021_1_001_000.png,12.0,32.0,5.0,6.0,4.0,0.0,6.0,106.0,11.0,33.0,14.0,48.0,2.0,738.0,0.0,0.0,0.0,21.0,0.0,4.0,19.0,54.0,435.0,222.0,560.0,25.0,21.0,399.0,825.0,29.0,57.0,19.0,70.0,141.0,4.0,Goalkeeper,-0.09375
619.0,David López,David Lopez,male,1989-10-09T00:00:00+00:00,81.0,183.0,RCD Espanyol de Barcelona,ESP,https://assets.laliga.com/assets/2019/06/07/medium/espanyol.png,15.0,Midfielder,https://assets.laliga.com/squad/2021/t177/p11129/512x556/p11129_t177_2021_1_001_000.png,21.0,18.0,0.0,0.0,8.0,0.0,1.0,47.0,0.0,7.0,10.0,3.0,0.0,414.0,0.0,0.0,0.0,4.0,0.0,0.0,2.0,15.0,118.0,235.0,338.0,25.0,9.0,82.0,426.0,18.0,7.0,0.0,21.0,52.0,1.0,Goalkeeper,-0.1111111111111111
19634.0,Juan Antonio Ros,Ros,male,1996-03-15T00:00:00+00:00,,188.0,CD Lugo,LUG,https://assets.laliga.com/assets/2019/06/07/medium/lugo.png,4.0,Midfielder,https://assets.laliga.com/squad/2021/t5730/p439786/512x556/p439786_t5730_2021_1_001_000.png,60.0,31.0,0.0,0.0,26.0,0.0,6.0,106.0,1.0,34.0,67.0,4.0,6.0,1083.0,0.0,0.0,0.0,1.0,0.0,0.0,1.0,97.0,258.0,626.0,787.0,140.0,29.0,254.0,1120.0,33.0,15.0,1.0,112.0,124.0,3.0,Goalkeeper,-0.12903225806451613
16228.0,Jesús Vázquez,J. Vázquez,male,2003-01-02T00:00:00+00:00,,,Valencia CF,VAL,https://assets.laliga.com/assets/2019/06/07/medium/valencia.png,32.0,Defender,https://assets.laliga.com/squad/2021/t191/p466044/512x556/p466044_t191_2021_1_001_000.png,12.0,15.0,0.0,0.0,3.0,0.0,2.0,69.0,0.0,12.0,9.0,6.0,0.0,234.0,0.0,0.0,0.0,1.0,0.0,3.0,25.0,8.0,109.0,65.0,163.0,14.0,14.0,149.0,235.0,24.0,15.0,9.0,18.0,46.0,0.0,Goalkeeper,-0.13333333333333333
5068.0,Renato Tapia,Tapia,male,1995-07-28T00:00:00+00:00,78.0,185.0,RC Celta,CEL,https://assets.laliga.com/assets/2019/06/07/medium/celta.png,14.0,Midfielder,https://assets.laliga.com/squad/2021/t176/p166162/512x556/p166162_t176_2021_1_001_000.png,30.0,29.0,0.0,0.0,5.0,0.0,3.0,112.0,0.0,19.0,28.0,4.0,0.0,812.0,0.0,0.0,0.0,3.0,0.0,1.0,6.0,63.0,335.0,347.0,618.0,39.0,35.0,212.0,851.0,50.0,9.0,9.0,71.0,99.0,10.0,Goalkeeper,-0.13793103448275862
23346.0,Gabriel Martínez,Gabriel,male,2003-01-22T00:00:00+00:00,,,Girona FC,GIR,https://assets.laliga.com/assets/2019/06/07/medium/girona.png,27.0,Forward,https://assets.laliga.com/squad/2021/t2893/p546934/512x556/p546934_t2893_2021_1_001_000.png,2.0,7.0,0.0,0.0,0.0,0.0,0.0,8.0,0.0,1.0,3.0,1.0,1.0,28.0,0.0,0.0,0.0,0.0,0.0,1.0,3.0,0.0,19.0,3.0,21.0,1.0,1.0,34.0,28.0,2.0,4.0,10.0,0.0,7.0,0.0,Goalkeeper,-0.14285714285714285
1080.0,Geoffrey Kondogbia,Kondogbia,male,1993-02-15T00:00:00+00:00,80.0,188.0,Atlético de Madrid,ATM,https://assets.laliga.com/assets/2019/06/07/medium/atletico.png,4.0,Midfielder,https://assets.laliga.com/squad/2021/t175/p88754/512x556/p88754_t175_2021_1_001_000.png,38.0,28.0,1.0,0.0,5.0,0.0,4.0,178.0,1.0,24.0,44.0,9.0,0.0,983.0,0.0,2.0,0.0,1.0,0.0,0.0,29.0,72.0,376.0,478.0,782.0,23.0,40.0,205.0,993.0,74.0,6.0,4.0,30.0,109.0,9.0,Goalkeeper,-0.14285714285714285
8812.0,Emily Dolan,Emily Dolan,female,1994-07-22T00:00:00+00:00,,,Sporting Huelva,SPH,https://assets.laliga.com/assets/2019/06/07/medium/sporting-club.png,13.0,Goalkeeper,https://assets.laliga.com/squad/2021/t13327/p464894/512x556/p464894_t13327_2021_1_001_000.png,0.0,7.0,0.0,0.0,0.0,0.0,2.0,0.0,0.0,11.0,0.0,0.0,0.0,0.0,0.0,0.0,0.0,0.0,0.0,0.0,0.0,0.0,0.0,0.0,0.0,0.0,0.0,0.0,0.0,0.0,0.0,0.0,0.0,0.0,1.0,Goalkeeper,-0.14285714285714285
366.0,Pedro Alcalá,Alcalá,male,1989-03-19T00:00:00+00:00,93.0,196.0,FC Cartagena,CAR,https://assets.laliga.com/assets/2022/02/11/medium/1628caa9b2002a11e564eb84b3677f78.png,3.0,Defender,https://assets.laliga.com/squad/2021/t3554/p67759/512x556/p67759_t3554_2021_1_001_000.png,77.0,27.0,0.0,2.0,16.0,0.0,5.0,121.0,0.0,29.0,26.0,5.0,1.0,1104.0,0.0,0.0,0.0,3.0,0.0,1.0,1.0,83.0,206.0,702.0,824.0,103.0,28.0,256.0,1147.0,36.0,20.0,0.0,126.0,114.0,8.0,Goalkeeper,-0.14814814814814814
659.0,Johan Mojica,J. Mojica,male,1992-08-21T00:00:00+00:00,66.0,185.0,Elche CF,ELC,https://assets.laliga.com/assets/2019/06/07/medium/elche.png,22.0,Midfielder,https://assets.laliga.com/squad/2021/t954/p152723/512x556/p152723_t954_2021_1_001_000.png,28.0,33.0,5.0,0.0,3.0,0.0,7.0,155.0,2.0,40.0,25.0,24.0,4.0,1353.0,0.0,0.0,0.0,3.0,0.0,42.0,31.0,86.0,575.0,539.0,984.0,49.0,32.0,594.0,1383.0,46.0,27.0,41.0,114.0,199.0,4.0,Goalkeeper,-0.15151515151515152
626.0,Cristhian Stuani,Stuani,male,1986-10-12T00:00:00+00:00,76.0,186.0,Girona FC,GIR,https://assets.laliga.com/assets/2019/06/07/medium/girona.png,7.0,Forward,https://assets.laliga.com/squad/2021/t2893/p49464/512x556/p49464_t2893_2021_1_001_000.png,66.0,39.0,1.0,0.0,3.0,0.0,5.0,128.0,23.0,31.0,6.0,16.0,38.0,308.0,0.0,0.0,0.0,56.0,0.0,0.0,7.0,3.0,149.0,133.0,279.0,31.0,68.0,195.0,368.0,16.0,161.0,9.0,3.0,83.0,14.0,Goalkeeper,-0.15384615384615385
1825.0,Aitor Buñuel,Aitor Buñuel,male,1998-02-10T00:00:00+00:00,70.0,173.0,UD Almería,ALM,https://assets.laliga.com/assets/2019/06/07/medium/almeria.png,2.0,Defender,https://assets.laliga.com/squad/2021/t1564/p209863/512x556/p209863_t1564_2021_1_001_000.png,11.0,13.0,0.0,0.0,1.0,0.0,1.0,41.0,0.0,7.0,14.0,1.0,1.0,287.0,0.0,0.0,0.0,0.0,0.0,0.0,6.0,12.0,102.0,118.0,208.0,25.0,14.0,106.0,296.0,14.0,5.0,4.0,31.0,45.0,1.0,Goalkeeper,-0.15384615384615385
9640.0,Bryan Gil,Bryan,male,2001-02-11T00:00:00+00:00,60.0,175.0,Valencia CF,VAL,https://assets.laliga.com/assets/2019/06/07/medium/valencia.png,21.0,Forward,https://assets.laliga.com/squad/2021/t191/p436234/512x556/p436234_t191_2021_1_001_000.png,2.0,13.0,1.0,0.0,0.0,0.0,1.0,51.0,0.0,7.0,1.0,9.0,7.0,188.0,0.0,0.0,0.0,2.0,0.0,3.0,17.0,6.0,125.0,25.0,137.0,3.0,13.0,166.0,191.0,13.0,32.0,18.0,7.0,41.0,3.0,Goalkeeper,-0.15384615384615385
4828.0,Ludwig Augustinsson,Augustinsson,male,1994-03-23T00:00:00+00:00,76.0,181.0,Sevilla FC,SEV,https://assets.laliga.com/assets/2019/06/07/medium/sevilla.png,3.0,Defender,https://assets.laliga.com/squad/2021/t179/p155561/512x556/p155561_t179_2021_1_001_000.png,15.0,19.0,1.0,0.0,3.0,0.0,2.0,45.0,0.0,13.0,5.0,8.0,0.0,413.0,0.0,0.0,0.0,2.0,0.0,7.0,2.0,15.0,159.0,208.0,342.0,18.0,13.0,130.0,421.0,18.0,11.0,0.0,24.0,40.0,3.0,Goalkeeper,-0.15789473684210525
18302.0,Warren Tchimbembé,Tchimbembé,male,1998-04-21T00:00:00+00:00,74.0,180.0,CD Mirandés,MIR,https://assets.laliga.com/assets/2019/06/07/medium/mirandes.png,12.0,Midfielder,https://assets.laliga.com/squad/2021/t5741/p458455/512x556/p458455_t5741_2021_1_001_000.png,2.0,6.0,0.0,0.0,0.0,0.0,0.0,4.0,0.0,1.0,0.0,1.0,1.0,35.0,0.0,0.0,0.0,0.0,0.0,0.0,0.0,0.0,13.0,19.0,32.0,0.0,1.0,6.0,36.0,1.0,1.0,0.0,0.0,4.0,0.0,Goalkeeper,-0.16666666666666666
22799.0,Nicolás González Iglesias,Nico,male,2002-01-03T00:00:00+00:00,85.0,188.0,FC Barcelona,BAR,https://assets.laliga.com/assets/2019/06/07/medium/barcelona.png,14.0,Midfielder,https://assets.laliga.com/squad/2021/t178/p465694/512x556/p465694_t178_2021_1_001_000.png,5.0,27.0,0.0,0.0,0.0,0.0,1.0,89.0,2.0,10.0,6.0,12.0,1.0,663.0,0.0,0.0,0.0,4.0,0.0,2.0,34.0,12.0,416.0,192.0,594.0,12.0,37.0,141.0,673.0,31.0,28.0,9.0,7.0,60.0,6.0,Goalkeeper,-0.18518518518518517
15893.0,Iván Romero,Iván,male,2001-04-10T00:00:00+00:00,,172.0,Sevilla FC,SEV,https://assets.laliga.com/assets/2019/06/07/medium/sevilla.png,36.0,Forward,https://assets.laliga.com/squad/2021/t179/p521508/512x556/p521508_t179_2021_1_001_000.png,1.0,5.0,0.0,0.0,0.0,0.0,0.0,12.0,0.0,1.0,2.0,0.0,1.0,30.0,0.0,0.0,0.0,1.0,0.0,0.0,3.0,0.0,16.0,12.0,28.0,0.0,4.0,24.0,34.0,2.0,7.0,6.0,1.0,5.0,0.0,Goalkeeper,-0.2
1292.0,José Carlos Ramírez,Jose Carlos,male,1996-05-10T00:00:00+00:00,74.0,185.0,AD Alcorcón,ALC,https://assets.laliga.com/assets/2019/06/07/medium/alcorcon.png,3.0,Defender,https://assets.laliga.com/squad/2021/t5233/p181869/512x556/p181869_t5233_2021_1_001_000.png,10.0,10.0,0.0,0.0,4.0,0.0,1.0,24.0,0.0,7.0,12.0,1.0,1.0,252.0,0.0,0.0,0.0,0.0,0.0,0.0,4.0,33.0,64.0,132.0,163.0,32.0,3.0,95.0,271.0,4.0,0.0,1.0,46.0,29.0,2.0,Goalkeeper,-0.2
13036.0,Ismael Gutiérrez,Ismael,male,2000-10-10T00:00:00+00:00,74.0,176.0,Málaga CF,MGA,https://assets.laliga.com/assets/2019/06/07/medium/malaga.png,26.0,Midfielder,https://assets.laliga.com/squad/2021/t182/p493599/512x556/p493599_t182_2021_1_001_000.png,2.0,5.0,0.0,0.0,0.0,0.0,0.0,7.0,0.0,1.0,0.0,0.0,0.0,21.0,0.0,0.0,0.0,0.0,0.0,0.0,1.0,0.0,11.0,7.0,18.0,1.0,3.0,17.0,21.0,2.0,1.0,0.0,1.0,2.0,1.0,Goalkeeper,-0.2
620.0,Alejandro Fernández Iglesias,Alex,male,1992-10-15T00:00:00+00:00,72.0,182.0,Cádiz CF,CAD,https://assets.laliga.com/assets/2019/06/07/medium/cadiz.png,8.0,Midfielder,https://assets.laliga.com/squad/2021/t1737/p88479/512x556/p88479_t1737_2021_1_001_000.png,18.0,32.0,1.0,0.0,7.0,0.0,5.0,97.0,3.0,32.0,30.0,19.0,2.0,913.0,0.0,0.0,0.0,8.0,0.0,7.0,9.0,63.0,458.0,344.0,726.0,25.0,15.0,307.0,964.0,47.0,26.0,13.0,60.0,115.0,2.0,Goalkeeper,-0.21875
6090.0,Daniel José Rodríguez Vázquez,Dani Rodriguez,male,1988-06-06T00:00:00+00:00,71.0,178.0,RCD Mallorca,MLL,https://assets.laliga.com/assets/2019/06/07/medium/mallorca.png,14.0,Midfielder,https://assets.laliga.com/squad/2021/t181/p80906/512x556/p80906_t181_2021_1_001_000.png,40.0,36.0,3.0,3.0,3.0,0.0,7.0,221.0,3.0,43.0,20.0,40.0,3.0,851.0,0.0,0.0,0.0,10.0,0.0,3.0,60.0,29.0,469.0,239.0,667.0,19.0,65.0,452.0,886.0,53.0,90.0,40.0,29.0,161.0,7.0,Goalkeeper,-0.2222222222222222
9682.0,Yann Bodiger,Bodiger,male,1995-02-09T00:00:00+00:00,80.0,188.0,FC Cartagena,CAR,https://assets.laliga.com/assets/2022/02/11/medium/1628caa9b2002a11e564eb84b3677f78.png,6.0,Midfielder,https://assets.laliga.com/squad/2021/t3554/p194302/512x556/p194302_t3554_2021_1_001_000.png,57.0,39.0,3.0,2.0,7.0,0.0,6.0,206.0,4.0,39.0,69.0,17.0,0.0,1787.0,0.0,0.0,0.0,10.0,0.0,0.0,33.0,129.0,662.0,900.0,1433.0,57.0,77.0,408.0,1848.0,75.0,21.0,29.0,70.0,216.0,7.0,Goalkeeper,-0.23076923076923078
9655.0,Iván Martín,Iván Martín,male,1999-02-14T00:00:00+00:00,,178.0,Girona FC,GIR,https://assets.laliga.com/assets/2019/06/07/medium/girona.png,12.0,Midfielder,,7.0,17.0,1.0,0.0,0.0,0.0,1.0,52.0,0.0,9.0,7.0,11.0,0.0,507.0,0.0,0.0,0.0,4.0,0.0,1.0,24.0,12.0,281.0,127.0,395.0,7.0,13.0,171.0,509.0,10.0,31.0,7.0,10.0,92.0,0.0,Goalkeeper,-0.23529411764705882
192.0,Gerard Moreno,Gerard,male,1992-04-07T00:00:00+00:00,77.0,180.0,Villarreal CF,VIL,https://assets.laliga.com/assets/2019/06/07/medium/villarreal.png,7.0,Forward,https://assets.laliga.com/squad/2021/t449/p93721/512x556/p93721_t449_2021_1_001_000.png,18.0,17.0,3.0,0.0,1.0,0.0,2.0,76.0,9.0,14.0,6.0,27.0,8.0,425.0,0.0,0.0,0.0,17.0,0.0,4.0,39.0,30.0,221.0,83.0,270.0,13.0,11.0,227.0,432.0,5.0,76.0,22.0,13.0,119.0,2.0,Goalkeeper,-0.23529411764705882
1479.0,Iago Aspas,Iago Aspas,male,1987-08-01T00:00:00+00:00,67.0,176.0,RC Celta,CEL,https://assets.laliga.com/assets/2019/06/07/medium/celta.png,10.0,Forward,https://assets.laliga.com/squad/2021/t176/p40270/512x556/p40270_t176_2021_1_001_000.png,22.0,37.0,6.0,7.0,2.0,0.0,6.0,137.0,18.0,39.0,11.0,51.0,20.0,1209.0,0.0,0.0,0.0,41.0,0.0,10.0,51.0,48.0,696.0,254.0,886.0,18.0,22.0,535.0,1237.0,14.0,205.0,32.0,27.0,276.0,8.0,Goalkeeper,-0.24324324324324326
1092.0,Adrián Embarba,Embarba,male,1992-05-07T00:00:00+00:00,66.0,173.0,RCD Espanyol de Barcelona,ESP,https://assets.laliga.com/assets/2019/06/07/medium/espanyol.png,23.0,Forward,https://assets.laliga.com/squad/2021/t177/p132161/512x556/p132161_t177_2021_1_001_000.png,17.0,32.0,2.0,15.0,3.0,0.0,3.0,145.0,0.0,23.0,19.0,35.0,7.0,534.0,0.0,0.0,0.0,16.0,0.0,11.0,41.0,24.0,320.0,147.0,411.0,25.0,30.0,450.0,576.0,44.0,51.0,39.0,28.0,113.0,4.0,Goalkeeper,-0.25
1622.0,Ager Aketxe,Aketxe,male,1993-12-30T00:00:00+00:00,69.0,174.0,SD Eibar,EIB,https://assets.laliga.com/assets/2019/06/07/medium/eibar.png,22.0,Midfielder,https://assets.laliga.com/squad/2021/t953/p159537/512x556/p159537_t953_2021_1_001_000.png,8.0,24.0,3.0,7.0,1.0,0.0,0.0,52.0,1.0,6.0,1.0,19.0,0.0,337.0,0.0,0.0,0.0,8.0,0.0,5.0,8.0,19.0,223.0,86.0,267.0,5.0,8.0,146.0,355.0,14.0,15.0,6.0,14.0,55.0,1.0,Goalkeeper,-0.25
12036.0,Gabriela Antonia García Segura,Gaby García,female,1997-04-02T00:00:00+00:00,67.0,180.0,Real Sociedad,RSO,https://assets.laliga.com/assets/2019/06/07/medium/real-sociedad.png,16.0,Forward,,0.0,28.0,0.0,0.0,0.0,0.0,5.0,0.0,3.0,32.0,0.0,0.0,0.0,3.0,0.0,0.0,0.0,3.0,0.0,0.0,0.0,0.0,2.0,1.0,3.0,0.0,0.0,0.0,3.0,0.0,5.0,0.0,0.0,0.0,4.0,Goalkeeper,-0.25
2281.0,Kenti Robles,Kenti Robles,female,1991-02-15T00:00:00+00:00,58.0,163.0,Real Madrid Femenino,RMA,https://assets.laliga.com/assets/2019/06/07/medium/real-madrid.png,2.0,Defender,,0.0,28.0,1.0,0.0,0.0,0.0,3.0,0.0,0.0,22.0,0.0,0.0,0.0,2.0,0.0,0.0,0.0,0.0,0.0,0.0,0.0,0.0,2.0,0.0,2.0,0.0,0.0,0.0,2.0,0.0,2.0,0.0,0.0,0.0,1.0,Goalkeeper,-0.25
19114.0,Diego Garcia,Diego Garcia,male,2000-04-18T00:00:00+00:00,,,CD Leganés,LEG,https://assets.laliga.com/assets/2019/06/07/medium/leganes.png,33.0,Forward,https://assets.laliga.com/squad/2021/t957/p538709/512x556/p538709_t957_2021_1_001_000.png,4.0,4.0,0.0,0.0,0.0,0.0,0.0,6.0,0.0,1.0,2.0,2.0,1.0,18.0,0.0,0.0,0.0,0.0,0.0,0.0,0.0,0.0,8.0,3.0,11.0,0.0,2.0,9.0,19.0,1.0,5.0,0.0,0.0,8.0,0.0,Goalkeeper,-0.25
6233.0,Ludmila da Silva,Ludmila,female,1994-12-01T00:00:00+00:00,60.0,160.0,At. Madrid Femenino,ATM,https://assets.laliga.com/assets/2019/06/07/medium/atletico-feminas.png,8.0,Forward,https://assets.laliga.com/squad/2021/t11212/p428299/512x556/p428299_t11212_2021_1_001_000.png,0.0,24.0,0.0,0.0,0.0,0.0,1.0,0.0,6.0,11.0,0.0,0.0,0.0,1.0,0.0,0.0,0.0,6.0,0.0,0.0,0.0,0.0,1.0,0.0,1.0,0.0,0.0,0.0,1.0,0.0,7.0,0.0,0.0,0.0,5.0,Goalkeeper,-0.25
12005.0,Alejandro Bermejo Escribano,Bermejo,male,1998-12-11T00:00:00+00:00,76.0,183.0,CD Tenerife,TEN,https://assets.laliga.com/assets/2019/06/07/medium/tenerife.png,11.0,Midfielder,https://assets.laliga.com/squad/2021/t612/p486214/512x556/p486214_t612_2021_1_001_000.png,23.0,31.0,1.0,0.0,2.0,0.0,1.0,121.0,2.0,13.0,11.0,20.0,2.0,597.0,0.0,0.0,0.0,10.0,0.0,4.0,41.0,29.0,278.0,193.0,438.0,14.0,40.0,292.0,603.0,33.0,75.0,45.0,27.0,109.0,4.0,Goalkeeper,-0.25806451612903225
22850.0,Gaëlle Thalmann,Gaëlle Thalmann,male,1986-01-18T00:00:00+00:00,63.0,170.0,R. Betis Féminas,RBB,https://assets.laliga.com/assets/2019/06/07/medium/betis.png,1.0,Goalkeeper,https://assets.laliga.com/squad/2021/t13322/p112557/512x556/p112557_t13322_2021_1_001_000.png,0.0,27.0,0.0,0.0,0.0,0.0,8.0,0.0,0.0,47.0,0.0,0.0,0.0,0.0,0.0,0.0,0.0,0.0,0.0,0.0,0.0,0.0,0.0,0.0,0.0,0.0,0.0,0.0,0.0,0.0,0.0,0.0,0.0,0.0,3.0,Goalkeeper,-0.25925925925925924
7128.0,Eladio Zorrilla Jiménez,Elady,male,1990-07-13T00:00:00+00:00,75.0,178.0,CD Tenerife,TEN,https://assets.laliga.com/assets/2019/06/07/medium/tenerife.png,9.0,Forward,https://assets.laliga.com/squad/2021/t612/p140291/512x556/p140291_t612_2021_1_001_000.png,53.0,42.0,3.0,4.0,2.0,0.0,3.0,180.0,11.0,26.0,11.0,23.0,7.0,549.0,0.0,0.0,0.0,23.0,0.0,5.0,33.0,21.0,255.0,144.0,373.0,25.0,57.0,381.0,560.0,27.0,106.0,39.0,14.0,152.0,3.0,Goalkeeper,-0.2619047619047619
6358.0,Ana Marcos Moral,Anita Marcos,female,2000-07-09T00:00:00+00:00,58.0,169.0,Sporting Huelva,SPH,https://assets.laliga.com/assets/2019/06/07/medium/sporting-club.png,11.0,Forward,https://assets.laliga.com/squad/2021/t13327/p435717/512x556/p435717_t13327_2021_1_001_000.png,0.0,26.0,1.0,0.0,0.0,0.0,4.0,0.0,10.0,27.0,0.0,0.0,0.0,1.0,0.0,0.0,0.0,10.0,0.0,0.0,0.0,0.0,1.0,0.0,1.0,0.0,0.0,0.0,1.0,0.0,11.0,0.0,0.0,0.0,2.0,Goalkeeper,-0.2692307692307692
12010.0,Renan Augusto Lodi dos Santos,Renan Lodi,male,1998-04-08T00:00:00+00:00,68.0,173.0,Atlético de Madrid,ATM,https://assets.laliga.com/assets/2019/06/07/medium/atletico.png,12.0,Defender,https://assets.laliga.com/squad/2021/t175/p233420/512x556/p233420_t175_2021_1_001_000.png,28.0,29.0,2.0,0.0,4.0,0.0,1.0,97.0,2.0,13.0,13.0,9.0,3.0,476.0,0.0,0.0,0.0,4.0,0.0,9.0,17.0,11.0,181.0,227.0,388.0,15.0,21.0,189.0,489.0,31.0,38.0,14.0,20.0,70.0,5.0,Goalkeeper,-0.27586206896551724
8587.0,Enith Salón,Enith Salón,female,2001-09-24T00:00:00+00:00,59.0,167.0,VCF Femenino,VCF,https://assets.laliga.com/assets/2019/06/07/medium/valencia-femenino.png,1.0,Goalkeeper,https://assets.laliga.com/squad/2021/t13329/p456921/512x556/p456921_t13329_2021_1_001_000.png,0.0,18.0,0.0,0.0,0.0,0.0,5.0,0.0,0.0,30.0,0.0,0.0,0.0,0.0,0.0,0.0,0.0,0.0,0.0,0.0,0.0,0.0,0.0,0.0,0.0,0.0,0.0,0.0,0.0,0.0,0.0,0.0,0.0,0.0,3.0,Midfielder,-0.2777777777777778
1917.0,Isaac Carcelén,Iza,male,1993-04-23T00:00:00+00:00,69.0,170.0,Cádiz CF,CAD,https://assets.laliga.com/assets/2019/06/07/medium/cadiz.png,20.0,Defender,https://assets.laliga.com/squad/2021/t1737/p111313/512x556/p111313_t1737_2021_1_001_000.png,15.0,25.0,1.0,1.0,6.0,0.0,3.0,94.0,0.0,22.0,34.0,8.0,1.0,545.0,0.0,0.0,0.0,4.0,0.0,6.0,11.0,37.0,221.0,222.0,400.0,37.0,23.0,250.0,560.0,43.0,14.0,13.0,41.0,82.0,2.0,Goalkeeper,-0.28
15000.0,Urko González de Zárate,Gonzalez De Zarate,male,2001-03-20T00:00:00+00:00,,189.0,R. Sociedad B,RSOB,https://assets.laliga.com/assets/2019/06/07/medium/real-sociedad.png,6.0,Defender,https://assets.laliga.com/squad/2021/t3567/p514204/512x556/p514204_t3567_2021_1_001_000.png,42.0,35.0,1.0,0.0,13.0,0.0,7.0,142.0,0.0,45.0,36.0,6.0,0.0,1938.0,0.0,0.0,0.0,1.0,0.0,0.0,14.0,118.0,515.0,1211.0,1608.0,127.0,15.0,327.0,2015.0,50.0,13.0,4.0,123.0,166.0,4.0,Goalkeeper,-0.2857142857142857
2934.0,William Silva de Carvalho,William,male,1992-04-07T00:00:00+00:00,79.0,187.0,Real Betis,BET,https://assets.laliga.com/assets/2019/06/07/medium/betis.png,14.0,Midfielder,https://assets.laliga.com/squad/2021/t185/p96122/512x556/p96122_t185_2021_1_001_000.png,34.0,33.0,2.0,0.0,7.0,0.0,3.0,159.0,2.0,25.0,16.0,19.0,0.0,1288.0,0.0,0.0,0.0,10.0,0.0,1.0,48.0,75.0,677.0,479.0,1080.0,20.0,31.0,238.0,1312.0,49.0,45.0,22.0,32.0,125.0,6.0,Goalkeeper,-0.30303030303030304
1005.0,Rubén Sobrino,Sobrino,male,1992-06-01T00:00:00+00:00,73.0,185.0,Cádiz CF,CAD,https://assets.laliga.com/assets/2019/06/07/medium/cadiz.png,21.0,Forward,https://assets.laliga.com/squad/2021/t1737/p112994/512x556/p112994_t1737_2021_1_001_000.png,39.0,33.0,1.0,0.0,1.0,0.0,4.0,132.0,4.0,31.0,21.0,12.0,4.0,462.0,0.0,0.0,0.0,10.0,0.0,3.0,33.0,12.0,214.0,138.0,337.0,16.0,46.0,260.0,474.0,28.0,77.0,23.0,14.0,111.0,3.0,Goalkeeper,-0.3333333333333333
14766.0,Amaia Peña,Amaia Peña,female,1998-11-22T00:00:00+00:00,67.0,176.0,SD Eibar,EIB,https://assets.laliga.com/assets/2019/06/07/medium/eibar.png,24.0,Goalkeeper,,0.0,6.0,0.0,0.0,0.0,0.0,2.0,0.0,0.0,12.0,0.0,0.0,0.0,0.0,0.0,0.0,0.0,0.0,0.0,0.0,0.0,0.0,0.0,0.0,0.0,0.0,0.0,0.0,0.0,0.0,0.0,0.0,0.0,0.0,0.0,Midfielder,-0.3333333333333333
14623.0,Claudio Mendes,C. Mendes,male,2000-12-08T00:00:00+00:00,,,UD Las Palmas,LPA,https://assets.laliga.com/assets/2019/06/07/medium/las-palmas.png,26.0,Midfielder,https://assets.laliga.com/squad/2021/t407/p508450/512x556/p508450_t407_2021_1_001_000.png,0.0,6.0,0.0,0.0,0.0,0.0,0.0,5.0,0.0,2.0,0.0,0.0,7.0,7.0,0.0,0.0,0.0,2.0,0.0,0.0,2.0,0.0,2.0,1.0,3.0,0.0,2.0,16.0,7.0,1.0,9.0,3.0,0.0,4.0,0.0,Goalkeeper,-0.3333333333333333
9383.0,Joaquín Muñoz,Joaquín,male,1999-03-10T00:00:00+00:00,60.0,173.0,SD Huesca,HUE,https://assets.laliga.com/assets/2019/06/07/medium/huesca.png,11.0,Forward,https://assets.laliga.com/squad/2021/t2894/p437831/512x556/p437831_t2894_2021_1_001_000.png,7.0,30.0,1.0,0.0,1.0,0.0,1.0,111.0,4.0,15.0,14.0,22.0,8.0,395.0,0.0,0.0,0.0,14.0,0.0,11.0,34.0,17.0,207.0,86.0,261.0,4.0,24.0,297.0,411.0,32.0,90.0,29.0,28.0,105.0,9.0,Goalkeeper,-0.3333333333333333
23693.0,Claudia Cabezas,Claudia Cabezas,female,2001-05-08T00:00:00+00:00,,,Rayo Vallecano,RVM,https://assets.laliga.com/assets/2019/06/07/medium/rayo-femenino.png,27.0,Midfielder,,0.0,9.0,0.0,0.0,0.0,0.0,0.0,0.0,0.0,3.0,0.0,0.0,0.0,0.0,0.0,0.0,0.0,0.0,0.0,0.0,0.0,0.0,0.0,0.0,0.0,0.0,0.0,0.0,0.0,0.0,0.0,0.0,0.0,0.0,0.0,Goalkeeper,-0.3333333333333333
4872.0,Mouctar Diakhaby,Diakhaby,male,1996-12-19T00:00:00+00:00,78.0,189.0,Valencia CF,VAL,https://assets.laliga.com/assets/2019/06/07/medium/valencia.png,12.0,Defender,https://assets.laliga.com/squad/2021/t191/p208135/512x556/p208135_t191_2021_1_001_000.png,33.0,29.0,1.0,0.0,17.0,0.0,5.0,97.0,0.0,35.0,30.0,3.0,1.0,683.0,0.0,0.0,0.0,2.0,0.0,1.0,13.0,72.0,183.0,356.0,466.0,83.0,26.0,212.0,720.0,35.0,21.0,6.0,109.0,73.0,11.0,Goalkeeper,-0.3448275862068966
14406.0,Alejandro Sotillos,Sotillos,male,1998-01-28T00:00:00+00:00,72.0,180.0,CF Fuenlabrada,FUE,https://assets.laliga.com/assets/2019/06/07/medium/fuenlabrada.png,4.0,Defender,https://assets.laliga.com/squad/2021/t7104/p434893/512x556/p434893_t7104_2021_1_001_000.png,34.0,29.0,0.0,0.0,9.0,0.0,5.0,84.0,1.0,35.0,51.0,6.0,0.0,722.0,0.0,1.0,0.0,4.0,0.0,1.0,6.0,55.0,188.0,365.0,497.0,66.0,25.0,263.0,750.0,31.0,25.0,1.0,89.0,109.0,8.0,Goalkeeper,-0.3448275862068966
838.0,Roberto Canella,R. Canella,male,1988-02-07T00:00:00+00:00,76.0,179.0,CD Lugo,LUG,https://assets.laliga.com/assets/2019/06/07/medium/lugo.png,15.0,Defender,https://assets.laliga.com/squad/2021/t5730/p51864/512x556/p51864_t5730_2021_1_001_000.png,14.0,23.0,0.0,0.0,2.0,0.0,2.0,54.0,0.0,18.0,16.0,4.0,1.0,311.0,0.0,0.0,0.0,0.0,0.0,3.0,6.0,12.0,111.0,101.0,197.0,27.0,3.0,183.0,315.0,26.0,9.0,4.0,33.0,73.0,0.0,Goalkeeper,-0.34782608695652173
64.0,Luka Modric,Modrić,male,1985-09-09T00:00:00+00:00,66.0,172.0,Real Madrid,RMA,https://assets.laliga.com/assets/2019/06/07/medium/real-madrid.png,10.0,Midfielder,https://assets.laliga.com/squad/2021/t186/p37055/512x556/p37055_t186_2021_1_001_000.png,6.0,28.0,6.0,1.0,4.0,0.0,2.0,88.0,2.0,20.0,20.0,29.0,1.0,1565.0,0.0,0.0,0.0,11.0,0.0,4.0,32.0,106.0,954.0,534.0,1371.0,9.0,24.0,277.0,1639.0,18.0,53.0,16.0,27.0,135.0,5.0,Goalkeeper,-0.35714285714285715
15072.0,Nahuel Bustos,N. Bustos,male,1998-07-04T00:00:00+00:00,64.0,176.0,Girona FC,GIR,https://assets.laliga.com/assets/2019/06/07/medium/girona.png,19.0,Forward,https://assets.laliga.com/squad/2021/t2893/p222319/512x556/p222319_t2893_2021_1_001_000.png,10.0,40.0,2.0,0.0,0.0,0.0,0.0,48.0,11.0,15.0,1.0,4.0,19.0,165.0,0.0,0.0,0.0,23.0,0.0,2.0,10.0,11.0,76.0,56.0,119.0,7.0,20.0,138.0,181.0,7.0,52.0,14.0,6.0,45.0,5.0,Goalkeeper,-0.375
3862.0,Anuar Mohamed,Anuar,male,1995-01-15T00:00:00+00:00,69.0,173.0,Real Valladolid CF,VLL,https://assets.laliga.com/assets/2019/06/07/medium/valladolid.png,25.0,Midfielder,https://assets.laliga.com/squad/2021/t192/p198906/512x556/p198906_t192_2021_1_001_000.png,11.0,34.0,2.0,0.0,1.0,0.0,0.0,77.0,3.0,13.0,8.0,9.0,9.0,320.0,0.0,0.0,0.0,6.0,0.0,3.0,24.0,3.0,172.0,95.0,261.0,10.0,27.0,132.0,323.0,20.0,53.0,10.0,4.0,55.0,4.0,Goalkeeper,-0.38235294117647056
3960.0,Rafael Mir Vicente,Rafa Mir,male,1997-06-18T00:00:00+00:00,86.0,191.0,Sevilla FC,SEV,https://assets.laliga.com/assets/2019/06/07/medium/sevilla.png,12.0,Forward,https://assets.laliga.com/squad/2021/t179/p219929/512x556/p219929_t179_2021_1_001_000.png,59.0,34.0,0.0,0.0,3.0,0.0,2.0,92.0,10.0,23.0,0.0,7.0,23.0,304.0,0.0,0.0,0.0,24.0,0.0,2.0,12.0,5.0,121.0,113.0,227.0,15.0,32.0,209.0,343.0,4.0,80.0,11.0,2.0,109.0,6.0,Goalkeeper,-0.38235294117647056
4085.0,Jon Ander Garrido,Garrido,male,1989-10-09T00:00:00+00:00,80.0,185.0,CD Mirandés,MIR,https://assets.laliga.com/assets/2019/06/07/medium/mirandes.png,18.0,Midfielder,https://assets.laliga.com/squad/2021/t5741/p89542/512x556/p89542_t5741_2021_1_001_000.png,25.0,13.0,0.0,0.0,4.0,0.0,0.0,47.0,1.0,5.0,3.0,2.0,0.0,163.0,0.0,0.0,0.0,1.0,0.0,0.0,4.0,8.0,50.0,65.0,107.0,10.0,15.0,63.0,167.0,14.0,8.0,2.0,5.0,47.0,4.0,Goalkeeper,-0.38461538461538464
1896.0,Junior Wakalible Lago,Lago Junior,male,1990-12-31T00:00:00+00:00,79.0,180.0,SD Huesca,HUE,https://assets.laliga.com/assets/2019/06/07/medium/huesca.png,15.0,Forward,,10.0,13.0,0.0,0.0,0.0,0.0,0.0,28.0,0.0,5.0,1.0,7.0,2.0,116.0,0.0,0.0,0.0,3.0,0.0,3.0,6.0,0.0,58.0,24.0,79.0,4.0,7.0,76.0,118.0,4.0,22.0,8.0,5.0,34.0,0.0,Goalkeeper,-0.38461538461538464
516.0,Sergi Gómez,S. Gómez,male,1992-03-28T00:00:00+00:00,80.0,185.0,RCD Espanyol de Barcelona,ESP,https://assets.laliga.com/assets/2019/06/07/medium/espanyol.png,24.0,Defender,https://assets.laliga.com/squad/2021/t177/p86151/512x556/p86151_t177_2021_1_001_000.png,39.0,31.0,1.0,0.0,23.0,0.0,7.0,77.0,1.0,47.0,40.0,2.0,0.0,1320.0,0.0,0.0,0.0,3.0,1.0,0.0,1.0,85.0,288.0,872.0,1075.0,118.0,11.0,218.0,1368.0,33.0,15.0,0.0,133.0,75.0,1.0,Goalkeeper,-0.3870967741935484
8737.0,Martin Valjent,Valjent,male,1995-12-11T00:00:00+00:00,70.0,187.0,RCD Mallorca,MLL,https://assets.laliga.com/assets/2019/06/07/medium/mallorca.png,24.0,Defender,https://assets.laliga.com/squad/2021/t181/p170116/512x556/p170116_t181_2021_1_001_000.png,60.0,36.0,0.0,0.0,26.0,0.0,9.0,102.0,0.0,59.0,31.0,6.0,1.0,1286.0,0.0,0.0,0.0,1.0,0.0,0.0,4.0,126.0,306.0,801.0,981.0,171.0,26.0,281.0,1363.0,31.0,10.0,2.0,151.0,105.0,4.0,Goalkeeper,-0.3888888888888889
15568.0,Adolfo Gaich,Gaich,male,1999-02-26T00:00:00+00:00,94.0,194.0,SD Huesca,HUE,https://assets.laliga.com/assets/2019/06/07/medium/huesca.png,18.0,Forward,https://assets.laliga.com/squad/2021/t2894/p455730/512x556/p455730_t2894_2021_1_001_000.png,36.0,28.0,3.0,0.0,3.0,0.0,0.0,66.0,1.0,11.0,4.0,5.0,3.0,160.0,0.0,1.0,0.0,8.0,0.0,0.0,4.0,2.0,54.0,33.0,85.0,12.0,34.0,134.0,166.0,4.0,43.0,7.0,3.0,76.0,3.0,Goalkeeper,-0.39285714285714285
5477.0,Enrique Pérez Muñoz,Kike,male,1997-02-14T00:00:00+00:00,80.0,184.0,Elche CF,ELC,https://assets.laliga.com/assets/2019/06/07/medium/elche.png,24.0,Midfielder,https://assets.laliga.com/squad/2021/t954/p241865/512x556/p241865_t954_2021_1_001_000.png,14.0,12.0,0.0,0.0,1.0,0.0,0.0,37.0,2.0,5.0,3.0,6.0,1.0,230.0,0.0,0.0,0.0,5.0,0.0,0.0,9.0,15.0,117.0,62.0,161.0,4.0,17.0,103.0,235.0,8.0,12.0,5.0,11.0,48.0,1.0,Goalkeeper,-0.4166666666666667
9535.0,Carlos Neva,C. Neva,male,1996-06-12T00:00:00+00:00,64.0,174.0,Granada CF,GRA,https://assets.laliga.com/assets/2019/06/07/medium/granada.png,15.0,Defender,https://assets.laliga.com/squad/2021/t5683/p472148/512x556/p472148_t5683_2021_1_001_000.png,20.0,26.0,0.0,0.0,9.0,0.0,5.0,82.0,0.0,36.0,32.0,13.0,0.0,615.0,0.0,0.0,0.0,1.0,0.0,20.0,9.0,23.0,221.0,256.0,434.0,58.0,8.0,321.0,633.0,31.0,12.0,7.0,73.0,103.0,1.0,Goalkeeper,-0.4230769230769231
22798.0,Nicolás Serrano,Nico Serrano,male,2003-03-05T00:00:00+00:00,,,Athletic Club,ATH,https://assets.laliga.com/assets/2019/06/07/medium/athletic.png,33.0,Forward,https://assets.laliga.com/squad/2021/t174/p494929/512x556/p494929_t174_2021_1_001_000.png,1.0,14.0,0.0,0.0,1.0,0.0,0.0,20.0,1.0,6.0,2.0,3.0,1.0,100.0,0.0,0.0,0.0,4.0,0.0,3.0,4.0,1.0,53.0,31.0,79.0,1.0,8.0,64.0,103.0,9.0,11.0,3.0,4.0,19.0,0.0,Goalkeeper,-0.42857142857142855
1124.0,Guillermo Fernández,Guillermo,male,1993-05-23T00:00:00+00:00,70.0,180.0,Burgos CF,BUR,https://assets.laliga.com/assets/2021/06/24/medium/8de24d38ab1472bbae1620d36582d7bd.png,9.0,Forward,https://assets.laliga.com/squad/2021/t951/p92500/512x556/p92500_t951_2021_1_001_000.png,97.0,39.0,1.0,2.0,1.0,0.0,1.0,159.0,8.0,22.0,5.0,14.0,16.0,401.0,0.0,0.0,0.0,19.0,0.0,5.0,8.0,7.0,158.0,114.0,260.0,13.0,22.0,295.0,445.0,13.0,80.0,12.0,8.0,170.0,1.0,Goalkeeper,-0.4358974358974359
19585.0,Imanol García de Albéniz,Imanol,male,2000-06-08T00:00:00+00:00,,,CD Mirandés,MIR,https://assets.laliga.com/assets/2019/06/07/medium/mirandes.png,19.0,Defender,https://assets.laliga.com/squad/2021/t5741/p470511/512x556/p470511_t5741_2021_1_001_000.png,34.0,34.0,5.0,6.0,11.0,0.0,6.0,136.0,2.0,45.0,33.0,41.0,11.0,1467.0,0.0,0.0,0.0,5.0,0.0,21.0,17.0,85.0,599.0,683.0,1165.0,51.0,20.0,555.0,1531.0,53.0,41.0,18.0,76.0,205.0,4.0,Goalkeeper,-0.4411764705882353
1961.0,David Fernández,David Fdez.,male,1985-04-06T00:00:00+00:00,77.0,186.0,AD Alcorcón,ALC,https://assets.laliga.com/assets/2019/06/07/medium/alcorcon.png,19.0,Defender,https://assets.laliga.com/squad/2021/t5233/p49808/512x556/p49808_t5233_2021_1_001_000.png,87.0,36.0,0.0,0.0,23.0,0.0,7.0,133.0,1.0,51.0,52.0,5.0,1.0,1399.0,0.0,0.0,0.0,3.0,0.0,2.0,8.0,93.0,282.0,928.0,1115.0,125.0,17.0,322.0,1467.0,23.0,28.0,1.0,106.0,153.0,1.0,Goalkeeper,-0.4444444444444444
16296.0,Mikel Álvaro Salazar,Mikel Alvaro,male,1982-12-20T00:00:00+00:00,68.0,175.0,SD Amorebieta,AMO,https://assets.laliga.com/assets/2021/06/24/medium/7dcec1604142a8f60f876e4c7e839da7.png,10.0,Midfielder,https://assets.laliga.com/squad/2021/t6498/p69879/512x556/p69879_t6498_2021_1_001_000.png,3.0,13.0,0.0,1.0,0.0,0.0,0.0,20.0,0.0,6.0,2.0,2.0,0.0,109.0,0.0,0.0,0.0,0.0,0.0,0.0,2.0,4.0,60.0,24.0,80.0,3.0,10.0,65.0,115.0,7.0,4.0,3.0,2.0,29.0,0.0,Goalkeeper,-0.46153846153846156
4083.0,Aridane Hernández,Aridane,male,1989-03-23T00:00:00+00:00,77.0,186.0,CA Osasuna,OSA,https://assets.laliga.com/assets/2019/06/07/medium/osasuna.png,23.0,Defender,https://assets.laliga.com/squad/2021/t450/p89399/512x556/p89399_t450_2021_1_001_000.png,22.0,15.0,0.0,0.0,9.0,0.0,3.0,40.0,0.0,22.0,20.0,2.0,3.0,523.0,0.0,0.0,0.0,0.0,0.0,1.0,2.0,35.0,134.0,295.0,393.0,69.0,5.0,117.0,537.0,12.0,4.0,1.0,55.0,54.0,1.0,Goalkeeper,-0.4666666666666667
1283.0,David Goldar,Goldar,male,1994-09-15T00:00:00+00:00,77.0,180.0,UD Ibiza,IBI,https://assets.laliga.com/assets/2021/06/24/medium/d7bc0d2c9bf06afd6b5ace9d62771713.png,4.0,Defender,https://assets.laliga.com/squad/2021/t16203/p181391/512x556/p181391_t16203_2021_1_001_000.png,111.0,36.0,0.0,0.0,25.0,0.0,7.0,165.0,7.0,52.0,31.0,5.0,1.0,1717.0,0.0,0.0,0.0,12.0,0.0,0.0,7.0,117.0,351.0,1108.0,1342.0,106.0,42.0,364.0,1781.0,22.0,55.0,2.0,162.0,160.0,7.0,Goalkeeper,-0.4722222222222222
1169.0,Alexander Mesa Travieso,Nano M.,male,1995-02-05T00:00:00+00:00,77.0,178.0,Real Zaragoza,ZAR,https://assets.laliga.com/assets/2019/06/07/medium/zaragoza.png,23.0,Forward,https://assets.laliga.com/squad/2021/t190/p177849/512x556/p177849_t190_2021_1_001_000.png,14.0,23.0,0.0,0.0,0.0,0.0,0.0,68.0,2.0,11.0,8.0,7.0,13.0,297.0,0.0,0.0,0.0,8.0,0.0,3.0,11.0,10.0,131.0,80.0,197.0,5.0,29.0,188.0,305.0,28.0,44.0,19.0,9.0,89.0,6.0,Goalkeeper,-0.4782608695652174
647.0,Juan Miguel Jiménez López,Juanmi,male,1993-05-20T00:00:00+00:00,69.0,172.0,Real Betis,BET,https://assets.laliga.com/assets/2019/06/07/medium/betis.png,7.0,Forward,https://assets.laliga.com/squad/2021/t185/p80287/512x556/p80287_t185_2021_1_001_000.png,32.0,33.0,2.0,0.0,1.0,0.0,1.0,115.0,16.0,21.0,9.0,15.0,18.0,477.0,0.0,0.0,0.0,30.0,0.0,1.0,29.0,17.0,222.0,154.0,358.0,9.0,40.0,227.0,480.0,39.0,88.0,15.0,16.0,89.0,5.0,Goalkeeper,-0.48484848484848486
8774.0,Ana Tejada,Ana Tejada,female,2002-06-02T00:00:00+00:00,66.0,169.0,Real Sociedad,RSO,https://assets.laliga.com/assets/2019/06/07/medium/real-sociedad.png,3.0,Defender,https://assets.laliga.com/squad/2021/t13324/p453545/512x556/p453545_t13324_2021_0_001_000.png,0.0,18.0,0.0,0.0,0.0,0.0,3.0,0.0,0.0,24.0,0.0,0.0,0.0,0.0,0.0,0.0,0.0,0.0,0.0,0.0,0.0,0.0,0.0,0.0,0.0,0.0,0.0,0.0,0.0,0.0,0.0,0.0,0.0,0.0,2.0,Goalkeeper,-0.5
4116.0,Asier Etxaburu,Etxaburu,male,1994-04-07T00:00:00+00:00,71.0,182.0,SD Amorebieta,AMO,https://assets.laliga.com/assets/2021/06/24/medium/7dcec1604142a8f60f876e4c7e839da7.png,23.0,Midfielder,https://assets.laliga.com/squad/2021/t6498/p201604/512x556/p201604_t6498_2021_1_001_000.png,26.0,20.0,1.0,0.0,0.0,0.0,0.0,43.0,2.0,10.0,0.0,4.0,0.0,96.0,0.0,0.0,0.0,3.0,0.0,1.0,4.0,2.0,42.0,15.0,54.0,3.0,2.0,71.0,97.0,4.0,20.0,2.0,3.0,38.0,0.0,Goalkeeper,-0.5
23059.0,Beatrice Goad,Beattie Goad,female,1997-05-31T00:00:00+00:00,,,UD Granadilla Tenerife Egatesa,UDG,https://assets.laliga.com/assets/2019/06/07/medium/granadilla.png,5.0,Defender,https://assets.laliga.com/squad/2021/t13328/p197228/512x556/p197228_t13328_2021_1_001_000.png,0.0,18.0,0.0,0.0,0.0,0.0,0.0,0.0,1.0,9.0,0.0,0.0,0.0,0.0,0.0,0.0,0.0,1.0,0.0,0.0,0.0,0.0,0.0,0.0,0.0,0.0,0.0,0.0,0.0,0.0,1.0,0.0,0.0,0.0,0.0,Goalkeeper,-0.5
1943.0,Rafael Jiménez Jarque,Fali,male,1993-08-12T00:00:00+00:00,84.0,186.0,Cádiz CF,CAD,https://assets.laliga.com/assets/2019/06/07/medium/cadiz.png,3.0,Defender,https://assets.laliga.com/squad/2021/t1737/p213118/512x556/p213118_t1737_2021_1_001_000.png,31.0,28.0,1.0,2.0,16.0,0.0,2.0,75.0,0.0,24.0,24.0,5.0,0.0,641.0,0.0,0.0,0.0,0.0,0.0,2.0,1.0,55.0,154.0,357.0,454.0,78.0,19.0,184.0,664.0,32.0,13.0,0.0,97.0,58.0,6.0,Goalkeeper,-0.5
1974.0,Francisco Mérida Pérez,Fran Merida,male,1990-03-04T00:00:00+00:00,74.0,177.0,RCD Espanyol de Barcelona,ESP,https://assets.laliga.com/assets/2019/06/07/medium/espanyol.png,8.0,Midfielder,https://assets.laliga.com/squad/2021/t177/p38519/512x556/p38519_t177_2021_1_001_000.png,0.0,10.0,0.0,0.0,0.0,0.0,0.0,22.0,0.0,5.0,6.0,4.0,0.0,160.0,0.0,0.0,0.0,0.0,1.0,1.0,9.0,16.0,68.0,51.0,100.0,1.0,6.0,64.0,168.0,7.0,2.0,2.0,21.0,31.0,2.0,Goalkeeper,-0.5
2421.0,Francis Coquelin,Coquelin,male,1991-05-13T00:00:00+00:00,74.0,176.0,Villarreal CF,VIL,https://assets.laliga.com/assets/2019/06/07/medium/villarreal.png,19.0,Midfielder,https://assets.laliga.com/squad/2021/t449/p56864/512x556/p56864_t449_2021_1_001_000.png,15.0,20.0,0.0,0.0,5.0,0.0,0.0,71.0,2.0,10.0,19.0,9.0,0.0,468.0,0.0,0.0,0.0,2.0,0.0,0.0,17.0,12.0,281.0,126.0,395.0,10.0,23.0,105.0,473.0,26.0,25.0,3.0,6.0,60.0,3.0,Goalkeeper,-0.5
23343.0,Seydouba Cissé,Cisse,male,2001-02-10T00:00:00+00:00,,172.0,CD Leganés,LEG,https://assets.laliga.com/assets/2019/06/07/medium/leganes.png,32.0,Midfielder,https://assets.laliga.com/squad/2021/t957/p438266/512x556/p438266_t957_2021_1_001_000.png,19.0,20.0,0.0,0.0,7.0,0.0,1.0,84.0,3.0,15.0,18.0,8.0,0.0,554.0,0.0,0.0,0.0,5.0,0.0,0.0,13.0,28.0,255.0,213.0,440.0,16.0,14.0,145.0,559.0,29.0,21.0,8.0,27.0,64.0,5.0,Goalkeeper,-0.5
4045.0,Óscar Francisco García Quintela,Óscar Pinchi,male,1996-01-17T00:00:00+00:00,62.0,171.0,UD Las Palmas,LPA,https://assets.laliga.com/assets/2019/06/07/medium/las-palmas.png,18.0,Forward,https://assets.laliga.com/squad/2021/t407/p220095/512x556/p220095_t407_2021_1_001_000.png,4.0,16.0,0.0,0.0,0.0,0.0,0.0,44.0,0.0,8.0,8.0,6.0,1.0,147.0,0.0,0.0,0.0,1.0,0.0,0.0,12.0,4.0,91.0,28.0,114.0,0.0,9.0,80.0,154.0,7.0,19.0,8.0,2.0,34.0,3.0,Goalkeeper,-0.5
4574.0,Álvaro José Jiménez Guerrero,Alvaro J.g.,male,1995-05-19T00:00:00+00:00,71.0,175.0,UD Ibiza,IBI,https://assets.laliga.com/assets/2021/06/24/medium/d7bc0d2c9bf06afd6b5ace9d62771713.png,19.0,Forward,,1.0,8.0,0.0,0.0,0.0,0.0,0.0,18.0,1.0,4.0,1.0,7.0,3.0,78.0,0.0,0.0,0.0,1.0,0.0,3.0,7.0,5.0,36.0,23.0,47.0,2.0,7.0,65.0,81.0,2.0,11.0,6.0,6.0,23.0,2.0,Goalkeeper,-0.5
648.0,Francisco Portillo,Portillo,male,1990-06-13T00:00:00+00:00,60.0,169.0,UD Almería,ALM,https://assets.laliga.com/assets/2019/06/07/medium/almeria.png,8.0,Forward,https://assets.laliga.com/squad/2021/t1564/p80795/512x556/p80795_t1564_2021_1_001_000.png,8.0,39.0,7.0,0.0,2.0,0.0,0.0,110.0,3.0,20.0,13.0,48.0,5.0,1345.0,0.0,0.0,0.0,11.0,0.0,9.0,33.0,42.0,804.0,332.0,1081.0,4.0,12.0,414.0,1375.0,43.0,47.0,26.0,41.0,211.0,3.0,Goalkeeper,-0.5128205128205128
5921.0,Gustavo Ezequiel Blanco Leschuk,Blanco Leschuk,male,1991-11-05T00:00:00+00:00,88.0,190.0,SD Eibar,EIB,https://assets.laliga.com/assets/2019/06/07/medium/eibar.png,20.0,Forward,https://assets.laliga.com/squad/2021/t953/p95409/512x556/p95409_t953_2021_1_001_000.png,135.0,37.0,1.0,0.0,3.0,0.0,1.0,193.0,4.0,24.0,6.0,23.0,10.0,512.0,0.0,0.0,0.0,16.0,0.0,1.0,9.0,12.0,234.0,88.0,309.0,24.0,49.0,332.0,519.0,23.0,116.0,20.0,7.0,191.0,5.0,Goalkeeper,-0.5135135135135135
1817.0,Francisco Sol Ortiz,Fran Sol,male,1992-03-13T00:00:00+00:00,77.0,181.0,SD Eibar,EIB,https://assets.laliga.com/assets/2019/06/07/medium/eibar.png,9.0,Forward,https://assets.laliga.com/squad/2021/t953/p122472/512x556/p122472_t953_2021_1_001_000.png,61.0,31.0,0.0,0.0,1.0,0.0,0.0,100.0,5.0,16.0,2.0,10.0,6.0,323.0,0.0,0.0,0.0,17.0,0.0,1.0,10.0,5.0,147.0,63.0,204.0,13.0,29.0,190.0,330.0,14.0,82.0,5.0,2.0,119.0,4.0,Goalkeeper,-0.5161290322580645
4481.0,Álvaro Odriozola,Odriozola,male,1995-12-14T00:00:00+00:00,66.0,176.0,Fiorentina,FIO,https://assets.laliga.com/assets/2021/03/11/medium/ac40b8a0a7db0aee0a118e68608c2ba8.png,29.0,Defender,,1.0,25.0,1.0,0.0,6.0,0.0,3.0,50.0,1.0,28.0,8.0,25.0,1.0,826.0,0.0,0.0,0.0,2.0,1.0,13.0,12.0,29.0,357.0,401.0,716.0,21.0,15.0,200.0,838.0,25.0,57.0,13.0,16.0,77.0,4.0,Goalkeeper,-0.52
7205.0,Ana Franco,Ana Franco,female,1999-06-06T00:00:00+00:00,,,Sevilla FC,SFC,https://assets.laliga.com/assets/2019/06/07/medium/sevilla.png,9.0,Midfielder,https://assets.laliga.com/squad/2021/t13326/p440124/512x556/p440124_t13326_2021_1_001_000.png,0.0,23.0,0.0,0.0,0.0,0.0,0.0,0.0,0.0,12.0,0.0,0.0,0.0,0.0,0.0,0.0,0.0,1.0,0.0,0.0,0.0,0.0,0.0,0.0,0.0,0.0,0.0,0.0,0.0,0.0,1.0,0.0,0.0,0.0,3.0,Goalkeeper,-0.5217391304347826
1966.0,Borja Valle Balonga,Borja Valle A.,male,1992-07-09T00:00:00+00:00,74.0,177.0,AD Alcorcón,ALC,https://assets.laliga.com/assets/2019/06/07/medium/alcorcon.png,24.0,Forward,,34.0,19.0,3.0,3.0,1.0,0.0,1.0,91.0,4.0,15.0,5.0,18.0,6.0,488.0,0.0,0.0,0.0,11.0,0.0,4.0,11.0,34.0,254.0,177.0,392.0,3.0,11.0,179.0,511.0,15.0,48.0,15.0,14.0,71.0,3.0,Goalkeeper,-0.5263157894736842
135.0,Denis Cheryshev,Cheryshev,male,1990-12-26T00:00:00+00:00,74.0,179.0,Valencia CF,VAL,https://assets.laliga.com/assets/2019/06/07/medium/valencia.png,17.0,Forward,https://assets.laliga.com/squad/2021/t191/p88489/512x556/p88489_t191_2021_1_001_000.png,5.0,17.0,1.0,0.0,1.0,0.0,0.0,32.0,0.0,9.0,9.0,2.0,4.0,133.0,0.0,0.0,0.0,5.0,0.0,2.0,6.0,2.0,75.0,27.0,97.0,9.0,15.0,91.0,141.0,14.0,22.0,5.0,6.0,36.0,1.0,Goalkeeper,-0.5294117647058824
12137.0,Marcos André de Sousa Mendonça,Marcos Andre,male,1996-10-20T00:00:00+00:00,78.0,184.0,Valencia CF,VAL,https://assets.laliga.com/assets/2019/06/07/medium/valencia.png,22.0,Forward,https://assets.laliga.com/squad/2021/t191/p421294/512x556/p421294_t191_2021_1_001_000.png,42.0,29.0,2.0,0.0,0.0,0.0,0.0,92.0,1.0,16.0,7.0,10.0,4.0,170.0,0.0,0.0,0.0,9.0,0.0,0.0,14.0,7.0,87.0,33.0,113.0,12.0,23.0,129.0,176.0,15.0,47.0,19.0,6.0,50.0,3.0,Goalkeeper,-0.5517241379310345
6349.0,Raúl Sánchez,Raul Sanchez,male,1997-11-08T00:00:00+00:00,77.0,188.0,UD Ibiza,IBI,https://assets.laliga.com/assets/2021/06/24/medium/d7bc0d2c9bf06afd6b5ace9d62771713.png,16.0,Midfielder,,8.0,9.0,2.0,0.0,0.0,0.0,1.0,34.0,0.0,10.0,5.0,2.0,2.0,166.0,0.0,0.0,0.0,2.0,0.0,3.0,6.0,6.0,69.0,53.0,113.0,3.0,14.0,95.0,166.0,11.0,13.0,4.0,11.0,36.0,1.0,Goalkeeper,-0.5555555555555556
14513.0,Julen Lobete,Lobete,male,2000-09-18T00:00:00+00:00,,,R. Sociedad B,RSOB,https://assets.laliga.com/assets/2019/06/07/medium/real-sociedad.png,,Forward,https://assets.laliga.com/squad/2021/t3567/p495392/512x556/p495392_t3567_2021_1_001_000.png,25.0,23.0,0.0,0.0,0.0,0.0,2.0,94.0,1.0,23.0,3.0,9.0,8.0,295.0,0.0,0.0,0.0,14.0,0.0,3.0,19.0,5.0,154.0,84.0,230.0,2.0,19.0,195.0,300.0,12.0,84.0,19.0,4.0,61.0,3.0,Goalkeeper,-0.5652173913043478
5549.0,Marta Corredera,Marta Corredera,female,1991-08-08T00:00:00+00:00,60.0,164.0,Real Madrid Femenino,RMA,https://assets.laliga.com/assets/2019/06/07/medium/real-madrid.png,17.0,Defender,,0.0,7.0,0.0,0.0,0.0,0.0,0.0,0.0,0.0,4.0,0.0,0.0,0.0,0.0,0.0,0.0,0.0,0.0,0.0,0.0,0.0,0.0,0.0,0.0,0.0,0.0,0.0,0.0,0.0,0.0,0.0,0.0,0.0,0.0,0.0,Goalkeeper,-0.5714285714285714
8833.0,Borja Garcés,Borja Garcés,male,1999-08-06T00:00:00+00:00,71.0,175.0,CD Leganés,LEG,https://assets.laliga.com/assets/2019/06/07/medium/leganes.png,28.0,Forward,https://assets.laliga.com/squad/2021/t957/p445201/512x556/p445201_t957_2021_1_001_000.png,33.0,28.0,0.0,0.0,1.0,0.0,0.0,76.0,5.0,16.0,0.0,6.0,6.0,165.0,0.0,0.0,0.0,11.0,0.0,0.0,8.0,7.0,84.0,54.0,131.0,18.0,25.0,117.0,190.0,7.0,43.0,3.0,4.0,48.0,4.0,Goalkeeper,-0.5714285714285714
7280.0,Aitor Ruibal,Aitor R.,male,1996-03-22T00:00:00+00:00,74.0,176.0,Real Betis,BET,https://assets.laliga.com/assets/2019/06/07/medium/betis.png,24.0,Forward,https://assets.laliga.com/squad/2021/t185/p441303/512x556/p441303_t185_2021_1_001_000.png,5.0,19.0,0.0,0.0,0.0,0.0,0.0,54.0,0.0,11.0,8.0,11.0,1.0,293.0,0.0,0.0,0.0,3.0,0.0,2.0,13.0,5.0,171.0,66.0,230.0,5.0,23.0,136.0,295.0,21.0,28.0,13.0,11.0,49.0,6.0,Goalkeeper,-0.5789473684210527
1742.0,Iván Sánchez,I. Sánchez,male,1992-09-23T00:00:00+00:00,64.0,171.0,Real Valladolid CF,VLL,https://assets.laliga.com/assets/2019/06/07/medium/valladolid.png,21.0,Midfielder,,0.0,12.0,0.0,0.0,0.0,0.0,0.0,84.0,2.0,7.0,7.0,4.0,1.0,446.0,0.0,0.0,0.0,4.0,0.0,2.0,36.0,33.0,267.0,128.0,360.0,4.0,6.0,114.0,455.0,18.0,19.0,16.0,10.0,52.0,0.0,Goalkeeper,-0.5833333333333334
1075.0,Marco Sangalli,Sangalli,male,1992-02-07T00:00:00+00:00,66.0,179.0,Real Oviedo,OVI,https://assets.laliga.com/assets/2019/06/07/medium/oviedo.png,8.0,Forward,https://assets.laliga.com/squad/2021/t187/p169070/512x556/p169070_t187_2021_1_001_000.png,14.0,29.0,2.0,0.0,0.0,0.0,0.0,71.0,0.0,17.0,10.0,11.0,5.0,401.0,0.0,0.0,0.0,3.0,0.0,5.0,10.0,9.0,201.0,135.0,318.0,9.0,11.0,164.0,411.0,26.0,37.0,11.0,17.0,67.0,0.0,Goalkeeper,-0.5862068965517241
923.0,Álvaro Vadillo,Vadillo,male,1994-09-12T00:00:00+00:00,69.0,180.0,Málaga CF,MGA,https://assets.laliga.com/assets/2019/06/07/medium/malaga.png,18.0,Forward,,8.0,17.0,2.0,4.0,2.0,0.0,0.0,44.0,3.0,10.0,2.0,18.0,10.0,315.0,0.0,0.0,0.0,11.0,0.0,2.0,9.0,13.0,209.0,63.0,245.0,3.0,5.0,183.0,328.0,13.0,23.0,22.0,11.0,59.0,3.0,Goalkeeper,-0.5882352941176471
9145.0,Landry Dimata,Dimata,male,1997-09-01T00:00:00+00:00,81.0,185.0,RCD Espanyol de Barcelona,ESP,https://assets.laliga.com/assets/2019/06/07/medium/espanyol.png,18.0,Forward,https://assets.laliga.com/squad/2021/t177/p220267/512x556/p220267_t177_2021_1_001_000.png,18.0,17.0,0.0,0.0,0.0,0.0,0.0,45.0,0.0,10.0,1.0,5.0,3.0,85.0,0.0,0.0,0.0,0.0,0.0,0.0,6.0,2.0,45.0,22.0,65.0,7.0,14.0,64.0,92.0,2.0,23.0,4.0,1.0,24.0,0.0,Goalkeeper,-0.5882352941176471
1766.0,Hélder Wander Sousa de Azevedo e Costa,Hélder Costa,male,1994-01-12T00:00:00+00:00,73.0,178.0,Valencia CF,VAL,https://assets.laliga.com/assets/2019/06/07/medium/valencia.png,11.0,Midfielder,https://assets.laliga.com/squad/2021/t191/p165808/512x556/p165808_t191_2021_1_001_000.png,8.0,22.0,1.0,0.0,1.0,0.0,2.0,72.0,0.0,23.0,3.0,16.0,1.0,244.0,0.0,0.0,0.0,2.0,0.0,11.0,23.0,3.0,135.0,54.0,174.0,7.0,28.0,204.0,250.0,27.0,38.0,35.0,11.0,62.0,3.0,Goalkeeper,-0.5909090909090909
819.0,Iñigo Ruiz de Galarreta,R. De Galarreta,male,1993-08-06T00:00:00+00:00,69.0,175.0,RCD Mallorca,MLL,https://assets.laliga.com/assets/2019/06/07/medium/mallorca.png,4.0,Midfielder,https://assets.laliga.com/squad/2021/t181/p96736/512x556/p96736_t181_2021_1_001_000.png,18.0,22.0,0.0,0.0,2.0,0.0,1.0,117.0,0.0,18.0,20.0,11.0,0.0,708.0,0.0,0.0,0.0,3.0,0.0,1.0,26.0,41.0,354.0,260.0,571.0,20.0,25.0,190.0,741.0,40.0,6.0,9.0,29.0,100.0,4.0,Goalkeeper,-0.5909090909090909
404.0,Erik Morán,Erik Moran,male,1991-05-25T00:00:00+00:00,74.0,187.0,SD Ponferradina,PON,https://assets.laliga.com/assets/2021/06/24/medium/20f0382ea9163a771b3e01bbe7cf78b7.png,18.0,Midfielder,https://assets.laliga.com/squad/2021/t3090/p90486/512x556/p90486_t3090_2021_1_001_000.png,37.0,37.0,1.0,0.0,16.0,0.0,3.0,135.0,1.0,37.0,32.0,14.0,0.0,1397.0,0.0,0.0,0.0,1.0,0.0,4.0,17.0,142.0,618.0,577.0,1044.0,28.0,26.0,334.0,1456.0,55.0,5.0,5.0,113.0,157.0,7.0,Goalkeeper,-0.5945945945945946
447.0,Oier Sanjurjo,Oier,male,1986-05-25T00:00:00+00:00,72.0,178.0,CA Osasuna,OSA,https://assets.laliga.com/assets/2019/06/07/medium/osasuna.png,6.0,Midfielder,https://assets.laliga.com/squad/2021/t450/p56916/512x556/p56916_t450_2021_1_001_000.png,21.0,25.0,0.0,0.0,3.0,0.0,0.0,39.0,1.0,15.0,1.0,2.0,2.0,309.0,0.0,0.0,0.0,1.0,0.0,2.0,2.0,17.0,140.0,85.0,206.0,9.0,17.0,111.0,309.0,10.0,9.0,1.0,17.0,69.0,3.0,Goalkeeper,-0.6
5864.0,Keidi Bare,K. Bare,male,1997-08-28T00:00:00+00:00,66.0,174.0,RCD Espanyol de Barcelona,ESP,https://assets.laliga.com/assets/2019/06/07/medium/espanyol.png,20.0,Midfielder,https://assets.laliga.com/squad/2021/t177/p181885/512x556/p181885_t177_2021_1_001_000.png,13.0,25.0,0.0,0.0,10.0,0.0,1.0,78.0,1.0,20.0,15.0,7.0,0.0,838.0,0.0,0.0,0.0,1.0,0.0,1.0,9.0,52.0,363.0,396.0,706.0,26.0,25.0,156.0,872.0,27.0,15.0,7.0,26.0,88.0,9.0,Goalkeeper,-0.6
724.0,Pablo Piatti,P. Piatti,male,1989-03-31T00:00:00+00:00,63.0,163.0,Elche CF,ELC,https://assets.laliga.com/assets/2019/06/07/medium/elche.png,20.0,Forward,https://assets.laliga.com/squad/2021/t954/p51271/512x556/p51271_t954_2021_1_001_000.png,7.0,10.0,0.0,0.0,1.0,0.0,0.0,26.0,0.0,6.0,2.0,4.0,1.0,95.0,0.0,0.0,0.0,2.0,0.0,0.0,2.0,2.0,55.0,19.0,72.0,2.0,8.0,44.0,97.0,9.0,5.0,3.0,0.0,23.0,0.0,Goalkeeper,-0.6
530.0,Denis Suárez,Denis Suárez,male,1994-01-06T00:00:00+00:00,69.0,176.0,RC Celta,CEL,https://assets.laliga.com/assets/2019/06/07/medium/celta.png,6.0,Midfielder,https://assets.laliga.com/squad/2021/t176/p89572/512x556/p89572_t176_2021_1_001_000.png,14.0,38.0,4.0,1.0,4.0,0.0,3.0,155.0,4.0,38.0,16.0,40.0,1.0,1792.0,0.0,0.0,0.0,8.0,0.0,7.0,42.0,91.0,969.0,658.0,1504.0,9.0,47.0,535.0,1907.0,61.0,37.0,40.0,48.0,264.0,4.0,Goalkeeper,-0.6052631578947368
20.0,Cristian Tello,C. Tello,male,1991-08-11T00:00:00+00:00,65.0,178.0,Real Betis,BET,https://assets.laliga.com/assets/2019/06/07/medium/betis.png,11.0,Forward,https://assets.laliga.com/squad/2021/t185/p86169/512x556/p86169_t185_2021_1_001_000.png,5.0,23.0,2.0,2.0,0.0,0.0,0.0,37.0,2.0,14.0,10.0,14.0,4.0,342.0,0.0,0.0,0.0,9.0,0.0,4.0,10.0,12.0,202.0,69.0,255.0,6.0,9.0,134.0,342.0,17.0,37.0,17.0,7.0,68.0,2.0,Goalkeeper,-0.6086956521739131
8728.0,Javier Martínez,Javi Martinez,male,1999-12-22T00:00:00+00:00,68.0,180.0,CA Osasuna,OSA,https://assets.laliga.com/assets/2019/06/07/medium/osasuna.png,28.0,Midfielder,https://assets.laliga.com/squad/2021/t450/p463057/512x556/p463057_t450_2021_1_001_000.png,10.0,26.0,1.0,0.0,0.0,0.0,0.0,50.0,1.0,16.0,9.0,10.0,0.0,353.0,0.0,0.0,0.0,2.0,0.0,4.0,11.0,8.0,195.0,92.0,273.0,9.0,15.0,148.0,361.0,21.0,26.0,5.0,12.0,68.0,1.0,Goalkeeper,-0.6153846153846154
4142.0,Valentín Vada,V. Vada,male,1996-03-06T00:00:00+00:00,71.0,175.0,Real Zaragoza,ZAR,https://assets.laliga.com/assets/2019/06/07/medium/zaragoza.png,11.0,Midfielder,https://assets.laliga.com/squad/2021/t190/p195982/512x556/p195982_t190_2021_1_001_000.png,7.0,29.0,0.0,2.0,3.0,0.0,0.0,61.0,7.0,18.0,7.0,20.0,4.0,634.0,0.0,0.0,0.0,11.0,1.0,1.0,11.0,44.0,346.0,251.0,538.0,7.0,35.0,173.0,668.0,18.0,32.0,8.0,19.0,67.0,8.0,Goalkeeper,-0.6206896551724138
9809.0,José Gragera,Gragera,male,2000-05-14T00:00:00+00:00,78.0,186.0,Real Sporting,SPO,https://assets.laliga.com/assets/2019/06/07/medium/sporting.png,16.0,Midfielder,https://assets.laliga.com/squad/2021/t616/p485221/512x556/p485221_t616_2021_1_001_000.png,129.0,37.0,0.0,0.0,20.0,0.0,2.0,230.0,1.0,33.0,55.0,9.0,5.0,1405.0,0.0,0.0,0.0,3.0,0.0,1.0,7.0,83.0,445.0,740.0,1101.0,67.0,44.0,303.0,1449.0,63.0,20.0,9.0,64.0,201.0,6.0,Goalkeeper,-0.6216216216216216
604.0,Manuel Agudo Durán,Nolito,male,1986-10-15T00:00:00+00:00,65.0,175.0,RC Celta,CEL,https://assets.laliga.com/assets/2019/06/07/medium/celta.png,9.0,Forward,https://assets.laliga.com/squad/2021/t176/p86173/512x556/p86173_t176_2021_1_001_000.png,12.0,32.0,0.0,1.0,1.0,0.0,0.0,61.0,2.0,20.0,9.0,15.0,6.0,521.0,0.0,0.0,0.0,9.0,0.0,2.0,13.0,26.0,263.0,151.0,386.0,2.0,21.0,193.0,528.0,25.0,42.0,9.0,16.0,100.0,1.0,Goalkeeper,-0.625
928.0,Rubén Castro,Rubén Castro,male,1981-06-27T00:00:00+00:00,68.0,169.0,FC Cartagena,CAR,https://assets.laliga.com/assets/2022/02/11/medium/1628caa9b2002a11e564eb84b3677f78.png,7.0,Forward,https://assets.laliga.com/squad/2021/t3554/p20680/512x556/p20680_t3554_2021_1_001_000.png,13.0,41.0,6.0,2.0,4.0,0.0,4.0,81.0,20.0,46.0,4.0,25.0,45.0,459.0,0.0,0.0,0.0,40.0,0.0,4.0,15.0,12.0,256.0,129.0,369.0,3.0,15.0,223.0,504.0,3.0,139.0,15.0,3.0,120.0,2.0,Goalkeeper,-0.6341463414634146
1335.0,Brandon Thomas,Brandon,male,1995-02-04T00:00:00+00:00,71.0,173.0,Málaga CF,MGA,https://assets.laliga.com/assets/2019/06/07/medium/malaga.png,9.0,Forward,https://assets.laliga.com/squad/2021/t182/p141115/512x556/p141115_t182_2021_1_001_000.png,41.0,40.0,1.0,0.0,2.0,0.0,3.0,209.0,9.0,41.0,18.0,34.0,16.0,730.0,0.0,0.0,0.0,23.0,0.0,3.0,41.0,25.0,375.0,240.0,587.0,19.0,49.0,350.0,767.0,62.0,136.0,27.0,14.0,141.0,11.0,Goalkeeper,-0.65
6175.0,Óscar Trejo,Oscar Trejo,male,1988-04-26T00:00:00+00:00,79.0,180.0,Rayo Vallecano,RAY,https://assets.laliga.com/assets/2019/06/07/medium/rayo.png,8.0,Forward,https://assets.laliga.com/squad/2021/t184/p40721/512x556/p40721_t184_2021_1_001_000.png,25.0,32.0,5.0,0.0,1.0,0.0,0.0,217.0,3.0,21.0,13.0,51.0,4.0,855.0,0.0,0.0,0.0,9.0,0.0,6.0,82.0,36.0,554.0,236.0,717.0,11.0,59.0,449.0,916.0,42.0,58.0,45.0,22.0,141.0,13.0,Goalkeeper,-0.65625
1042.0,Sergi Darder,S. Darder,male,1993-12-22T00:00:00+00:00,71.0,180.0,RCD Espanyol de Barcelona,ESP,https://assets.laliga.com/assets/2019/06/07/medium/espanyol.png,10.0,Midfielder,https://assets.laliga.com/squad/2021/t177/p169007/512x556/p169007_t177_2021_1_001_000.png,12.0,36.0,8.0,0.0,1.0,0.0,5.0,148.0,3.0,49.0,26.0,28.0,0.0,1591.0,0.0,0.0,0.0,17.0,0.0,8.0,53.0,138.0,823.0,599.0,1271.0,27.0,28.0,403.0,1650.0,45.0,41.0,24.0,82.0,159.0,4.0,Goalkeeper,-0.6666666666666666
7107.0,Natalia Expósito,Natalia Expósito,female,1997-10-20T00:00:00+00:00,73.0,170.0,Madrid CFF,MAD,https://assets.laliga.com/assets/2019/06/07/medium/madrid-futbol-femenino.png,13.0,Goalkeeper,,0.0,6.0,0.0,0.0,0.0,0.0,1.0,0.0,0.0,9.0,0.0,0.0,0.0,0.0,0.0,0.0,0.0,0.0,0.0,0.0,0.0,0.0,0.0,0.0,0.0,0.0,0.0,0.0,0.0,0.0,0.0,0.0,0.0,0.0,0.0,Goalkeeper,-0.6666666666666666
6071.0,Francisca Lara,Francisca Lara,female,1990-07-29T00:00:00+00:00,,164.0,Villarreal CF,VIL,https://assets.laliga.com/assets/2021/06/28/medium/9fbd53c24db4a5ff2257fa8ba57b59d4.png,15.0,Defender,https://assets.laliga.com/squad/2021/t18273/p434603/512x556/p434603_t18273_2021_0_001_000.png,0.0,21.0,1.0,0.0,0.0,0.0,4.0,0.0,1.0,34.0,0.0,0.0,0.0,1.0,0.0,0.0,0.0,1.0,0.0,0.0,0.0,0.0,1.0,0.0,1.0,0.0,0.0,0.0,1.0,0.0,2.0,0.0,0.0,0.0,3.0,Goalkeeper,-0.6666666666666666
6351.0,Julia Aguado,Julia Aguado,female,2000-05-02T00:00:00+00:00,,,VCF Femenino,VCF,https://assets.laliga.com/assets/2019/06/07/medium/valencia-femenino.png,30.0,Midfielder,https://assets.laliga.com/squad/2021/t13329/p435689/512x556/p435689_t13329_2021_1_001_000.png,0.0,12.0,0.0,0.0,0.0,0.0,0.0,0.0,0.0,8.0,0.0,0.0,0.0,0.0,0.0,0.0,0.0,0.0,0.0,0.0,0.0,0.0,0.0,0.0,0.0,0.0,0.0,0.0,0.0,0.0,0.0,0.0,0.0,0.0,1.0,Goalkeeper,-0.6666666666666666
4565.0,Alberto Zapater,Zapater,male,1985-06-13T00:00:00+00:00,80.0,180.0,Real Zaragoza,ZAR,https://assets.laliga.com/assets/2019/06/07/medium/zaragoza.png,21.0,Midfielder,https://assets.laliga.com/squad/2021/t190/p18503/512x556/p18503_t190_2021_1_001_000.png,50.0,31.0,2.0,4.0,8.0,0.0,1.0,111.0,0.0,26.0,21.0,20.0,1.0,816.0,0.0,0.0,0.0,1.0,0.0,6.0,7.0,44.0,393.0,336.0,659.0,45.0,24.0,269.0,884.0,50.0,16.0,4.0,35.0,146.0,2.0,Goalkeeper,-0.6774193548387096
2448.0,Ainhoa Vicente Moraza,Moraza,female,1995-08-20T00:00:00+00:00,53.0,166.0,Athletic Club,ATH,https://assets.laliga.com/assets/2019/06/07/medium/athletic-femenino.png,3.0,Defender,https://assets.laliga.com/squad/2021/t12034/p434266/512x556/p434266_t12034_2021_1_001_000.png,0.0,28.0,0.0,0.0,0.0,0.0,4.0,0.0,0.0,39.0,0.0,0.0,0.0,1.0,0.0,0.0,0.0,0.0,0.0,0.0,0.0,0.0,0.0,0.0,1.0,0.0,0.0,0.0,1.0,0.0,1.0,0.0,0.0,0.0,4.0,Goalkeeper,-0.6785714285714286
24052.0,Jordan Clark,Jordan Clark,female,1989-08-03T00:00:00+00:00,,,Deportivo Alavés,ALA,https://assets.laliga.com/assets/2021/06/28/medium/42d681848c77e9a837be29b98e03557b.png,,Midfielder,,0.0,25.0,0.0,0.0,0.0,0.0,4.0,0.0,1.0,37.0,0.0,0.0,0.0,0.0,0.0,0.0,0.0,1.0,0.0,0.0,0.0,0.0,0.0,0.0,0.0,0.0,0.0,0.0,0.0,0.0,1.0,0.0,0.0,0.0,1.0,Goalkeeper,-0.68
1313.0,Darwin Machís,D. Machis,male,1993-02-07T00:00:00+00:00,68.0,170.0,Granada CF,GRA,https://assets.laliga.com/assets/2019/06/07/medium/granada.png,11.0,Forward,https://assets.laliga.com/squad/2021/t5683/p111133/512x556/p111133_t5683_2021_1_001_000.png,12.0,25.0,1.0,1.0,0.0,0.0,1.0,99.0,4.0,22.0,15.0,16.0,6.0,347.0,0.0,0.0,0.0,17.0,0.0,12.0,34.0,18.0,179.0,88.0,234.0,13.0,20.0,264.0,353.0,23.0,46.0,26.0,26.0,75.0,2.0,Goalkeeper,-0.68
1314.0,Yacine Qasmi,Qasmi,male,1991-01-03T00:00:00+00:00,79.0,184.0,CD Leganés,LEG,https://assets.laliga.com/assets/2019/06/07/medium/leganes.png,21.0,Forward,https://assets.laliga.com/squad/2021/t957/p91952/512x556/p91952_t957_2021_1_001_000.png,35.0,16.0,0.0,0.0,0.0,0.0,0.0,58.0,3.0,11.0,5.0,5.0,6.0,113.0,0.0,0.0,0.0,4.0,0.0,0.0,2.0,1.0,56.0,22.0,77.0,10.0,24.0,90.0,121.0,5.0,21.0,5.0,1.0,42.0,5.0,Goalkeeper,-0.6875
16539.0,Juan Antonio Iglesias,Iglesias,male,1998-07-03T00:00:00+00:00,,,Getafe CF,GET,https://assets.laliga.com/assets/2019/06/07/medium/getafe.png,21.0,Defender,https://assets.laliga.com/squad/2021/t1450/p464283/512x556/p464283_t1450_2021_1_001_000.png,10.0,20.0,0.0,0.0,2.0,0.0,0.0,51.0,0.0,14.0,10.0,7.0,1.0,188.0,0.0,0.0,0.0,0.0,0.0,9.0,5.0,21.0,58.0,54.0,81.0,21.0,16.0,191.0,194.0,19.0,3.0,4.0,45.0,47.0,1.0,Goalkeeper,-0.7
1093.0,David Remeseiro Salgueiro,Jason,male,1994-07-06T00:00:00+00:00,65.0,178.0,Deportivo Alavés,ALA,https://assets.laliga.com/assets/2020/09/01/medium/27002754a98bf535807fe49a24cc63ea.png,25.0,Forward,https://assets.laliga.com/squad/2021/t173/p163784/512x556/p163784_t173_2021_1_001_000.png,9.0,14.0,1.0,1.0,0.0,0.0,0.0,38.0,0.0,10.0,7.0,16.0,0.0,136.0,0.0,0.0,0.0,2.0,0.0,9.0,5.0,5.0,85.0,25.0,85.0,4.0,13.0,140.0,153.0,11.0,10.0,13.0,18.0,45.0,1.0,Goalkeeper,-0.7142857142857143
992.0,Borja García,Borja Garcia,male,1990-11-02T00:00:00+00:00,72.0,175.0,Girona FC,GIR,https://assets.laliga.com/assets/2019/06/07/medium/girona.png,24.0,Midfielder,https://assets.laliga.com/squad/2021/t2893/p63904/512x556/p63904_t2893_2021_1_001_000.png,14.0,28.0,1.0,0.0,2.0,0.0,0.0,112.0,2.0,20.0,12.0,31.0,2.0,769.0,0.0,0.0,0.0,10.0,1.0,9.0,24.0,21.0,421.0,248.0,627.0,13.0,9.0,237.0,776.0,14.0,48.0,9.0,18.0,110.0,2.0,Goalkeeper,-0.7142857142857143
7331.0,Mamadou Loum,Loum,male,1996-12-30T00:00:00+00:00,80.0,188.0,Deportivo Alavés,ALA,https://assets.laliga.com/assets/2020/09/01/medium/27002754a98bf535807fe49a24cc63ea.png,6.0,Midfielder,https://assets.laliga.com/squad/2021/t173/p210191/512x556/p210191_t173_2021_1_001_000.png,100.0,32.0,0.0,0.0,11.0,0.0,4.0,197.0,2.0,43.0,37.0,9.0,1.0,821.0,0.0,0.0,0.0,8.0,0.0,1.0,26.0,51.0,285.0,321.0,554.0,68.0,50.0,319.0,830.0,49.0,30.0,16.0,59.0,166.0,9.0,Goalkeeper,-0.71875
966.0,Papakouly Diop,P. Diop,male,1986-03-19T00:00:00+00:00,77.0,180.0,UD Ibiza,IBI,https://assets.laliga.com/assets/2021/06/24/medium/d7bc0d2c9bf06afd6b5ace9d62771713.png,18.0,Midfielder,https://assets.laliga.com/squad/2021/t16203/p27672/512x556/p27672_t16203_2021_1_001_000.png,41.0,25.0,0.0,0.0,3.0,0.0,2.0,103.0,0.0,28.0,38.0,8.0,1.0,890.0,0.0,0.0,0.0,0.0,0.0,2.0,4.0,60.0,315.0,435.0,688.0,23.0,35.0,213.0,921.0,37.0,12.0,3.0,56.0,117.0,4.0,Goalkeeper,-0.72
684.0,Alberto de la Bella,De La Bella,male,1985-12-02T00:00:00+00:00,79.0,182.0,FC Cartagena,CAR,https://assets.laliga.com/assets/2022/02/11/medium/1628caa9b2002a11e564eb84b3677f78.png,24.0,Defender,https://assets.laliga.com/squad/2021/t3554/p55336/512x556/p55336_t3554_2021_1_001_000.png,8.0,15.0,1.0,0.0,3.0,0.0,1.0,48.0,0.0,16.0,10.0,4.0,0.0,509.0,0.0,0.0,0.0,2.0,0.0,5.0,3.0,37.0,146.0,297.0,401.0,16.0,11.0,140.0,530.0,21.0,11.0,2.0,31.0,61.0,1.0,Goalkeeper,-0.7333333333333333
1950.0,José Manuel García Naranjo,J. Naranjo,male,1994-07-28T00:00:00+00:00,80.0,186.0,SD Ponferradina,PON,https://assets.laliga.com/assets/2021/06/24/medium/20f0382ea9163a771b3e01bbe7cf78b7.png,20.0,Forward,https://assets.laliga.com/squad/2021/t3090/p163814/512x556/p163814_t3090_2021_1_001_000.png,62.0,34.0,1.0,8.0,2.0,0.0,1.0,138.0,8.0,30.0,5.0,16.0,5.0,572.0,0.0,0.0,0.0,25.0,1.0,0.0,23.0,16.0,223.0,164.0,371.0,10.0,56.0,316.0,576.0,29.0,86.0,27.0,30.0,159.0,4.0,Goalkeeper,-0.7352941176470589
1460.0,Luis Suárez,Suárez,male,1987-01-24T00:00:00+00:00,86.0,182.0,Atlético de Madrid,ATM,https://assets.laliga.com/assets/2019/06/07/medium/atletico.png,9.0,Forward,https://assets.laliga.com/squad/2021/t175/p39336/512x556/p39336_t175_2021_1_001_000.png,20.0,35.0,2.0,2.0,1.0,0.0,0.0,59.0,11.0,26.0,1.0,13.0,12.0,453.0,0.0,0.0,0.0,26.0,0.0,1.0,6.0,22.0,240.0,123.0,340.0,14.0,20.0,220.0,491.0,8.0,90.0,17.0,7.0,122.0,7.0,Goalkeeper,-0.7428571428571429
5905.0,Eugeni Valderrama,Eugeni,male,1994-07-19T00:00:00+00:00,73.0,182.0,Real Zaragoza,ZAR,https://assets.laliga.com/assets/2019/06/07/medium/zaragoza.png,8.0,Midfielder,https://assets.laliga.com/squad/2021/t190/p114543/512x556/p114543_t190_2021_1_001_000.png,11.0,16.0,0.0,9.0,0.0,0.0,0.0,50.0,1.0,12.0,11.0,36.0,4.0,447.0,0.0,0.0,0.0,11.0,0.0,3.0,7.0,65.0,294.0,150.0,352.0,10.0,10.0,146.0,482.0,22.0,8.0,5.0,18.0,47.0,0.0,Goalkeeper,-0.75
2710.0,Santiago Arias,Arias,male,1992-01-13T00:00:00+00:00,72.0,178.0,Granada CF,GRA,https://assets.laliga.com/assets/2019/06/07/medium/granada.png,2.0,Defender,https://assets.laliga.com/squad/2021/t5683/p102383/512x556/p102383_t5683_2021_1_001_000.png,9.0,12.0,0.0,0.0,4.0,0.0,0.0,29.0,1.0,9.0,5.0,5.0,2.0,151.0,0.0,0.0,0.0,1.0,0.0,3.0,3.0,8.0,69.0,53.0,111.0,9.0,6.0,80.0,152.0,12.0,6.0,4.0,8.0,25.0,1.0,Goalkeeper,-0.75
25472.0,Ebba Hed,Ebba Hed,female,1999-11-03T00:00:00+00:00,,,Madrid CFF,MAD,https://assets.laliga.com/assets/2019/06/07/medium/madrid-futbol-femenino.png,2.0,Midfielder,,0.0,4.0,1.0,0.0,0.0,0.0,0.0,0.0,0.0,3.0,0.0,0.0,0.0,1.0,0.0,0.0,0.0,0.0,0.0,0.0,0.0,0.0,1.0,0.0,1.0,0.0,0.0,0.0,1.0,0.0,1.0,0.0,0.0,0.0,0.0,Goalkeeper,-0.75
24043.0,Jokin Gabilondo,Gabilondo,male,1999-04-09T00:00:00+00:00,,,R. Sociedad B,RSOB,https://assets.laliga.com/assets/2019/06/07/medium/real-sociedad.png,39.0,Defender,,1.0,16.0,0.0,0.0,3.0,0.0,1.0,19.0,0.0,17.0,7.0,13.0,0.0,282.0,0.0,0.0,0.0,1.0,0.0,5.0,7.0,10.0,118.0,83.0,186.0,13.0,8.0,163.0,283.0,8.0,11.0,3.0,37.0,50.0,1.0,Goalkeeper,-0.75
1859.0,Antonio Luna,A. Luna,male,1991-03-17T00:00:00+00:00,68.0,178.0,FC Cartagena,CAR,https://assets.laliga.com/assets/2022/02/11/medium/1628caa9b2002a11e564eb84b3677f78.png,19.0,Defender,https://assets.laliga.com/squad/2021/t3554/p83564/512x556/p83564_t3554_2021_1_001_000.png,6.0,12.0,0.0,0.0,1.0,0.0,0.0,19.0,1.0,9.0,7.0,7.0,3.0,202.0,0.0,0.0,0.0,1.0,0.0,7.0,5.0,3.0,90.0,71.0,151.0,8.0,4.0,92.0,208.0,5.0,8.0,2.0,13.0,41.0,1.0,Goalkeeper,-0.75
3581.0,Olivia Oprea,Olivia Oprea,female,1987-03-19T00:00:00+00:00,55.0,165.0,Villarreal CF,VIL,https://assets.laliga.com/assets/2021/06/28/medium/9fbd53c24db4a5ff2257fa8ba57b59d4.png,2.0,Defender,https://assets.laliga.com/squad/2021/t18273/p119345/512x556/p119345_t18273_2021_0_001_000.png,0.0,21.0,0.0,0.0,0.0,0.0,4.0,0.0,0.0,36.0,0.0,0.0,0.0,0.0,0.0,0.0,0.0,0.0,0.0,0.0,0.0,0.0,0.0,0.0,0.0,0.0,0.0,0.0,0.0,0.0,0.0,0.0,0.0,0.0,7.0,Goalkeeper,-0.7619047619047619
1280.0,Borja López,Borja Lopez,male,1994-02-02T00:00:00+00:00,78.0,192.0,Real Sporting,SPO,https://assets.laliga.com/assets/2019/06/07/medium/sporting.png,5.0,Defender,https://assets.laliga.com/squad/2021/t616/p109657/512x556/p109657_t616_2021_1_001_000.png,28.0,17.0,0.0,0.0,14.0,0.0,1.0,59.0,0.0,18.0,14.0,5.0,1.0,684.0,0.0,0.0,0.0,1.0,0.0,0.0,2.0,51.0,155.0,427.0,531.0,62.0,12.0,139.0,710.0,16.0,11.0,0.0,72.0,56.0,2.0,Goalkeeper,-0.7647058823529411
2599.0,Javier Pastore,Pastore,male,1989-06-26T00:00:00+00:00,78.0,187.0,Elche CF,ELC,https://assets.laliga.com/assets/2019/06/07/medium/elche.png,15.0,Midfielder,https://assets.laliga.com/squad/2021/t954/p54782/512x556/p54782_t954_2021_1_001_000.png,4.0,13.0,0.0,0.0,1.0,0.0,0.0,24.0,0.0,10.0,4.0,11.0,1.0,267.0,0.0,0.0,0.0,2.0,1.0,3.0,8.0,14.0,141.0,71.0,195.0,2.0,7.0,94.0,270.0,7.0,20.0,6.0,11.0,50.0,2.0,Goalkeeper,-0.7692307692307693
12065.0,Lorena Navarro,Lorena Navarro,female,2000-11-11T00:00:00+00:00,51.0,151.0,Real Madrid Femenino,RMA,https://assets.laliga.com/assets/2019/06/07/medium/real-madrid.png,12.0,Forward,,0.0,13.0,0.0,0.0,0.0,0.0,0.0,0.0,1.0,10.0,0.0,0.0,0.0,0.0,0.0,0.0,0.0,1.0,0.0,0.0,0.0,0.0,0.0,0.0,0.0,0.0,0.0,0.0,0.0,0.0,1.0,0.0,0.0,0.0,1.0,Goalkeeper,-0.7692307692307693
1473.0,Gerard Gumbau,Gumbau,male,1994-12-18T00:00:00+00:00,77.0,187.0,Elche CF,ELC,https://assets.laliga.com/assets/2019/06/07/medium/elche.png,2.0,Midfielder,https://assets.laliga.com/squad/2021/t954/p161030/512x556/p161030_t954_2021_1_001_000.png,18.0,31.0,3.0,3.0,4.0,0.0,2.0,90.0,0.0,34.0,23.0,24.0,0.0,912.0,0.0,0.0,0.0,3.0,1.0,2.0,7.0,83.0,440.0,395.0,726.0,24.0,50.0,264.0,962.0,46.0,7.0,6.0,62.0,91.0,8.0,Goalkeeper,-0.7741935483870968
898.0,Aleix Vidal,Aleix V.c,male,1989-08-21T00:00:00+00:00,70.0,177.0,RCD Espanyol de Barcelona,ESP,https://assets.laliga.com/assets/2019/06/07/medium/espanyol.png,22.0,Defender,https://assets.laliga.com/squad/2021/t177/p79627/512x556/p79627_t177_2021_1_001_000.png,10.0,31.0,0.0,0.0,6.0,0.0,2.0,84.0,2.0,34.0,25.0,26.0,1.0,866.0,0.0,0.0,0.0,3.0,0.0,10.0,12.0,34.0,423.0,338.0,713.0,25.0,24.0,279.0,903.0,31.0,18.0,20.0,45.0,111.0,10.0,Goalkeeper,-0.7741935483870968
1473.0,Gerard Gumbau,Gumbau,male,1994-12-18T00:00:00+00:00,77.0,187.0,Elche CF,ELC,https://assets.laliga.com/assets/2019/06/07/medium/elche.png,2.0,Midfielder,https://assets.laliga.com/squad/2021/t954/p161030/512x556/p161030_t954_2021_1_001_000.png,18.0,31.0,3.0,3.0,4.0,0.0,2.0,90.0,0.0,34.0,23.0,24.0,0.0,912.0,0.0,0.0,0.0,3.0,1.0,2.0,7.0,83.0,440.0,395.0,726.0,24.0,50.0,264.0,962.0,46.0,7.0,6.0,62.0,91.0,8.0,Goalkeeper,-0.7741935483870968
7260.0,Cristóbal Márquez,Cristóbal,male,1984-04-21T00:00:00+00:00,77.0,180.0,CF Fuenlabrada,FUE,https://assets.laliga.com/assets/2019/06/07/medium/fuenlabrada.png,8.0,Midfielder,https://assets.laliga.com/squad/2021/t7104/p60702/512x556/p60702_t7104_2021_1_001_000.png,25.0,37.0,2.0,0.0,5.0,0.0,3.0,189.0,0.0,44.0,12.0,28.0,1.0,1159.0,0.0,1.0,0.0,8.0,0.0,8.0,58.0,55.0,572.0,353.0,862.0,14.0,59.0,420.0,1177.0,59.0,45.0,17.0,44.0,216.0,7.0,Goalkeeper,-0.7837837837837838
21673.0,Alejandro Balde Martínez,Balde,male,2003-10-18T00:00:00+00:00,69.0,175.0,FC Barcelona,BAR,https://assets.laliga.com/assets/2019/06/07/medium/barcelona.png,31.0,Defender,https://assets.laliga.com/squad/2021/t178/p493019/512x556/p493019_t178_2021_1_001_000.png,0.0,5.0,0.0,0.0,2.0,0.0,0.0,7.0,0.0,4.0,1.0,1.0,0.0,137.0,0.0,0.0,0.0,0.0,0.0,2.0,1.0,0.0,82.0,53.0,133.0,0.0,4.0,24.0,139.0,2.0,7.0,4.0,3.0,3.0,0.0,Goalkeeper,-0.8
8554.0,Óscar Valentín,Óscar,male,1994-08-20T00:00:00+00:00,72.0,177.0,Rayo Vallecano,RAY,https://assets.laliga.com/assets/2019/06/07/medium/rayo.png,23.0,Midfielder,https://assets.laliga.com/squad/2021/t184/p433161/512x556/p433161_t184_2021_1_001_000.png,37.0,35.0,0.0,0.0,10.0,0.0,2.0,208.0,0.0,38.0,39.0,15.0,0.0,1277.0,0.0,0.0,0.0,2.0,0.0,1.0,16.0,91.0,570.0,532.0,1010.0,43.0,50.0,272.0,1314.0,102.0,10.0,4.0,69.0,144.0,8.0,Goalkeeper,-0.8
14159.0,Aitor Aldalur,Aldalur,male,1991-12-26T00:00:00+00:00,71.0,178.0,SD Amorebieta,AMO,https://assets.laliga.com/assets/2021/06/24/medium/7dcec1604142a8f60f876e4c7e839da7.png,2.0,Defender,https://assets.laliga.com/squad/2021/t6498/p90315/512x556/p90315_t6498_2021_1_001_000.png,6.0,15.0,0.0,0.0,2.0,0.0,0.0,35.0,0.0,12.0,8.0,4.0,0.0,198.0,0.0,0.0,0.0,1.0,0.0,8.0,6.0,10.0,71.0,65.0,118.0,20.0,7.0,133.0,200.0,17.0,7.0,6.0,33.0,39.0,3.0,Goalkeeper,-0.8
2310.0,Maxime Gonalons,Gonalons,male,1989-03-10T00:00:00+00:00,76.0,187.0,Granada CF,GRA,https://assets.laliga.com/assets/2019/06/07/medium/granada.png,4.0,Midfielder,https://assets.laliga.com/squad/2021/t5683/p59963/512x556/p59963_t5683_2021_1_001_000.png,34.0,25.0,0.0,0.0,10.0,0.0,1.0,121.0,0.0,25.0,18.0,11.0,0.0,632.0,0.0,0.0,0.0,2.0,0.0,0.0,14.0,45.0,246.0,304.0,505.0,28.0,29.0,145.0,651.0,43.0,7.0,7.0,24.0,77.0,6.0,Goalkeeper,-0.8
9363.0,Hugo Guillamón,Hugo G.,male,2000-01-31T00:00:00+00:00,62.0,178.0,Valencia CF,VAL,https://assets.laliga.com/assets/2019/06/07/medium/valencia.png,6.0,Defender,https://assets.laliga.com/squad/2021/t191/p437460/512x556/p437460_t191_2021_1_001_000.png,48.0,31.0,0.0,0.0,10.0,0.0,3.0,164.0,1.0,40.0,30.0,13.0,2.0,995.0,0.0,1.0,0.0,2.0,1.0,1.0,10.0,113.0,474.0,411.0,771.0,49.0,71.0,276.0,1099.0,43.0,11.0,6.0,74.0,141.0,8.0,Goalkeeper,-0.8064516129032258
15164.0,Vedat Muriqi,Muriqi,male,1994-04-24T00:00:00+00:00,92.0,194.0,RCD Mallorca,MLL,https://assets.laliga.com/assets/2019/06/07/medium/mallorca.png,7.0,Forward,https://assets.laliga.com/squad/2021/t181/p156293/512x556/p156293_t181_2021_1_001_000.png,116.0,16.0,3.0,0.0,0.0,0.0,3.0,147.0,5.0,28.0,6.0,11.0,7.0,440.0,0.0,0.0,0.0,18.0,0.0,1.0,9.0,8.0,148.0,97.0,236.0,29.0,27.0,282.0,450.0,6.0,88.0,13.0,8.0,198.0,6.0,Goalkeeper,-0.8125
7444.0,Iván Martos,Ivan Martos,male,1997-04-11T00:00:00+00:00,68.0,182.0,UD Almería,ALM,https://assets.laliga.com/assets/2019/06/07/medium/almeria.png,3.0,Defender,https://assets.laliga.com/squad/2021/t1564/p441572/512x556/p441572_t1564_2021_1_001_000.png,12.0,11.0,0.0,0.0,5.0,0.0,0.0,28.0,0.0,9.0,12.0,2.0,0.0,449.0,0.0,1.0,0.0,0.0,0.0,0.0,1.0,40.0,91.0,300.0,351.0,28.0,14.0,79.0,463.0,8.0,3.0,1.0,38.0,34.0,2.0,Goalkeeper,-0.8181818181818182
23286.0,Jaume Cuéllar,Cuellar,male,2001-08-23T00:00:00+00:00,67.0,183.0,CD Lugo,LUG,https://assets.laliga.com/assets/2019/06/07/medium/lugo.png,29.0,Forward,https://assets.laliga.com/squad/2021/t5730/p501819/512x556/p501819_t5730_2021_1_001_000.png,6.0,34.0,3.0,0.0,2.0,0.0,0.0,107.0,2.0,28.0,17.0,22.0,3.0,252.0,0.0,0.0,0.0,13.0,0.0,19.0,47.0,0.0,140.0,44.0,164.0,6.0,25.0,278.0,255.0,27.0,49.0,30.0,14.0,77.0,1.0,Goalkeeper,-0.8235294117647058
24314.0,Daniel Lorenzo,Dani Lorenzo,male,2003-04-05T00:00:00+00:00,,,Málaga CF,MGA,https://assets.laliga.com/assets/2019/06/07/medium/malaga.png,42.0,Midfielder,,6.0,6.0,0.0,0.0,0.0,0.0,0.0,30.0,0.0,5.0,3.0,3.0,0.0,166.0,0.0,0.0,0.0,1.0,0.0,0.0,7.0,5.0,72.0,79.0,146.0,4.0,3.0,44.0,170.0,14.0,1.0,3.0,1.0,18.0,0.0,Goalkeeper,-0.8333333333333334
6154.0,Aleix Febas,A. Febas,male,1996-02-02T00:00:00+00:00,61.0,171.0,Málaga CF,MGA,https://assets.laliga.com/assets/2019/06/07/medium/malaga.png,14.0,Midfielder,,4.0,19.0,1.0,0.0,1.0,0.0,1.0,129.0,2.0,21.0,15.0,25.0,2.0,566.0,0.0,0.0,0.0,7.0,0.0,2.0,31.0,14.0,323.0,152.0,459.0,4.0,15.0,226.0,577.0,38.0,53.0,29.0,9.0,95.0,2.0,Goalkeeper,-0.8421052631578947
6154.0,Aleix Febas,A. Febas,male,1996-02-02T00:00:00+00:00,61.0,171.0,Málaga CF,MGA,https://assets.laliga.com/assets/2019/06/07/medium/malaga.png,14.0,Midfielder,,4.0,19.0,1.0,0.0,1.0,0.0,1.0,129.0,2.0,21.0,15.0,25.0,2.0,566.0,0.0,0.0,0.0,7.0,0.0,2.0,31.0,14.0,323.0,152.0,459.0,4.0,15.0,226.0,577.0,38.0,53.0,29.0,9.0,95.0,2.0,Goalkeeper,-0.8421052631578947
11989.0,Jon Irazábal,Irazabal,male,1996-11-28T00:00:00+00:00,75.0,187.0,SD Amorebieta,AMO,https://assets.laliga.com/assets/2021/06/24/medium/7dcec1604142a8f60f876e4c7e839da7.png,19.0,Defender,https://assets.laliga.com/squad/2021/t6498/p464275/512x556/p464275_t6498_2021_1_001_000.png,60.0,19.0,0.0,0.0,11.0,0.0,2.0,113.0,0.0,26.0,27.0,1.0,0.0,652.0,0.0,0.0,0.0,2.0,0.0,2.0,3.0,63.0,214.0,283.0,432.0,57.0,26.0,200.0,672.0,38.0,11.0,1.0,88.0,89.0,7.0,Goalkeeper,-0.8421052631578947
1132.0,Cristian Herrera,Herrera,male,1991-03-13T00:00:00+00:00,76.0,181.0,UD Ibiza,IBI,https://assets.laliga.com/assets/2021/06/24/medium/d7bc0d2c9bf06afd6b5ace9d62771713.png,21.0,Forward,https://assets.laliga.com/squad/2021/t16203/p165907/512x556/p165907_t16203_2021_1_001_000.png,22.0,36.0,5.0,5.0,4.0,0.0,2.0,94.0,11.0,41.0,9.0,30.0,5.0,661.0,0.0,0.0,0.0,32.0,0.0,12.0,33.0,14.0,360.0,179.0,505.0,13.0,23.0,354.0,679.0,17.0,84.0,36.0,19.0,141.0,2.0,Goalkeeper,-0.8611111111111112
9627.0,Aldana Cometti,Aldana Cometti,female,1996-03-03T00:00:00+00:00,56.0,166.0,Levante UD,LUD,https://assets.laliga.com/assets/2019/06/07/medium/levante-femenino.png,21.0,Defender,https://assets.laliga.com/squad/2021/t13319/p448429/512x556/p448429_t13319_2021_1_001_000.png,0.0,24.0,1.0,0.0,0.0,0.0,2.0,0.0,1.0,31.0,0.0,0.0,0.0,1.0,0.0,0.0,0.0,1.0,0.0,0.0,0.0,0.0,1.0,0.0,1.0,0.0,0.0,0.0,1.0,0.0,2.0,0.0,0.0,0.0,5.0,Goalkeeper,-0.875
1880.0,Sabin Merino,Sabin,male,1992-01-04T00:00:00+00:00,78.0,187.0,Real Zaragoza,ZAR,https://assets.laliga.com/assets/2019/06/07/medium/zaragoza.png,10.0,Forward,https://assets.laliga.com/squad/2021/t190/p197332/512x556/p197332_t190_2021_1_001_000.png,14.0,16.0,0.0,0.0,1.0,0.0,0.0,30.0,0.0,14.0,2.0,4.0,6.0,177.0,0.0,0.0,0.0,6.0,0.0,2.0,4.0,4.0,68.0,51.0,113.0,8.0,13.0,115.0,178.0,7.0,41.0,8.0,3.0,58.0,1.0,Goalkeeper,-0.875
5881.0,Martín Aguirregabiria,Martin,male,1996-05-10T00:00:00+00:00,69.0,178.0,Deportivo Alavés,ALA,https://assets.laliga.com/assets/2020/09/01/medium/27002754a98bf535807fe49a24cc63ea.png,21.0,Defender,https://assets.laliga.com/squad/2021/t173/p246162/512x556/p246162_t173_2021_1_001_000.png,31.0,24.0,1.0,0.0,3.0,0.0,2.0,101.0,0.0,31.0,25.0,13.0,1.0,565.0,0.0,0.0,0.0,0.0,0.0,14.0,14.0,33.0,225.0,180.0,358.0,33.0,24.0,281.0,572.0,34.0,11.0,5.0,53.0,128.0,4.0,Goalkeeper,-0.875
3567.0,Esther Sullastres,Esther Sullastres,female,1993-03-20T00:00:00+00:00,58.0,173.0,Sevilla FC,SFC,https://assets.laliga.com/assets/2019/06/07/medium/sevilla.png,24.0,Goalkeeper,https://assets.laliga.com/squad/2021/t13326/p249047/512x556/p249047_t13326_2021_1_001_000.png,0.0,24.0,0.0,0.0,0.0,0.0,5.0,0.0,0.0,46.0,0.0,0.0,0.0,0.0,0.0,0.0,0.0,0.0,0.0,0.0,0.0,0.0,0.0,0.0,0.0,0.0,0.0,0.0,0.0,0.0,0.0,0.0,0.0,0.0,0.0,Defender,-0.875
1908.0,José Antonio Rodríguez Díaz,Antonio Puertas,male,1992-02-21T00:00:00+00:00,77.0,183.0,Granada CF,GRA,https://assets.laliga.com/assets/2019/06/07/medium/granada.png,10.0,Midfielder,https://assets.laliga.com/squad/2021/t5683/p156301/512x556/p156301_t5683_2021_1_001_000.png,49.0,33.0,0.0,0.0,3.0,0.0,1.0,143.0,6.0,34.0,11.0,17.0,9.0,609.0,0.0,0.0,0.0,15.0,0.0,8.0,31.0,21.0,273.0,180.0,424.0,25.0,44.0,334.0,614.0,34.0,69.0,25.0,27.0,142.0,4.0,Goalkeeper,-0.8787878787878788
12622.0,Ramón Enríquez,Ramon,male,2001-04-19T00:00:00+00:00,68.0,173.0,Málaga CF,MGA,https://assets.laliga.com/assets/2019/06/07/medium/malaga.png,6.0,Midfielder,https://assets.laliga.com/squad/2021/t182/p490733/512x556/p490733_t182_2021_1_001_000.png,13.0,26.0,0.0,0.0,5.0,0.0,0.0,56.0,1.0,23.0,12.0,7.0,0.0,834.0,0.0,0.0,0.0,4.0,0.0,0.0,13.0,71.0,371.0,364.0,664.0,11.0,19.0,156.0,846.0,14.0,1.0,4.0,29.0,82.0,4.0,Goalkeeper,-0.8846153846153846
2663.0,Gonçalo Manuel Ganchinho Guedes,Guedes,male,1996-11-29T00:00:00+00:00,68.0,179.0,Valencia CF,VAL,https://assets.laliga.com/assets/2019/06/07/medium/valencia.png,7.0,Midfielder,https://assets.laliga.com/squad/2021/t191/p181284/512x556/p181284_t191_2021_1_001_000.png,16.0,36.0,5.0,3.0,0.0,0.0,2.0,175.0,11.0,42.0,9.0,37.0,5.0,707.0,0.0,0.0,0.0,28.0,0.0,18.0,64.0,36.0,428.0,108.0,468.0,1.0,37.0,526.0,736.0,21.0,94.0,60.0,32.0,200.0,3.0,Goalkeeper,-0.8888888888888888
4703.0,Jose Luis Mato Sanmartín,Joselu,male,1990-03-27T00:00:00+00:00,80.0,192.0,Deportivo Alavés,ALA,https://assets.laliga.com/assets/2020/09/01/medium/27002754a98bf535807fe49a24cc63ea.png,9.0,Forward,https://assets.laliga.com/squad/2021/t173/p61316/512x556/p61316_t173_2021_1_001_000.png,284.0,37.0,4.0,5.0,4.0,0.0,5.0,372.0,14.0,58.0,7.0,31.0,11.0,1018.0,0.0,0.0,0.0,41.0,0.0,4.0,18.0,22.0,467.0,180.0,621.0,45.0,43.0,598.0,1052.0,16.0,166.0,33.0,27.0,382.0,0.0,Goalkeeper,-0.8918918918918919
881.0,Ángel Rodríguez,Ángel,male,1987-04-26T00:00:00+00:00,68.0,172.0,RCD Mallorca,MLL,https://assets.laliga.com/assets/2019/06/07/medium/mallorca.png,22.0,Forward,https://assets.laliga.com/squad/2021/t181/p56419/512x556/p56419_t181_2021_1_001_000.png,19.0,29.0,2.0,0.0,1.0,0.0,0.0,70.0,4.0,26.0,3.0,11.0,17.0,241.0,0.0,0.0,0.0,11.0,0.0,2.0,13.0,9.0,116.0,70.0,175.0,11.0,37.0,153.0,251.0,15.0,67.0,10.0,7.0,60.0,4.0,Goalkeeper,-0.896551724137931
12109.0,Aleksander Sedlar,Sedlar,male,1991-12-13T00:00:00+00:00,79.0,178.0,RCD Mallorca,MLL,https://assets.laliga.com/assets/2019/06/07/medium/mallorca.png,20.0,Defender,https://assets.laliga.com/squad/2021/t181/p215792/512x556/p215792_t181_2021_1_001_000.png,8.0,10.0,0.0,0.0,4.0,0.0,0.0,19.0,0.0,9.0,5.0,2.0,0.0,171.0,0.0,1.0,0.0,0.0,0.0,0.0,0.0,9.0,37.0,106.0,134.0,18.0,9.0,36.0,175.0,5.0,1.0,0.0,13.0,19.0,3.0,Goalkeeper,-0.9
864.0,Víctor Laguardia,Laguardia,male,1989-11-05T00:00:00+00:00,80.0,185.0,Deportivo Alavés,ALA,https://assets.laliga.com/assets/2020/09/01/medium/27002754a98bf535807fe49a24cc63ea.png,5.0,Defender,https://assets.laliga.com/squad/2021/t173/p49370/512x556/p49370_t173_2021_1_001_000.png,63.0,34.0,2.0,0.0,24.0,0.0,5.0,97.0,3.0,56.0,27.0,3.0,4.0,1152.0,0.0,0.0,0.0,5.0,0.0,0.0,0.0,167.0,304.0,626.0,763.0,145.0,21.0,327.0,1236.0,29.0,20.0,0.0,169.0,137.0,9.0,Goalkeeper,-0.9117647058823529
2280.0,Noelia Gil,Noelia Gil,female,1994-05-23T00:00:00+00:00,62.0,172.0,VCF Femenino,VCF,https://assets.laliga.com/assets/2019/06/07/medium/valencia-femenino.png,13.0,Goalkeeper,https://assets.laliga.com/squad/2021/t13329/p434313/512x556/p434313_t13329_2021_1_001_000.png,0.0,12.0,0.0,0.0,0.0,0.0,3.0,0.0,0.0,26.0,0.0,0.0,0.0,0.0,0.0,0.0,0.0,0.0,0.0,0.0,0.0,0.0,0.0,0.0,0.0,0.0,0.0,0.0,0.0,0.0,0.0,0.0,0.0,0.0,0.0,Defender,-0.9166666666666666
623.0,Sergio Tejera,Tejera,male,1990-05-28T00:00:00+00:00,75.0,180.0,FC Cartagena,CAR,https://assets.laliga.com/assets/2022/02/11/medium/1628caa9b2002a11e564eb84b3677f78.png,23.0,Midfielder,https://assets.laliga.com/squad/2021/t3554/p70428/512x556/p70428_t3554_2021_1_001_000.png,10.0,32.0,0.0,1.0,9.0,0.0,0.0,115.0,0.0,30.0,30.0,13.0,0.0,1003.0,0.0,0.0,0.0,3.0,1.0,0.0,18.0,70.0,375.0,514.0,818.0,12.0,54.0,246.0,1048.0,41.0,12.0,14.0,59.0,101.0,7.0,Goalkeeper,-0.9375
1259.0,David Forniés,D. Fornies,male,1991-02-06T00:00:00+00:00,71.0,177.0,AD Alcorcón,ALC,https://assets.laliga.com/assets/2019/06/07/medium/alcorcon.png,23.0,Defender,https://assets.laliga.com/squad/2021/t5233/p88545/512x556/p88545_t5233_2021_1_001_000.png,5.0,18.0,0.0,0.0,3.0,0.0,0.0,40.0,0.0,17.0,10.0,6.0,0.0,323.0,0.0,0.0,0.0,0.0,0.0,5.0,6.0,15.0,152.0,125.0,257.0,17.0,21.0,118.0,326.0,18.0,6.0,3.0,16.0,38.0,3.0,Goalkeeper,-0.9444444444444444
5610.0,Óscar Melendo,Melendo,male,1997-08-23T00:00:00+00:00,63.0,167.0,RCD Espanyol de Barcelona,ESP,https://assets.laliga.com/assets/2019/06/07/medium/espanyol.png,14.0,Midfielder,https://assets.laliga.com/squad/2021/t177/p243718/512x556/p243718_t177_2021_1_001_000.png,7.0,21.0,0.0,0.0,1.0,0.0,0.0,69.0,0.0,20.0,1.0,18.0,0.0,417.0,0.0,0.0,0.0,0.0,0.0,1.0,15.0,13.0,257.0,132.0,375.0,9.0,9.0,75.0,426.0,11.0,11.0,3.0,8.0,30.0,0.0,Goalkeeper,-0.9523809523809523
4269.0,Gorka Guruzeta,Guruzeta,male,1996-09-12T00:00:00+00:00,77.0,188.0,SD Amorebieta,AMO,https://assets.laliga.com/assets/2021/06/24/medium/7dcec1604142a8f60f876e4c7e839da7.png,24.0,Forward,https://assets.laliga.com/squad/2021/t6498/p220182/512x556/p220182_t6498_2021_1_001_000.png,133.0,37.0,0.0,1.0,8.0,0.0,1.0,228.0,13.0,41.0,8.0,27.0,39.0,664.0,0.0,0.0,0.0,36.0,0.0,11.0,32.0,22.0,367.0,66.0,400.0,16.0,54.0,453.0,669.0,27.0,158.0,25.0,16.0,231.0,4.0,Goalkeeper,-0.972972972972973
19214.0,Xeber Alkain,Alkain,male,1997-06-26T00:00:00+00:00,69.0,174.0,R. Sociedad B,RSOB,https://assets.laliga.com/assets/2019/06/07/medium/real-sociedad.png,7.0,Midfielder,https://assets.laliga.com/squad/2021/t3567/p504045/512x556/p504045_t3567_2021_1_001_000.png,6.0,38.0,3.0,0.0,1.0,0.0,1.0,93.0,9.0,42.0,19.0,20.0,11.0,525.0,0.0,0.0,0.0,11.0,0.0,3.0,34.0,13.0,269.0,145.0,397.0,12.0,46.0,288.0,538.0,35.0,77.0,39.0,16.0,112.0,5.0,Goalkeeper,-0.9736842105263158
12107.0,Daniel Gómez Alcón,Dani Gómez,male,1998-07-30T00:00:00+00:00,69.0,178.0,Levante UD,LEV,https://assets.laliga.com/assets/2019/06/07/medium/levante.png,21.0,Forward,https://assets.laliga.com/squad/2021/t855/p223770/512x556/p223770_t855_2021_1_001_000.png,4.0,28.0,1.0,0.0,0.0,0.0,0.0,49.0,4.0,28.0,3.0,11.0,11.0,163.0,0.0,0.0,0.0,14.0,0.0,1.0,18.0,3.0,87.0,66.0,149.0,5.0,18.0,145.0,188.0,7.0,60.0,28.0,3.0,33.0,1.0,Goalkeeper,-1.0
15065.0,David Rodríguez,David,male,2000-06-26T00:00:00+00:00,,,CD Tenerife,TEN,https://assets.laliga.com/assets/2019/06/07/medium/tenerife.png,32.0,Defender,https://assets.laliga.com/squad/2021/t612/p516035/512x556/p516035_t612_2021_1_001_000.png,0.0,1.0,0.0,0.0,0.0,0.0,0.0,6.0,0.0,1.0,2.0,0.0,0.0,13.0,0.0,0.0,0.0,0.0,0.0,0.0,0.0,0.0,3.0,6.0,9.0,3.0,1.0,6.0,13.0,3.0,0.0,0.0,1.0,3.0,0.0,Goalkeeper,-1.0
25555.0,Niko Datkovic,Datković,male,1993-04-21T00:00:00+00:00,82.0,190.0,CD Mirandés,MIR,https://assets.laliga.com/assets/2019/06/07/medium/mirandes.png,21.0,Defender,https://assets.laliga.com/squad/2021/t5741/p94280/512x556/p94280_t5741_2021_1_001_000.png,4.0,3.0,0.0,0.0,1.0,0.0,0.0,7.0,0.0,3.0,1.0,0.0,0.0,59.0,0.0,0.0,0.0,0.0,0.0,0.0,0.0,2.0,7.0,42.0,47.0,8.0,1.0,10.0,59.0,2.0,1.0,0.0,7.0,3.0,1.0,Goalkeeper,-1.0
25765.0,Mike Cevallos,Mike,male,2001-06-22T00:00:00+00:00,,178.0,UD Ibiza,IBI,https://assets.laliga.com/assets/2021/06/24/medium/d7bc0d2c9bf06afd6b5ace9d62771713.png,33.0,Forward,,0.0,1.0,0.0,0.0,0.0,0.0,0.0,1.0,0.0,1.0,0.0,0.0,0.0,0.0,0.0,0.0,0.0,0.0,0.0,0.0,0.0,0.0,0.0,0.0,0.0,0.0,0.0,0.0,0.0,1.0,0.0,0.0,0.0,0.0,0.0,Goalkeeper,-1.0
6282.0,Enrique Gómez Hermoso,K. Hermoso,male,1999-08-10T00:00:00+00:00,76.0,190.0,Real Betis,BET,https://assets.laliga.com/assets/2019/06/07/medium/betis.png,37.0,Midfielder,https://assets.laliga.com/squad/2021/t185/p433624/512x556/p433624_t185_2021_1_001_000.png,6.0,1.0,0.0,0.0,1.0,0.0,0.0,9.0,1.0,1.0,0.0,0.0,0.0,59.0,0.0,0.0,0.0,1.0,0.0,0.0,1.0,2.0,3.0,47.0,48.0,5.0,1.0,11.0,60.0,2.0,2.0,0.0,4.0,6.0,0.0,Goalkeeper,-1.0
8808.0,María Ortíz,María Ortíz,female,1999-02-10T00:00:00+00:00,,,UD Granadilla Tenerife Egatesa,UDG,https://assets.laliga.com/assets/2019/06/07/medium/granadilla.png,33.0,Defender,https://assets.laliga.com/squad/2021/t13328/p456922/512x556/p456922_t13328_2021_1_001_000.png,0.0,1.0,0.0,0.0,0.0,0.0,0.0,0.0,0.0,1.0,0.0,0.0,0.0,0.0,0.0,0.0,0.0,0.0,0.0,0.0,0.0,0.0,0.0,0.0,0.0,0.0,0.0,0.0,0.0,0.0,0.0,0.0,0.0,0.0,0.0,Goalkeeper,-1.0
25810.0,Esther Laborde,Esther Laborde,female,2004-04-20T00:00:00+00:00,,,FC Barcelona,FCB,https://assets.laliga.com/assets/2019/06/07/medium/fc-barcelona-femenino.png,39.0,Defender,,0.0,1.0,0.0,0.0,0.0,0.0,0.0,0.0,0.0,1.0,0.0,0.0,0.0,0.0,0.0,0.0,0.0,0.0,0.0,0.0,0.0,0.0,0.0,0.0,0.0,0.0,0.0,0.0,0.0,0.0,0.0,0.0,0.0,0.0,0.0,Goalkeeper,-1.0
19092.0,Olatz Santana,Olatz Santana,female,1997-08-05T00:00:00+00:00,,,Real Sociedad,RSO,https://assets.laliga.com/assets/2019/06/07/medium/real-sociedad.png,32.0,Goalkeeper,,0.0,1.0,0.0,0.0,0.0,0.0,0.0,0.0,0.0,1.0,0.0,0.0,0.0,0.0,0.0,0.0,0.0,0.0,0.0,0.0,0.0,0.0,0.0,0.0,0.0,0.0,0.0,0.0,0.0,0.0,0.0,0.0,0.0,0.0,0.0,Defender,-1.0
8526.0,Nayluisa Cáceres,Nayluisa Cáceres,female,1999-11-18T00:00:00+00:00,56.0,172.0,UD Granadilla Tenerife Egatesa,UDG,https://assets.laliga.com/assets/2019/06/07/medium/granadilla.png,25.0,Goalkeeper,https://assets.laliga.com/squad/2021/t13328/p453077/512x556/p453077_t13328_2021_1_001_000.png,0.0,2.0,0.0,0.0,0.0,0.0,1.0,0.0,0.0,7.0,0.0,0.0,0.0,0.0,0.0,0.0,0.0,0.0,0.0,0.0,0.0,0.0,0.0,0.0,0.0,0.0,0.0,0.0,0.0,0.0,0.0,0.0,0.0,0.0,0.0,Forward,-1.0
3626.0,Carla Bautista,Carla Bautista,female,2000-03-14T00:00:00+00:00,61.0,161.0,Rayo Vallecano,RVM,https://assets.laliga.com/assets/2019/06/07/medium/rayo-femenino.png,19.0,Forward,https://assets.laliga.com/squad/2021/t13321/p434290/512x556/p434290_t13321_2021_1_001_000.png,0.0,7.0,0.0,0.0,0.0,0.0,0.0,0.0,0.0,7.0,0.0,0.0,0.0,0.0,0.0,0.0,0.0,0.0,0.0,0.0,0.0,0.0,0.0,0.0,0.0,0.0,0.0,0.0,0.0,0.0,0.0,0.0,0.0,0.0,0.0,Goalkeeper,-1.0
8271.0,Martin Braithwaite,Braithwaite,male,1991-06-05T00:00:00+00:00,73.0,177.0,FC Barcelona,BAR,https://assets.laliga.com/assets/2019/06/07/medium/barcelona.png,12.0,Forward,https://assets.laliga.com/squad/2021/t178/p68690/512x556/p68690_t178_2021_1_001_000.png,3.0,4.0,1.0,0.0,0.0,0.0,0.0,8.0,2.0,4.0,1.0,1.0,2.0,52.0,0.0,0.0,0.0,3.0,0.0,0.0,2.0,1.0,26.0,18.0,43.0,1.0,5.0,27.0,54.0,1.0,12.0,1.0,0.0,10.0,0.0,Goalkeeper,-1.0
25526.0,Raúl Rubio,R.rubio,male,1999-07-04T00:00:00+00:00,,,Real Zaragoza,ZAR,https://assets.laliga.com/assets/2019/06/07/medium/zaragoza.png,39.0,Forward,,1.0,1.0,0.0,0.0,0.0,0.0,0.0,2.0,0.0,1.0,0.0,0.0,0.0,4.0,0.0,0.0,0.0,0.0,0.0,0.0,1.0,0.0,1.0,1.0,2.0,0.0,0.0,3.0,5.0,0.0,1.0,0.0,0.0,3.0,0.0,Goalkeeper,-1.0
7266.0,Juan Manuel Bravo,Juanma,male,1998-02-10T00:00:00+00:00,,,AD Alcorcón,ALC,https://assets.laliga.com/assets/2019/06/07/medium/alcorcon.png,6.0,Midfielder,https://assets.laliga.com/squad/2021/t5233/p434920/512x556/p434920_t5233_2021_1_001_000.png,53.0,19.0,1.0,0.0,4.0,0.0,1.0,128.0,1.0,26.0,14.0,8.0,3.0,445.0,0.0,0.0,0.0,8.0,0.0,5.0,25.0,17.0,211.0,139.0,328.0,20.0,25.0,191.0,459.0,25.0,18.0,15.0,16.0,98.0,3.0,Goalkeeper,-1.105263157894737
25425.0,Mária Korenciová,Mária Korenciová,female,1989-04-27T00:00:00+00:00,,,Levante UD,LUD,https://assets.laliga.com/assets/2019/06/07/medium/levante-femenino.png,24.0,Goalkeeper,,0.0,9.0,0.0,0.0,0.0,0.0,1.0,0.0,0.0,15.0,0.0,0.0,0.0,0.0,0.0,0.0,0.0,0.0,0.0,0.0,0.0,0.0,0.0,0.0,0.0,0.0,0.0,0.0,0.0,0.0,0.0,0.0,0.0,0.0,0.0,Midfielder,-1.1111111111111112
12434.0,Isabella Echeverri,Isabella Echeverri,female,1994-06-16T00:00:00+00:00,56.0,174.0,Sevilla FC,SFC,https://assets.laliga.com/assets/2019/06/07/medium/sevilla.png,5.0,Midfielder,https://assets.laliga.com/squad/2021/t13326/p210643/512x556/p210643_t13326_2021_1_001_000.png,0.0,17.0,0.0,0.0,0.0,0.0,2.0,0.0,0.0,29.0,0.0,0.0,0.0,0.0,0.0,0.0,0.0,0.0,0.0,0.0,0.0,0.0,0.0,0.0,0.0,0.0,0.0,0.0,0.0,0.0,0.0,0.0,0.0,0.0,4.0,Goalkeeper,-1.1176470588235294
3612.0,Elena de Toro,Elena de Toro,female,1997-01-31T00:00:00+00:00,71.0,169.0,Villarreal CF,VIL,https://assets.laliga.com/assets/2021/06/28/medium/9fbd53c24db4a5ff2257fa8ba57b59d4.png,1.0,Goalkeeper,https://assets.laliga.com/squad/2021/t18273/p434501/512x556/p434501_t18273_2021_0_001_000.png,0.0,25.0,0.0,0.0,0.0,0.0,5.0,0.0,0.0,53.0,0.0,0.0,0.0,0.0,0.0,0.0,0.0,0.0,0.0,0.0,0.0,0.0,0.0,0.0,0.0,0.0,0.0,0.0,0.0,0.0,0.0,0.0,0.0,0.0,0.0,Defender,-1.12
7261.0,Álvaro Bravo,Bravo,male,1998-02-04T00:00:00+00:00,,181.0,CF Fuenlabrada,FUE,https://assets.laliga.com/assets/2019/06/07/medium/fuenlabrada.png,3.0,Midfielder,https://assets.laliga.com/squad/2021/t7104/p434632/512x556/p434632_t7104_2021_1_001_000.png,3.0,13.0,0.0,0.0,0.0,0.0,0.0,28.0,0.0,15.0,1.0,4.0,0.0,263.0,0.0,0.0,0.0,1.0,0.0,0.0,7.0,12.0,105.0,127.0,220.0,3.0,6.0,54.0,267.0,8.0,3.0,2.0,13.0,22.0,0.0,Goalkeeper,-1.1538461538461537
6946.0,María Llompart,María Llompart,female,2000-10-19T00:00:00+00:00,55.0,161.0,SD Eibar,EIB,https://assets.laliga.com/assets/2019/06/07/medium/eibar.png,6.0,Midfielder,https://assets.laliga.com/squad/2021/t16881/p437864/512x556/p437864_t16881_2021_0_001_000.png,0.0,24.0,0.0,0.0,0.0,0.0,1.0,0.0,1.0,33.0,0.0,0.0,0.0,0.0,0.0,0.0,0.0,1.0,0.0,0.0,0.0,0.0,0.0,0.0,0.0,0.0,0.0,0.0,0.0,0.0,1.0,0.0,0.0,0.0,7.0,Goalkeeper,-1.1666666666666667
25553.0,Natalie Muth,Natalie Muth,female,1998-07-27T00:00:00+00:00,,,SD Eibar,EIB,https://assets.laliga.com/assets/2019/06/07/medium/eibar.png,12.0,Midfielder,,0.0,11.0,0.0,0.0,0.0,0.0,1.0,0.0,0.0,18.0,0.0,0.0,0.0,0.0,0.0,0.0,0.0,0.0,0.0,0.0,0.0,0.0,0.0,0.0,0.0,0.0,0.0,0.0,0.0,0.0,0.0,0.0,0.0,0.0,4.0,Goalkeeper,-1.1818181818181819
3643.0,Cristina Cornejo,Cristina Cornejo,female,1992-01-09T00:00:00+00:00,58.0,163.0,Deportivo Alavés,ALA,https://assets.laliga.com/assets/2021/06/28/medium/42d681848c77e9a837be29b98e03557b.png,1.0,Goalkeeper,,0.0,24.0,0.0,0.0,0.0,0.0,4.0,0.0,0.0,49.0,0.0,0.0,0.0,0.0,0.0,0.0,0.0,0.0,0.0,0.0,0.0,0.0,0.0,0.0,0.0,0.0,0.0,0.0,0.0,0.0,0.0,0.0,0.0,0.0,0.0,Midfielder,-1.2083333333333333
8504.0,Florencia Bonsegundo,Florencia Bonsegundo,female,1993-07-14T00:00:00+00:00,59.0,168.0,Madrid CFF,MAD,https://assets.laliga.com/assets/2019/06/07/medium/madrid-futbol-femenino.png,11.0,Midfielder,,0.0,30.0,0.0,0.0,0.0,0.0,2.0,0.0,0.0,47.0,0.0,0.0,0.0,4.0,0.0,0.0,0.0,0.0,0.0,0.0,0.0,0.0,3.0,1.0,4.0,0.0,0.0,0.0,4.0,0.0,4.0,0.0,0.0,0.0,3.0,Goalkeeper,-1.2333333333333334
3555.0,Lucía García,Lucía García,female,1998-07-14T00:00:00+00:00,56.0,165.0,Athletic Club,ATH,https://assets.laliga.com/assets/2019/06/07/medium/athletic-femenino.png,17.0,Forward,https://assets.laliga.com/squad/2021/t12034/p206238/512x556/p206238_t12034_2021_1_001_000.png,0.0,29.0,2.0,0.0,0.0,0.0,2.0,0.0,12.0,46.0,0.0,0.0,0.0,4.0,0.0,0.0,0.0,13.0,0.0,0.0,0.0,0.0,3.0,0.0,4.0,0.0,0.0,0.0,4.0,0.0,17.0,0.0,0.0,0.0,0.0,Goalkeeper,-1.2413793103448276
14809.0,Aixa Salvador,Aixa Salvador,female,2001-10-12T00:00:00+00:00,,161.0,Villarreal CF,VIL,https://assets.laliga.com/assets/2021/06/28/medium/9fbd53c24db4a5ff2257fa8ba57b59d4.png,3.0,Forward,https://assets.laliga.com/squad/2021/t18273/p248518/512x556/p248518_t18273_2021_0_001_000.png,0.0,8.0,0.0,0.0,0.0,0.0,0.0,0.0,0.0,10.0,0.0,0.0,0.0,0.0,0.0,0.0,0.0,0.0,0.0,0.0,0.0,0.0,0.0,0.0,0.0,0.0,0.0,0.0,0.0,0.0,0.0,0.0,0.0,0.0,1.0,Goalkeeper,-1.25
19075.0,Estela Carbonell,Estela Carbonell,female,2004-10-18T00:00:00+00:00,,168.0,Levante UD,LUD,https://assets.laliga.com/assets/2019/06/07/medium/levante-femenino.png,26.0,Defender,https://assets.laliga.com/squad/2021/t13319/p504709/512x556/p504709_t13319_2021_1_001_000.png,0.0,4.0,0.0,0.0,0.0,0.0,0.0,0.0,0.0,5.0,0.0,0.0,0.0,0.0,0.0,0.0,0.0,0.0,0.0,0.0,0.0,0.0,0.0,0.0,0.0,0.0,0.0,0.0,0.0,0.0,0.0,0.0,0.0,0.0,0.0,Goalkeeper,-1.25
2415.0,Miriam Rodríguez,Kuki,female,1994-11-18T00:00:00+00:00,54.0,160.0,SD Eibar,EIB,https://assets.laliga.com/assets/2019/06/07/medium/eibar.png,9.0,Forward,https://assets.laliga.com/squad/2021/t16881/p434530/512x556/p434530_t16881_2021_0_001_000.png,0.0,23.0,1.0,0.0,0.0,0.0,0.0,0.0,4.0,29.0,0.0,0.0,0.0,4.0,0.0,0.0,0.0,4.0,0.0,0.0,0.0,0.0,2.0,1.0,4.0,0.0,0.0,0.0,4.0,0.0,7.0,0.0,0.0,0.0,1.0,Goalkeeper,-1.2608695652173914
2327.0,Débora García,Débora García,female,1989-10-17T00:00:00+00:00,55.0,167.0,Sevilla FC,SFC,https://assets.laliga.com/assets/2019/06/07/medium/sevilla.png,17.0,Midfielder,https://assets.laliga.com/squad/2021/t13326/p434304/512x556/p434304_t13326_2021_1_001_000.png,0.0,23.0,2.0,0.0,0.0,0.0,2.0,0.0,0.0,40.0,0.0,0.0,0.0,4.0,0.0,0.0,0.0,0.0,0.0,0.0,0.0,0.0,4.0,0.0,4.0,0.0,0.0,0.0,4.0,0.0,3.0,0.0,0.0,0.0,2.0,Goalkeeper,-1.3043478260869565
14788.0,Carla Morera,Carla Morera,female,1995-03-17T00:00:00+00:00,,,SD Eibar,EIB,https://assets.laliga.com/assets/2019/06/07/medium/eibar.png,11.0,Defender,https://assets.laliga.com/squad/2021/t16881/p508010/512x556/p508010_t16881_2021_0_001_000.png,0.0,19.0,1.0,0.0,0.0,0.0,1.0,0.0,3.0,30.0,0.0,0.0,0.0,2.0,0.0,0.0,0.0,3.0,0.0,0.0,0.0,0.0,2.0,0.0,2.0,0.0,0.0,0.0,2.0,0.0,5.0,0.0,0.0,0.0,1.0,Goalkeeper,-1.3157894736842106
6201.0,Gonzalo Melero,Melero,male,1994-01-02T00:00:00+00:00,77.0,183.0,Levante UD,LEV,https://assets.laliga.com/assets/2019/06/07/medium/levante.png,22.0,Midfielder,https://assets.laliga.com/squad/2021/t855/p195457/512x556/p195457_t855_2021_1_001_000.png,28.0,29.0,1.0,0.0,8.0,0.0,0.0,93.0,7.0,39.0,7.0,14.0,2.0,756.0,0.0,0.0,0.0,11.0,0.0,0.0,12.0,23.0,300.0,353.0,630.0,22.0,20.0,191.0,768.0,29.0,28.0,14.0,15.0,100.0,5.0,Goalkeeper,-1.3448275862068966
9784.0,Sergio Camello,Camello,male,2001-02-10T00:00:00+00:00,69.0,177.0,CD Mirandés,MIR,https://assets.laliga.com/assets/2019/06/07/medium/mirandes.png,24.0,Forward,https://assets.laliga.com/squad/2021/t5741/p248507/512x556/p248507_t5741_2021_1_001_000.png,34.0,36.0,3.0,0.0,0.0,0.0,0.0,116.0,15.0,49.0,9.0,38.0,16.0,653.0,0.0,0.0,0.0,46.0,0.0,2.0,37.0,17.0,351.0,188.0,519.0,20.0,23.0,404.0,733.0,11.0,166.0,41.0,21.0,176.0,6.0,Goalkeeper,-1.3611111111111112
4652.0,Ainoa Campo,Ainoa Campo,female,1996-06-17T00:00:00+00:00,57.0,162.0,Villarreal CF,VIL,https://assets.laliga.com/assets/2021/06/28/medium/9fbd53c24db4a5ff2257fa8ba57b59d4.png,20.0,Midfielder,https://assets.laliga.com/squad/2021/t18273/p191680/512x556/p191680_t18273_2021_0_001_000.png,0.0,23.0,0.0,0.0,0.0,0.0,2.0,0.0,0.0,42.0,0.0,0.0,0.0,0.0,0.0,0.0,0.0,0.0,0.0,0.0,0.0,0.0,0.0,0.0,0.0,0.0,0.0,0.0,0.0,0.0,0.0,0.0,0.0,0.0,2.0,Goalkeeper,-1.391304347826087
14777.0,Noelia García,Noelia García,female,1992-09-25T00:00:00+00:00,,,SD Eibar,EIB,https://assets.laliga.com/assets/2019/06/07/medium/eibar.png,1.0,Goalkeeper,https://assets.laliga.com/squad/2021/t16881/p477901/512x556/p477901_t16881_2021_0_001_000.png,0.0,9.0,0.0,0.0,0.0,0.0,1.0,0.0,0.0,18.0,0.0,0.0,0.0,0.0,0.0,0.0,0.0,0.0,0.0,0.0,0.0,0.0,0.0,0.0,0.0,0.0,0.0,0.0,0.0,0.0,0.0,0.0,0.0,0.0,0.0,Defender,-1.4444444444444444
12504.0,Daiane Limeira Santos Silva,Daiane,female,1997-09-07T00:00:00+00:00,64.0,180.0,Madrid CFF,MAD,https://assets.laliga.com/assets/2019/06/07/medium/madrid-futbol-femenino.png,4.0,Defender,,0.0,19.0,0.0,0.0,0.0,0.0,1.0,0.0,0.0,33.0,0.0,0.0,0.0,0.0,0.0,1.0,0.0,0.0,0.0,0.0,0.0,0.0,0.0,0.0,0.0,0.0,0.0,0.0,0.0,0.0,0.0,0.0,0.0,0.0,4.0,Goalkeeper,-1.4736842105263157
15102.0,Joan García,J. Garcia,male,2001-05-04T00:00:00+00:00,,180.0,RCD Espanyol de Barcelona,ESP,https://assets.laliga.com/assets/2019/06/07/medium/espanyol.png,34.0,Goalkeeper,https://assets.laliga.com/squad/2021/t177/p449928/512x556/p449928_t177_2021_1_001_000.png,0.0,2.0,0.0,0.0,0.0,0.0,0.0,0.0,0.0,3.0,1.0,0.0,0.0,19.0,0.0,0.0,0.0,0.0,0.0,0.0,0.0,6.0,5.0,13.0,12.0,1.0,0.0,7.0,25.0,0.0,0.0,0.0,7.0,0.0,0.0,Midfielder,-1.5
12782.0,Isadora Damasceno Freitas,Isadora Freitas,female,1990-10-21T00:00:00+00:00,53.0,163.0,Rayo Vallecano,RVM,https://assets.laliga.com/assets/2019/06/07/medium/rayo-femenino.png,9.0,Forward,https://assets.laliga.com/squad/2021/t13321/p492315/512x556/p492315_t13321_2021_1_001_000.png,0.0,29.0,0.0,0.0,0.0,0.0,1.0,0.0,5.0,49.0,0.0,0.0,0.0,1.0,0.0,0.0,0.0,5.0,0.0,0.0,0.0,0.0,0.0,1.0,1.0,0.0,0.0,0.0,1.0,0.0,6.0,0.0,0.0,0.0,3.0,Goalkeeper,-1.5172413793103448
3590.0,Alba Aznar,Alba Aznar,female,1993-09-02T00:00:00+00:00,52.0,153.0,Deportivo Alavés,ALA,https://assets.laliga.com/assets/2021/06/28/medium/42d681848c77e9a837be29b98e03557b.png,10.0,Midfielder,,0.0,22.0,0.0,0.0,0.0,0.0,0.0,0.0,2.0,34.0,0.0,0.0,0.0,0.0,0.0,0.0,0.0,2.0,0.0,0.0,0.0,0.0,0.0,0.0,0.0,0.0,0.0,0.0,0.0,0.0,2.0,0.0,0.0,0.0,2.0,Goalkeeper,-1.5454545454545454
23675.0,Gabriela Nunes da Silva,Gabi Nunes,female,1997-03-10T00:00:00+00:00,56.0,169.0,Madrid CFF,MAD,https://assets.laliga.com/assets/2019/06/07/medium/madrid-futbol-femenino.png,9.0,Forward,,0.0,27.0,0.0,0.0,0.0,0.0,2.0,0.0,7.0,54.0,0.0,0.0,0.0,4.0,0.0,0.0,0.0,7.0,0.0,0.0,0.0,0.0,3.0,1.0,4.0,0.0,0.0,0.0,4.0,0.0,11.0,0.0,0.0,0.0,3.0,Goalkeeper,-1.6296296296296295
7577.0,Mar Segarra,Mar Segarra,female,2001-07-05T00:00:00+00:00,,,Levante UD,LUD,https://assets.laliga.com/assets/2019/06/07/medium/levante-femenino.png,27.0,Goalkeeper,https://assets.laliga.com/squad/2021/t13319/p447978/512x556/p447978_t13319_2021_1_001_000.png,0.0,3.0,0.0,0.0,0.0,0.0,0.0,0.0,0.0,5.0,0.0,0.0,0.0,0.0,0.0,0.0,0.0,0.0,0.0,0.0,0.0,0.0,0.0,0.0,0.0,0.0,0.0,0.0,0.0,0.0,0.0,0.0,0.0,0.0,0.0,Defender,-1.6666666666666667
12433.0,Méline Gerard,Méline Gerard,female,1990-05-30T00:00:00+00:00,57.0,169.0,Real Madrid Femenino,RMA,https://assets.laliga.com/assets/2019/06/07/medium/real-madrid.png,24.0,Goalkeeper,,0.0,3.0,0.0,0.0,0.0,0.0,0.0,0.0,0.0,5.0,0.0,0.0,0.0,0.0,0.0,0.0,0.0,0.0,0.0,0.0,0.0,0.0,0.0,0.0,0.0,0.0,0.0,0.0,0.0,0.0,0.0,0.0,0.0,0.0,0.0,Forward,-1.6666666666666667
13804.0,Jesús Areso,Areso,male,1999-07-02T00:00:00+00:00,81.0,182.0,CA Osasuna,OSA,https://assets.laliga.com/assets/2019/06/07/medium/osasuna.png,32.0,Defender,https://assets.laliga.com/squad/2021/t450/p437549/512x556/p437549_t450_2021_1_001_000.png,3.0,3.0,0.0,0.0,0.0,0.0,0.0,10.0,0.0,5.0,0.0,1.0,0.0,38.0,0.0,0.0,0.0,0.0,0.0,0.0,0.0,2.0,17.0,15.0,30.0,2.0,3.0,33.0,38.0,3.0,1.0,0.0,3.0,3.0,1.0,Goalkeeper,-1.6666666666666667
3959.0,Javier Ontiveros,J. Ontiveros,male,1997-09-09T00:00:00+00:00,75.0,170.0,CF Fuenlabrada,FUE,https://assets.laliga.com/assets/2019/06/07/medium/fuenlabrada.png,20.0,Forward,,14.0,16.0,4.0,6.0,0.0,0.0,0.0,93.0,1.0,27.0,18.0,10.0,4.0,347.0,0.0,0.0,0.0,15.0,0.0,9.0,31.0,16.0,197.0,91.0,256.0,4.0,20.0,227.0,375.0,27.0,25.0,24.0,17.0,86.0,7.0,Goalkeeper,-1.6875
8588.0,Camila Sáez,Camila Sáez,female,1994-10-17T00:00:00+00:00,,167.0,Rayo Vallecano,RVM,https://assets.laliga.com/assets/2019/06/07/medium/rayo-femenino.png,18.0,Defender,https://assets.laliga.com/squad/2021/t13321/p435934/512x556/p435934_t13321_2021_1_001_000.png,0.0,26.0,2.0,0.0,0.0,0.0,3.0,0.0,4.0,59.0,0.0,0.0,0.0,2.0,0.0,0.0,0.0,5.0,0.0,0.0,0.0,0.0,2.0,0.0,2.0,0.0,0.0,0.0,2.0,0.0,6.0,0.0,0.0,0.0,9.0,Goalkeeper,-1.6923076923076923
12775.0,Nazareth Martín,Nazareth Martín,female,2002-02-26T00:00:00+00:00,,178.0,Sevilla FC,SFC,https://assets.laliga.com/assets/2019/06/07/medium/sevilla.png,27.0,Defender,https://assets.laliga.com/squad/2021/t13326/p478152/512x556/p478152_t13326_2021_1_001_000.png,0.0,8.0,0.0,0.0,0.0,0.0,0.0,0.0,0.0,14.0,0.0,0.0,0.0,0.0,0.0,0.0,0.0,0.0,0.0,0.0,0.0,0.0,0.0,0.0,0.0,0.0,0.0,0.0,0.0,0.0,0.0,0.0,0.0,0.0,1.0,Goalkeeper,-1.75
7494.0,Geyse da Silva Ferreira,Geyse,female,1998-03-27T00:00:00+00:00,58.0,168.0,Madrid CFF,MAD,https://assets.laliga.com/assets/2019/06/07/medium/madrid-futbol-femenino.png,23.0,Forward,https://assets.laliga.com/squad/2021/t13320/p235928/512x556/p235928_t13320_2021_0_001_000.png,0.0,27.0,1.0,0.0,0.0,0.0,1.0,0.0,20.0,53.0,0.0,0.0,0.0,1.0,0.0,1.0,0.0,20.0,0.0,0.0,0.0,0.0,0.0,1.0,1.0,0.0,0.0,0.0,1.0,0.0,21.0,0.0,0.0,0.0,8.0,Goalkeeper,-1.7777777777777777
14585.0,Laia Ballesté,Laia Ballesté,female,1999-09-22T00:00:00+00:00,,,Rayo Vallecano,RVM,https://assets.laliga.com/assets/2019/06/07/medium/rayo-femenino.png,3.0,Defender,https://assets.laliga.com/squad/2021/t13321/p504747/512x556/p504747_t13321_2021_1_001_000.png,0.0,28.0,0.0,0.0,0.0,0.0,2.0,0.0,1.0,60.0,0.0,0.0,0.0,0.0,0.0,0.0,0.0,1.0,0.0,0.0,0.0,0.0,0.0,0.0,0.0,0.0,0.0,0.0,0.0,0.0,1.0,0.0,0.0,0.0,5.0,Goalkeeper,-1.7857142857142858
7546.0,Itziar Pinillos,Itziar Pinillos,female,2000-09-21T00:00:00+00:00,,,Madrid CFF,MAD,https://assets.laliga.com/assets/2019/06/07/medium/madrid-futbol-femenino.png,16.0,Midfielder,https://assets.laliga.com/squad/2021/t13320/p446287/512x556/p446287_t13320_2021_0_001_000.png,0.0,22.0,1.0,0.0,0.0,0.0,0.0,0.0,1.0,42.0,0.0,0.0,0.0,2.0,0.0,0.0,0.0,1.0,0.0,0.0,0.0,0.0,2.0,0.0,2.0,0.0,0.0,0.0,2.0,0.0,3.0,0.0,0.0,0.0,3.0,Goalkeeper,-1.9090909090909092
12750.0,Unai Dufur,Unai Dufur,male,1999-02-21T00:00:00+00:00,,,CA Osasuna,OSA,https://assets.laliga.com/assets/2019/06/07/medium/osasuna.png,31.0,Midfielder,https://assets.laliga.com/squad/2021/t450/p491955/512x556/p491955_t450_2021_1_001_000.png,2.0,1.0,0.0,0.0,0.0,0.0,0.0,2.0,0.0,2.0,4.0,0.0,0.0,49.0,0.0,0.0,0.0,0.0,0.0,0.0,0.0,1.0,20.0,15.0,34.0,4.0,1.0,14.0,49.0,0.0,2.0,0.0,3.0,11.0,0.0,Goalkeeper,-2.0
19531.0,Neike Barga,Neike Barga,female,1999-07-24T00:00:00+00:00,,,Deportivo Alavés,ALA,https://assets.laliga.com/assets/2021/06/28/medium/42d681848c77e9a837be29b98e03557b.png,13.0,Goalkeeper,,0.0,1.0,0.0,0.0,0.0,0.0,0.0,0.0,0.0,2.0,0.0,0.0,0.0,0.0,0.0,0.0,0.0,0.0,0.0,0.0,0.0,0.0,0.0,0.0,0.0,0.0,0.0,0.0,0.0,0.0,0.0,0.0,0.0,0.0,0.0,Midfielder,-2.0
13079.0,Jana Xin Henseler Gallego,Jana Henseler,female,2003-09-29T00:00:00+00:00,,,Deportivo Alavés,ALA,https://assets.laliga.com/assets/2021/06/28/medium/42d681848c77e9a837be29b98e03557b.png,25.0,Goalkeeper,,0.0,6.0,0.0,0.0,0.0,0.0,0.0,0.0,0.0,12.0,0.0,0.0,0.0,1.0,0.0,0.0,0.0,0.0,0.0,0.0,0.0,0.0,1.0,0.0,1.0,0.0,0.0,0.0,1.0,0.0,1.0,0.0,0.0,0.0,0.0,Goalkeeper,-2.0
12018.0,Malena Mieres,Malena Mieres,female,2000-03-29T00:00:00+00:00,,,SD Eibar,EIB,https://assets.laliga.com/assets/2019/06/07/medium/eibar.png,13.0,Goalkeeper,https://assets.laliga.com/squad/2021/t16881/p461226/512x556/p461226_t16881_2021_0_001_000.png,0.0,15.0,0.0,0.0,0.0,0.0,0.0,0.0,0.0,33.0,0.0,0.0,0.0,1.0,0.0,0.0,0.0,0.0,0.0,0.0,0.0,0.0,0.0,1.0,1.0,0.0,0.0,0.0,1.0,0.0,1.0,0.0,0.0,0.0,0.0,Midfielder,-2.2
12773.0,Adriana Nanclares,Adriana Nanclares,female,2002-05-09T00:00:00+00:00,52.0,170.0,Real Sociedad,RSO,https://assets.laliga.com/assets/2019/06/07/medium/real-sociedad.png,1.0,Goalkeeper,https://assets.laliga.com/squad/2021/t13324/p492096/512x556/p492096_t13324_2021_0_001_000.png,0.0,8.0,0.0,0.0,0.0,0.0,1.0,0.0,0.0,23.0,0.0,0.0,0.0,0.0,0.0,0.0,0.0,0.0,0.0,0.0,0.0,0.0,0.0,0.0,0.0,0.0,0.0,0.0,0.0,0.0,0.0,0.0,0.0,0.0,0.0,Defender,-2.25
8770.0,Andrea De la Nava,Andrea De la Nava,female,1994-02-11T00:00:00+00:00,60.0,168.0,Athletic Club,ATH,https://assets.laliga.com/assets/2019/06/07/medium/athletic-femenino.png,1.0,Goalkeeper,https://assets.laliga.com/squad/2021/t12034/p453541/512x556/p453541_t12034_2021_1_001_000.png,0.0,4.0,0.0,0.0,0.0,0.0,0.0,0.0,0.0,9.0,0.0,0.0,0.0,0.0,0.0,0.0,0.0,0.0,0.0,0.0,0.0,0.0,0.0,0.0,0.0,0.0,0.0,0.0,0.0,0.0,0.0,0.0,0.0,0.0,0.0,Goalkeeper,-2.25
17031.0,Josep Antoni Gayá Martinez,J. Gayà,male,2000-07-07T00:00:00+00:00,,,RCD Mallorca,MLL,https://assets.laliga.com/assets/2019/06/07/medium/mallorca.png,29.0,Defender,https://assets.laliga.com/squad/2021/t181/p508460/512x556/p508460_t181_2021_1_001_000.png,0.0,1.0,0.0,0.0,0.0,0.0,0.0,0.0,0.0,4.0,1.0,0.0,0.0,26.0,0.0,0.0,0.0,0.0,0.0,0.0,0.0,1.0,4.0,19.0,22.0,3.0,0.0,6.0,28.0,0.0,0.0,0.0,1.0,4.0,0.0,Goalkeeper,-4.0
