id,name,nickname,gender,date_of_birth,weight,height,team,team.shortname,team.shield,shirt_number,position,photo,aerial_duels_won,appearances,assists_intentional,attempts_from_set_pieces,blocks,catches,clean_sheets,duels_won,goals,goals_conceded,interceptions,key_passes_attempt_assists,offsides,open_play_passes,penalties_saved,red_cards_2nd_yellow,saves_made,shots_on_target_inc_goals,straight_red_cards,successful_crosses_open_play,successful_dribbles,successful_long_passes,successful_passes_opposition_half,successful_passes_own_half,successful_short_passes,total_clearances,total_fouls_conceded,total_losses_of_possession,total_passes,total_tackles,total_touches_in_opposition_box,unsuccessful_dribbles,unsuccessful_long_passes,unsuccessful_short_passes,yellow_cards,predicted_position,score
16.0,Sergio Busquets,Sergio,male,1988-07-16T00:00:00+00:00,76.0,189.0,FC Barcelona,BAR,https://assets.laliga.com/assets/2019/06/07/medium/barcelona.png,5.0,Midfielder,https://assets.laliga.com/squad/2021/t178/p54104/512x556/p54104_t178_2021_1_001_000.png,60.0,36.0,0.0,0.0,8.0,0.0,8.0,238.0,2.0,36.0,45.0,33.0,2.0,2673.0,0.0,0.0,0.0,4.0,0.0,2.0,21.0,202.0,1411.0,1016.0,2223.0,30.0,53.0,403.0,2769.0,93.0,24.0,5.0,82.0,262.0,12.0,Midfielder,2636.0
1829.0,Aleix García,Aleix Garcia,male,1997-06-28T00:00:00+00:00,68.0,173.0,Girona FC,GIR,https://assets.laliga.com/assets/2019/06/07/medium/girona.png,14.0,Midfielder,https://assets.laliga.com/squad/2021/t2893/p178871/512x556/p178871_t2893_2021_1_001_000.png,29.0,40.0,3.0,8.0,9.0,0.0,8.0,152.0,0.0,38.0,47.0,75.0,1.0,2201.0,0.0,0.0,0.0,6.0,0.0,12.0,31.0,157.0,1219.0,910.0,1885.0,49.0,35.0,542.0,2328.0,65.0,26.0,7.0,100.0,186.0,7.0,Forward,2281.5
8.0,Jordi Alba,Jordi Alba,male,1989-03-21T00:00:00+00:00,68.0,170.0,FC Barcelona,BAR,https://assets.laliga.com/assets/2019/06/07/medium/barcelona.png,18.0,Defender,https://assets.laliga.com/squad/2021/t178/p52356/512x556/p52356_t178_2021_1_001_000.png,14.0,30.0,7.0,1.0,6.0,0.0,4.0,85.0,2.0,32.0,33.0,48.0,11.0,2307.0,0.0,0.0,0.0,6.0,0.0,22.0,6.0,98.0,1295.0,799.0,1973.0,33.0,26.0,509.0,2392.0,47.0,66.0,16.0,83.0,238.0,11.0,Midfielder,2202.0
1487.0,Toni Kroos,Kroos,male,1990-01-04T00:00:00+00:00,76.0,183.0,Real Madrid,RMA,https://assets.laliga.com/assets/2019/06/07/medium/real-madrid.png,8.0,Midfielder,https://assets.laliga.com/squad/2021/t186/p44989/512x556/p44989_t186_2021_1_001_000.png,9.0,28.0,2.0,4.0,3.0,0.0,7.0,90.0,1.0,18.0,12.0,48.0,0.0,2039.0,0.0,0.0,0.0,12.0,0.0,2.0,9.0,218.0,1239.0,821.0,1822.0,11.0,20.0,219.0,2150.0,34.0,24.0,8.0,32.0,78.0,4.0,Forward,2148.5
1568.0,Manuel Antonio Molina Valero,Manu N. Molina,male,1991-11-20T00:00:00+00:00,72.0,175.0,UD Ibiza,IBI,https://assets.laliga.com/assets/2021/06/24/medium/d7bc0d2c9bf06afd6b5ace9d62771713.png,8.0,Midfielder,https://assets.laliga.com/squad/2021/t16203/p88273/512x556/p88273_t16203_2021_1_001_000.png,26.0,38.0,2.0,0.0,5.0,0.0,8.0,128.0,0.0,42.0,56.0,47.0,1.0,2010.0,0.0,1.0,0.0,0.0,0.0,11.0,8.0,133.0,892.0,1019.0,1743.0,45.0,57.0,365.0,2131.0,59.0,4.0,8.0,57.0,198.0,5.0,Goalkeeper,2046.5
1564.0,Roque Mesa,Roque Mesa,male,1989-06-07T00:00:00+00:00,74.0,172.0,Real Valladolid CF,VLL,https://assets.laliga.com/assets/2019/06/07/medium/valladolid.png,17.0,Midfielder,https://assets.laliga.com/squad/2021/t192/p106899/512x556/p106899_t192_2021_1_001_000.png,17.0,39.0,5.0,3.0,3.0,0.0,3.0,267.0,3.0,31.0,24.0,44.0,1.0,1911.0,0.0,0.0,0.0,14.0,0.0,12.0,82.0,146.0,976.0,804.0,1613.0,16.0,65.0,502.0,2032.0,84.0,45.0,41.0,80.0,193.0,15.0,Forward,2019.5
8867.0,Éder Gabriel Militão,E. Militão,male,1998-01-18T00:00:00+00:00,79.0,186.0,Real Madrid,RMA,https://assets.laliga.com/assets/2019/06/07/medium/real-madrid.png,3.0,Defender,https://assets.laliga.com/squad/2021/t186/p218449/512x556/p218449_t186_2021_1_001_000.png,83.0,34.0,0.0,0.0,20.0,0.0,13.0,183.0,1.0,30.0,52.0,10.0,1.0,1894.0,0.0,0.0,0.0,8.0,0.0,1.0,11.0,129.0,583.0,1197.0,1650.0,105.0,38.0,268.0,1993.0,50.0,40.0,9.0,99.0,115.0,5.0,Midfielder,1972.5
715.0,Daniel Parejo,Parejo,male,1989-04-16T00:00:00+00:00,74.0,182.0,Villarreal CF,VIL,https://assets.laliga.com/assets/2019/06/07/medium/villarreal.png,5.0,Midfielder,https://assets.laliga.com/squad/2021/t449/p51952/512x556/p51952_t449_2021_1_001_000.png,17.0,33.0,10.0,3.0,7.0,0.0,7.0,140.0,2.0,32.0,29.0,56.0,0.0,1848.0,0.0,0.0,0.0,6.0,0.0,10.0,25.0,139.0,1096.0,700.0,1605.0,15.0,16.0,408.0,1990.0,43.0,18.0,8.0,60.0,186.0,3.0,Forward,1915.5
7414.0,Álvaro Aguado,Aguado,male,1996-05-01T00:00:00+00:00,66.0,174.0,Real Valladolid CF,VLL,https://assets.laliga.com/assets/2019/06/07/medium/valladolid.png,16.0,Midfielder,https://assets.laliga.com/squad/2021/t192/p442291/512x556/p442291_t192_2021_1_001_000.png,16.0,41.0,2.0,1.0,4.0,0.0,6.0,129.0,4.0,27.0,27.0,31.0,1.0,1977.0,0.0,0.0,0.0,8.0,0.0,8.0,12.0,165.0,906.0,890.0,1609.0,16.0,22.0,395.0,2041.0,52.0,44.0,15.0,75.0,192.0,7.0,Forward,1911.5
68.0,Carlos Henrique Casimiro,Casemiro,male,1992-02-23T00:00:00+00:00,84.0,185.0,Real Madrid,RMA,https://assets.laliga.com/assets/2019/06/07/medium/real-madrid.png,14.0,Midfielder,https://assets.laliga.com/squad/2021/t186/p61256/512x556/p61256_t186_2021_1_001_000.png,101.0,32.0,2.0,1.0,19.0,0.0,8.0,237.0,1.0,23.0,38.0,23.0,4.0,1912.0,0.0,0.0,0.0,9.0,0.0,4.0,19.0,175.0,852.0,840.0,1513.0,59.0,54.0,350.0,1962.0,79.0,32.0,8.0,55.0,219.0,11.0,Goalkeeper,1907.5
5843.0,Pau Torres,Pau,male,1997-01-16T00:00:00+00:00,80.0,191.0,Villarreal CF,VIL,https://assets.laliga.com/assets/2019/06/07/medium/villarreal.png,4.0,Defender,https://assets.laliga.com/squad/2021/t449/p244954/512x556/p244954_t449_2021_1_001_000.png,58.0,33.0,1.0,0.0,23.0,0.0,11.0,131.0,5.0,33.0,19.0,8.0,0.0,1888.0,0.0,0.0,0.0,9.0,0.0,1.0,25.0,139.0,587.0,1111.0,1558.0,103.0,14.0,326.0,1979.0,32.0,35.0,3.0,141.0,141.0,5.0,Midfielder,1845.0
2350.0,David Alaba,Alaba,male,1992-06-24T00:00:00+00:00,78.0,180.0,Real Madrid,RMA,https://assets.laliga.com/assets/2019/06/07/medium/real-madrid.png,4.0,Defender,https://assets.laliga.com/squad/2021/t186/p50188/512x556/p50188_t186_2021_1_001_000.png,14.0,30.0,3.0,7.0,15.0,0.0,11.0,47.0,2.0,26.0,22.0,18.0,2.0,1854.0,0.0,0.0,0.0,7.0,0.0,5.0,4.0,54.0,697.0,1058.0,1695.0,67.0,16.0,207.0,1888.0,23.0,42.0,6.0,56.0,83.0,2.0,Midfielder,1835.5
4624.0,Francisco Beltrán,Fran Beltran,male,1999-02-03T00:00:00+00:00,66.0,170.0,RC Celta,CEL,https://assets.laliga.com/assets/2019/06/07/medium/celta.png,8.0,Midfielder,https://assets.laliga.com/squad/2021/t176/p234511/512x556/p234511_t176_2021_1_001_000.png,16.0,37.0,0.0,0.0,5.0,0.0,6.0,116.0,1.0,28.0,32.0,11.0,0.0,1808.0,0.0,0.0,0.0,4.0,0.0,5.0,19.0,135.0,751.0,963.0,1573.0,31.0,17.0,236.0,1872.0,56.0,5.0,8.0,41.0,123.0,4.0,Midfielder,1832.5
13783.0,Victor Meseguer,V. Meseguer,male,1999-06-09T00:00:00+00:00,,,CD Mirandés,MIR,https://assets.laliga.com/assets/2019/06/07/medium/mirandes.png,8.0,Midfielder,https://assets.laliga.com/squad/2021/t5741/p498208/512x556/p498208_t5741_2021_1_001_000.png,103.0,38.0,2.0,0.0,7.0,0.0,5.0,276.0,3.0,53.0,48.0,38.0,3.0,1971.0,0.0,1.0,0.0,11.0,0.0,2.0,27.0,168.0,839.0,763.0,1432.0,33.0,63.0,527.0,2019.0,74.0,42.0,19.0,107.0,312.0,7.0,Defender,1826.5
14914.0,Samuel Almeida Costa,Samu,male,2000-11-27T00:00:00+00:00,75.0,183.0,UD Almería,ALM,https://assets.laliga.com/assets/2019/06/07/medium/almeria.png,30.0,Midfielder,https://assets.laliga.com/squad/2021/t1564/p485385/512x556/p485385_t1564_2021_1_001_000.png,89.0,38.0,1.0,2.0,9.0,0.0,10.0,261.0,0.0,29.0,45.0,11.0,2.0,1799.0,0.0,0.0,0.0,23.0,0.0,1.0,30.0,137.0,740.0,824.0,1426.0,57.0,73.0,509.0,1887.0,64.0,49.0,20.0,96.0,228.0,12.0,Midfielder,1789.0
9682.0,Yann Bodiger,Bodiger,male,1995-02-09T00:00:00+00:00,80.0,188.0,FC Cartagena,CAR,https://assets.laliga.com/assets/2022/02/11/medium/1628caa9b2002a11e564eb84b3677f78.png,6.0,Midfielder,https://assets.laliga.com/squad/2021/t3554/p194302/512x556/p194302_t3554_2021_1_001_000.png,57.0,39.0,3.0,2.0,7.0,0.0,6.0,206.0,4.0,39.0,69.0,17.0,0.0,1787.0,0.0,0.0,0.0,10.0,0.0,0.0,33.0,129.0,662.0,900.0,1433.0,57.0,77.0,408.0,1848.0,75.0,21.0,29.0,70.0,216.0,7.0,Goalkeeper,1774.5
6287.0,Alexandre Corredera Alardi,Alexandre,male,1996-03-19T00:00:00+00:00,72.0,181.0,CD Tenerife,TEN,https://assets.laliga.com/assets/2019/06/07/medium/tenerife.png,6.0,Midfielder,https://assets.laliga.com/squad/2021/t612/p433503/512x556/p433503_t612_2021_1_001_000.png,25.0,43.0,2.0,4.0,7.0,0.0,5.0,150.0,2.0,28.0,66.0,37.0,0.0,1609.0,0.0,0.0,0.0,10.0,0.0,8.0,18.0,138.0,825.0,775.0,1428.0,25.0,43.0,351.0,1763.0,74.0,23.0,8.0,57.0,140.0,3.0,Forward,1762.5
530.0,Denis Suárez,Denis Suárez,male,1994-01-06T00:00:00+00:00,69.0,176.0,RC Celta,CEL,https://assets.laliga.com/assets/2019/06/07/medium/celta.png,6.0,Midfielder,https://assets.laliga.com/squad/2021/t176/p89572/512x556/p89572_t176_2021_1_001_000.png,14.0,38.0,4.0,1.0,4.0,0.0,3.0,155.0,4.0,38.0,16.0,40.0,1.0,1792.0,0.0,0.0,0.0,8.0,0.0,7.0,42.0,91.0,969.0,658.0,1504.0,9.0,47.0,535.0,1907.0,61.0,37.0,40.0,48.0,264.0,4.0,Goalkeeper,1761.0
1812.0,Javier Muñoz Jiménez,Javi Muñoz,male,1995-02-28T00:00:00+00:00,69.0,175.0,SD Eibar,EIB,https://assets.laliga.com/assets/2019/06/07/medium/eibar.png,14.0,Midfielder,https://assets.laliga.com/squad/2021/t953/p198221/512x556/p198221_t953_2021_1_001_000.png,13.0,39.0,2.0,0.0,6.0,0.0,6.0,140.0,2.0,43.0,46.0,50.0,2.0,1751.0,0.0,0.0,0.0,7.0,0.0,10.0,20.0,126.0,956.0,638.0,1420.0,26.0,45.0,516.0,1857.0,76.0,13.0,30.0,115.0,196.0,12.0,Defender,1731.0
1605.0,Joan Jordán,Jordán,male,1994-07-06T00:00:00+00:00,74.0,184.0,Sevilla FC,SEV,https://assets.laliga.com/assets/2019/06/07/medium/sevilla.png,8.0,Midfielder,https://assets.laliga.com/squad/2021/t179/p195364/512x556/p195364_t179_2021_1_001_000.png,11.0,36.0,0.0,1.0,6.0,0.0,6.0,121.0,0.0,21.0,30.0,23.0,1.0,1740.0,0.0,0.0,0.0,1.0,0.0,2.0,23.0,153.0,860.0,735.0,1436.0,17.0,54.0,304.0,1796.0,61.0,25.0,14.0,55.0,152.0,9.0,Forward,1716.0
6340.0,Pedro Díaz,Pedro Diaz,male,1998-06-05T00:00:00+00:00,75.0,180.0,Real Sporting,SPO,https://assets.laliga.com/assets/2019/06/07/medium/sporting.png,8.0,Midfielder,https://assets.laliga.com/squad/2021/t616/p435065/512x556/p435065_t616_2021_1_001_000.png,20.0,42.0,2.0,7.0,8.0,0.0,4.0,190.0,4.0,39.0,32.0,33.0,0.0,1801.0,0.0,0.0,0.0,19.0,0.0,2.0,51.0,157.0,796.0,737.0,1363.0,12.0,39.0,575.0,1888.0,76.0,24.0,26.0,137.0,231.0,3.0,Defender,1715.0
1329.0,Daniel Pedro Calvo Sanromán,Dani Calvo,male,1994-04-01T00:00:00+00:00,82.0,190.0,Real Oviedo,OVI,https://assets.laliga.com/assets/2019/06/07/medium/oviedo.png,12.0,Defender,https://assets.laliga.com/squad/2021/t187/p185650/512x556/p185650_t187_2021_1_001_000.png,145.0,41.0,0.0,0.0,19.0,0.0,15.0,207.0,1.0,38.0,31.0,2.0,2.0,1716.0,0.0,0.0,0.0,3.0,0.0,1.0,7.0,99.0,378.0,1080.0,1358.0,199.0,33.0,327.0,1756.0,36.0,31.0,3.0,145.0,154.0,8.0,Midfielder,1678.0
8722.0,Javier Hernández,Javi Hdez.,male,1998-05-02T00:00:00+00:00,72.0,185.0,CD Leganés,LEG,https://assets.laliga.com/assets/2019/06/07/medium/leganes.png,20.0,Midfielder,https://assets.laliga.com/squad/2021/t957/p463163/512x556/p463163_t957_2021_1_001_000.png,60.0,39.0,1.0,2.0,9.0,0.0,11.0,205.0,3.0,49.0,36.0,22.0,7.0,1768.0,0.0,0.0,0.0,16.0,0.0,5.0,44.0,122.0,755.0,712.0,1340.0,81.0,60.0,617.0,1844.0,50.0,67.0,28.0,141.0,241.0,10.0,Midfielder,1666.0
6311.0,César De la Hoz,C. De La Hoz,male,1992-03-30T00:00:00+00:00,74.0,179.0,UD Almería,ALM,https://assets.laliga.com/assets/2019/06/07/medium/almeria.png,6.0,Midfielder,https://assets.laliga.com/squad/2021/t1564/p116201/512x556/p116201_t1564_2021_1_001_000.png,83.0,40.0,0.0,0.0,15.0,0.0,15.0,176.0,0.0,25.0,50.0,11.0,1.0,1682.0,0.0,0.0,0.0,6.0,0.0,1.0,11.0,110.0,574.0,910.0,1373.0,69.0,48.0,324.0,1770.0,69.0,20.0,5.0,97.0,190.0,7.0,Forward,1664.0
6007.0,Eduardo Expósito Jaén,Edu Expósito,male,1996-08-01T00:00:00+00:00,68.0,178.0,SD Eibar,EIB,https://assets.laliga.com/assets/2019/06/07/medium/eibar.png,10.0,Midfielder,https://assets.laliga.com/squad/2021/t953/p420909/512x556/p420909_t953_2021_1_001_000.png,41.0,42.0,5.0,3.0,9.0,0.0,6.0,220.0,7.0,43.0,20.0,53.0,2.0,1629.0,0.0,0.0,0.0,35.0,0.0,12.0,63.0,101.0,933.0,517.0,1322.0,21.0,31.0,584.0,1731.0,47.0,69.0,39.0,61.0,247.0,3.0,Defender,1652.5
723.0,Sergio Canales,Canales,male,1991-02-16T00:00:00+00:00,65.0,176.0,Real Betis,BET,https://assets.laliga.com/assets/2019/06/07/medium/betis.png,10.0,Midfielder,https://assets.laliga.com/squad/2021/t185/p56448/512x556/p56448_t185_2021_1_001_000.png,11.0,34.0,6.0,3.0,1.0,0.0,6.0,103.0,5.0,31.0,10.0,58.0,11.0,1738.0,0.0,0.0,0.0,25.0,0.0,7.0,29.0,105.0,986.0,549.0,1415.0,11.0,19.0,447.0,1788.0,24.0,75.0,28.0,62.0,206.0,7.0,Midfielder,1644.5
106.0,Alberto Escassi,Escassi,male,1989-02-28T00:00:00+00:00,78.0,185.0,Málaga CF,MGA,https://assets.laliga.com/assets/2019/06/07/medium/malaga.png,23.0,Midfielder,https://assets.laliga.com/squad/2021/t182/p82788/512x556/p82788_t182_2021_1_001_000.png,94.0,36.0,0.0,5.0,19.0,0.0,9.0,219.0,1.0,37.0,49.0,9.0,1.0,1653.0,0.0,1.0,0.0,4.0,2.0,3.0,7.0,128.0,528.0,914.0,1311.0,79.0,59.0,320.0,1717.0,82.0,26.0,6.0,107.0,171.0,11.0,Defender,1642.5
5629.0,Frenkie de Jong,F. De Jong,male,1997-05-12T00:00:00+00:00,74.0,180.0,FC Barcelona,BAR,https://assets.laliga.com/assets/2019/06/07/medium/barcelona.png,21.0,Midfielder,https://assets.laliga.com/squad/2021/t178/p209712/512x556/p209712_t178_2021_1_001_000.png,26.0,32.0,1.0,0.0,5.0,0.0,4.0,146.0,3.0,30.0,20.0,40.0,6.0,1622.0,0.0,1.0,0.0,8.0,0.0,3.0,51.0,75.0,943.0,558.0,1421.0,15.0,24.0,255.0,1638.0,35.0,68.0,9.0,15.0,127.0,5.0,Midfielder,1641.0
11775.0,Kirian Rodríguez,Kirian,male,1996-03-05T00:00:00+00:00,75.0,180.0,UD Las Palmas,LPA,https://assets.laliga.com/assets/2019/06/07/medium/las-palmas.png,20.0,Midfielder,https://assets.laliga.com/squad/2021/t407/p484753/512x556/p484753_t407_2021_1_001_000.png,18.0,34.0,3.0,0.0,1.0,0.0,4.0,148.0,5.0,32.0,13.0,42.0,1.0,1700.0,0.0,0.0,0.0,21.0,0.0,3.0,35.0,98.0,934.0,567.0,1400.0,11.0,17.0,399.0,1752.0,34.0,29.0,25.0,52.0,202.0,0.0,Forward,1639.5
1865.0,Ignasi Miquel,I. Miquel,male,1992-09-28T00:00:00+00:00,82.0,188.0,SD Huesca,HUE,https://assets.laliga.com/assets/2019/06/07/medium/huesca.png,23.0,Defender,https://assets.laliga.com/squad/2021/t2894/p90801/512x556/p90801_t2894_2021_1_001_000.png,84.0,34.0,0.0,0.0,28.0,0.0,11.0,152.0,4.0,36.0,47.0,7.0,2.0,1690.0,0.0,1.0,0.0,8.0,0.0,1.0,8.0,167.0,361.0,1089.0,1282.0,155.0,33.0,336.0,1749.0,31.0,34.0,3.0,156.0,144.0,8.0,Midfielder,1633.5
1865.0,Ignasi Miquel,I. Miquel,male,1992-09-28T00:00:00+00:00,82.0,188.0,SD Huesca,HUE,https://assets.laliga.com/assets/2019/06/07/medium/huesca.png,23.0,Defender,https://assets.laliga.com/squad/2021/t2894/p90801/512x556/p90801_t2894_2021_1_001_000.png,84.0,34.0,0.0,0.0,28.0,0.0,11.0,152.0,4.0,36.0,47.0,7.0,2.0,1690.0,0.0,1.0,0.0,8.0,0.0,1.0,8.0,167.0,361.0,1089.0,1282.0,155.0,33.0,336.0,1749.0,31.0,34.0,3.0,156.0,144.0,8.0,Midfielder,1633.5
3956.0,Javier Galán Gil,Javi Galan,male,1994-11-19T00:00:00+00:00,70.0,172.0,RC Celta,CEL,https://assets.laliga.com/assets/2019/06/07/medium/celta.png,17.0,Midfielder,https://assets.laliga.com/squad/2021/t176/p219717/512x556/p219717_t176_2021_1_001_000.png,25.0,37.0,3.0,1.0,8.0,0.0,12.0,293.0,0.0,43.0,45.0,20.0,11.0,1596.0,0.0,0.0,0.0,5.0,0.0,30.0,85.0,75.0,666.0,694.0,1255.0,39.0,54.0,643.0,1623.0,108.0,40.0,40.0,100.0,193.0,9.0,Defender,1631.5
571.0,Jorge Resurrección,Koke,male,1992-01-08T00:00:00+00:00,77.0,176.0,Atlético de Madrid,ATM,https://assets.laliga.com/assets/2019/06/07/medium/atletico.png,6.0,Midfielder,https://assets.laliga.com/squad/2021/t175/p77390/512x556/p77390_t175_2021_1_001_000.png,13.0,31.0,2.0,0.0,5.0,0.0,8.0,107.0,1.0,34.0,24.0,24.0,0.0,1689.0,0.0,0.0,0.0,6.0,0.0,3.0,13.0,72.0,814.0,683.0,1420.0,30.0,29.0,329.0,1725.0,55.0,26.0,5.0,59.0,174.0,6.0,Forward,1606.0
1592.0,Mikel Merino,Merino,male,1996-06-22T00:00:00+00:00,83.0,188.0,Real Sociedad,RSO,https://assets.laliga.com/assets/2019/06/07/medium/real-sociedad.png,8.0,Midfielder,https://assets.laliga.com/squad/2021/t188/p195384/512x556/p195384_t188_2021_1_001_000.png,113.0,34.0,1.0,0.0,10.0,0.0,14.0,275.0,3.0,24.0,21.0,29.0,4.0,1701.0,0.0,0.0,0.0,15.0,0.0,7.0,28.0,80.0,742.0,606.0,1261.0,56.0,60.0,540.0,1728.0,71.0,91.0,19.0,78.0,309.0,8.0,Midfielder,1581.0
8535.0,Alejandro Catena,Catena,male,1994-10-28T00:00:00+00:00,82.0,194.0,Rayo Vallecano,RAY,https://assets.laliga.com/assets/2019/06/07/medium/rayo.png,5.0,Defender,https://assets.laliga.com/squad/2021/t184/p244273/512x556/p244273_t184_2021_1_001_000.png,122.0,36.0,1.0,0.0,19.0,0.0,9.0,175.0,2.0,46.0,30.0,5.0,3.0,1618.0,0.0,0.0,0.0,6.0,0.0,0.0,5.0,220.0,401.0,990.0,1171.0,165.0,26.0,345.0,1712.0,39.0,42.0,0.0,170.0,151.0,8.0,Midfielder,1577.5
64.0,Luka Modric,Modrić,male,1985-09-09T00:00:00+00:00,66.0,172.0,Real Madrid,RMA,https://assets.laliga.com/assets/2019/06/07/medium/real-madrid.png,10.0,Midfielder,https://assets.laliga.com/squad/2021/t186/p37055/512x556/p37055_t186_2021_1_001_000.png,6.0,28.0,6.0,1.0,4.0,0.0,2.0,88.0,2.0,20.0,20.0,29.0,1.0,1565.0,0.0,0.0,0.0,11.0,0.0,4.0,32.0,106.0,954.0,534.0,1371.0,9.0,24.0,277.0,1639.0,18.0,53.0,16.0,27.0,135.0,5.0,Goalkeeper,1576.5
1042.0,Sergi Darder,S. Darder,male,1993-12-22T00:00:00+00:00,71.0,180.0,RCD Espanyol de Barcelona,ESP,https://assets.laliga.com/assets/2019/06/07/medium/espanyol.png,10.0,Midfielder,https://assets.laliga.com/squad/2021/t177/p169007/512x556/p169007_t177_2021_1_001_000.png,12.0,36.0,8.0,0.0,1.0,0.0,5.0,148.0,3.0,49.0,26.0,28.0,0.0,1591.0,0.0,0.0,0.0,17.0,0.0,8.0,53.0,138.0,823.0,599.0,1271.0,27.0,28.0,403.0,1650.0,45.0,41.0,24.0,82.0,159.0,4.0,Goalkeeper,1566.5
2081.0,Álvaro Lemos,Lemos S.,male,1993-03-30T00:00:00+00:00,77.0,175.0,UD Las Palmas,LPA,https://assets.laliga.com/assets/2019/06/07/medium/las-palmas.png,14.0,Forward,https://assets.laliga.com/squad/2021/t407/p213469/512x556/p213469_t407_2021_1_001_000.png,49.0,38.0,2.0,8.0,4.0,0.0,10.0,208.0,1.0,36.0,46.0,46.0,0.0,1638.0,0.0,0.0,0.0,9.0,0.0,17.0,30.0,62.0,732.0,607.0,1246.0,63.0,51.0,687.0,1712.0,82.0,45.0,23.0,114.0,290.0,10.0,Midfielder,1551.5
13273.0,Alejandro Francés,A. Frances,male,2002-08-01T00:00:00+00:00,,180.0,Real Zaragoza,ZAR,https://assets.laliga.com/assets/2019/06/07/medium/zaragoza.png,6.0,Defender,https://assets.laliga.com/squad/2021/t190/p495126/512x556/p495126_t190_2021_1_001_000.png,57.0,33.0,1.0,0.0,23.0,0.0,9.0,154.0,1.0,36.0,56.0,12.0,0.0,1624.0,0.0,0.0,0.0,9.0,0.0,8.0,12.0,154.0,488.0,879.0,1205.0,114.0,46.0,438.0,1707.0,47.0,43.0,6.0,204.0,144.0,8.0,Midfielder,1547.5
1321.0,José León,León,male,1995-02-03T00:00:00+00:00,82.0,183.0,CD Tenerife,TEN,https://assets.laliga.com/assets/2019/06/07/medium/tenerife.png,4.0,Defender,https://assets.laliga.com/squad/2021/t612/p184998/512x556/p184998_t612_2021_1_001_000.png,57.0,37.0,0.0,0.0,28.0,0.0,11.0,99.0,1.0,31.0,23.0,5.0,1.0,1628.0,0.0,0.0,0.0,3.0,0.0,0.0,6.0,184.0,425.0,925.0,1166.0,133.0,14.0,324.0,1657.0,28.0,28.0,0.0,188.0,119.0,2.0,Midfielder,1482.5
137.0,Ivan Rakitic,I. Rakitic,male,1988-03-10T00:00:00+00:00,78.0,184.0,Sevilla FC,SEV,https://assets.laliga.com/assets/2019/06/07/medium/sevilla.png,10.0,Midfielder,https://assets.laliga.com/squad/2021/t179/p34703/512x556/p34703_t179_2021_1_001_000.png,38.0,35.0,6.0,4.0,8.0,0.0,4.0,120.0,4.0,19.0,23.0,35.0,0.0,1482.0,0.0,0.0,0.0,12.0,0.0,4.0,8.0,117.0,695.0,670.0,1219.0,34.0,36.0,337.0,1556.0,40.0,27.0,13.0,66.0,154.0,5.0,Goalkeeper,1478.5
8048.0,Néstor Araújo,Nestor,male,1991-08-29T00:00:00+00:00,87.0,188.0,RC Celta,CEL,https://assets.laliga.com/assets/2019/06/07/medium/celta.png,4.0,Defender,https://assets.laliga.com/squad/2021/t176/p100868/512x556/p100868_t176_2021_1_001_000.png,64.0,34.0,0.0,0.0,10.0,0.0,9.0,100.0,0.0,30.0,27.0,2.0,0.0,1506.0,0.0,0.0,0.0,1.0,0.0,1.0,5.0,88.0,329.0,994.0,1234.0,102.0,19.0,247.0,1544.0,22.0,14.0,3.0,105.0,117.0,4.0,Midfielder,1435.5
14494.0,Guido Rodríguez,G. Rodriguez,male,1994-04-12T00:00:00+00:00,78.0,185.0,Real Betis,BET,https://assets.laliga.com/assets/2019/06/07/medium/betis.png,21.0,Midfielder,https://assets.laliga.com/squad/2021/t185/p197024/512x556/p197024_t185_2021_1_001_000.png,33.0,32.0,0.0,0.0,12.0,0.0,9.0,198.0,1.0,26.0,31.0,12.0,2.0,1400.0,0.0,1.0,0.0,8.0,0.0,1.0,18.0,100.0,554.0,688.0,1141.0,51.0,47.0,264.0,1450.0,97.0,11.0,9.0,61.0,148.0,7.0,Midfielder,1433.0
4683.0,Santiago Comesaña,Santi C.v.,male,1996-10-05T00:00:00+00:00,75.0,184.0,Rayo Vallecano,RAY,https://assets.laliga.com/assets/2019/06/07/medium/rayo.png,6.0,Midfielder,https://assets.laliga.com/squad/2021/t184/p230071/512x556/p230071_t184_2021_1_001_000.png,59.0,35.0,2.0,1.0,6.0,0.0,2.0,247.0,1.0,34.0,33.0,25.0,1.0,1412.0,0.0,1.0,0.0,5.0,0.0,3.0,48.0,86.0,649.0,565.0,1125.0,29.0,60.0,365.0,1464.0,87.0,58.0,16.0,47.0,206.0,10.0,Defender,1429.0
5136.0,Pablo De Blasis,De Blasis,male,1988-02-04T00:00:00+00:00,65.0,165.0,FC Cartagena,CAR,https://assets.laliga.com/assets/2022/02/11/medium/1628caa9b2002a11e564eb84b3677f78.png,8.0,Midfielder,https://assets.laliga.com/squad/2021/t3554/p126510/512x556/p126510_t3554_2021_1_001_000.png,29.0,34.0,3.0,4.0,2.0,0.0,4.0,143.0,4.0,38.0,17.0,58.0,1.0,1470.0,0.0,0.0,0.0,18.0,0.0,11.0,20.0,158.0,735.0,560.0,1094.0,11.0,25.0,548.0,1581.0,52.0,54.0,18.0,95.0,234.0,4.0,Midfielder,1419.5
4642.0,Alejandro Pozo,Pozo,male,1999-02-22T00:00:00+00:00,70.0,174.0,UD Almería,ALM,https://assets.laliga.com/assets/2019/06/07/medium/almeria.png,17.0,Midfielder,https://assets.laliga.com/squad/2021/t1564/p234548/512x556/p234548_t1564_2021_1_001_000.png,25.0,39.0,3.0,0.0,9.0,0.0,6.0,142.0,3.0,29.0,43.0,50.0,1.0,1560.0,0.0,0.0,0.0,6.0,0.0,15.0,39.0,94.0,673.0,569.0,1132.0,41.0,25.0,644.0,1602.0,47.0,76.0,57.0,125.0,251.0,1.0,Defender,1412.0
4642.0,Alejandro Pozo,Pozo,male,1999-02-22T00:00:00+00:00,70.0,174.0,UD Almería,ALM,https://assets.laliga.com/assets/2019/06/07/medium/almeria.png,17.0,Midfielder,https://assets.laliga.com/squad/2021/t1564/p234548/512x556/p234548_t1564_2021_1_001_000.png,25.0,39.0,3.0,0.0,9.0,0.0,6.0,142.0,3.0,29.0,43.0,50.0,1.0,1560.0,0.0,0.0,0.0,6.0,0.0,15.0,39.0,94.0,673.0,569.0,1132.0,41.0,25.0,644.0,1602.0,47.0,76.0,57.0,125.0,251.0,1.0,Goalkeeper,1412.0
5383.0,Nabil Fekir,Fekir,male,1993-07-18T00:00:00+00:00,72.0,173.0,Real Betis,BET,https://assets.laliga.com/assets/2019/06/07/medium/betis.png,8.0,Forward,https://assets.laliga.com/squad/2021/t185/p166552/512x556/p166552_t185_2021_1_001_000.png,26.0,34.0,7.0,11.0,0.0,0.0,2.0,243.0,6.0,32.0,7.0,76.0,9.0,1224.0,0.0,0.0,0.0,32.0,1.0,17.0,82.0,45.0,935.0,264.0,1094.0,4.0,65.0,529.0,1318.0,43.0,138.0,41.0,17.0,162.0,7.0,Midfielder,1404.5
9783.0,Martín Zubimendi,Zubimendi,male,1999-02-02T00:00:00+00:00,74.0,180.0,Real Sociedad,RSO,https://assets.laliga.com/assets/2019/06/07/medium/real-sociedad.png,3.0,Midfielder,https://assets.laliga.com/squad/2021/t188/p481655/512x556/p481655_t188_2021_1_001_000.png,63.0,36.0,0.0,0.0,13.0,0.0,12.0,153.0,2.0,30.0,49.0,14.0,3.0,1428.0,0.0,0.0,0.0,9.0,0.0,0.0,17.0,76.0,598.0,646.0,1168.0,48.0,34.0,261.0,1452.0,52.0,31.0,7.0,61.0,147.0,4.0,Forward,1399.0
407.0,Iker Muniain,Muniain,male,1992-12-19T00:00:00+00:00,65.0,170.0,Athletic Club,ATH,https://assets.laliga.com/assets/2019/06/07/medium/athletic.png,10.0,Forward,https://assets.laliga.com/squad/2021/t174/p76012/512x556/p76012_t174_2021_1_001_000.png,5.0,35.0,10.0,6.0,1.0,0.0,6.0,183.0,4.0,27.0,17.0,97.0,5.0,1243.0,0.0,0.0,0.0,21.0,0.0,9.0,65.0,52.0,926.0,291.0,1112.0,3.0,15.0,514.0,1373.0,32.0,79.0,39.0,21.0,188.0,3.0,Midfielder,1391.0
8640.0,Mathieu Peybernes,Peybernes,male,1990-10-21T00:00:00+00:00,78.0,186.0,Málaga CF,MGA,https://assets.laliga.com/assets/2019/06/07/medium/malaga.png,17.0,Defender,https://assets.laliga.com/squad/2021/t182/p57129/512x556/p57129_t182_2021_1_001_000.png,41.0,34.0,0.0,0.0,20.0,0.0,9.0,91.0,2.0,44.0,30.0,2.0,5.0,1477.0,0.0,0.0,0.0,2.0,0.0,0.0,1.0,108.0,294.0,963.0,1149.0,153.0,23.0,314.0,1547.0,31.0,19.0,1.0,175.0,115.0,7.0,Midfielder,1387.5
9809.0,José Gragera,Gragera,male,2000-05-14T00:00:00+00:00,78.0,186.0,Real Sporting,SPO,https://assets.laliga.com/assets/2019/06/07/medium/sporting.png,16.0,Midfielder,https://assets.laliga.com/squad/2021/t616/p485221/512x556/p485221_t616_2021_1_001_000.png,129.0,37.0,0.0,0.0,20.0,0.0,2.0,230.0,1.0,33.0,55.0,9.0,5.0,1405.0,0.0,0.0,0.0,3.0,0.0,1.0,7.0,83.0,445.0,740.0,1101.0,67.0,44.0,303.0,1449.0,63.0,20.0,9.0,64.0,201.0,6.0,Goalkeeper,1383.0
11971.0,Omenuke Mfulu,Mfulu,male,1994-03-20T00:00:00+00:00,76.0,182.0,UD Las Palmas,LPA,https://assets.laliga.com/assets/2019/06/07/medium/las-palmas.png,22.0,Midfielder,https://assets.laliga.com/squad/2021/t407/p183778/512x556/p183778_t407_2021_1_001_000.png,33.0,30.0,0.0,0.0,5.0,0.0,5.0,140.0,0.0,27.0,37.0,10.0,1.0,1330.0,0.0,0.0,0.0,0.0,0.0,0.0,11.0,38.0,526.0,722.0,1210.0,49.0,45.0,191.0,1387.0,53.0,10.0,4.0,24.0,115.0,5.0,Midfielder,1382.0
1463.0,Agustín Medina Delgado,Agus Medina,male,1994-09-08T00:00:00+00:00,71.0,176.0,SD Ponferradina,PON,https://assets.laliga.com/assets/2021/06/24/medium/20f0382ea9163a771b3e01bbe7cf78b7.png,8.0,Midfielder,https://assets.laliga.com/squad/2021/t3090/p192232/512x556/p192232_t3090_2021_1_001_000.png,40.0,37.0,4.0,2.0,9.0,0.0,8.0,189.0,4.0,39.0,23.0,50.0,4.0,1476.0,0.0,0.0,0.0,15.0,0.0,7.0,28.0,108.0,747.0,453.0,1078.0,16.0,50.0,594.0,1540.0,83.0,96.0,30.0,106.0,248.0,7.0,Forward,1377.5
6300.0,Brais Méndez,Brais Méndez,male,1997-01-07T00:00:00+00:00,76.0,187.0,RC Celta,CEL,https://assets.laliga.com/assets/2019/06/07/medium/celta.png,23.0,Midfielder,https://assets.laliga.com/squad/2021/t176/p178880/512x556/p178880_t176_2021_1_001_000.png,46.0,37.0,3.0,3.0,6.0,0.0,8.0,201.0,4.0,33.0,37.0,30.0,9.0,1441.0,0.0,0.0,0.0,17.0,0.0,6.0,34.0,74.0,785.0,395.0,1099.0,28.0,75.0,508.0,1461.0,68.0,86.0,36.0,37.0,251.0,8.0,Goalkeeper,1368.5
850.0,Sergio Álvarez,Sergio A.,male,1992-01-23T00:00:00+00:00,74.0,183.0,SD Eibar,EIB,https://assets.laliga.com/assets/2019/06/07/medium/eibar.png,6.0,Midfielder,https://assets.laliga.com/squad/2021/t953/p83578/512x556/p83578_t953_2021_1_001_000.png,68.0,34.0,0.0,0.0,12.0,0.0,13.0,173.0,1.0,28.0,38.0,5.0,0.0,1421.0,0.0,0.0,0.0,4.0,0.0,2.0,8.0,71.0,451.0,725.0,1103.0,75.0,49.0,323.0,1454.0,80.0,11.0,3.0,109.0,171.0,8.0,Midfielder,1350.0
1466.0,Andrés José Rodríguez Gaitán,Andy,male,1990-01-30T00:00:00+00:00,79.0,185.0,Burgos CF,BUR,https://assets.laliga.com/assets/2021/06/24/medium/8de24d38ab1472bbae1620d36582d7bd.png,17.0,Defender,https://assets.laliga.com/squad/2021/t951/p116075/512x556/p116075_t951_2021_1_001_000.png,88.0,40.0,5.0,6.0,11.0,0.0,6.0,155.0,1.0,33.0,24.0,58.0,1.0,1311.0,0.0,0.0,0.0,6.0,0.0,6.0,7.0,131.0,637.0,575.0,1013.0,47.0,33.0,436.0,1401.0,45.0,12.0,5.0,73.0,184.0,3.0,Midfielder,1334.5
990.0,Lucas Vázquez,Lucas V.,male,1991-07-01T00:00:00+00:00,70.0,173.0,Real Madrid,RMA,https://assets.laliga.com/assets/2019/06/07/medium/real-madrid.png,17.0,Forward,https://assets.laliga.com/squad/2021/t186/p107593/512x556/p107593_t186_2021_1_001_000.png,2.0,29.0,0.0,0.0,7.0,0.0,4.0,97.0,3.0,18.0,20.0,31.0,5.0,1319.0,0.0,0.0,0.0,5.0,0.0,15.0,18.0,50.0,664.0,552.0,1149.0,31.0,26.0,281.0,1342.0,43.0,59.0,13.0,40.0,103.0,3.0,Midfielder,1328.5
11014.0,Etienne Capoue,Capoue,male,1988-07-11T00:00:00+00:00,80.0,189.0,Villarreal CF,VIL,https://assets.laliga.com/assets/2019/06/07/medium/villarreal.png,6.0,Midfielder,https://assets.laliga.com/squad/2021/t449/p38439/512x556/p38439_t449_2021_1_001_000.png,53.0,30.0,1.0,0.0,5.0,0.0,6.0,181.0,1.0,23.0,35.0,4.0,0.0,1282.0,0.0,0.0,0.0,5.0,0.0,1.0,41.0,57.0,623.0,540.0,1105.0,51.0,44.0,221.0,1315.0,44.0,16.0,14.0,38.0,115.0,9.0,Midfielder,1328.0
13123.0,Víctor Gómez,Victor G.,male,2000-04-01T00:00:00+00:00,69.0,166.0,Málaga CF,MGA,https://assets.laliga.com/assets/2019/06/07/medium/malaga.png,2.0,Defender,https://assets.laliga.com/squad/2021/t182/p437481/512x556/p437481_t182_2021_1_001_000.png,37.0,35.0,5.0,0.0,12.0,0.0,8.0,150.0,0.0,46.0,43.0,53.0,1.0,1360.0,0.0,1.0,0.0,4.0,0.0,38.0,24.0,109.0,635.0,530.0,1002.0,49.0,39.0,555.0,1439.0,45.0,28.0,15.0,129.0,199.0,7.0,Midfielder,1314.0
404.0,Erik Morán,Erik Moran,male,1991-05-25T00:00:00+00:00,74.0,187.0,SD Ponferradina,PON,https://assets.laliga.com/assets/2021/06/24/medium/20f0382ea9163a771b3e01bbe7cf78b7.png,18.0,Midfielder,https://assets.laliga.com/squad/2021/t3090/p90486/512x556/p90486_t3090_2021_1_001_000.png,37.0,37.0,1.0,0.0,16.0,0.0,3.0,135.0,1.0,37.0,32.0,14.0,0.0,1397.0,0.0,0.0,0.0,1.0,0.0,4.0,17.0,142.0,618.0,577.0,1044.0,28.0,26.0,334.0,1456.0,55.0,5.0,5.0,113.0,157.0,7.0,Goalkeeper,1312.0
12911.0,Alexandru Pascanu,Pascanu,male,1998-09-28T00:00:00+00:00,,187.0,SD Ponferradina,PON,https://assets.laliga.com/assets/2021/06/24/medium/20f0382ea9163a771b3e01bbe7cf78b7.png,4.0,Midfielder,https://assets.laliga.com/squad/2021/t3090/p215412/512x556/p215412_t3090_2021_1_001_000.png,60.0,36.0,0.0,0.0,23.0,0.0,6.0,118.0,2.0,42.0,40.0,5.0,0.0,1384.0,0.0,1.0,0.0,2.0,1.0,2.0,1.0,96.0,256.0,899.0,1057.0,146.0,31.0,299.0,1429.0,39.0,30.0,3.0,164.0,112.0,9.0,Defender,1305.5
2934.0,William Silva de Carvalho,William,male,1992-04-07T00:00:00+00:00,79.0,187.0,Real Betis,BET,https://assets.laliga.com/assets/2019/06/07/medium/betis.png,14.0,Midfielder,https://assets.laliga.com/squad/2021/t185/p96122/512x556/p96122_t185_2021_1_001_000.png,34.0,33.0,2.0,0.0,7.0,0.0,3.0,159.0,2.0,25.0,16.0,19.0,0.0,1288.0,0.0,0.0,0.0,10.0,0.0,1.0,48.0,75.0,677.0,479.0,1080.0,20.0,31.0,238.0,1312.0,49.0,45.0,22.0,32.0,125.0,6.0,Goalkeeper,1302.0
4523.0,Luis Milla,L. Milla,male,1994-10-07T00:00:00+00:00,67.0,175.0,Granada CF,GRA,https://assets.laliga.com/assets/2019/06/07/medium/granada.png,5.0,Midfielder,https://assets.laliga.com/squad/2021/t5683/p167742/512x556/p167742_t5683_2021_1_001_000.png,31.0,34.0,2.0,3.0,4.0,0.0,4.0,181.0,3.0,45.0,25.0,39.0,1.0,1215.0,0.0,0.0,0.0,6.0,0.0,14.0,28.0,91.0,642.0,506.0,1015.0,30.0,26.0,381.0,1323.0,59.0,23.0,10.0,77.0,140.0,4.0,Defender,1295.0
8554.0,Óscar Valentín,Óscar,male,1994-08-20T00:00:00+00:00,72.0,177.0,Rayo Vallecano,RAY,https://assets.laliga.com/assets/2019/06/07/medium/rayo.png,23.0,Midfielder,https://assets.laliga.com/squad/2021/t184/p433161/512x556/p433161_t184_2021_1_001_000.png,37.0,35.0,0.0,0.0,10.0,0.0,2.0,208.0,0.0,38.0,39.0,15.0,0.0,1277.0,0.0,0.0,0.0,2.0,0.0,1.0,16.0,91.0,570.0,532.0,1010.0,43.0,50.0,272.0,1314.0,102.0,10.0,4.0,69.0,144.0,8.0,Goalkeeper,1291.5
8520.0,Francisco Gámez López,Fran Gamez,male,1991-07-27T00:00:00+00:00,71.0,174.0,Real Zaragoza,ZAR,https://assets.laliga.com/assets/2019/06/07/medium/zaragoza.png,18.0,Defender,https://assets.laliga.com/squad/2021/t190/p455197/512x556/p455197_t190_2021_1_001_000.png,30.0,37.0,6.0,0.0,7.0,0.0,10.0,166.0,0.0,34.0,41.0,36.0,2.0,1384.0,0.0,1.0,0.0,6.0,0.0,26.0,27.0,80.0,670.0,434.0,998.0,42.0,30.0,604.0,1405.0,90.0,42.0,23.0,95.0,232.0,7.0,Midfielder,1287.0
692.0,Rubén Pardo,R. Pardo,male,1992-10-22T00:00:00+00:00,69.0,181.0,CD Leganés,LEG,https://assets.laliga.com/assets/2019/06/07/medium/leganes.png,18.0,Midfielder,https://assets.laliga.com/squad/2021/t957/p90328/512x556/p90328_t957_2021_1_001_000.png,12.0,32.0,6.0,10.0,8.0,0.0,5.0,75.0,1.0,36.0,27.0,60.0,1.0,1392.0,0.0,0.0,0.0,7.0,1.0,5.0,14.0,121.0,785.0,435.0,1050.0,10.0,23.0,486.0,1496.0,24.0,24.0,9.0,155.0,170.0,4.0,Midfielder,1287.0
19029.0,Jon Ander Olasagasti,Olasagasti,male,2000-08-16T00:00:00+00:00,74.0,176.0,R. Sociedad B,RSOB,https://assets.laliga.com/assets/2019/06/07/medium/real-sociedad.png,4.0,Midfielder,https://assets.laliga.com/squad/2021/t3567/p513945/512x556/p513945_t3567_2021_1_001_000.png,48.0,33.0,0.0,1.0,6.0,0.0,4.0,157.0,4.0,46.0,31.0,20.0,1.0,1398.0,0.0,0.0,0.0,12.0,0.0,3.0,17.0,88.0,541.0,608.0,1047.0,36.0,28.0,413.0,1434.0,43.0,35.0,15.0,86.0,213.0,5.0,Defender,1278.0
19029.0,Jon Ander Olasagasti,Olasagasti,male,2000-08-16T00:00:00+00:00,74.0,176.0,R. Sociedad B,RSOB,https://assets.laliga.com/assets/2019/06/07/medium/real-sociedad.png,4.0,Midfielder,https://assets.laliga.com/squad/2021/t3567/p513945/512x556/p513945_t3567_2021_1_001_000.png,48.0,33.0,0.0,1.0,6.0,0.0,4.0,157.0,4.0,46.0,31.0,20.0,1.0,1398.0,0.0,0.0,0.0,12.0,0.0,3.0,17.0,88.0,541.0,608.0,1047.0,36.0,28.0,413.0,1434.0,43.0,35.0,15.0,86.0,213.0,5.0,Midfielder,1278.0
8556.0,Juan Fernández Blanco,Juan Ibiza,male,1995-08-17T00:00:00+00:00,78.0,187.0,UD Ibiza,IBI,https://assets.laliga.com/assets/2021/06/24/medium/d7bc0d2c9bf06afd6b5ace9d62771713.png,12.0,Defender,https://assets.laliga.com/squad/2021/t16203/p226112/512x556/p226112_t16203_2021_1_001_000.png,92.0,26.0,0.0,0.0,11.0,0.0,4.0,131.0,1.0,29.0,29.0,2.0,0.0,1321.0,0.0,0.0,0.0,6.0,0.0,0.0,2.0,52.0,231.0,931.0,1110.0,69.0,45.0,215.0,1351.0,27.0,28.0,2.0,83.0,106.0,9.0,Midfielder,1276.5
46.0,Pedro Mosquera,Pedro Mosquera,male,1988-04-21T00:00:00+00:00,75.0,184.0,SD Huesca,HUE,https://assets.laliga.com/assets/2019/06/07/medium/huesca.png,5.0,Midfielder,https://assets.laliga.com/squad/2021/t2894/p60012/512x556/p60012_t2894_2021_1_001_000.png,22.0,33.0,0.0,0.0,7.0,0.0,3.0,103.0,0.0,27.0,32.0,13.0,1.0,1246.0,0.0,0.0,0.0,3.0,0.0,4.0,8.0,133.0,472.0,690.0,1025.0,50.0,27.0,240.0,1355.0,43.0,5.0,5.0,74.0,123.0,1.0,Forward,1274.0
659.0,Johan Mojica,J. Mojica,male,1992-08-21T00:00:00+00:00,66.0,185.0,Elche CF,ELC,https://assets.laliga.com/assets/2019/06/07/medium/elche.png,22.0,Midfielder,https://assets.laliga.com/squad/2021/t954/p152723/512x556/p152723_t954_2021_1_001_000.png,28.0,33.0,5.0,0.0,3.0,0.0,7.0,155.0,2.0,40.0,25.0,24.0,4.0,1353.0,0.0,0.0,0.0,3.0,0.0,42.0,31.0,86.0,575.0,539.0,984.0,49.0,32.0,594.0,1383.0,46.0,27.0,41.0,114.0,199.0,4.0,Goalkeeper,1258.5
4720.0,Luis Pérez,L. Pérez,male,1995-02-04T00:00:00+00:00,68.0,173.0,Real Valladolid CF,VLL,https://assets.laliga.com/assets/2019/06/07/medium/valladolid.png,2.0,Defender,https://assets.laliga.com/squad/2021/t192/p230029/512x556/p230029_t192_2021_1_001_000.png,43.0,37.0,2.0,0.0,7.0,0.0,12.0,168.0,2.0,29.0,58.0,39.0,1.0,1255.0,0.0,0.0,0.0,6.0,0.0,39.0,19.0,55.0,579.0,476.0,961.0,57.0,33.0,526.0,1268.0,76.0,33.0,17.0,56.0,196.0,5.0,Midfielder,1250.5
1481.0,Rodrigo de Paul,R. De Paul,male,1994-05-24T00:00:00+00:00,70.0,180.0,Atlético de Madrid,ATM,https://assets.laliga.com/assets/2019/06/07/medium/atletico.png,5.0,Midfielder,https://assets.laliga.com/squad/2021/t175/p119141/512x556/p119141_t175_2021_1_001_000.png,18.0,36.0,1.0,0.0,3.0,0.0,4.0,156.0,3.0,24.0,21.0,48.0,1.0,1221.0,0.0,0.0,0.0,9.0,0.0,14.0,25.0,102.0,663.0,426.0,954.0,13.0,45.0,382.0,1290.0,55.0,20.0,13.0,76.0,158.0,7.0,Midfielder,1229.0
21674.0,Pablo Martín Páez,Gavi,male,2004-08-05T00:00:00+00:00,70.0,173.0,FC Barcelona,BAR,https://assets.laliga.com/assets/2019/06/07/medium/barcelona.png,30.0,Midfielder,https://assets.laliga.com/squad/2021/t178/p500046/512x556/p500046_t178_2021_1_001_000.png,32.0,34.0,5.0,0.0,0.0,0.0,3.0,192.0,2.0,27.0,25.0,15.0,12.0,1189.0,0.0,1.0,0.0,8.0,0.0,8.0,53.0,33.0,794.0,282.0,1035.0,10.0,63.0,329.0,1196.0,38.0,89.0,33.0,20.0,108.0,9.0,Midfielder,1229.0
997.0,Lucas Torró,Torró,male,1994-07-19T00:00:00+00:00,77.0,190.0,CA Osasuna,OSA,https://assets.laliga.com/assets/2019/06/07/medium/osasuna.png,24.0,Midfielder,https://assets.laliga.com/squad/2021/t450/p111232/512x556/p111232_t450_2021_1_001_000.png,131.0,33.0,0.0,0.0,11.0,0.0,10.0,272.0,1.0,36.0,47.0,9.0,1.0,1263.0,0.0,0.0,0.0,9.0,0.0,0.0,22.0,48.0,566.0,423.0,941.0,53.0,55.0,354.0,1272.0,71.0,38.0,3.0,55.0,228.0,10.0,Defender,1208.0
4119.0,Francisco José Villalba Rodrigo,F. Villalba,male,1998-05-11T00:00:00+00:00,63.0,171.0,Real Sporting,SPO,https://assets.laliga.com/assets/2019/06/07/medium/sporting.png,21.0,Midfielder,https://assets.laliga.com/squad/2021/t616/p179373/512x556/p179373_t616_2021_1_001_000.png,11.0,38.0,3.0,0.0,4.0,0.0,1.0,194.0,4.0,37.0,18.0,62.0,6.0,1192.0,0.0,0.0,0.0,11.0,0.0,6.0,76.0,97.0,731.0,303.0,921.0,15.0,19.0,531.0,1279.0,22.0,70.0,45.0,43.0,218.0,8.0,Defender,1207.5
1683.0,Djené Dakonam,Djene,male,1991-12-31T00:00:00+00:00,72.0,187.0,Getafe CF,GET,https://assets.laliga.com/assets/2019/06/07/medium/getafe.png,2.0,Defender,https://assets.laliga.com/squad/2021/t1450/p149838/512x556/p149838_t1450_2021_1_001_000.png,53.0,35.0,1.0,0.0,5.0,0.0,13.0,150.0,0.0,37.0,59.0,9.0,1.0,1287.0,0.0,0.0,0.0,1.0,1.0,4.0,18.0,104.0,394.0,633.0,919.0,105.0,47.0,358.0,1320.0,44.0,12.0,0.0,162.0,135.0,11.0,Midfielder,1196.0
7034.0,Ferland Mendy,F. Mendy,male,1995-06-08T00:00:00+00:00,73.0,180.0,Real Madrid,RMA,https://assets.laliga.com/assets/2019/06/07/medium/real-madrid.png,23.0,Defender,https://assets.laliga.com/squad/2021/t186/p206255/512x556/p206255_t186_2021_1_001_000.png,11.0,22.0,1.0,0.0,2.0,0.0,5.0,94.0,2.0,12.0,18.0,19.0,3.0,1173.0,0.0,0.0,0.0,5.0,0.0,4.0,35.0,27.0,646.0,449.0,1064.0,20.0,15.0,179.0,1186.0,24.0,41.0,17.0,12.0,83.0,4.0,Midfielder,1195.5
2577.0,Fernando Francisco Reges,Fernando,male,1987-07-25T00:00:00+00:00,76.0,183.0,Sevilla FC,SEV,https://assets.laliga.com/assets/2019/06/07/medium/sevilla.png,25.0,Midfielder,https://assets.laliga.com/squad/2021/t179/p52538/512x556/p52538_t179_2021_1_001_000.png,35.0,24.0,1.0,0.0,13.0,0.0,7.0,77.0,1.0,17.0,29.0,5.0,1.0,1212.0,0.0,0.0,0.0,1.0,0.0,0.0,7.0,104.0,416.0,694.0,1006.0,31.0,16.0,172.0,1244.0,24.0,10.0,4.0,50.0,84.0,6.0,Goalkeeper,1186.0
9743.0,Jon Moncayola,Moncayola,male,1998-05-13T00:00:00+00:00,86.0,189.0,CA Osasuna,OSA,https://assets.laliga.com/assets/2019/06/07/medium/osasuna.png,7.0,Midfielder,https://assets.laliga.com/squad/2021/t450/p477463/512x556/p477463_t450_2021_1_001_000.png,19.0,36.0,2.0,2.0,9.0,0.0,5.0,86.0,2.0,41.0,20.0,29.0,1.0,1246.0,0.0,0.0,0.0,12.0,0.0,18.0,13.0,104.0,596.0,493.0,954.0,35.0,20.0,366.0,1289.0,40.0,20.0,6.0,79.0,152.0,3.0,Defender,1179.0
1000.0,Omar Mascarell,Mascarell,male,1993-02-02T00:00:00+00:00,76.0,181.0,Elche CF,ELC,https://assets.laliga.com/assets/2019/06/07/medium/elche.png,21.0,Midfielder,https://assets.laliga.com/squad/2021/t954/p107594/512x556/p107594_t954_2021_1_001_000.png,43.0,32.0,0.0,0.0,14.0,0.0,5.0,122.0,0.0,39.0,48.0,7.0,0.0,1184.0,0.0,0.0,0.0,1.0,0.0,1.0,12.0,85.0,450.0,599.0,963.0,47.0,37.0,219.0,1227.0,46.0,7.0,4.0,66.0,113.0,6.0,Forward,1168.0
5900.0,Gaku Shibasaki,Gaku,male,1992-05-28T00:00:00+00:00,64.0,175.0,CD Leganés,LEG,https://assets.laliga.com/assets/2019/06/07/medium/leganes.png,8.0,Midfielder,https://assets.laliga.com/squad/2021/t957/p158213/512x556/p158213_t957_2021_1_001_000.png,31.0,34.0,1.0,0.0,7.0,0.0,5.0,116.0,3.0,31.0,33.0,27.0,0.0,1210.0,0.0,0.0,0.0,9.0,0.0,6.0,16.0,86.0,591.0,453.0,951.0,26.0,33.0,301.0,1254.0,45.0,11.0,5.0,69.0,148.0,5.0,Forward,1163.0
355.0,Aitor Sanz,Aitor Sanz,male,1984-09-13T00:00:00+00:00,71.0,181.0,CD Tenerife,TEN,https://assets.laliga.com/assets/2019/06/07/medium/tenerife.png,16.0,Midfielder,https://assets.laliga.com/squad/2021/t612/p76577/512x556/p76577_t612_2021_1_001_000.png,76.0,35.0,1.0,0.0,15.0,0.0,8.0,229.0,0.0,26.0,62.0,10.0,0.0,1161.0,0.0,0.0,0.0,1.0,1.0,0.0,19.0,109.0,458.0,507.0,856.0,22.0,73.0,325.0,1215.0,91.0,6.0,6.0,81.0,169.0,15.0,Midfielder,1161.5
14080.0,José Manuel Arias Copete,Copete,male,1999-10-10T00:00:00+00:00,,190.0,SD Ponferradina,PON,https://assets.laliga.com/assets/2021/06/24/medium/20f0382ea9163a771b3e01bbe7cf78b7.png,27.0,Defender,https://assets.laliga.com/squad/2021/t3090/p500759/512x556/p500759_t3090_2021_1_001_000.png,43.0,28.0,1.0,0.0,18.0,0.0,6.0,122.0,1.0,31.0,55.0,5.0,0.0,1185.0,0.0,0.0,0.0,3.0,2.0,0.0,8.0,99.0,309.0,680.0,890.0,132.0,27.0,261.0,1225.0,47.0,15.0,2.0,128.0,108.0,10.0,Midfielder,1155.0
9529.0,Francisco José García Torres,Fran Garcia,male,1999-08-14T00:00:00+00:00,69.0,167.0,Rayo Vallecano,RAY,https://assets.laliga.com/assets/2019/06/07/medium/rayo.png,33.0,Defender,https://assets.laliga.com/squad/2021/t184/p227166/512x556/p227166_t184_2021_1_001_000.png,25.0,34.0,0.0,0.0,8.0,0.0,9.0,122.0,1.0,40.0,45.0,29.0,2.0,1200.0,0.0,0.0,0.0,8.0,0.0,29.0,22.0,59.0,529.0,478.0,919.0,45.0,24.0,477.0,1221.0,60.0,28.0,23.0,110.0,133.0,4.0,Midfielder,1151.0
12624.0,Iván Balliu,Balliu,male,1992-01-01T00:00:00+00:00,63.0,172.0,Rayo Vallecano,RAY,https://assets.laliga.com/assets/2019/06/07/medium/rayo.png,20.0,Defender,https://assets.laliga.com/squad/2021/t184/p97624/512x556/p97624_t184_2021_1_001_000.png,23.0,35.0,1.0,0.0,5.0,0.0,8.0,147.0,1.0,48.0,39.0,42.0,4.0,1221.0,0.0,0.0,0.0,3.0,1.0,36.0,22.0,75.0,607.0,386.0,882.0,56.0,42.0,544.0,1254.0,45.0,42.0,32.0,117.0,180.0,10.0,Midfielder,1141.5
1912.0,Marc Mateu,M. Mateu,male,1990-06-16T00:00:00+00:00,71.0,180.0,SD Huesca,HUE,https://assets.laliga.com/assets/2019/06/07/medium/huesca.png,21.0,Midfielder,https://assets.laliga.com/squad/2021/t2894/p59061/512x556/p59061_t2894_2021_1_001_000.png,19.0,40.0,6.0,3.0,3.0,0.0,9.0,136.0,4.0,35.0,21.0,72.0,11.0,1070.0,0.0,0.0,0.0,10.0,1.0,46.0,38.0,70.0,611.0,395.0,850.0,33.0,21.0,613.0,1148.0,36.0,48.0,31.0,74.0,154.0,6.0,Midfielder,1140.5
17710.0,Gastón Brugman,Brugman,male,1992-09-07T00:00:00+00:00,75.0,178.0,Real Oviedo,OVI,https://assets.laliga.com/assets/2019/06/07/medium/oviedo.png,15.0,Midfielder,https://assets.laliga.com/squad/2021/t187/p93854/512x556/p93854_t187_2021_1_001_000.png,17.0,33.0,6.0,5.0,7.0,0.0,2.0,142.0,3.0,27.0,35.0,40.0,1.0,1189.0,0.0,0.0,0.0,12.0,0.0,7.0,27.0,106.0,580.0,410.0,857.0,23.0,48.0,417.0,1237.0,66.0,39.0,25.0,64.0,210.0,6.0,Midfielder,1137.5
6130.0,Federico Valverde,Valverde,male,1998-07-22T00:00:00+00:00,78.0,182.0,Real Madrid,RMA,https://assets.laliga.com/assets/2019/06/07/medium/real-madrid.png,15.0,Midfielder,https://assets.laliga.com/squad/2021/t186/p223255/512x556/p223255_t186_2021_1_001_000.png,15.0,31.0,1.0,0.0,5.0,0.0,4.0,92.0,0.0,19.0,24.0,23.0,6.0,1138.0,0.0,0.0,0.0,9.0,0.0,0.0,32.0,48.0,699.0,331.0,982.0,10.0,17.0,199.0,1148.0,36.0,41.0,18.0,27.0,91.0,2.0,Goalkeeper,1132.5
16155.0,Aitor Córdoba,Córdoba,male,1995-05-21T00:00:00+00:00,,,Burgos CF,BUR,https://assets.laliga.com/assets/2021/06/24/medium/8de24d38ab1472bbae1620d36582d7bd.png,18.0,Defender,https://assets.laliga.com/squad/2021/t951/p198715/512x556/p198715_t951_2021_1_001_000.png,87.0,38.0,0.0,0.0,19.0,0.0,13.0,170.0,2.0,35.0,65.0,3.0,0.0,1160.0,0.0,0.0,0.0,6.0,0.0,1.0,12.0,120.0,316.0,584.0,779.0,180.0,23.0,310.0,1190.0,64.0,32.0,4.0,157.0,134.0,5.0,Midfielder,1131.0
1956.0,Mario Hermoso,M. Hermoso,male,1995-06-18T00:00:00+00:00,75.0,184.0,Atlético de Madrid,ATM,https://assets.laliga.com/assets/2019/06/07/medium/atletico.png,22.0,Defender,https://assets.laliga.com/squad/2021/t175/p213431/512x556/p213431_t175_2021_1_001_000.png,49.0,26.0,1.0,0.0,3.0,0.0,5.0,98.0,2.0,30.0,29.0,8.0,1.0,1153.0,0.0,0.0,0.0,5.0,1.0,5.0,8.0,99.0,447.0,588.0,931.0,46.0,26.0,203.0,1184.0,30.0,27.0,3.0,57.0,97.0,6.0,Midfielder,1130.0
14548.0,Unai Vencedor,Vencedor,male,2000-11-15T00:00:00+00:00,71.0,176.0,Athletic Club,ATH,https://assets.laliga.com/assets/2019/06/07/medium/athletic.png,16.0,Midfielder,https://assets.laliga.com/squad/2021/t174/p439768/512x556/p439768_t174_2021_1_001_000.png,23.0,34.0,0.0,0.0,13.0,0.0,3.0,108.0,0.0,26.0,19.0,15.0,0.0,1220.0,0.0,0.0,0.0,2.0,0.0,6.0,25.0,98.0,610.0,403.0,907.0,20.0,28.0,349.0,1254.0,26.0,24.0,5.0,78.0,171.0,4.0,Defender,1104.5
4110.0,José García,Pepelu,male,1998-08-11T00:00:00+00:00,73.0,185.0,Levante UD,LEV,https://assets.laliga.com/assets/2019/06/07/medium/levante.png,8.0,Midfielder,https://assets.laliga.com/squad/2021/t855/p220191/512x556/p220191_t855_2021_1_001_000.png,31.0,29.0,0.0,2.0,5.0,0.0,2.0,110.0,0.0,39.0,38.0,26.0,0.0,1180.0,0.0,0.0,0.0,2.0,0.0,5.0,13.0,75.0,507.0,496.0,905.0,29.0,47.0,309.0,1208.0,46.0,13.0,7.0,71.0,157.0,9.0,Forward,1102.0
15848.0,Beñat Turrientes,Turrientes,male,2002-01-31T00:00:00+00:00,,179.0,R. Sociedad B,RSOB,https://assets.laliga.com/assets/2019/06/07/medium/real-sociedad.png,14.0,Midfielder,https://assets.laliga.com/squad/2021/t3567/p488026/512x556/p488026_t3567_2021_1_001_000.png,22.0,20.0,1.0,5.0,3.0,0.0,4.0,136.0,0.0,26.0,13.0,19.0,0.0,1054.0,0.0,0.0,0.0,7.0,0.0,1.0,33.0,76.0,448.0,537.0,902.0,25.0,14.0,211.0,1104.0,33.0,5.0,17.0,43.0,83.0,4.0,Forward,1100.0
15848.0,Beñat Turrientes,Turrientes,male,2002-01-31T00:00:00+00:00,,179.0,R. Sociedad B,RSOB,https://assets.laliga.com/assets/2019/06/07/medium/real-sociedad.png,14.0,Midfielder,https://assets.laliga.com/squad/2021/t3567/p488026/512x556/p488026_t3567_2021_1_001_000.png,22.0,20.0,1.0,5.0,3.0,0.0,4.0,136.0,0.0,26.0,13.0,19.0,0.0,1054.0,0.0,0.0,0.0,7.0,0.0,1.0,33.0,76.0,448.0,537.0,902.0,25.0,14.0,211.0,1104.0,33.0,5.0,17.0,43.0,83.0,4.0,Forward,1100.0
6272.0,Juan Berrocal,J. Berrocal,male,1999-02-05T00:00:00+00:00,72.0,184.0,Real Sporting,SPO,https://assets.laliga.com/assets/2019/06/07/medium/sporting.png,15.0,Defender,https://assets.laliga.com/squad/2021/t616/p433632/512x556/p433632_t616_2021_1_001_000.png,38.0,28.0,0.0,2.0,22.0,0.0,2.0,64.0,0.0,25.0,22.0,3.0,0.0,1186.0,0.0,0.0,0.0,0.0,0.0,0.0,2.0,92.0,196.0,820.0,924.0,87.0,29.0,211.0,1221.0,22.0,9.0,1.0,127.0,78.0,8.0,Midfielder,1099.5
5902.0,Vasyl Kravets,Kravets,male,1997-08-20T00:00:00+00:00,79.0,183.0,Real Sporting,SPO,https://assets.laliga.com/assets/2019/06/07/medium/sporting.png,3.0,Defender,https://assets.laliga.com/squad/2021/t616/p205606/512x556/p205606_t616_2021_1_001_000.png,36.0,36.0,1.0,2.0,11.0,0.0,7.0,133.0,1.0,31.0,34.0,37.0,2.0,1198.0,0.0,1.0,0.0,6.0,0.0,24.0,24.0,63.0,442.0,497.0,829.0,83.0,41.0,615.0,1245.0,55.0,15.0,23.0,145.0,208.0,6.0,Midfielder,1095.0
6266.0,Fabio González,Fabio,male,1997-02-12T00:00:00+00:00,72.0,176.0,UD Las Palmas,LPA,https://assets.laliga.com/assets/2019/06/07/medium/las-palmas.png,15.0,Midfielder,https://assets.laliga.com/squad/2021/t407/p433455/512x556/p433455_t407_2021_1_001_000.png,18.0,29.0,1.0,0.0,4.0,0.0,5.0,70.0,0.0,19.0,23.0,18.0,0.0,1120.0,0.0,0.0,0.0,1.0,0.0,0.0,4.0,58.0,433.0,586.0,961.0,23.0,31.0,171.0,1162.0,33.0,3.0,1.0,45.0,98.0,8.0,Goalkeeper,1091.5
4511.0,José María Amo,Amo,male,1998-04-09T00:00:00+00:00,,181.0,SD Ponferradina,PON,https://assets.laliga.com/assets/2021/06/24/medium/20f0382ea9163a771b3e01bbe7cf78b7.png,5.0,Defender,https://assets.laliga.com/squad/2021/t3090/p179269/512x556/p179269_t3090_2021_1_001_000.png,66.0,32.0,0.0,0.0,22.0,0.0,5.0,108.0,0.0,35.0,36.0,1.0,0.0,1138.0,0.0,0.0,0.0,0.0,0.0,0.0,3.0,97.0,308.0,660.0,871.0,111.0,37.0,226.0,1179.0,25.0,6.0,0.0,111.0,100.0,11.0,Midfielder,1087.0
9226.0,Borja Sánchez,Borja S.,male,1996-02-26T00:00:00+00:00,80.0,185.0,Real Oviedo,OVI,https://assets.laliga.com/assets/2019/06/07/medium/oviedo.png,10.0,Midfielder,https://assets.laliga.com/squad/2021/t187/p199255/512x556/p199255_t187_2021_1_001_000.png,45.0,40.0,6.0,0.0,2.0,0.0,2.0,243.0,5.0,30.0,25.0,37.0,3.0,1079.0,0.0,0.0,0.0,17.0,0.0,20.0,79.0,103.0,568.0,292.0,737.0,11.0,53.0,542.0,1097.0,64.0,68.0,52.0,66.0,191.0,3.0,Defender,1084.0
7260.0,Cristóbal Márquez,Cristóbal,male,1984-04-21T00:00:00+00:00,77.0,180.0,CF Fuenlabrada,FUE,https://assets.laliga.com/assets/2019/06/07/medium/fuenlabrada.png,8.0,Midfielder,https://assets.laliga.com/squad/2021/t7104/p60702/512x556/p60702_t7104_2021_1_001_000.png,25.0,37.0,2.0,0.0,5.0,0.0,3.0,189.0,0.0,44.0,12.0,28.0,1.0,1159.0,0.0,1.0,0.0,8.0,0.0,8.0,58.0,55.0,572.0,353.0,862.0,14.0,59.0,420.0,1177.0,59.0,45.0,17.0,44.0,216.0,7.0,Goalkeeper,1083.0
7258.0,Jaime Seoane,Seoane,male,1997-01-22T00:00:00+00:00,73.0,175.0,SD Huesca,HUE,https://assets.laliga.com/assets/2019/06/07/medium/huesca.png,20.0,Midfielder,https://assets.laliga.com/squad/2021/t2894/p223762/512x556/p223762_t2894_2021_1_001_000.png,35.0,39.0,3.0,3.0,7.0,0.0,14.0,175.0,14.0,35.0,20.0,30.0,2.0,1100.0,0.0,0.0,0.0,29.0,0.0,7.0,41.0,74.0,501.0,402.0,820.0,25.0,54.0,449.0,1132.0,53.0,98.0,33.0,53.0,185.0,5.0,Forward,1075.5
1251.0,Luis Miguel Sánchez Benítez,Luismi,male,1992-05-05T00:00:00+00:00,73.0,180.0,Real Oviedo,OVI,https://assets.laliga.com/assets/2019/06/07/medium/oviedo.png,5.0,Midfielder,https://assets.laliga.com/squad/2021/t187/p105093/512x556/p105093_t187_2021_1_001_000.png,37.0,32.0,0.0,0.0,15.0,0.0,11.0,111.0,1.0,26.0,40.0,5.0,0.0,1129.0,0.0,0.0,0.0,5.0,0.0,0.0,6.0,119.0,439.0,523.0,843.0,45.0,41.0,236.0,1150.0,41.0,14.0,3.0,58.0,130.0,8.0,Forward,1072.0
6229.0,Mauro Arambarri,M. Arambarri,male,1995-09-30T00:00:00+00:00,74.0,175.0,Getafe CF,GET,https://assets.laliga.com/assets/2019/06/07/medium/getafe.png,18.0,Midfielder,https://assets.laliga.com/squad/2021/t1450/p171222/512x556/p171222_t1450_2021_1_001_000.png,28.0,31.0,4.0,2.0,5.0,0.0,12.0,169.0,0.0,27.0,32.0,40.0,0.0,1079.0,0.0,0.0,0.0,8.0,0.0,7.0,32.0,125.0,513.0,418.0,762.0,13.0,51.0,431.0,1143.0,62.0,17.0,18.0,78.0,178.0,13.0,Defender,1070.5
1509.0,Enzo Roco,Roco,male,1992-08-16T00:00:00+00:00,79.0,192.0,Elche CF,ELC,https://assets.laliga.com/assets/2019/06/07/medium/elche.png,3.0,Defender,https://assets.laliga.com/squad/2021/t954/p122078/512x556/p122078_t954_2021_1_001_000.png,61.0,30.0,0.0,0.0,27.0,0.0,4.0,109.0,1.0,40.0,28.0,3.0,1.0,1086.0,0.0,0.0,0.0,3.0,0.0,0.0,5.0,111.0,247.0,702.0,838.0,108.0,37.0,231.0,1152.0,36.0,18.0,5.0,106.0,97.0,10.0,Midfielder,1070.5
89.0,Manuel Trigueros Muñoz,M. Trigueros,male,1991-10-17T00:00:00+00:00,75.0,178.0,Villarreal CF,VIL,https://assets.laliga.com/assets/2019/06/07/medium/villarreal.png,14.0,Midfielder,https://assets.laliga.com/squad/2021/t449/p98961/512x556/p98961_t449_2021_1_001_000.png,19.0,35.0,2.0,0.0,3.0,0.0,2.0,114.0,6.0,22.0,13.0,19.0,0.0,1149.0,0.0,0.0,0.0,18.0,0.0,2.0,8.0,50.0,596.0,363.0,906.0,14.0,49.0,329.0,1190.0,45.0,57.0,7.0,43.0,191.0,3.0,Defender,1064.5
1700.0,Marcos Llorente,M. Llorente,male,1995-01-30T00:00:00+00:00,74.0,184.0,Atlético de Madrid,ATM,https://assets.laliga.com/assets/2019/06/07/medium/atletico.png,14.0,Midfielder,https://assets.laliga.com/squad/2021/t175/p192364/512x556/p192364_t175_2021_1_001_000.png,18.0,29.0,2.0,0.0,10.0,0.0,5.0,104.0,0.0,26.0,27.0,24.0,7.0,1087.0,0.0,0.0,0.0,2.0,0.0,12.0,19.0,37.0,482.0,453.0,886.0,37.0,30.0,348.0,1089.0,51.0,57.0,11.0,34.0,132.0,5.0,Forward,1051.5
19634.0,Juan Antonio Ros,Ros,male,1996-03-15T00:00:00+00:00,,188.0,CD Lugo,LUG,https://assets.laliga.com/assets/2019/06/07/medium/lugo.png,4.0,Midfielder,https://assets.laliga.com/squad/2021/t5730/p439786/512x556/p439786_t5730_2021_1_001_000.png,60.0,31.0,0.0,0.0,26.0,0.0,6.0,106.0,1.0,34.0,67.0,4.0,6.0,1083.0,0.0,0.0,0.0,1.0,0.0,0.0,1.0,97.0,258.0,626.0,787.0,140.0,29.0,254.0,1120.0,33.0,15.0,1.0,112.0,124.0,3.0,Goalkeeper,1042.0
11990.0,Odei Onaindia,Odei,male,1989-12-07T00:00:00+00:00,72.0,180.0,CD Mirandés,MIR,https://assets.laliga.com/assets/2019/06/07/medium/mirandes.png,5.0,Defender,https://assets.laliga.com/squad/2021/t5741/p198424/512x556/p198424_t5741_2021_1_001_000.png,46.0,27.0,0.0,0.0,17.0,0.0,6.0,88.0,0.0,32.0,38.0,4.0,0.0,993.0,0.0,0.0,0.0,0.0,0.0,0.0,2.0,38.0,180.0,740.0,882.0,104.0,18.0,141.0,1051.0,29.0,15.0,0.0,63.0,68.0,2.0,Midfielder,1035.5
1884.0,Yannick Carrasco,Carrasco,male,1993-09-04T00:00:00+00:00,73.0,185.0,Atlético de Madrid,ATM,https://assets.laliga.com/assets/2019/06/07/medium/atletico.png,21.0,Midfielder,https://assets.laliga.com/squad/2021/t175/p119718/512x556/p119718_t175_2021_1_001_000.png,9.0,34.0,5.0,0.0,5.0,0.0,3.0,169.0,6.0,34.0,19.0,48.0,13.0,981.0,0.0,0.0,0.0,12.0,0.0,14.0,88.0,25.0,592.0,274.0,799.0,12.0,30.0,494.0,1022.0,34.0,166.0,48.0,34.0,164.0,5.0,Defender,1026.5
1080.0,Geoffrey Kondogbia,Kondogbia,male,1993-02-15T00:00:00+00:00,80.0,188.0,Atlético de Madrid,ATM,https://assets.laliga.com/assets/2019/06/07/medium/atletico.png,4.0,Midfielder,https://assets.laliga.com/squad/2021/t175/p88754/512x556/p88754_t175_2021_1_001_000.png,38.0,28.0,1.0,0.0,5.0,0.0,4.0,178.0,1.0,24.0,44.0,9.0,0.0,983.0,0.0,2.0,0.0,1.0,0.0,0.0,29.0,72.0,376.0,478.0,782.0,23.0,40.0,205.0,993.0,74.0,6.0,4.0,30.0,109.0,9.0,Goalkeeper,1016.0
12118.0,Pol Lozano,Pol Lozano,male,1999-10-06T00:00:00+00:00,62.0,177.0,Girona FC,GIR,https://assets.laliga.com/assets/2019/06/07/medium/girona.png,20.0,Midfielder,https://assets.laliga.com/squad/2021/t2893/p227172/512x556/p227172_t2893_2021_1_001_000.png,14.0,29.0,2.0,1.0,5.0,0.0,6.0,98.0,1.0,18.0,28.0,8.0,0.0,1024.0,0.0,0.0,0.0,2.0,0.0,0.0,12.0,50.0,462.0,453.0,864.0,22.0,50.0,194.0,1053.0,49.0,11.0,6.0,34.0,105.0,6.0,Forward,1012.5
6235.0,Mathías Olivera,Olivera,male,1997-10-31T00:00:00+00:00,78.0,184.0,Getafe CF,GET,https://assets.laliga.com/assets/2019/06/07/medium/getafe.png,17.0,Defender,https://assets.laliga.com/squad/2021/t1450/p214966/512x556/p214966_t1450_2021_1_001_000.png,111.0,32.0,2.0,0.0,4.0,0.0,13.0,263.0,1.0,28.0,55.0,28.0,3.0,1032.0,0.0,0.0,0.0,7.0,0.0,12.0,27.0,33.0,461.0,306.0,722.0,55.0,55.0,547.0,1052.0,79.0,67.0,27.0,54.0,243.0,10.0,Midfielder,1005.5
2574.0,David Silva,Silva,male,1986-01-08T00:00:00+00:00,67.0,173.0,Real Sociedad,RSO,https://assets.laliga.com/assets/2019/06/07/medium/real-sociedad.png,21.0,Midfielder,https://assets.laliga.com/squad/2021/t188/p20664/512x556/p20664_t188_2021_1_001_000.png,15.0,25.0,4.0,0.0,3.0,0.0,3.0,97.0,2.0,11.0,7.0,35.0,3.0,1003.0,0.0,0.0,0.0,6.0,1.0,5.0,29.0,27.0,605.0,304.0,868.0,12.0,23.0,226.0,1016.0,28.0,81.0,15.0,11.0,110.0,4.0,Goalkeeper,1005.0
1928.0,Lluís López,Lluís Lopez,male,1997-03-05T00:00:00+00:00,79.0,182.0,Real Zaragoza,ZAR,https://assets.laliga.com/assets/2019/06/07/medium/zaragoza.png,24.0,Defender,https://assets.laliga.com/squad/2021/t190/p215686/512x556/p215686_t190_2021_1_001_000.png,39.0,30.0,0.0,0.0,9.0,0.0,5.0,80.0,0.0,26.0,18.0,2.0,0.0,1085.0,0.0,0.0,0.0,1.0,0.0,0.0,7.0,102.0,283.0,613.0,794.0,102.0,21.0,236.0,1110.0,25.0,9.0,1.0,121.0,93.0,4.0,Midfielder,998.5
14937.0,Oriol Rey,O. Rey,male,1998-02-25T00:00:00+00:00,,177.0,CD Mirandés,MIR,https://assets.laliga.com/assets/2019/06/07/medium/mirandes.png,23.0,Midfielder,https://assets.laliga.com/squad/2021/t5741/p242310/512x556/p242310_t5741_2021_0_001_000.png,25.0,31.0,0.0,0.0,6.0,0.0,4.0,89.0,0.0,38.0,9.0,19.0,0.0,1065.0,0.0,0.0,0.0,2.0,0.0,0.0,9.0,73.0,511.0,418.0,854.0,24.0,41.0,225.0,1087.0,31.0,18.0,9.0,55.0,105.0,7.0,Midfielder,997.0
191.0,Alexandre Moreno Lopera,Alex Moreno,male,1993-06-08T00:00:00+00:00,68.0,179.0,Real Betis,BET,https://assets.laliga.com/assets/2019/06/07/medium/betis.png,15.0,Forward,https://assets.laliga.com/squad/2021/t185/p106468/512x556/p106468_t185_2021_1_001_000.png,24.0,30.0,3.0,0.0,6.0,0.0,7.0,161.0,5.0,30.0,34.0,18.0,3.0,1029.0,0.0,0.0,0.0,8.0,1.0,13.0,23.0,29.0,457.0,354.0,769.0,68.0,33.0,483.0,1047.0,76.0,79.0,38.0,77.0,172.0,3.0,Midfielder,991.0
718.0,Miguel Alfonso Herrero Javaloyas,Michel,male,1988-07-29T00:00:00+00:00,68.0,182.0,CD Tenerife,TEN,https://assets.laliga.com/assets/2019/06/07/medium/tenerife.png,24.0,Midfielder,https://assets.laliga.com/squad/2021/t612/p58876/512x556/p58876_t612_2021_1_001_000.png,7.0,34.0,1.0,2.0,7.0,0.0,4.0,63.0,3.0,15.0,21.0,25.0,3.0,991.0,0.0,0.0,0.0,9.0,0.0,3.0,14.0,102.0,491.0,432.0,799.0,17.0,34.0,257.0,1073.0,27.0,10.0,5.0,69.0,103.0,9.0,Defender,991.0
623.0,Sergio Tejera,Tejera,male,1990-05-28T00:00:00+00:00,75.0,180.0,FC Cartagena,CAR,https://assets.laliga.com/assets/2022/02/11/medium/1628caa9b2002a11e564eb84b3677f78.png,23.0,Midfielder,https://assets.laliga.com/squad/2021/t3554/p70428/512x556/p70428_t3554_2021_1_001_000.png,10.0,32.0,0.0,1.0,9.0,0.0,0.0,115.0,0.0,30.0,30.0,13.0,0.0,1003.0,0.0,0.0,0.0,3.0,1.0,0.0,18.0,70.0,375.0,514.0,818.0,12.0,54.0,246.0,1048.0,41.0,12.0,14.0,59.0,101.0,7.0,Goalkeeper,986.0
58.0,Daniel Carvajal,Carvajal,male,1992-01-11T00:00:00+00:00,73.0,173.0,Real Madrid,RMA,https://assets.laliga.com/assets/2019/06/07/medium/real-madrid.png,2.0,Defender,https://assets.laliga.com/squad/2021/t186/p88483/512x556/p88483_t186_2021_1_001_000.png,14.0,24.0,3.0,0.0,8.0,0.0,6.0,78.0,1.0,13.0,20.0,22.0,0.0,991.0,0.0,0.0,0.0,2.0,0.0,9.0,10.0,43.0,468.0,421.0,837.0,32.0,19.0,217.0,1007.0,43.0,40.0,8.0,21.0,106.0,1.0,Midfielder,986.0
2581.0,Jesús Navas,J. Navas,male,1985-11-21T00:00:00+00:00,60.0,172.0,Sevilla FC,SEV,https://assets.laliga.com/assets/2019/06/07/medium/sevilla.png,16.0,Defender,https://assets.laliga.com/squad/2021/t179/p17740/512x556/p17740_t179_2021_1_001_000.png,14.0,25.0,3.0,0.0,2.0,0.0,8.0,47.0,0.0,16.0,17.0,32.0,2.0,1089.0,0.0,0.0,0.0,1.0,0.0,29.0,6.0,86.0,476.0,448.0,809.0,21.0,5.0,350.0,1105.0,18.0,27.0,9.0,79.0,131.0,4.0,Midfielder,985.0
4272.0,Sergio Akieme,Akieme,male,1997-12-16T00:00:00+00:00,70.0,175.0,UD Almería,ALM,https://assets.laliga.com/assets/2019/06/07/medium/almeria.png,15.0,Defender,https://assets.laliga.com/squad/2021/t1564/p220871/512x556/p220871_t1564_2021_1_001_000.png,29.0,30.0,1.0,1.0,5.0,0.0,9.0,113.0,1.0,23.0,20.0,23.0,3.0,1017.0,0.0,0.0,0.0,8.0,1.0,14.0,38.0,43.0,397.0,466.0,805.0,41.0,14.0,351.0,1031.0,25.0,48.0,22.0,68.0,115.0,3.0,Midfielder,984.0
8599.0,Alejandro López Moreno,Alex López,male,1997-06-02T00:00:00+00:00,68.0,176.0,CD Mirandés,MIR,https://assets.laliga.com/assets/2019/06/07/medium/mirandes.png,6.0,Midfielder,https://assets.laliga.com/squad/2021/t5741/p446991/512x556/p446991_t5741_2021_1_001_000.png,19.0,35.0,0.0,3.0,3.0,0.0,0.0,91.0,1.0,24.0,16.0,20.0,1.0,989.0,0.0,0.0,0.0,7.0,0.0,5.0,10.0,84.0,501.0,407.0,816.0,9.0,47.0,203.0,1022.0,23.0,17.0,9.0,25.0,97.0,7.0,Midfielder,979.5
4468.0,Igor Zubeldia,Zubeldia,male,1997-03-30T00:00:00+00:00,79.0,180.0,Real Sociedad,RSO,https://assets.laliga.com/assets/2019/06/07/medium/real-sociedad.png,5.0,Midfielder,https://assets.laliga.com/squad/2021/t188/p216475/512x556/p216475_t188_2021_1_001_000.png,42.0,26.0,1.0,0.0,6.0,0.0,3.0,68.0,0.0,25.0,27.0,1.0,1.0,1005.0,0.0,0.0,0.0,2.0,0.0,1.0,3.0,47.0,267.0,639.0,858.0,51.0,25.0,149.0,1033.0,20.0,12.0,3.0,61.0,67.0,7.0,Midfielder,976.0
428.0,José Luis García del Pozo,J.l. Recio,male,1991-01-11T00:00:00+00:00,74.0,183.0,CD Leganés,LEG,https://assets.laliga.com/assets/2019/06/07/medium/leganes.png,14.0,Midfielder,https://assets.laliga.com/squad/2021/t957/p91338/512x556/p91338_t957_2021_1_001_000.png,14.0,21.0,0.0,1.0,4.0,0.0,2.0,98.0,1.0,11.0,21.0,12.0,1.0,918.0,0.0,0.0,0.0,2.0,0.0,1.0,16.0,64.0,394.0,481.0,810.0,12.0,32.0,132.0,966.0,34.0,4.0,3.0,22.0,70.0,5.0,Goalkeeper,965.0
1298.0,Samuel Sáiz Alonso,Samu Saiz,male,1991-01-22T00:00:00+00:00,68.0,174.0,Girona FC,GIR,https://assets.laliga.com/assets/2019/06/07/medium/girona.png,10.0,Midfielder,https://assets.laliga.com/squad/2021/t2893/p88961/512x556/p88961_t2893_2021_1_001_000.png,7.0,38.0,6.0,0.0,0.0,0.0,0.0,149.0,3.0,19.0,12.0,41.0,4.0,1010.0,0.0,0.0,0.0,16.0,1.0,8.0,54.0,57.0,576.0,255.0,766.0,2.0,12.0,399.0,1026.0,15.0,70.0,30.0,29.0,174.0,7.0,Forward,964.0
8820.0,Jaime Suárez,Jimmy,male,1996-12-31T00:00:00+00:00,68.0,170.0,Real Oviedo,OVI,https://assets.laliga.com/assets/2019/06/07/medium/oviedo.png,14.0,Midfielder,https://assets.laliga.com/squad/2021/t187/p465212/512x556/p465212_t187_2021_1_001_000.png,16.0,35.0,2.0,0.0,10.0,0.0,4.0,101.0,0.0,28.0,59.0,11.0,0.0,1035.0,0.0,0.0,0.0,3.0,0.0,4.0,11.0,71.0,439.0,406.0,770.0,40.0,38.0,304.0,1065.0,38.0,13.0,11.0,75.0,149.0,6.0,Defender,959.5
917.0,Xavier Torres Buigues,X. Torres,male,1986-11-21T00:00:00+00:00,76.0,182.0,CD Lugo,LUG,https://assets.laliga.com/assets/2019/06/07/medium/lugo.png,14.0,Midfielder,https://assets.laliga.com/squad/2021/t5730/p58906/512x556/p58906_t5730_2021_1_001_000.png,65.0,34.0,1.0,2.0,21.0,0.0,5.0,125.0,3.0,38.0,34.0,9.0,6.0,1012.0,0.0,0.0,0.0,7.0,1.0,0.0,2.0,117.0,323.0,497.0,703.0,98.0,41.0,278.0,1069.0,41.0,17.0,2.0,119.0,130.0,9.0,Forward,956.0
13963.0,Alejandro Baena,Alex . B,male,2001-07-20T00:00:00+00:00,,,Girona FC,GIR,https://assets.laliga.com/assets/2019/06/07/medium/girona.png,8.0,Midfielder,https://assets.laliga.com/squad/2021/t2893/p248501/512x556/p248501_t2893_2021_1_001_000.png,15.0,40.0,6.0,3.0,0.0,0.0,0.0,216.0,5.0,32.0,27.0,38.0,8.0,977.0,0.0,1.0,0.0,31.0,0.0,23.0,77.0,46.0,511.0,235.0,672.0,15.0,87.0,628.0,998.0,49.0,137.0,57.0,37.0,243.0,13.0,Midfielder,949.5
1514.0,Gerónimo Rulli,Rulli,male,1992-05-20T00:00:00+00:00,84.0,189.0,Villarreal CF,VIL,https://assets.laliga.com/assets/2019/06/07/medium/villarreal.png,13.0,Goalkeeper,https://assets.laliga.com/squad/2021/t449/p106921/512x556/p106921_t449_2021_1_001_000.png,12.0,32.0,0.0,0.0,0.0,19.0,14.0,14.0,0.0,28.0,1.0,0.0,0.0,795.0,1.0,0.0,75.0,0.0,0.0,0.0,1.0,163.0,84.0,808.0,729.0,31.0,0.0,241.0,1126.0,0.0,0.0,0.0,222.0,12.0,2.0,Midfielder,947.5
14856.0,Enzo Loiodice,Loiodice,male,2000-11-27T00:00:00+00:00,60.0,176.0,UD Las Palmas,LPA,https://assets.laliga.com/assets/2019/06/07/medium/las-palmas.png,12.0,Midfielder,https://assets.laliga.com/squad/2021/t407/p449718/512x556/p449718_t407_2021_1_001_000.png,23.0,24.0,0.0,2.0,3.0,0.0,4.0,130.0,1.0,17.0,20.0,17.0,0.0,951.0,0.0,1.0,0.0,4.0,0.0,0.0,31.0,52.0,407.0,424.0,778.0,12.0,39.0,215.0,971.0,39.0,7.0,10.0,34.0,107.0,5.0,Goalkeeper,946.0
800.0,Jozabed Sánchez,Jozabed,male,1991-03-08T00:00:00+00:00,65.0,180.0,Málaga CF,MGA,https://assets.laliga.com/assets/2019/06/07/medium/malaga.png,19.0,Midfielder,https://assets.laliga.com/squad/2021/t182/p105064/512x556/p105064_t182_2021_1_001_000.png,9.0,29.0,2.0,1.0,3.0,0.0,3.0,69.0,0.0,26.0,22.0,34.0,5.0,954.0,0.0,0.0,0.0,4.0,0.0,9.0,12.0,68.0,513.0,364.0,781.0,21.0,18.0,271.0,993.0,26.0,29.0,6.0,38.0,106.0,9.0,Forward,944.0
16160.0,Miguel Muñoz Mora,Mumo,male,1995-04-13T00:00:00+00:00,81.0,180.0,Burgos CF,BUR,https://assets.laliga.com/assets/2021/06/24/medium/8de24d38ab1472bbae1620d36582d7bd.png,22.0,Midfielder,https://assets.laliga.com/squad/2021/t951/p521525/512x556/p521525_t951_2021_1_001_000.png,19.0,40.0,2.0,3.0,2.0,0.0,1.0,126.0,1.0,25.0,18.0,18.0,1.0,1037.0,0.0,0.0,0.0,10.0,0.0,2.0,22.0,101.0,523.0,310.0,723.0,13.0,51.0,353.0,1065.0,46.0,20.0,12.0,67.0,174.0,7.0,Defender,940.5
4078.0,Joaquín Fernández,Joaquín F.,male,1996-05-31T00:00:00+00:00,72.0,190.0,Real Valladolid CF,VLL,https://assets.laliga.com/assets/2019/06/07/medium/valladolid.png,24.0,Midfielder,https://assets.laliga.com/squad/2021/t192/p220122/512x556/p220122_t192_2021_1_001_000.png,77.0,26.0,0.0,0.0,14.0,0.0,11.0,131.0,0.0,22.0,39.0,4.0,2.0,930.0,0.0,0.0,0.0,2.0,0.0,0.0,4.0,57.0,197.0,603.0,743.0,96.0,38.0,177.0,961.0,34.0,21.0,0.0,69.0,92.0,8.0,Midfielder,940.0
1707.0,José Ángel Jurado,Jose Angel,male,1992-06-21T00:00:00+00:00,80.0,182.0,AD Alcorcón,ALC,https://assets.laliga.com/assets/2019/06/07/medium/alcorcon.png,25.0,Midfielder,,36.0,17.0,1.0,3.0,3.0,0.0,4.0,139.0,1.0,22.0,33.0,21.0,1.0,914.0,0.0,0.0,0.0,2.0,0.0,3.0,9.0,87.0,406.0,402.0,710.0,23.0,33.0,267.0,976.0,52.0,7.0,13.0,63.0,116.0,11.0,Defender,927.5
1473.0,Gerard Gumbau,Gumbau,male,1994-12-18T00:00:00+00:00,77.0,187.0,Elche CF,ELC,https://assets.laliga.com/assets/2019/06/07/medium/elche.png,2.0,Midfielder,https://assets.laliga.com/squad/2021/t954/p161030/512x556/p161030_t954_2021_1_001_000.png,18.0,31.0,3.0,3.0,4.0,0.0,2.0,90.0,0.0,34.0,23.0,24.0,0.0,912.0,0.0,0.0,0.0,3.0,1.0,2.0,7.0,83.0,440.0,395.0,726.0,24.0,50.0,264.0,962.0,46.0,7.0,6.0,62.0,91.0,8.0,Goalkeeper,910.5
1473.0,Gerard Gumbau,Gumbau,male,1994-12-18T00:00:00+00:00,77.0,187.0,Elche CF,ELC,https://assets.laliga.com/assets/2019/06/07/medium/elche.png,2.0,Midfielder,https://assets.laliga.com/squad/2021/t954/p161030/512x556/p161030_t954_2021_1_001_000.png,18.0,31.0,3.0,3.0,4.0,0.0,2.0,90.0,0.0,34.0,23.0,24.0,0.0,912.0,0.0,0.0,0.0,3.0,1.0,2.0,7.0,83.0,440.0,395.0,726.0,24.0,50.0,264.0,962.0,46.0,7.0,6.0,62.0,91.0,8.0,Goalkeeper,910.5
9799.0,Paulino de la Fuente,Paulino,male,1997-06-27T00:00:00+00:00,65.0,181.0,Málaga CF,MGA,https://assets.laliga.com/assets/2019/06/07/medium/malaga.png,7.0,Midfielder,https://assets.laliga.com/squad/2021/t182/p483881/512x556/p483881_t182_2021_1_001_000.png,55.0,37.0,1.0,0.0,2.0,0.0,4.0,230.0,4.0,39.0,19.0,29.0,5.0,882.0,0.0,0.0,0.0,18.0,0.0,9.0,56.0,59.0,450.0,269.0,640.0,21.0,41.0,513.0,904.0,64.0,69.0,45.0,37.0,168.0,9.0,Forward,910.0
6522.0,Alejandro Gómez,Papu Gomez,male,1988-02-15T00:00:00+00:00,68.0,167.0,Sevilla FC,SEV,https://assets.laliga.com/assets/2019/06/07/medium/sevilla.png,24.0,Midfielder,https://assets.laliga.com/squad/2021/t179/p55776/512x556/p55776_t179_2021_1_001_000.png,10.0,29.0,1.0,0.0,2.0,0.0,3.0,105.0,5.0,11.0,7.0,22.0,1.0,880.0,0.0,0.0,0.0,12.0,0.0,14.0,28.0,56.0,487.0,330.0,741.0,9.0,21.0,232.0,896.0,19.0,47.0,26.0,25.0,74.0,4.0,Defender,910.0
14164.0,Markel Lozano,Markel Lozano,male,1996-05-03T00:00:00+00:00,,189.0,SD Amorebieta,AMO,https://assets.laliga.com/assets/2021/06/24/medium/7dcec1604142a8f60f876e4c7e839da7.png,16.0,Midfielder,https://assets.laliga.com/squad/2021/t6498/p220181/512x556/p220181_t6498_2021_1_001_000.png,56.0,34.0,0.0,0.0,18.0,0.0,4.0,127.0,0.0,40.0,31.0,4.0,0.0,1014.0,0.0,0.0,0.0,1.0,0.0,0.0,7.0,113.0,281.0,490.0,658.0,104.0,26.0,308.0,1049.0,46.0,2.0,2.0,156.0,122.0,6.0,Forward,908.0
3182.0,Óscar Duarte,O. Duarte,male,1989-06-03T00:00:00+00:00,81.0,186.0,Levante UD,LEV,https://assets.laliga.com/assets/2019/06/07/medium/levante.png,6.0,Defender,https://assets.laliga.com/squad/2021/t855/p99128/512x556/p99128_t855_2021_1_001_000.png,68.0,23.0,0.0,0.0,9.0,0.0,2.0,90.0,2.0,36.0,24.0,3.0,2.0,918.0,0.0,0.0,0.0,5.0,0.0,0.0,1.0,98.0,212.0,595.0,709.0,98.0,26.0,170.0,965.0,18.0,25.0,1.0,68.0,90.0,5.0,Midfielder,907.0
8225.0,Daniel Vivian,Vivian,male,1999-07-05T00:00:00+00:00,78.0,183.0,Athletic Club,ATH,https://assets.laliga.com/assets/2019/06/07/medium/athletic.png,12.0,Defender,https://assets.laliga.com/squad/2021/t174/p437554/512x556/p437554_t174_2021_1_001_000.png,30.0,24.0,1.0,0.0,15.0,0.0,7.0,86.0,2.0,23.0,26.0,1.0,1.0,888.0,0.0,0.0,0.0,8.0,0.0,0.0,4.0,90.0,217.0,569.0,696.0,107.0,19.0,185.0,944.0,32.0,20.0,1.0,96.0,62.0,2.0,Midfielder,906.5
620.0,Alejandro Fernández Iglesias,Alex,male,1992-10-15T00:00:00+00:00,72.0,182.0,Cádiz CF,CAD,https://assets.laliga.com/assets/2019/06/07/medium/cadiz.png,8.0,Midfielder,https://assets.laliga.com/squad/2021/t1737/p88479/512x556/p88479_t1737_2021_1_001_000.png,18.0,32.0,1.0,0.0,7.0,0.0,5.0,97.0,3.0,32.0,30.0,19.0,2.0,913.0,0.0,0.0,0.0,8.0,0.0,7.0,9.0,63.0,458.0,344.0,726.0,25.0,15.0,307.0,964.0,47.0,26.0,13.0,60.0,115.0,2.0,Goalkeeper,901.0
9296.0,Roberto López,Lopez,male,2000-04-24T00:00:00+00:00,70.0,179.0,R. Sociedad B,RSOB,https://assets.laliga.com/assets/2019/06/07/medium/real-sociedad.png,10.0,Midfielder,https://assets.laliga.com/squad/2021/t3567/p467063/512x556/p467063_t3567_2021_1_001_000.png,11.0,28.0,0.0,6.0,1.0,0.0,1.0,66.0,4.0,21.0,8.0,37.0,1.0,896.0,0.0,0.0,0.0,16.0,0.0,8.0,12.0,48.0,520.0,316.0,761.0,6.0,15.0,281.0,968.0,19.0,17.0,4.0,30.0,129.0,3.0,Defender,898.5
5559.0,Alejandro Gallar Falguera,Alex Gallar,male,1992-03-19T00:00:00+00:00,71.0,176.0,FC Cartagena,CAR,https://assets.laliga.com/assets/2022/02/11/medium/1628caa9b2002a11e564eb84b3677f78.png,10.0,Midfielder,https://assets.laliga.com/squad/2021/t3554/p97636/512x556/p97636_t3554_2021_1_001_000.png,6.0,33.0,6.0,1.0,0.0,0.0,3.0,146.0,3.0,32.0,9.0,41.0,0.0,902.0,0.0,0.0,0.0,10.0,0.0,3.0,45.0,55.0,513.0,265.0,702.0,2.0,20.0,421.0,963.0,41.0,71.0,36.0,44.0,162.0,7.0,Midfielder,898.0
6090.0,Daniel José Rodríguez Vázquez,Dani Rodriguez,male,1988-06-06T00:00:00+00:00,71.0,178.0,RCD Mallorca,MLL,https://assets.laliga.com/assets/2019/06/07/medium/mallorca.png,14.0,Midfielder,https://assets.laliga.com/squad/2021/t181/p80906/512x556/p80906_t181_2021_1_001_000.png,40.0,36.0,3.0,3.0,3.0,0.0,7.0,221.0,3.0,43.0,20.0,40.0,3.0,851.0,0.0,0.0,0.0,10.0,0.0,3.0,60.0,29.0,469.0,239.0,667.0,19.0,65.0,452.0,886.0,53.0,90.0,40.0,29.0,161.0,7.0,Goalkeeper,891.5
163.0,Daniel García Carrillo,Dani García,male,1990-05-24T00:00:00+00:00,81.0,180.0,Athletic Club,ATH,https://assets.laliga.com/assets/2019/06/07/medium/athletic.png,14.0,Midfielder,https://assets.laliga.com/squad/2021/t174/p140264/512x556/p140264_t174_2021_1_001_000.png,34.0,32.0,0.0,0.0,10.0,0.0,3.0,95.0,0.0,22.0,24.0,9.0,1.0,1009.0,0.0,0.0,0.0,2.0,0.0,1.0,4.0,67.0,440.0,363.0,735.0,38.0,44.0,251.0,1027.0,36.0,12.0,2.0,80.0,145.0,9.0,Defender,891.5
4.0,Daniel Alves da Silva,Dani Alves,male,1983-05-06T00:00:00+00:00,70.0,172.0,FC Barcelona,BAR,https://assets.laliga.com/assets/2019/06/07/medium/barcelona.png,8.0,Defender,https://assets.laliga.com/squad/2021/t178/p15780/512x556/p15780_t178_2021_1_001_000.png,9.0,14.0,3.0,0.0,3.0,0.0,4.0,57.0,1.0,10.0,11.0,19.0,0.0,883.0,0.0,0.0,0.0,2.0,1.0,15.0,12.0,39.0,498.0,331.0,767.0,8.0,27.0,192.0,916.0,30.0,6.0,0.0,35.0,75.0,2.0,Midfielder,889.0
9430.0,Edgar González,Edgar,male,1997-04-01T00:00:00+00:00,78.0,193.0,Real Betis,BET,https://assets.laliga.com/assets/2019/06/07/medium/betis.png,3.0,Midfielder,https://assets.laliga.com/squad/2021/t185/p469402/512x556/p469402_t185_2021_1_001_000.png,32.0,21.0,0.0,0.0,11.0,0.0,4.0,69.0,1.0,21.0,23.0,2.0,0.0,892.0,0.0,0.0,0.0,1.0,0.0,0.0,4.0,40.0,201.0,593.0,754.0,81.0,21.0,118.0,902.0,25.0,6.0,0.0,37.0,71.0,6.0,Defender,883.5
14913.0,Francho Serrano,Francho,male,2001-10-17T00:00:00+00:00,72.0,177.0,Real Zaragoza,ZAR,https://assets.laliga.com/assets/2019/06/07/medium/zaragoza.png,27.0,Midfielder,https://assets.laliga.com/squad/2021/t190/p494495/512x556/p494495_t190_2021_1_001_000.png,28.0,30.0,1.0,0.0,10.0,0.0,7.0,99.0,2.0,25.0,20.0,26.0,1.0,906.0,0.0,0.0,0.0,6.0,0.0,4.0,10.0,40.0,438.0,343.0,730.0,32.0,12.0,242.0,943.0,34.0,35.0,3.0,40.0,133.0,1.0,Midfielder,879.0
1793.0,Alejandro Remiro Gargallo,A. Remiro,male,1995-03-24T00:00:00+00:00,79.0,191.0,Real Sociedad,RSO,https://assets.laliga.com/assets/2019/06/07/medium/real-sociedad.png,1.0,Goalkeeper,https://assets.laliga.com/squad/2021/t188/p197316/512x556/p197316_t188_2021_1_001_000.png,4.0,35.0,0.0,0.0,0.0,17.0,19.0,7.0,0.0,32.0,1.0,0.0,0.0,714.0,1.0,0.0,80.0,0.0,0.0,0.0,0.0,272.0,120.0,707.0,555.0,31.0,0.0,311.0,1131.0,0.0,0.0,0.0,293.0,11.0,1.0,Midfielder,878.5
12917.0,Eduardo Camavinga,Camavinga,male,2002-11-10T00:00:00+00:00,68.0,182.0,Real Madrid,RMA,https://assets.laliga.com/assets/2019/06/07/medium/real-madrid.png,25.0,Midfielder,https://assets.laliga.com/squad/2021/t186/p475561/512x556/p475561_t186_2021_1_001_000.png,28.0,26.0,1.0,0.0,2.0,0.0,2.0,131.0,2.0,13.0,17.0,13.0,1.0,826.0,0.0,0.0,0.0,5.0,0.0,1.0,22.0,52.0,434.0,325.0,706.0,12.0,35.0,127.0,842.0,52.0,23.0,10.0,12.0,72.0,9.0,Defender,875.0
7281.0,Sergio González,Sergio Glez.,male,1997-05-14T00:00:00+00:00,,184.0,CD Tenerife,TEN,https://assets.laliga.com/assets/2019/06/07/medium/tenerife.png,12.0,Midfielder,https://assets.laliga.com/squad/2021/t612/p441313/512x556/p441313_t612_2021_1_001_000.png,32.0,31.0,1.0,0.0,12.0,0.0,7.0,104.0,0.0,14.0,28.0,5.0,1.0,878.0,0.0,0.0,0.0,5.0,0.0,2.0,8.0,85.0,253.0,503.0,669.0,66.0,22.0,181.0,903.0,35.0,11.0,6.0,83.0,66.0,4.0,Defender,872.5
719.0,Andrés Guardado,A. Guardado,male,1986-09-28T00:00:00+00:00,60.0,169.0,Real Betis,BET,https://assets.laliga.com/assets/2019/06/07/medium/betis.png,18.0,Midfielder,https://assets.laliga.com/squad/2021/t185/p37064/512x556/p37064_t185_2021_1_001_000.png,12.0,28.0,0.0,0.0,4.0,0.0,3.0,66.0,0.0,15.0,21.0,9.0,0.0,895.0,0.0,0.0,0.0,3.0,0.0,1.0,6.0,82.0,372.0,415.0,704.0,24.0,24.0,179.0,927.0,30.0,13.0,4.0,59.0,82.0,4.0,Forward,857.0
1818.0,Javier Jiménez,J. Jiménez,male,1996-01-11T00:00:00+00:00,70.0,173.0,Málaga CF,MGA,https://assets.laliga.com/assets/2019/06/07/medium/malaga.png,3.0,Defender,https://assets.laliga.com/squad/2021/t182/p209163/512x556/p209163_t182_2021_1_001_000.png,12.0,27.0,0.0,0.0,5.0,0.0,6.0,84.0,0.0,31.0,23.0,19.0,1.0,881.0,0.0,0.0,0.0,1.0,0.0,14.0,14.0,52.0,356.0,407.0,691.0,32.0,24.0,344.0,923.0,47.0,16.0,9.0,87.0,93.0,5.0,Midfielder,852.0
8623.0,Cristian Salvador,C. Salvador,male,1994-11-20T00:00:00+00:00,79.0,183.0,SD Huesca,HUE,https://assets.laliga.com/assets/2019/06/07/medium/huesca.png,6.0,Midfielder,https://assets.laliga.com/squad/2021/t2894/p217925/512x556/p217925_t2894_2021_1_001_000.png,29.0,21.0,0.0,0.0,5.0,0.0,4.0,89.0,1.0,17.0,32.0,4.0,0.0,831.0,0.0,0.0,0.0,2.0,0.0,1.0,12.0,62.0,182.0,574.0,693.0,39.0,16.0,137.0,856.0,33.0,12.0,6.0,34.0,67.0,4.0,Goalkeeper,851.5
586.0,Hugo Mallo,Hugo Mallo,male,1991-06-22T00:00:00+00:00,69.0,173.0,RC Celta,CEL,https://assets.laliga.com/assets/2019/06/07/medium/celta.png,2.0,Defender,https://assets.laliga.com/squad/2021/t176/p76508/512x556/p76508_t176_2021_1_001_000.png,41.0,21.0,1.0,0.0,9.0,0.0,7.0,98.0,1.0,25.0,20.0,19.0,6.0,940.0,0.0,2.0,0.0,2.0,0.0,11.0,8.0,29.0,379.0,364.0,703.0,47.0,38.0,350.0,953.0,45.0,43.0,8.0,72.0,149.0,3.0,Midfielder,848.0
918.0,Salvador Sevilla,Salva Sevilla,male,1984-03-18T00:00:00+00:00,71.0,178.0,RCD Mallorca,MLL,https://assets.laliga.com/assets/2019/06/07/medium/mallorca.png,8.0,Midfielder,https://assets.laliga.com/squad/2021/t181/p55354/512x556/p55354_t181_2021_1_001_000.png,2.0,28.0,3.0,7.0,6.0,0.0,1.0,34.0,5.0,28.0,14.0,24.0,0.0,859.0,0.0,0.0,0.0,8.0,0.0,0.0,5.0,71.0,448.0,363.0,726.0,10.0,15.0,223.0,947.0,18.0,8.0,2.0,42.0,108.0,2.0,Defender,848.0
966.0,Papakouly Diop,P. Diop,male,1986-03-19T00:00:00+00:00,77.0,180.0,UD Ibiza,IBI,https://assets.laliga.com/assets/2021/06/24/medium/d7bc0d2c9bf06afd6b5ace9d62771713.png,18.0,Midfielder,https://assets.laliga.com/squad/2021/t16203/p27672/512x556/p27672_t16203_2021_1_001_000.png,41.0,25.0,0.0,0.0,3.0,0.0,2.0,103.0,0.0,28.0,38.0,8.0,1.0,890.0,0.0,0.0,0.0,0.0,0.0,2.0,4.0,60.0,315.0,435.0,688.0,23.0,35.0,213.0,921.0,37.0,12.0,3.0,56.0,117.0,4.0,Goalkeeper,840.5
4565.0,Alberto Zapater,Zapater,male,1985-06-13T00:00:00+00:00,80.0,180.0,Real Zaragoza,ZAR,https://assets.laliga.com/assets/2019/06/07/medium/zaragoza.png,21.0,Midfielder,https://assets.laliga.com/squad/2021/t190/p18503/512x556/p18503_t190_2021_1_001_000.png,50.0,31.0,2.0,4.0,8.0,0.0,1.0,111.0,0.0,26.0,21.0,20.0,1.0,816.0,0.0,0.0,0.0,1.0,0.0,6.0,7.0,44.0,393.0,336.0,659.0,45.0,24.0,269.0,884.0,50.0,16.0,4.0,35.0,146.0,2.0,Goalkeeper,832.5
328.0,Javier Lara Grande,Javi Lara,male,1985-12-04T00:00:00+00:00,71.0,179.0,UD Ibiza,IBI,https://assets.laliga.com/assets/2021/06/24/medium/d7bc0d2c9bf06afd6b5ace9d62771713.png,15.0,Midfielder,https://assets.laliga.com/squad/2021/t16203/p71637/512x556/p71637_t16203_2021_1_001_000.png,2.0,25.0,1.0,2.0,2.0,0.0,0.0,37.0,2.0,22.0,8.0,36.0,0.0,886.0,0.0,0.0,0.0,6.0,0.0,13.0,7.0,81.0,440.0,357.0,670.0,7.0,11.0,317.0,947.0,15.0,14.0,8.0,70.0,126.0,2.0,Midfielder,827.5
5864.0,Keidi Bare,K. Bare,male,1997-08-28T00:00:00+00:00,66.0,174.0,RCD Espanyol de Barcelona,ESP,https://assets.laliga.com/assets/2019/06/07/medium/espanyol.png,20.0,Midfielder,https://assets.laliga.com/squad/2021/t177/p181885/512x556/p181885_t177_2021_1_001_000.png,13.0,25.0,0.0,0.0,10.0,0.0,1.0,78.0,1.0,20.0,15.0,7.0,0.0,838.0,0.0,0.0,0.0,1.0,0.0,1.0,9.0,52.0,363.0,396.0,706.0,26.0,25.0,156.0,872.0,27.0,15.0,7.0,26.0,88.0,9.0,Goalkeeper,826.5
2045.0,Josep Señé,J. Señe,male,1991-10-12T00:00:00+00:00,79.0,186.0,CD Lugo,LUG,https://assets.laliga.com/assets/2019/06/07/medium/lugo.png,18.0,Midfielder,https://assets.laliga.com/squad/2021/t5730/p199319/512x556/p199319_t5730_2021_1_001_000.png,42.0,38.0,0.0,1.0,12.0,0.0,5.0,191.0,4.0,35.0,29.0,34.0,2.0,823.0,0.0,0.0,0.0,14.0,0.0,8.0,53.0,48.0,381.0,266.0,588.0,36.0,45.0,382.0,843.0,38.0,43.0,33.0,44.0,163.0,5.0,Midfielder,825.0
9658.0,Yangel Herrera,Herrera,male,1998-01-07T00:00:00+00:00,78.0,184.0,RCD Espanyol de Barcelona,ESP,https://assets.laliga.com/assets/2019/06/07/medium/espanyol.png,25.0,Midfielder,https://assets.laliga.com/squad/2021/t177/p226541/512x556/p226541_t177_2021_1_001_000.png,56.0,23.0,1.0,0.0,5.0,0.0,5.0,149.0,1.0,24.0,19.0,11.0,1.0,842.0,0.0,1.0,0.0,2.0,0.0,2.0,19.0,22.0,357.0,345.0,678.0,32.0,44.0,231.0,857.0,41.0,24.0,11.0,18.0,139.0,5.0,Defender,824.0
1741.0,Rubén Duarte,R. Duarte,male,1995-10-18T00:00:00+00:00,75.0,180.0,Deportivo Alavés,ALA,https://assets.laliga.com/assets/2020/09/01/medium/27002754a98bf535807fe49a24cc63ea.png,3.0,Defender,https://assets.laliga.com/squad/2021/t173/p126119/512x556/p126119_t173_2021_1_001_000.png,54.0,34.0,4.0,0.0,6.0,0.0,4.0,175.0,0.0,44.0,57.0,18.0,2.0,907.0,0.0,1.0,0.0,3.0,0.0,18.0,5.0,59.0,335.0,316.0,566.0,71.0,45.0,487.0,923.0,76.0,19.0,4.0,133.0,165.0,10.0,Midfielder,822.0
40.0,Pedro León Sánchez Gil,P. León,male,1986-11-24T00:00:00+00:00,70.0,183.0,CF Fuenlabrada,FUE,https://assets.laliga.com/assets/2019/06/07/medium/fuenlabrada.png,14.0,Forward,https://assets.laliga.com/squad/2021/t7104/p42839/512x556/p42839_t7104_2021_1_001_000.png,31.0,39.0,0.0,15.0,2.0,0.0,5.0,154.0,10.0,51.0,26.0,63.0,5.0,806.0,0.0,0.0,0.0,41.0,0.0,24.0,36.0,49.0,493.0,182.0,554.0,16.0,39.0,650.0,881.0,46.0,92.0,41.0,76.0,202.0,11.0,Midfielder,816.0
1208.0,Stefan Mitrovic,Mitrovic,male,1990-05-22T00:00:00+00:00,84.0,189.0,Getafe CF,GET,https://assets.laliga.com/assets/2019/06/07/medium/getafe.png,23.0,Defender,https://assets.laliga.com/squad/2021/t1450/p112945/512x556/p112945_t1450_2021_1_001_000.png,56.0,32.0,0.0,0.0,18.0,0.0,10.0,78.0,0.0,32.0,22.0,2.0,0.0,844.0,0.0,0.0,0.0,1.0,1.0,0.0,2.0,83.0,145.0,565.0,627.0,109.0,18.0,208.0,903.0,16.0,13.0,0.0,102.0,91.0,8.0,Midfielder,805.0
17663.0,Riccardo Capellini,R.capellini,male,2000-03-01T00:00:00+00:00,,185.0,CD Mirandés,MIR,https://assets.laliga.com/assets/2019/06/07/medium/mirandes.png,15.0,Defender,https://assets.laliga.com/squad/2021/t5741/p437801/512x556/p437801_t5741_2021_1_001_000.png,26.0,22.0,0.0,0.0,8.0,0.0,3.0,91.0,0.0,30.0,19.0,1.0,1.0,811.0,0.0,1.0,0.0,2.0,0.0,0.0,6.0,53.0,187.0,534.0,668.0,45.0,26.0,134.0,836.0,37.0,6.0,2.0,58.0,57.0,3.0,Midfielder,804.5
8710.0,Juan Cruz Álvaro Armado,Juan Cruz,male,1992-07-28T00:00:00+00:00,79.0,180.0,CA Osasuna,OSA,https://assets.laliga.com/assets/2019/06/07/medium/osasuna.png,3.0,Defender,https://assets.laliga.com/squad/2021/t450/p93203/512x556/p93203_t450_2021_1_001_000.png,23.0,23.0,0.0,0.0,12.0,0.0,6.0,66.0,0.0,27.0,16.0,3.0,0.0,855.0,0.0,0.0,0.0,0.0,0.0,1.0,10.0,39.0,286.0,444.0,690.0,55.0,19.0,203.0,879.0,28.0,6.0,3.0,57.0,93.0,4.0,Midfielder,803.5
19213.0,Aritz Aldasoro,Aldasoro,male,1999-04-05T00:00:00+00:00,,,R. Sociedad B,RSOB,https://assets.laliga.com/assets/2019/06/07/medium/real-sociedad.png,8.0,Midfielder,https://assets.laliga.com/squad/2021/t3567/p513947/512x556/p513947_t3567_2021_1_001_000.png,29.0,28.0,0.0,0.0,2.0,0.0,2.0,112.0,0.0,22.0,21.0,9.0,1.0,779.0,0.0,0.0,0.0,4.0,0.0,0.0,29.0,39.0,307.0,388.0,656.0,26.0,38.0,196.0,805.0,38.0,27.0,13.0,19.0,91.0,5.0,Defender,801.0
14929.0,Alberto Moleiro,A. Moleiro,male,2003-09-30T00:00:00+00:00,,,UD Las Palmas,LPA,https://assets.laliga.com/assets/2019/06/07/medium/las-palmas.png,28.0,Midfielder,https://assets.laliga.com/squad/2021/t407/p513956/512x556/p513956_t407_2021_1_001_000.png,3.0,37.0,1.0,0.0,0.0,0.0,0.0,133.0,3.0,16.0,6.0,24.0,5.0,747.0,0.0,0.0,0.0,14.0,0.0,3.0,55.0,16.0,454.0,213.0,648.0,10.0,25.0,292.0,787.0,38.0,88.0,61.0,13.0,110.0,2.0,Forward,799.5
1127.0,Marco Asensio,Asensio,male,1996-01-21T00:00:00+00:00,76.0,182.0,Real Madrid,RMA,https://assets.laliga.com/assets/2019/06/07/medium/real-madrid.png,11.0,Midfielder,https://assets.laliga.com/squad/2021/t186/p174292/512x556/p174292_t186_2021_1_001_000.png,0.0,31.0,0.0,2.0,1.0,0.0,2.0,59.0,10.0,13.0,12.0,31.0,2.0,772.0,0.0,0.0,0.0,34.0,0.0,3.0,27.0,28.0,549.0,167.0,675.0,6.0,8.0,223.0,802.0,12.0,82.0,13.0,11.0,88.0,2.0,Forward,799.0
19424.0,Peter Pokorny,Pokorny,male,2001-11-08T00:00:00+00:00,76.0,182.0,R. Sociedad B,RSOB,https://assets.laliga.com/assets/2019/06/07/medium/real-sociedad.png,18.0,Midfielder,https://assets.laliga.com/squad/2021/t3567/p442303/512x556/p442303_t3567_2021_1_001_000.png,27.0,24.0,0.0,0.0,2.0,0.0,2.0,111.0,0.0,26.0,30.0,5.0,0.0,837.0,0.0,0.0,0.0,1.0,0.0,0.0,14.0,72.0,236.0,463.0,627.0,28.0,34.0,220.0,867.0,44.0,6.0,8.0,59.0,109.0,7.0,Midfielder,799.0
12616.0,Sergio Bermejo,Bermejo,male,1997-08-17T00:00:00+00:00,68.0,170.0,Real Zaragoza,ZAR,https://assets.laliga.com/assets/2019/06/07/medium/zaragoza.png,22.0,Forward,https://assets.laliga.com/squad/2021/t190/p464213/512x556/p464213_t190_2021_1_001_000.png,21.0,34.0,2.0,3.0,2.0,0.0,1.0,145.0,3.0,19.0,18.0,32.0,7.0,767.0,0.0,0.0,0.0,12.0,0.0,6.0,33.0,20.0,418.0,243.0,625.0,14.0,57.0,340.0,796.0,47.0,53.0,20.0,32.0,119.0,4.0,Midfielder,796.5
1967.0,Christian Rivera,C.rivera,male,1997-07-09T00:00:00+00:00,87.0,191.0,Real Sporting,SPO,https://assets.laliga.com/assets/2019/06/07/medium/sporting.png,17.0,Midfielder,https://assets.laliga.com/squad/2021/t616/p213572/512x556/p213572_t616_2021_1_001_000.png,41.0,21.0,0.0,0.0,4.0,0.0,2.0,105.0,1.0,16.0,25.0,7.0,1.0,799.0,0.0,0.0,0.0,2.0,1.0,1.0,11.0,39.0,296.0,407.0,663.0,16.0,14.0,146.0,821.0,38.0,16.0,5.0,20.0,99.0,4.0,Defender,795.5
8536.0,José Corpas,Corpas,male,1991-07-07T00:00:00+00:00,72.0,178.0,SD Eibar,EIB,https://assets.laliga.com/assets/2019/06/07/medium/eibar.png,17.0,Midfielder,https://assets.laliga.com/squad/2021/t953/p434938/512x556/p434938_t953_2021_1_001_000.png,44.0,43.0,2.0,0.0,0.0,0.0,2.0,197.0,8.0,30.0,21.0,27.0,12.0,846.0,0.0,0.0,0.0,31.0,0.0,12.0,29.0,13.0,427.0,204.0,606.0,9.0,52.0,423.0,851.0,40.0,134.0,26.0,25.0,207.0,5.0,Midfielder,794.5
13398.0,Gonzalo Plata,G. Plata,male,2000-11-01T00:00:00+00:00,65.0,178.0,Real Valladolid CF,VLL,https://assets.laliga.com/assets/2019/06/07/medium/valladolid.png,12.0,Midfielder,https://assets.laliga.com/squad/2021/t192/p453313/512x556/p453313_t192_2021_1_001_000.png,23.0,30.0,5.0,2.0,0.0,0.0,2.0,180.0,6.0,18.0,20.0,38.0,2.0,734.0,0.0,0.0,0.0,17.0,1.0,4.0,68.0,15.0,432.0,182.0,590.0,4.0,22.0,352.0,735.0,53.0,124.0,52.0,14.0,116.0,2.0,Midfielder,794.5
1999.0,José Campaña,J.g. Campaña,male,1993-05-31T00:00:00+00:00,70.0,179.0,Levante UD,LEV,https://assets.laliga.com/assets/2019/06/07/medium/levante.png,24.0,Midfielder,https://assets.laliga.com/squad/2021/t855/p88952/512x556/p88952_t855_2021_1_001_000.png,17.0,20.0,2.0,1.0,2.0,0.0,2.0,87.0,2.0,28.0,21.0,22.0,1.0,777.0,0.0,0.0,0.0,6.0,1.0,1.0,21.0,39.0,417.0,295.0,664.0,19.0,17.0,212.0,818.0,27.0,19.0,14.0,25.0,90.0,6.0,Defender,793.5
2548.0,Nemanja Maksimovic,Maksimovic,male,1995-01-26T00:00:00+00:00,78.0,189.0,Getafe CF,GET,https://assets.laliga.com/assets/2019/06/07/medium/getafe.png,20.0,Midfielder,https://assets.laliga.com/squad/2021/t1450/p198499/512x556/p198499_t1450_2021_1_001_000.png,47.0,35.0,1.0,0.0,13.0,0.0,8.0,126.0,1.0,37.0,71.0,18.0,0.0,823.0,0.0,0.0,0.0,5.0,0.0,2.0,10.0,31.0,346.0,304.0,617.0,33.0,13.0,248.0,834.0,56.0,61.0,6.0,40.0,146.0,4.0,Forward,789.5
5068.0,Renato Tapia,Tapia,male,1995-07-28T00:00:00+00:00,78.0,185.0,RC Celta,CEL,https://assets.laliga.com/assets/2019/06/07/medium/celta.png,14.0,Midfielder,https://assets.laliga.com/squad/2021/t176/p166162/512x556/p166162_t176_2021_1_001_000.png,30.0,29.0,0.0,0.0,5.0,0.0,3.0,112.0,0.0,19.0,28.0,4.0,0.0,812.0,0.0,0.0,0.0,3.0,0.0,1.0,6.0,63.0,335.0,347.0,618.0,39.0,35.0,212.0,851.0,50.0,9.0,9.0,71.0,99.0,10.0,Goalkeeper,788.5
4605.0,Nicolás Gorosito,Nico Gorosito,male,1988-08-17T00:00:00+00:00,79.0,186.0,AD Alcorcón,ALC,https://assets.laliga.com/assets/2019/06/07/medium/alcorcon.png,14.0,Defender,https://assets.laliga.com/squad/2021/t5233/p102547/512x556/p102547_t5233_2021_1_001_000.png,41.0,24.0,0.0,0.0,14.0,0.0,1.0,99.0,2.0,41.0,35.0,1.0,2.0,768.0,0.0,0.0,0.0,2.0,0.0,1.0,4.0,75.0,119.0,574.0,617.0,65.0,31.0,170.0,839.0,24.0,18.0,3.0,71.0,76.0,8.0,Midfielder,784.5
5560.0,Laureano Antonio Villa Suárez,Toni Villa,male,1995-01-07T00:00:00+00:00,63.0,172.0,Real Valladolid CF,VLL,https://assets.laliga.com/assets/2019/06/07/medium/valladolid.png,19.0,Midfielder,https://assets.laliga.com/squad/2021/t192/p242290/512x556/p242290_t192_2021_1_001_000.png,8.0,37.0,3.0,0.0,0.0,0.0,1.0,209.0,5.0,21.0,18.0,36.0,3.0,748.0,0.0,0.0,0.0,14.0,0.0,11.0,62.0,26.0,447.0,145.0,554.0,5.0,33.0,441.0,763.0,63.0,119.0,76.0,18.0,165.0,5.0,Midfielder,784.5
15054.0,Lucas Robertone,Robertone,male,1997-03-18T00:00:00+00:00,70.0,175.0,UD Almería,ALM,https://assets.laliga.com/assets/2019/06/07/medium/almeria.png,5.0,Midfielder,https://assets.laliga.com/squad/2021/t1564/p233681/512x556/p233681_t1564_2021_1_001_000.png,20.0,26.0,4.0,7.0,7.0,0.0,1.0,121.0,4.0,17.0,23.0,40.0,2.0,721.0,0.0,0.0,0.0,10.0,1.0,4.0,18.0,48.0,423.0,253.0,589.0,16.0,30.0,261.0,778.0,38.0,51.0,12.0,32.0,109.0,7.0,Midfielder,781.5
2481.0,Radosav Petrovic,Petrovic,male,1989-03-08T00:00:00+00:00,83.0,193.0,Real Zaragoza,ZAR,https://assets.laliga.com/assets/2019/06/07/medium/zaragoza.png,4.0,Midfielder,https://assets.laliga.com/squad/2021/t190/p56944/512x556/p56944_t190_2021_1_001_000.png,35.0,28.0,0.0,0.0,8.0,0.0,4.0,86.0,1.0,19.0,22.0,5.0,0.0,844.0,0.0,0.0,0.0,3.0,0.0,1.0,8.0,57.0,295.0,408.0,645.0,32.0,44.0,180.0,857.0,28.0,10.0,3.0,62.0,93.0,9.0,Midfielder,781.5
12768.0,Toni Datkovic,Datkovic,male,1993-11-06T00:00:00+00:00,78.0,190.0,FC Cartagena,CAR,https://assets.laliga.com/assets/2022/02/11/medium/1628caa9b2002a11e564eb84b3677f78.png,15.0,Defender,https://assets.laliga.com/squad/2021/t3554/p192757/512x556/p192757_t3554_2021_1_001_000.png,48.0,16.0,1.0,0.0,11.0,0.0,5.0,81.0,0.0,19.0,21.0,3.0,2.0,817.0,0.0,0.0,0.0,2.0,0.0,3.0,6.0,53.0,137.0,560.0,641.0,58.0,18.0,179.0,839.0,19.0,16.0,2.0,57.0,88.0,3.0,Midfielder,781.0
12622.0,Ramón Enríquez,Ramon,male,2001-04-19T00:00:00+00:00,68.0,173.0,Málaga CF,MGA,https://assets.laliga.com/assets/2019/06/07/medium/malaga.png,6.0,Midfielder,https://assets.laliga.com/squad/2021/t182/p490733/512x556/p490733_t182_2021_1_001_000.png,13.0,26.0,0.0,0.0,5.0,0.0,0.0,56.0,1.0,23.0,12.0,7.0,0.0,834.0,0.0,0.0,0.0,4.0,0.0,0.0,13.0,71.0,371.0,364.0,664.0,11.0,19.0,156.0,846.0,14.0,1.0,4.0,29.0,82.0,4.0,Goalkeeper,780.5
7331.0,Mamadou Loum,Loum,male,1996-12-30T00:00:00+00:00,80.0,188.0,Deportivo Alavés,ALA,https://assets.laliga.com/assets/2020/09/01/medium/27002754a98bf535807fe49a24cc63ea.png,6.0,Midfielder,https://assets.laliga.com/squad/2021/t173/p210191/512x556/p210191_t173_2021_1_001_000.png,100.0,32.0,0.0,0.0,11.0,0.0,4.0,197.0,2.0,43.0,37.0,9.0,1.0,821.0,0.0,0.0,0.0,8.0,0.0,1.0,26.0,51.0,285.0,321.0,554.0,68.0,50.0,319.0,830.0,49.0,30.0,16.0,59.0,166.0,9.0,Goalkeeper,778.0
1037.0,Germán Parreño,Germán,male,1993-02-16T00:00:00+00:00,78.0,189.0,UD Ibiza,IBI,https://assets.laliga.com/assets/2021/06/24/medium/d7bc0d2c9bf06afd6b5ace9d62771713.png,1.0,Goalkeeper,https://assets.laliga.com/squad/2021/t16203/p149052/512x556/p149052_t16203_2021_1_001_000.png,10.0,32.0,0.0,0.0,0.0,31.0,8.0,13.0,0.0,45.0,1.0,0.0,0.0,698.0,1.0,0.0,87.0,0.0,0.0,0.0,0.0,196.0,125.0,595.0,524.0,30.0,1.0,336.0,1047.0,2.0,0.0,0.0,314.0,13.0,4.0,Midfielder,777.5
7276.0,Isaac Palazón,Isi,male,1994-12-27T00:00:00+00:00,71.0,169.0,Rayo Vallecano,RAY,https://assets.laliga.com/assets/2019/06/07/medium/rayo.png,7.0,Midfielder,https://assets.laliga.com/squad/2021/t184/p434078/512x556/p434078_t184_2021_1_001_000.png,46.0,34.0,3.0,6.0,3.0,0.0,3.0,193.0,2.0,26.0,13.0,30.0,5.0,790.0,0.0,0.0,0.0,13.0,0.0,5.0,36.0,50.0,447.0,173.0,554.0,19.0,32.0,461.0,813.0,42.0,51.0,45.0,48.0,161.0,7.0,Midfielder,772.0
7363.0,Genaro Rodríguez,Genaro,male,1998-03-23T00:00:00+00:00,76.0,184.0,Málaga CF,MGA,https://assets.laliga.com/assets/2019/06/07/medium/malaga.png,16.0,Defender,https://assets.laliga.com/squad/2021/t182/p218776/512x556/p218776_t182_2021_1_001_000.png,61.0,27.0,1.0,0.0,9.0,0.0,7.0,121.0,2.0,28.0,21.0,9.0,3.0,841.0,0.0,0.0,0.0,9.0,1.0,2.0,3.0,66.0,292.0,373.0,597.0,40.0,46.0,247.0,856.0,44.0,26.0,6.0,47.0,146.0,7.0,Midfielder,772.0
3110.0,Darko Brasanac,Darko,male,1992-02-12T00:00:00+00:00,73.0,178.0,CA Osasuna,OSA,https://assets.laliga.com/assets/2019/06/07/medium/osasuna.png,8.0,Midfielder,https://assets.laliga.com/squad/2021/t450/p84700/512x556/p84700_t450_2021_1_001_000.png,33.0,35.0,0.0,0.0,8.0,0.0,4.0,107.0,1.0,34.0,25.0,27.0,9.0,833.0,0.0,0.0,0.0,5.0,0.0,5.0,15.0,8.0,441.0,231.0,659.0,15.0,52.0,318.0,873.0,35.0,83.0,12.0,24.0,182.0,9.0,Defender,765.5
3686.0,Lucas Ahijado,Lucas,male,1995-01-30T00:00:00+00:00,67.0,173.0,Real Oviedo,OVI,https://assets.laliga.com/assets/2019/06/07/medium/oviedo.png,24.0,Midfielder,https://assets.laliga.com/squad/2021/t187/p199332/512x556/p199332_t187_2021_1_001_000.png,27.0,30.0,1.0,0.0,7.0,0.0,10.0,131.0,1.0,23.0,36.0,14.0,2.0,845.0,0.0,0.0,0.0,3.0,0.0,15.0,29.0,37.0,304.0,319.0,571.0,44.0,46.0,441.0,852.0,56.0,14.0,20.0,85.0,159.0,7.0,Midfielder,765.0
4319.0,Carles Aleñá,Aleñá,male,1998-01-05T00:00:00+00:00,73.0,180.0,Getafe CF,GET,https://assets.laliga.com/assets/2019/06/07/medium/getafe.png,11.0,Midfielder,https://assets.laliga.com/squad/2021/t1450/p179271/512x556/p179271_t1450_2021_1_001_000.png,13.0,33.0,2.0,0.0,2.0,0.0,4.0,94.0,1.0,20.0,15.0,18.0,1.0,802.0,0.0,0.0,0.0,14.0,1.0,6.0,17.0,44.0,429.0,252.0,624.0,10.0,50.0,285.0,820.0,27.0,15.0,18.0,32.0,120.0,6.0,Defender,762.5
992.0,Borja García,Borja Garcia,male,1990-11-02T00:00:00+00:00,72.0,175.0,Girona FC,GIR,https://assets.laliga.com/assets/2019/06/07/medium/girona.png,24.0,Midfielder,https://assets.laliga.com/squad/2021/t2893/p63904/512x556/p63904_t2893_2021_1_001_000.png,14.0,28.0,1.0,0.0,2.0,0.0,0.0,112.0,2.0,20.0,12.0,31.0,2.0,769.0,0.0,0.0,0.0,10.0,1.0,9.0,24.0,21.0,421.0,248.0,627.0,13.0,9.0,237.0,776.0,14.0,48.0,9.0,18.0,110.0,2.0,Goalkeeper,761.0
1103.0,Yassine Bounou,Bono,male,1991-04-05T00:00:00+00:00,78.0,192.0,Sevilla FC,SEV,https://assets.laliga.com/assets/2019/06/07/medium/sevilla.png,13.0,Goalkeeper,https://assets.laliga.com/squad/2021/t179/p120026/512x556/p120026_t179_2021_1_001_000.png,7.0,31.0,1.0,0.0,0.0,24.0,13.0,11.0,0.0,24.0,0.0,0.0,0.0,589.0,1.0,0.0,76.0,0.0,0.0,0.0,1.0,186.0,88.0,618.0,520.0,23.0,0.0,254.0,954.0,0.0,0.0,0.0,241.0,7.0,2.0,Midfielder,760.5
12180.0,Omar Alderete,Omar Alderete,male,1996-12-26T00:00:00+00:00,77.0,188.0,Valencia CF,VAL,https://assets.laliga.com/assets/2019/06/07/medium/valencia.png,15.0,Defender,https://assets.laliga.com/squad/2021/t191/p201895/512x556/p201895_t191_2021_1_001_000.png,69.0,29.0,0.0,0.0,18.0,0.0,7.0,142.0,2.0,34.0,35.0,4.0,0.0,895.0,0.0,0.0,0.0,5.0,0.0,0.0,13.0,118.0,240.0,338.0,460.0,150.0,42.0,406.0,950.0,53.0,26.0,1.0,218.0,154.0,15.0,Midfielder,755.5
4451.0,Carlos Soler,C.soler,male,1997-01-02T00:00:00+00:00,76.0,180.0,Valencia CF,VAL,https://assets.laliga.com/assets/2019/06/07/medium/valencia.png,10.0,Midfielder,https://assets.laliga.com/squad/2021/t191/p224860/512x556/p224860_t191_2021_1_001_000.png,12.0,32.0,5.0,6.0,4.0,0.0,6.0,106.0,11.0,33.0,14.0,48.0,2.0,738.0,0.0,0.0,0.0,21.0,0.0,4.0,19.0,54.0,435.0,222.0,560.0,25.0,21.0,399.0,825.0,29.0,57.0,19.0,70.0,141.0,4.0,Goalkeeper,755.5
15067.0,Victor Chust,Chust,male,2000-03-05T00:00:00+00:00,,184.0,Cádiz CF,CAD,https://assets.laliga.com/assets/2019/06/07/medium/cadiz.png,32.0,Defender,https://assets.laliga.com/squad/2021/t1737/p437463/512x556/p437463_t1737_2021_1_001_000.png,31.0,25.0,0.0,0.0,8.0,0.0,7.0,61.0,0.0,27.0,16.0,0.0,0.0,774.0,0.0,0.0,0.0,2.0,0.0,0.0,4.0,70.0,185.0,486.0,601.0,84.0,14.0,136.0,796.0,19.0,18.0,1.0,63.0,62.0,2.0,Midfielder,749.5
8727.0,Iddrisu Baba,Baba,male,1996-01-22T00:00:00+00:00,73.0,185.0,RCD Mallorca,MLL,https://assets.laliga.com/assets/2019/06/07/medium/mallorca.png,12.0,Midfielder,https://assets.laliga.com/squad/2021/t181/p463170/512x556/p463170_t181_2021_1_001_000.png,41.0,26.0,0.0,0.0,5.0,0.0,3.0,158.0,1.0,36.0,24.0,9.0,0.0,755.0,0.0,0.0,0.0,8.0,0.0,1.0,22.0,52.0,264.0,352.0,563.0,33.0,42.0,221.0,771.0,57.0,9.0,9.0,39.0,117.0,9.0,Forward,749.5
1888.0,Íñigo Lekue,I. Lekue,male,1993-05-04T00:00:00+00:00,70.0,180.0,Athletic Club,ATH,https://assets.laliga.com/assets/2019/06/07/medium/athletic.png,15.0,Defender,https://assets.laliga.com/squad/2021/t174/p197314/512x556/p197314_t174_2021_1_001_000.png,18.0,25.0,2.0,0.0,12.0,0.0,7.0,72.0,0.0,23.0,23.0,11.0,0.0,851.0,0.0,0.0,0.0,1.0,0.0,17.0,13.0,58.0,337.0,315.0,577.0,51.0,19.0,389.0,876.0,32.0,12.0,16.0,88.0,153.0,3.0,Midfielder,740.5
429.0,Álvaro García Rivera,Álvaro,male,1992-10-27T00:00:00+00:00,61.0,167.0,Rayo Vallecano,RAY,https://assets.laliga.com/assets/2019/06/07/medium/rayo.png,18.0,Midfielder,https://assets.laliga.com/squad/2021/t184/p165682/512x556/p165682_t184_2021_1_001_000.png,5.0,36.0,4.0,0.0,3.0,0.0,4.0,94.0,7.0,44.0,42.0,39.0,11.0,819.0,0.0,0.0,0.0,24.0,0.0,39.0,22.0,28.0,426.0,195.0,551.0,15.0,23.0,520.0,825.0,42.0,156.0,28.0,51.0,195.0,6.0,Defender,737.0
4516.0,Juan Soriano,Juan Soriano,male,1997-08-23T00:00:00+00:00,78.0,185.0,CD Tenerife,TEN,https://assets.laliga.com/assets/2019/06/07/medium/tenerife.png,1.0,Goalkeeper,https://assets.laliga.com/squad/2021/t612/p178874/512x556/p178874_t612_2021_1_001_000.png,18.0,43.0,0.0,0.0,0.0,56.0,17.0,24.0,0.0,36.0,1.0,0.0,0.0,494.0,0.0,0.0,134.0,0.0,0.0,0.0,0.0,312.0,221.0,400.0,309.0,49.0,1.0,494.0,1104.0,1.0,1.0,0.0,477.0,6.0,5.0,Midfielder,733.0
1590.0,Unai López,Unai Lopez,male,1995-10-30T00:00:00+00:00,68.0,170.0,Rayo Vallecano,RAY,https://assets.laliga.com/assets/2019/06/07/medium/rayo.png,12.0,Midfielder,https://assets.laliga.com/squad/2021/t184/p183462/512x556/p183462_t184_2021_1_001_000.png,8.0,27.0,0.0,4.0,0.0,0.0,0.0,58.0,0.0,24.0,10.0,24.0,5.0,730.0,0.0,0.0,0.0,7.0,0.0,3.0,14.0,75.0,396.0,291.0,590.0,6.0,26.0,203.0,770.0,19.0,21.0,13.0,46.0,59.0,5.0,Forward,732.0
12630.0,Enrique Clemente,Clemente,male,1999-03-04T00:00:00+00:00,79.0,180.0,R. Sociedad B,RSOB,https://assets.laliga.com/assets/2019/06/07/medium/real-sociedad.png,25.0,Defender,,20.0,16.0,1.0,0.0,3.0,0.0,3.0,37.0,0.0,24.0,23.0,7.0,1.0,790.0,0.0,0.0,0.0,0.0,0.0,0.0,4.0,48.0,244.0,438.0,634.0,44.0,20.0,157.0,824.0,9.0,10.0,3.0,84.0,58.0,6.0,Midfielder,729.0
6201.0,Gonzalo Melero,Melero,male,1994-01-02T00:00:00+00:00,77.0,183.0,Levante UD,LEV,https://assets.laliga.com/assets/2019/06/07/medium/levante.png,22.0,Midfielder,https://assets.laliga.com/squad/2021/t855/p195457/512x556/p195457_t855_2021_1_001_000.png,28.0,29.0,1.0,0.0,8.0,0.0,0.0,93.0,7.0,39.0,7.0,14.0,2.0,756.0,0.0,0.0,0.0,11.0,0.0,0.0,12.0,23.0,300.0,353.0,630.0,22.0,20.0,191.0,768.0,29.0,28.0,14.0,15.0,100.0,5.0,Goalkeeper,728.5
1587.0,José Raúl Gutiérrez Parejo,Raúl Guti,male,1996-12-30T00:00:00+00:00,74.0,177.0,Elche CF,ELC,https://assets.laliga.com/assets/2019/06/07/medium/elche.png,8.0,Midfielder,https://assets.laliga.com/squad/2021/t954/p195381/512x556/p195381_t954_2021_1_001_000.png,12.0,31.0,0.0,0.0,3.0,0.0,3.0,79.0,0.0,17.0,25.0,10.0,0.0,767.0,0.0,1.0,0.0,5.0,0.0,1.0,11.0,42.0,354.0,302.0,613.0,7.0,16.0,178.0,777.0,25.0,15.0,10.0,35.0,87.0,2.0,Defender,727.0
4829.0,Thomas Delaney,Delaney,male,1991-09-03T00:00:00+00:00,79.0,182.0,Sevilla FC,SEV,https://assets.laliga.com/assets/2019/06/07/medium/sevilla.png,18.0,Midfielder,https://assets.laliga.com/squad/2021/t179/p68640/512x556/p68640_t179_2021_1_001_000.png,55.0,26.0,0.0,0.0,10.0,0.0,3.0,123.0,2.0,12.0,13.0,9.0,1.0,775.0,0.0,1.0,0.0,4.0,0.0,1.0,6.0,53.0,274.0,343.0,563.0,33.0,26.0,213.0,787.0,41.0,26.0,3.0,52.0,119.0,2.0,Defender,725.0
1562.0,Cristian Álvarez,Alvarez,male,1985-11-13T00:00:00+00:00,83.0,186.0,Real Zaragoza,ZAR,https://assets.laliga.com/assets/2019/06/07/medium/zaragoza.png,1.0,Goalkeeper,https://assets.laliga.com/squad/2021/t190/p51728/512x556/p51728_t190_2021_1_001_000.png,12.0,38.0,0.0,0.0,0.0,26.0,11.0,21.0,0.0,40.0,0.0,1.0,0.0,564.0,2.0,0.0,104.0,0.0,0.0,0.0,0.0,266.0,140.0,514.0,388.0,30.0,2.0,348.0,992.0,0.0,0.0,0.0,329.0,9.0,3.0,Midfielder,723.5
819.0,Iñigo Ruiz de Galarreta,R. De Galarreta,male,1993-08-06T00:00:00+00:00,69.0,175.0,RCD Mallorca,MLL,https://assets.laliga.com/assets/2019/06/07/medium/mallorca.png,4.0,Midfielder,https://assets.laliga.com/squad/2021/t181/p96736/512x556/p96736_t181_2021_1_001_000.png,18.0,22.0,0.0,0.0,2.0,0.0,1.0,117.0,0.0,18.0,20.0,11.0,0.0,708.0,0.0,0.0,0.0,3.0,0.0,1.0,26.0,41.0,354.0,260.0,571.0,20.0,25.0,190.0,741.0,40.0,6.0,9.0,29.0,100.0,4.0,Goalkeeper,721.0
8571.0,Giovanni Zarfino,Zarfino,male,1991-08-10T00:00:00+00:00,78.0,183.0,AD Alcorcón,ALC,https://assets.laliga.com/assets/2019/06/07/medium/alcorcon.png,12.0,Midfielder,https://assets.laliga.com/squad/2021/t5233/p214679/512x556/p214679_t5233_2021_1_001_000.png,71.0,29.0,1.0,0.0,6.0,0.0,2.0,141.0,7.0,38.0,23.0,21.0,9.0,806.0,0.0,1.0,0.0,16.0,0.0,5.0,21.0,42.0,260.0,335.0,548.0,38.0,28.0,338.0,819.0,29.0,80.0,13.0,48.0,181.0,7.0,Midfielder,720.0
8538.0,Juan Diego Molina,Stoichkov,male,1993-11-05T00:00:00+00:00,71.0,178.0,SD Eibar,EIB,https://assets.laliga.com/assets/2019/06/07/medium/eibar.png,19.0,Midfielder,https://assets.laliga.com/squad/2021/t953/p198524/512x556/p198524_t953_2021_1_001_000.png,39.0,40.0,2.0,0.0,0.0,0.0,0.0,146.0,21.0,36.0,15.0,37.0,11.0,763.0,0.0,0.0,0.0,43.0,1.0,5.0,29.0,23.0,375.0,193.0,540.0,18.0,38.0,416.0,790.0,37.0,162.0,18.0,14.0,213.0,7.0,Forward,719.5
14160.0,Iker Bilbao,Iker Bilbao,male,1996-03-20T00:00:00+00:00,77.0,181.0,SD Amorebieta,AMO,https://assets.laliga.com/assets/2021/06/24/medium/7dcec1604142a8f60f876e4c7e839da7.png,6.0,Midfielder,https://assets.laliga.com/squad/2021/t6498/p499107/512x556/p499107_t6498_2021_1_001_000.png,86.0,38.0,3.0,4.0,6.0,0.0,0.0,168.0,2.0,42.0,23.0,21.0,2.0,808.0,0.0,0.0,0.0,8.0,0.0,11.0,16.0,47.0,396.0,193.0,523.0,30.0,38.0,409.0,832.0,43.0,44.0,12.0,69.0,193.0,5.0,Defender,717.0
8094.0,Kenneth Omeruo,Omeruo,male,1993-10-17T00:00:00+00:00,81.0,185.0,CD Leganés,LEG,https://assets.laliga.com/assets/2019/06/07/medium/leganes.png,4.0,Defender,https://assets.laliga.com/squad/2021/t957/p112991/512x556/p112991_t957_2021_1_001_000.png,55.0,17.0,0.0,0.0,16.0,0.0,6.0,82.0,2.0,16.0,35.0,4.0,0.0,760.0,0.0,0.0,0.0,5.0,0.0,0.0,2.0,84.0,194.0,425.0,535.0,70.0,27.0,172.0,782.0,19.0,9.0,1.0,89.0,74.0,7.0,Midfielder,717.0
14493.0,Bogdan Milovanov,B. Milovanov,male,1998-04-19T00:00:00+00:00,75.0,178.0,Real Sporting,SPO,https://assets.laliga.com/assets/2019/06/07/medium/sporting.png,19.0,Defender,https://assets.laliga.com/squad/2021/t616/p440610/512x556/p440610_t616_2021_1_001_000.png,37.0,28.0,0.0,0.0,7.0,0.0,2.0,128.0,1.0,26.0,20.0,23.0,4.0,753.0,0.0,0.0,0.0,1.0,0.0,13.0,16.0,37.0,251.0,307.0,508.0,79.0,30.0,351.0,764.0,63.0,32.0,15.0,89.0,130.0,3.0,Midfielder,709.0
3122.0,Karim Rekik,K. Rekik,male,1994-12-02T00:00:00+00:00,84.0,186.0,Sevilla FC,SEV,https://assets.laliga.com/assets/2019/06/07/medium/sevilla.png,4.0,Defender,https://assets.laliga.com/squad/2021/t179/p103040/512x556/p103040_t179_2021_1_001_000.png,23.0,18.0,1.0,0.0,6.0,0.0,3.0,47.0,0.0,8.0,9.0,3.0,1.0,726.0,0.0,0.0,0.0,0.0,0.0,2.0,5.0,13.0,184.0,480.0,649.0,19.0,16.0,112.0,732.0,11.0,14.0,3.0,23.0,47.0,2.0,Midfielder,706.0
1982.0,Jorge Miramón,Jorge Miramón,male,1989-06-02T00:00:00+00:00,74.0,175.0,Levante UD,LEV,https://assets.laliga.com/assets/2019/06/07/medium/levante.png,20.0,Midfielder,https://assets.laliga.com/squad/2021/t855/p89334/512x556/p89334_t855_2021_1_001_000.png,18.0,29.0,0.0,0.0,3.0,0.0,5.0,98.0,1.0,43.0,35.0,16.0,0.0,778.0,0.0,0.0,0.0,2.0,0.0,13.0,21.0,51.0,285.0,315.0,535.0,51.0,31.0,319.0,784.0,36.0,19.0,10.0,72.0,126.0,5.0,Defender,705.5
22799.0,Nicolás González Iglesias,Nico,male,2002-01-03T00:00:00+00:00,85.0,188.0,FC Barcelona,BAR,https://assets.laliga.com/assets/2019/06/07/medium/barcelona.png,14.0,Midfielder,https://assets.laliga.com/squad/2021/t178/p465694/512x556/p465694_t178_2021_1_001_000.png,5.0,27.0,0.0,0.0,0.0,0.0,1.0,89.0,2.0,10.0,6.0,12.0,1.0,663.0,0.0,0.0,0.0,4.0,0.0,2.0,34.0,12.0,416.0,192.0,594.0,12.0,37.0,141.0,673.0,31.0,28.0,9.0,7.0,60.0,6.0,Goalkeeper,695.0
12116.0,Rodrigo Riquelme,Riquelme,male,2000-04-02T00:00:00+00:00,,174.0,CD Mirandés,MIR,https://assets.laliga.com/assets/2019/06/07/medium/mirandes.png,22.0,Midfielder,https://assets.laliga.com/squad/2021/t5741/p437834/512x556/p437834_t5741_2021_1_001_000.png,3.0,36.0,10.0,8.0,0.0,0.0,2.0,135.0,7.0,37.0,12.0,27.0,2.0,682.0,0.0,0.0,0.0,26.0,0.0,9.0,59.0,27.0,434.0,137.0,521.0,9.0,26.0,489.0,721.0,22.0,114.0,82.0,18.0,155.0,2.0,Defender,693.0
287.0,Óscar Plano,Oscar Plano,male,1991-02-11T00:00:00+00:00,72.0,180.0,Real Valladolid CF,VLL,https://assets.laliga.com/assets/2019/06/07/medium/valladolid.png,10.0,Forward,https://assets.laliga.com/squad/2021/t192/p96785/512x556/p96785_t192_2021_1_001_000.png,44.0,32.0,1.0,0.0,4.0,0.0,3.0,139.0,3.0,23.0,28.0,24.0,4.0,720.0,0.0,0.0,0.0,15.0,1.0,1.0,17.0,27.0,374.0,191.0,537.0,16.0,40.0,278.0,732.0,34.0,94.0,12.0,26.0,142.0,4.0,Midfielder,689.5
2273.0,Thomas Lemar,Lemar,male,1995-11-12T00:00:00+00:00,63.0,171.0,Atlético de Madrid,ATM,https://assets.laliga.com/assets/2019/06/07/medium/atletico.png,11.0,Midfielder,https://assets.laliga.com/squad/2021/t175/p167449/512x556/p167449_t175_2021_1_001_000.png,12.0,24.0,3.0,1.0,0.0,0.0,2.0,90.0,4.0,25.0,8.0,26.0,2.0,654.0,0.0,0.0,0.0,8.0,0.0,15.0,33.0,28.0,419.0,184.0,551.0,10.0,11.0,245.0,679.0,24.0,47.0,23.0,11.0,89.0,2.0,Defender,686.5
7604.0,Miguel Ángel Rubio,Miguel Rubio,male,1998-03-11T00:00:00+00:00,86.0,191.0,Burgos CF,BUR,https://assets.laliga.com/assets/2021/06/24/medium/8de24d38ab1472bbae1620d36582d7bd.png,12.0,Defender,https://assets.laliga.com/squad/2021/t951/p450429/512x556/p450429_t951_2021_1_001_000.png,84.0,28.0,0.0,0.0,20.0,0.0,9.0,125.0,3.0,23.0,32.0,4.0,0.0,705.0,0.0,0.0,0.0,8.0,0.0,0.0,7.0,66.0,144.0,397.0,475.0,111.0,26.0,194.0,726.0,21.0,32.0,1.0,82.0,103.0,4.0,Midfielder,683.0
5770.0,Francisco Javier Hidalgo,Son,male,1994-03-30T00:00:00+00:00,72.0,178.0,Levante UD,LEV,https://assets.laliga.com/assets/2019/06/07/medium/levante.png,2.0,Midfielder,https://assets.laliga.com/squad/2021/t855/p244636/512x556/p244636_t855_2021_1_001_000.png,10.0,26.0,0.0,0.0,5.0,0.0,3.0,71.0,1.0,40.0,19.0,16.0,3.0,816.0,0.0,0.0,0.0,7.0,1.0,8.0,19.0,74.0,301.0,310.0,528.0,28.0,21.0,347.0,822.0,28.0,34.0,20.0,88.0,132.0,5.0,Defender,682.5
2663.0,Gonçalo Manuel Ganchinho Guedes,Guedes,male,1996-11-29T00:00:00+00:00,68.0,179.0,Valencia CF,VAL,https://assets.laliga.com/assets/2019/06/07/medium/valencia.png,7.0,Midfielder,https://assets.laliga.com/squad/2021/t191/p181284/512x556/p181284_t191_2021_1_001_000.png,16.0,36.0,5.0,3.0,0.0,0.0,2.0,175.0,11.0,42.0,9.0,37.0,5.0,707.0,0.0,0.0,0.0,28.0,0.0,18.0,64.0,36.0,428.0,108.0,468.0,1.0,37.0,526.0,736.0,21.0,94.0,60.0,32.0,200.0,3.0,Goalkeeper,679.5
8635.0,Luis Rioja,L. Rioja,male,1993-10-16T00:00:00+00:00,68.0,175.0,Deportivo Alavés,ALA,https://assets.laliga.com/assets/2020/09/01/medium/27002754a98bf535807fe49a24cc63ea.png,11.0,Midfielder,https://assets.laliga.com/squad/2021/t173/p434941/512x556/p434941_t173_2021_1_001_000.png,17.0,37.0,2.0,0.0,1.0,0.0,1.0,154.0,1.0,57.0,25.0,30.0,12.0,726.0,0.0,0.0,0.0,16.0,0.0,20.0,70.0,28.0,370.0,174.0,486.0,16.0,17.0,594.0,738.0,28.0,100.0,60.0,46.0,178.0,3.0,Forward,679.0
8233.0,Javier Pérez Mateo,Javi Pérez,male,1995-08-14T00:00:00+00:00,74.0,184.0,UD Ibiza,IBI,https://assets.laliga.com/assets/2021/06/24/medium/d7bc0d2c9bf06afd6b5ace9d62771713.png,14.0,Midfielder,https://assets.laliga.com/squad/2021/t16203/p201554/512x556/p201554_t16203_2021_1_001_000.png,32.0,30.0,0.0,0.0,3.0,0.0,1.0,112.0,0.0,21.0,10.0,10.0,0.0,690.0,0.0,0.0,0.0,4.0,0.0,5.0,22.0,33.0,252.0,333.0,547.0,19.0,27.0,225.0,708.0,28.0,34.0,13.0,30.0,98.0,1.0,Midfielder,676.5
596.0,Rafael Alcántara do Nascimento,Rafael,male,1993-02-12T00:00:00+00:00,71.0,174.0,Real Sociedad,RSO,https://assets.laliga.com/assets/2019/06/07/medium/real-sociedad.png,17.0,Midfielder,https://assets.laliga.com/squad/2021/t188/p92819/512x556/p92819_t188_2021_1_001_000.png,13.0,17.0,0.0,1.0,2.0,0.0,0.0,112.0,1.0,10.0,12.0,9.0,0.0,636.0,0.0,0.0,0.0,2.0,0.0,2.0,18.0,24.0,361.0,220.0,553.0,3.0,21.0,162.0,652.0,43.0,20.0,18.0,10.0,65.0,3.0,Defender,673.5
550.0,David Timor,Timor S.v,male,1989-10-17T00:00:00+00:00,80.0,185.0,SD Huesca,HUE,https://assets.laliga.com/assets/2019/06/07/medium/huesca.png,12.0,Midfielder,,38.0,17.0,0.0,1.0,7.0,0.0,6.0,70.0,0.0,13.0,21.0,8.0,0.0,709.0,0.0,0.0,0.0,4.0,0.0,0.0,6.0,49.0,227.0,379.0,557.0,32.0,17.0,160.0,744.0,11.0,11.0,6.0,48.0,90.0,6.0,Midfielder,672.5
550.0,David Timor,Timor S.v,male,1989-10-17T00:00:00+00:00,80.0,185.0,SD Huesca,HUE,https://assets.laliga.com/assets/2019/06/07/medium/huesca.png,12.0,Midfielder,,38.0,17.0,0.0,1.0,7.0,0.0,6.0,70.0,0.0,13.0,21.0,8.0,0.0,709.0,0.0,0.0,0.0,4.0,0.0,0.0,6.0,49.0,227.0,379.0,557.0,32.0,17.0,160.0,744.0,11.0,11.0,6.0,48.0,90.0,6.0,Midfielder,672.5
72.0,Jesé Rodríguez Ruiz,Jese,male,1993-02-26T00:00:00+00:00,72.0,178.0,UD Las Palmas,LPA,https://assets.laliga.com/assets/2019/06/07/medium/las-palmas.png,10.0,Forward,https://assets.laliga.com/squad/2021/t407/p93127/512x556/p93127_t407_2021_1_001_000.png,13.0,41.0,5.0,0.0,0.0,0.0,2.0,112.0,11.0,41.0,10.0,54.0,29.0,676.0,0.0,0.0,0.0,44.0,0.0,5.0,41.0,17.0,411.0,136.0,525.0,1.0,37.0,375.0,723.0,21.0,202.0,32.0,12.0,169.0,4.0,Midfielder,671.5
12737.0,Samuel Shashoua,Shashoua,male,1999-05-13T00:00:00+00:00,70.0,176.0,CD Tenerife,TEN,https://assets.laliga.com/assets/2019/06/07/medium/tenerife.png,10.0,Midfielder,https://assets.laliga.com/squad/2021/t612/p205135/512x556/p205135_t612_2021_1_001_000.png,4.0,32.0,3.0,2.0,0.0,0.0,2.0,111.0,6.0,13.0,0.0,31.0,6.0,612.0,0.0,0.0,0.0,19.0,0.0,8.0,52.0,32.0,453.0,113.0,519.0,1.0,15.0,256.0,649.0,13.0,72.0,26.0,15.0,83.0,4.0,Midfielder,670.5
1547.0,Aitor García Flores,Aitor G.,male,1994-03-25T00:00:00+00:00,69.0,173.0,Real Sporting,SPO,https://assets.laliga.com/assets/2019/06/07/medium/sporting.png,7.0,Midfielder,https://assets.laliga.com/squad/2021/t616/p111466/512x556/p111466_t616_2021_1_001_000.png,7.0,39.0,3.0,0.0,2.0,0.0,0.0,103.0,6.0,25.0,34.0,29.0,8.0,669.0,0.0,0.0,0.0,22.0,0.0,8.0,25.0,30.0,297.0,239.0,498.0,24.0,28.0,331.0,679.0,49.0,93.0,44.0,32.0,119.0,5.0,Forward,667.0
6301.0,Ignacio Méndez-Navia Fernández,Nacho Mendez,male,1998-03-30T00:00:00+00:00,76.0,178.0,Real Sporting,SPO,https://assets.laliga.com/assets/2019/06/07/medium/sporting.png,10.0,Midfielder,https://assets.laliga.com/squad/2021/t616/p434052/512x556/p434052_t616_2021_1_001_000.png,23.0,29.0,0.0,0.0,4.0,0.0,1.0,80.0,1.0,17.0,14.0,19.0,0.0,696.0,0.0,0.0,0.0,2.0,0.0,0.0,13.0,34.0,347.0,241.0,552.0,14.0,29.0,192.0,714.0,29.0,11.0,11.0,37.0,91.0,4.0,Midfielder,662.5
6157.0,Gregorio Sierra,Grego S.,male,1992-03-05T00:00:00+00:00,74.0,184.0,Burgos CF,BUR,https://assets.laliga.com/assets/2021/06/24/medium/8de24d38ab1472bbae1620d36582d7bd.png,20.0,Midfielder,https://assets.laliga.com/squad/2021/t951/p429177/512x556/p429177_t951_2021_1_001_000.png,39.0,26.0,0.0,0.0,20.0,0.0,6.0,87.0,3.0,27.0,30.0,5.0,4.0,707.0,0.0,0.0,0.0,6.0,1.0,0.0,8.0,82.0,211.0,347.0,476.0,79.0,31.0,200.0,735.0,22.0,19.0,2.0,96.0,81.0,9.0,Goalkeeper,660.0
3242.0,Nemanja Gudelj,Gudelj,male,1991-11-16T00:00:00+00:00,81.0,187.0,Sevilla FC,SEV,https://assets.laliga.com/assets/2019/06/07/medium/sevilla.png,6.0,Midfielder,https://assets.laliga.com/squad/2021/t179/p72154/512x556/p72154_t179_2021_1_001_000.png,29.0,21.0,0.0,1.0,9.0,0.0,4.0,54.0,0.0,9.0,22.0,2.0,0.0,655.0,0.0,0.0,0.0,1.0,0.0,0.0,0.0,22.0,166.0,433.0,577.0,36.0,15.0,82.0,671.0,16.0,3.0,0.0,26.0,46.0,5.0,Goalkeeper,657.5
4617.0,Sergio Herrera,S. Herrera,male,1993-06-05T00:00:00+00:00,82.0,192.0,CA Osasuna,OSA,https://assets.laliga.com/assets/2019/06/07/medium/osasuna.png,1.0,Goalkeeper,https://assets.laliga.com/squad/2021/t450/p138039/512x556/p138039_t450_2021_1_001_000.png,9.0,36.0,0.0,0.0,0.0,21.0,12.0,20.0,0.0,48.0,1.0,1.0,0.0,504.0,3.0,0.0,101.0,0.0,0.0,0.0,3.0,410.0,357.0,235.0,182.0,27.0,0.0,495.0,1080.0,3.0,0.0,0.0,480.0,8.0,3.0,Midfielder,655.0
1137.0,Juan José Narváez Solarte,Narvaez,male,1995-02-12T00:00:00+00:00,79.0,181.0,Real Zaragoza,ZAR,https://assets.laliga.com/assets/2019/06/07/medium/zaragoza.png,7.0,Forward,https://assets.laliga.com/squad/2021/t190/p174898/512x556/p174898_t190_2021_1_001_000.png,38.0,34.0,1.0,3.0,3.0,0.0,2.0,174.0,2.0,27.0,10.0,21.0,4.0,631.0,0.0,0.0,0.0,24.0,0.0,2.0,15.0,14.0,394.0,138.0,516.0,15.0,21.0,275.0,638.0,15.0,102.0,21.0,11.0,97.0,5.0,Midfielder,654.0
2310.0,Maxime Gonalons,Gonalons,male,1989-03-10T00:00:00+00:00,76.0,187.0,Granada CF,GRA,https://assets.laliga.com/assets/2019/06/07/medium/granada.png,4.0,Midfielder,https://assets.laliga.com/squad/2021/t5683/p59963/512x556/p59963_t5683_2021_1_001_000.png,34.0,25.0,0.0,0.0,10.0,0.0,1.0,121.0,0.0,25.0,18.0,11.0,0.0,632.0,0.0,0.0,0.0,2.0,0.0,0.0,14.0,45.0,246.0,304.0,505.0,28.0,29.0,145.0,651.0,43.0,7.0,7.0,24.0,77.0,6.0,Goalkeeper,653.0
4142.0,Valentín Vada,V. Vada,male,1996-03-06T00:00:00+00:00,71.0,175.0,Real Zaragoza,ZAR,https://assets.laliga.com/assets/2019/06/07/medium/zaragoza.png,11.0,Midfielder,https://assets.laliga.com/squad/2021/t190/p195982/512x556/p195982_t190_2021_1_001_000.png,7.0,29.0,0.0,2.0,3.0,0.0,0.0,61.0,7.0,18.0,7.0,20.0,4.0,634.0,0.0,0.0,0.0,11.0,1.0,1.0,11.0,44.0,346.0,251.0,538.0,7.0,35.0,173.0,668.0,18.0,32.0,8.0,19.0,67.0,8.0,Goalkeeper,648.0
1858.0,Rubén Alcaraz,R. Alcaraz,male,1991-05-01T00:00:00+00:00,81.0,183.0,Cádiz CF,CAD,https://assets.laliga.com/assets/2019/06/07/medium/cadiz.png,4.0,Midfielder,https://assets.laliga.com/squad/2021/t1737/p96771/512x556/p96771_t1737_2021_1_001_000.png,22.0,14.0,0.0,5.0,2.0,0.0,5.0,109.0,2.0,12.0,13.0,14.0,1.0,609.0,0.0,0.0,0.0,6.0,0.0,3.0,11.0,59.0,324.0,230.0,489.0,13.0,30.0,150.0,641.0,41.0,19.0,6.0,37.0,56.0,7.0,Forward,647.5
1858.0,Rubén Alcaraz,R. Alcaraz,male,1991-05-01T00:00:00+00:00,81.0,183.0,Cádiz CF,CAD,https://assets.laliga.com/assets/2019/06/07/medium/cadiz.png,4.0,Midfielder,https://assets.laliga.com/squad/2021/t1737/p96771/512x556/p96771_t1737_2021_1_001_000.png,22.0,14.0,0.0,5.0,2.0,0.0,5.0,109.0,2.0,12.0,13.0,14.0,1.0,609.0,0.0,0.0,0.0,6.0,0.0,3.0,11.0,59.0,324.0,230.0,489.0,13.0,30.0,150.0,641.0,41.0,19.0,6.0,37.0,56.0,7.0,Defender,647.5
2019.0,Mikel Vesga,Vesga,male,1993-04-08T00:00:00+00:00,83.0,191.0,Athletic Club,ATH,https://assets.laliga.com/assets/2019/06/07/medium/athletic.png,6.0,Midfielder,https://assets.laliga.com/squad/2021/t174/p197326/512x556/p197326_t174_2021_1_001_000.png,40.0,32.0,0.0,0.0,5.0,0.0,1.0,92.0,2.0,16.0,20.0,12.0,0.0,697.0,0.0,1.0,0.0,4.0,0.0,3.0,9.0,45.0,330.0,221.0,503.0,33.0,34.0,204.0,705.0,27.0,18.0,6.0,42.0,115.0,4.0,Midfielder,640.0
232.0,Álvaro Peña,Alvaro Peña,male,1991-10-24T00:00:00+00:00,69.0,178.0,SD Amorebieta,AMO,https://assets.laliga.com/assets/2021/06/24/medium/7dcec1604142a8f60f876e4c7e839da7.png,18.0,Midfielder,https://assets.laliga.com/squad/2021/t6498/p98841/512x556/p98841_t6498_2021_1_001_000.png,31.0,37.0,0.0,1.0,1.0,0.0,0.0,127.0,2.0,30.0,12.0,29.0,1.0,651.0,0.0,0.0,0.0,4.0,1.0,8.0,38.0,37.0,384.0,146.0,479.0,6.0,44.0,314.0,670.0,34.0,43.0,23.0,29.0,125.0,5.0,Forward,635.5
12471.0,Nikola Sipcic,Šipčić,male,1995-05-17T00:00:00+00:00,87.0,192.0,CD Tenerife,TEN,https://assets.laliga.com/assets/2019/06/07/medium/tenerife.png,23.0,Defender,https://assets.laliga.com/squad/2021/t612/p430595/512x556/p430595_t612_2021_1_001_000.png,59.0,31.0,0.0,0.0,10.0,0.0,5.0,82.0,1.0,18.0,25.0,5.0,3.0,629.0,0.0,0.0,0.0,3.0,0.0,0.0,2.0,49.0,154.0,367.0,472.0,101.0,19.0,130.0,639.0,17.0,29.0,0.0,51.0,67.0,4.0,Midfielder,628.0
7314.0,Manuel Morlanes Ariño,Morlanes,male,1999-01-12T00:00:00+00:00,75.0,178.0,RCD Espanyol de Barcelona,ESP,https://assets.laliga.com/assets/2019/06/07/medium/espanyol.png,6.0,Midfielder,https://assets.laliga.com/squad/2021/t177/p227164/512x556/p227164_t177_2021_1_001_000.png,18.0,27.0,0.0,0.0,5.0,0.0,0.0,77.0,2.0,23.0,13.0,6.0,0.0,619.0,0.0,0.0,0.0,2.0,1.0,2.0,13.0,28.0,322.0,237.0,529.0,17.0,13.0,114.0,645.0,36.0,5.0,2.0,18.0,70.0,6.0,Defender,627.5
12755.0,Antonio Sánchez,Sanchez,male,1997-04-22T00:00:00+00:00,78.0,179.0,RCD Mallorca,MLL,https://assets.laliga.com/assets/2019/06/07/medium/mallorca.png,10.0,Midfielder,https://assets.laliga.com/squad/2021/t181/p464284/512x556/p464284_t181_2021_1_001_000.png,11.0,29.0,0.0,0.0,2.0,0.0,0.0,109.0,1.0,31.0,32.0,9.0,3.0,628.0,0.0,0.0,0.0,4.0,0.0,1.0,18.0,41.0,268.0,249.0,475.0,27.0,40.0,233.0,651.0,53.0,25.0,16.0,42.0,93.0,3.0,Defender,626.5
226.0,Carlos Pita,C. Pita,male,1984-12-08T00:00:00+00:00,84.0,185.0,CD Lugo,LUG,https://assets.laliga.com/assets/2019/06/07/medium/lugo.png,5.0,Midfielder,https://assets.laliga.com/squad/2021/t5730/p20611/512x556/p20611_t5730_2021_1_001_000.png,37.0,32.0,0.0,0.0,16.0,0.0,0.0,71.0,1.0,23.0,35.0,7.0,1.0,655.0,0.0,0.0,0.0,3.0,0.0,1.0,2.0,63.0,245.0,284.0,465.0,65.0,27.0,162.0,672.0,21.0,11.0,0.0,70.0,74.0,2.0,Defender,619.0
1038.0,Carlos Clerc,C. Clerc,male,1992-02-21T00:00:00+00:00,72.0,182.0,Levante UD,LEV,https://assets.laliga.com/assets/2019/06/07/medium/levante.png,19.0,Defender,https://assets.laliga.com/squad/2021/t855/p108145/512x556/p108145_t855_2021_1_001_000.png,15.0,19.0,0.0,0.0,3.0,0.0,2.0,89.0,0.0,37.0,26.0,11.0,0.0,669.0,0.0,0.0,0.0,0.0,0.0,6.0,23.0,23.0,242.0,293.0,505.0,28.0,23.0,242.0,682.0,35.0,16.0,10.0,55.0,99.0,6.0,Midfielder,619.0
8679.0,Luca Sangalli,Sangalli,male,1995-02-10T00:00:00+00:00,74.0,167.0,R. Sociedad B,RSOB,https://assets.laliga.com/assets/2019/06/07/medium/real-sociedad.png,23.0,Midfielder,https://assets.laliga.com/squad/2021/t3567/p201179/512x556/p201179_t3567_2021_1_001_000.png,7.0,20.0,1.0,0.0,2.0,0.0,1.0,58.0,1.0,19.0,3.0,4.0,1.0,653.0,0.0,0.0,0.0,1.0,0.0,0.0,10.0,34.0,304.0,271.0,541.0,6.0,5.0,154.0,677.0,21.0,6.0,4.0,18.0,84.0,1.0,Defender,617.0
3689.0,Héctor Herrera,H. Herrera,male,1990-04-19T00:00:00+00:00,80.0,185.0,Atlético de Madrid,ATM,https://assets.laliga.com/assets/2019/06/07/medium/atletico.png,16.0,Midfielder,https://assets.laliga.com/squad/2021/t175/p102578/512x556/p102578_t175_2021_1_001_000.png,23.0,21.0,0.0,0.0,2.0,0.0,2.0,63.0,0.0,9.0,12.0,10.0,1.0,630.0,0.0,0.0,0.0,3.0,0.0,2.0,16.0,32.0,309.0,248.0,522.0,13.0,19.0,129.0,653.0,16.0,7.0,3.0,20.0,79.0,4.0,Forward,616.5
1802.0,Brian Oliván,B. Olivan,male,1994-04-01T00:00:00+00:00,73.0,177.0,RCD Mallorca,MLL,https://assets.laliga.com/assets/2019/06/07/medium/mallorca.png,3.0,Defender,https://assets.laliga.com/squad/2021/t181/p106469/512x556/p106469_t181_2021_1_001_000.png,21.0,28.0,0.0,1.0,7.0,0.0,6.0,68.0,1.0,39.0,28.0,19.0,4.0,735.0,0.0,0.0,0.0,8.0,0.0,11.0,7.0,47.0,262.0,268.0,469.0,57.0,31.0,399.0,757.0,33.0,31.0,3.0,124.0,117.0,7.0,Midfielder,616.0
993.0,Joaquín José Marín Ruiz,Quini,male,1989-09-24T00:00:00+00:00,74.0,178.0,Granada CF,GRA,https://assets.laliga.com/assets/2019/06/07/medium/granada.png,17.0,Defender,https://assets.laliga.com/squad/2021/t5683/p106671/512x556/p106671_t5683_2021_1_001_000.png,27.0,32.0,1.0,0.0,10.0,0.0,5.0,129.0,0.0,41.0,36.0,17.0,1.0,667.0,0.0,0.0,0.0,2.0,0.0,8.0,17.0,41.0,219.0,257.0,427.0,52.0,39.0,384.0,672.0,73.0,26.0,16.0,95.0,109.0,11.0,Midfielder,613.0
6119.0,Enis Bardhi,Bardhi,male,1995-07-02T00:00:00+00:00,67.0,172.0,Levante UD,LEV,https://assets.laliga.com/assets/2019/06/07/medium/levante.png,10.0,Midfielder,https://assets.laliga.com/squad/2021/t855/p196739/512x556/p196739_t855_2021_1_001_000.png,6.0,30.0,2.0,9.0,2.0,0.0,0.0,117.0,3.0,44.0,10.0,39.0,4.0,608.0,0.0,0.0,0.0,10.0,0.0,2.0,38.0,36.0,351.0,163.0,456.0,5.0,33.0,345.0,640.0,29.0,45.0,36.0,34.0,114.0,3.0,Forward,606.0
7567.0,Peru Nolaskoain,Nolaskoain,male,1998-10-25T00:00:00+00:00,81.0,186.0,SD Amorebieta,AMO,https://assets.laliga.com/assets/2021/06/24/medium/7dcec1604142a8f60f876e4c7e839da7.png,17.0,Defender,https://assets.laliga.com/squad/2021/t6498/p242831/512x556/p242831_t6498_2021_1_001_000.png,31.0,17.0,0.0,0.0,9.0,0.0,4.0,70.0,1.0,25.0,16.0,2.0,3.0,652.0,0.0,0.0,0.0,3.0,0.0,0.0,5.0,69.0,201.0,327.0,459.0,65.0,8.0,183.0,689.0,18.0,24.0,5.0,77.0,84.0,4.0,Midfielder,603.5
7567.0,Peru Nolaskoain,Nolaskoain,male,1998-10-25T00:00:00+00:00,81.0,186.0,SD Amorebieta,AMO,https://assets.laliga.com/assets/2021/06/24/medium/7dcec1604142a8f60f876e4c7e839da7.png,17.0,Defender,https://assets.laliga.com/squad/2021/t6498/p242831/512x556/p242831_t6498_2021_1_001_000.png,31.0,17.0,0.0,0.0,9.0,0.0,4.0,70.0,1.0,25.0,16.0,2.0,3.0,652.0,0.0,0.0,0.0,3.0,0.0,0.0,5.0,69.0,201.0,327.0,459.0,65.0,8.0,183.0,689.0,18.0,24.0,5.0,77.0,84.0,4.0,Midfielder,603.5
8630.0,Nehuen Pérez,Nehuen,male,2000-06-24T00:00:00+00:00,75.0,185.0,Udinese,UDI,https://assets.laliga.com/assets/2021/03/11/medium/ec77edd47bf54a7be9e1d2851fd183a8.png,2.0,Defender,,30.0,20.0,1.0,0.0,9.0,0.0,2.0,88.0,0.0,32.0,21.0,5.0,0.0,628.0,0.0,0.0,0.0,1.0,0.0,0.0,7.0,50.0,188.0,328.0,466.0,43.0,30.0,208.0,663.0,44.0,21.0,8.0,64.0,83.0,6.0,Midfielder,601.5
1861.0,Antonio Raíllo,A. Raillo,male,1991-10-08T00:00:00+00:00,80.0,187.0,RCD Mallorca,MLL,https://assets.laliga.com/assets/2019/06/07/medium/mallorca.png,21.0,Defender,https://assets.laliga.com/squad/2021/t181/p105571/512x556/p105571_t181_2021_1_001_000.png,28.0,17.0,0.0,0.0,14.0,0.0,3.0,57.0,2.0,30.0,18.0,0.0,1.0,590.0,0.0,0.0,0.0,4.0,0.0,0.0,0.0,51.0,158.0,373.0,480.0,80.0,20.0,102.0,620.0,16.0,14.0,1.0,48.0,41.0,8.0,Midfielder,600.5
8600.0,Javier Puado,Puado,male,1998-05-25T00:00:00+00:00,69.0,177.0,RCD Espanyol de Barcelona,ESP,https://assets.laliga.com/assets/2019/06/07/medium/espanyol.png,9.0,Midfielder,https://assets.laliga.com/squad/2021/t177/p431434/512x556/p431434_t177_2021_1_001_000.png,13.0,30.0,1.0,0.0,2.0,0.0,0.0,92.0,4.0,38.0,11.0,20.0,6.0,601.0,0.0,0.0,0.0,12.0,0.0,3.0,30.0,11.0,312.0,201.0,499.0,21.0,23.0,225.0,609.0,24.0,64.0,25.0,10.0,89.0,5.0,Defender,598.5
81.0,Gabriel Armando de Abreu,G.paulista,male,1990-11-26T00:00:00+00:00,72.0,185.0,Valencia CF,VAL,https://assets.laliga.com/assets/2019/06/07/medium/valencia.png,5.0,Defender,https://assets.laliga.com/squad/2021/t191/p158074/512x556/p158074_t191_2021_1_001_000.png,38.0,19.0,0.0,0.0,12.0,0.0,7.0,72.0,2.0,17.0,39.0,3.0,1.0,574.0,0.0,0.0,0.0,3.0,0.0,0.0,1.0,70.0,142.0,352.0,424.0,85.0,11.0,157.0,636.0,21.0,8.0,1.0,65.0,77.0,2.0,Midfielder,597.5
134.0,Vicente Iborra,Iborra,male,1988-01-16T00:00:00+00:00,80.0,190.0,Villarreal CF,VIL,https://assets.laliga.com/assets/2019/06/07/medium/villarreal.png,10.0,Midfielder,https://assets.laliga.com/squad/2021/t449/p54513/512x556/p54513_t449_2021_1_001_000.png,26.0,20.0,1.0,0.0,5.0,0.0,4.0,57.0,0.0,10.0,11.0,1.0,0.0,622.0,0.0,0.0,0.0,2.0,0.0,0.0,2.0,15.0,249.0,296.0,530.0,27.0,19.0,104.0,635.0,19.0,11.0,2.0,21.0,69.0,4.0,Defender,597.5
3468.0,Philippe Coutinho Correia,Coutinho,male,1992-06-12T00:00:00+00:00,68.0,172.0,A Villa,AVL,https://assets.laliga.com/assets/2021/03/11/medium/6cc06773e2d8649601fbaa2cf304e774.png,23.0,Midfielder,,5.0,19.0,3.0,6.0,1.0,0.0,0.0,63.0,5.0,17.0,7.0,22.0,4.0,605.0,0.0,0.0,0.0,16.0,0.0,3.0,21.0,27.0,374.0,154.0,497.0,4.0,8.0,202.0,629.0,17.0,51.0,22.0,12.0,93.0,0.0,Defender,596.5
6199.0,Enes Ünal,Enes Ünal,male,1997-05-10T00:00:00+00:00,78.0,187.0,Getafe CF,GET,https://assets.laliga.com/assets/2019/06/07/medium/getafe.png,10.0,Forward,https://assets.laliga.com/squad/2021/t1450/p168636/512x556/p168636_t1450_2021_1_001_000.png,146.0,37.0,1.0,7.0,5.0,0.0,7.0,275.0,16.0,35.0,5.0,28.0,14.0,605.0,0.0,0.0,0.0,28.0,0.0,3.0,25.0,9.0,290.0,102.0,380.0,36.0,77.0,454.0,633.0,37.0,138.0,23.0,6.0,238.0,8.0,Midfielder,595.5
374.0,Saúl Berjón,Saúl Berjón,male,1986-05-24T00:00:00+00:00,84.0,178.0,Burgos CF,BUR,https://assets.laliga.com/assets/2021/06/24/medium/8de24d38ab1472bbae1620d36582d7bd.png,21.0,Forward,https://assets.laliga.com/squad/2021/t951/p54496/512x556/p54496_t951_2021_1_001_000.png,16.0,31.0,4.0,3.0,1.0,0.0,2.0,82.0,0.0,19.0,12.0,40.0,2.0,692.0,0.0,0.0,0.0,3.0,0.0,13.0,25.0,61.0,349.0,165.0,419.0,5.0,9.0,485.0,744.0,28.0,41.0,30.0,51.0,213.0,1.0,Midfielder,591.0
3314.0,Adnan Januzaj,Januzaj,male,1995-02-05T00:00:00+00:00,76.0,186.0,Real Sociedad,RSO,https://assets.laliga.com/assets/2019/06/07/medium/real-sociedad.png,11.0,Midfielder,https://assets.laliga.com/squad/2021/t188/p154976/512x556/p154976_t188_2021_1_001_000.png,10.0,33.0,0.0,9.0,3.0,0.0,0.0,124.0,3.0,14.0,12.0,34.0,4.0,554.0,0.0,0.0,0.0,15.0,0.0,12.0,46.0,35.0,369.0,111.0,409.0,13.0,28.0,433.0,587.0,17.0,58.0,33.0,40.0,103.0,5.0,Midfielder,590.5
6154.0,Aleix Febas,A. Febas,male,1996-02-02T00:00:00+00:00,61.0,171.0,Málaga CF,MGA,https://assets.laliga.com/assets/2019/06/07/medium/malaga.png,14.0,Midfielder,,4.0,19.0,1.0,0.0,1.0,0.0,1.0,129.0,2.0,21.0,15.0,25.0,2.0,566.0,0.0,0.0,0.0,7.0,0.0,2.0,31.0,14.0,323.0,152.0,459.0,4.0,15.0,226.0,577.0,38.0,53.0,29.0,9.0,95.0,2.0,Goalkeeper,589.0
6154.0,Aleix Febas,A. Febas,male,1996-02-02T00:00:00+00:00,61.0,171.0,Málaga CF,MGA,https://assets.laliga.com/assets/2019/06/07/medium/malaga.png,14.0,Midfielder,,4.0,19.0,1.0,0.0,1.0,0.0,1.0,129.0,2.0,21.0,15.0,25.0,2.0,566.0,0.0,0.0,0.0,7.0,0.0,2.0,31.0,14.0,323.0,152.0,459.0,4.0,15.0,226.0,577.0,38.0,53.0,29.0,9.0,95.0,2.0,Goalkeeper,589.0
12005.0,Alejandro Bermejo Escribano,Bermejo,male,1998-12-11T00:00:00+00:00,76.0,183.0,CD Tenerife,TEN,https://assets.laliga.com/assets/2019/06/07/medium/tenerife.png,11.0,Midfielder,https://assets.laliga.com/squad/2021/t612/p486214/512x556/p486214_t612_2021_1_001_000.png,23.0,31.0,1.0,0.0,2.0,0.0,1.0,121.0,2.0,13.0,11.0,20.0,2.0,597.0,0.0,0.0,0.0,10.0,0.0,4.0,41.0,29.0,278.0,193.0,438.0,14.0,40.0,292.0,603.0,33.0,75.0,45.0,27.0,109.0,4.0,Goalkeeper,588.5
14641.0,Guillermo Rosas,G. Rosas,male,2000-05-17T00:00:00+00:00,67.0,174.0,Real Sporting,SPO,https://assets.laliga.com/assets/2019/06/07/medium/sporting.png,2.0,Defender,https://assets.laliga.com/squad/2021/t616/p508484/512x556/p508484_t616_2021_1_001_000.png,5.0,19.0,1.0,0.0,2.0,0.0,3.0,74.0,0.0,17.0,11.0,13.0,4.0,611.0,0.0,0.0,0.0,4.0,0.0,5.0,10.0,45.0,198.0,304.0,452.0,15.0,15.0,210.0,631.0,49.0,33.0,16.0,51.0,83.0,3.0,Midfielder,580.0
9325.0,Mohammed Dauda,Dauda,male,1998-02-20T00:00:00+00:00,69.0,176.0,FC Cartagena,CAR,https://assets.laliga.com/assets/2022/02/11/medium/1628caa9b2002a11e564eb84b3677f78.png,17.0,Forward,https://assets.laliga.com/squad/2021/t3554/p444489/512x556/p444489_t3554_2021_1_001_000.png,55.0,35.0,1.0,1.0,0.0,0.0,1.0,186.0,9.0,34.0,18.0,25.0,12.0,586.0,0.0,1.0,0.0,26.0,1.0,8.0,43.0,28.0,266.0,150.0,380.0,15.0,37.0,361.0,587.0,41.0,133.0,37.0,25.0,154.0,1.0,Midfielder,579.5
8521.0,Francisco Grima,Fran Grima,male,1987-02-05T00:00:00+00:00,70.0,174.0,UD Ibiza,IBI,https://assets.laliga.com/assets/2021/06/24/medium/d7bc0d2c9bf06afd6b5ace9d62771713.png,2.0,Defender,https://assets.laliga.com/squad/2021/t16203/p434745/512x556/p434745_t16203_2021_1_001_000.png,13.0,23.0,1.0,0.0,10.0,0.0,6.0,87.0,0.0,21.0,13.0,9.0,0.0,612.0,0.0,1.0,0.0,3.0,0.0,13.0,16.0,13.0,207.0,291.0,472.0,24.0,29.0,278.0,627.0,35.0,22.0,26.0,34.0,108.0,3.0,Midfielder,579.0
13105.0,Reinildo Isnard Mandava,Reinildo,male,1994-01-21T00:00:00+00:00,73.0,180.0,Atlético de Madrid,ATM,https://assets.laliga.com/assets/2019/06/07/medium/atletico.png,23.0,Defender,https://assets.laliga.com/squad/2021/t175/p434399/512x556/p434399_t175_2021_1_001_000.png,23.0,17.0,0.0,0.0,9.0,0.0,4.0,92.0,0.0,12.0,21.0,3.0,0.0,567.0,0.0,0.0,0.0,0.0,0.0,0.0,5.0,18.0,171.0,315.0,468.0,32.0,26.0,150.0,581.0,45.0,9.0,2.0,40.0,55.0,4.0,Midfielder,577.0
9299.0,Óscar Gil,Oscar Gil,male,1998-04-26T00:00:00+00:00,,173.0,RCD Espanyol de Barcelona,ESP,https://assets.laliga.com/assets/2019/06/07/medium/espanyol.png,12.0,Defender,https://assets.laliga.com/squad/2021/t177/p468115/512x556/p468115_t177_2021_1_001_000.png,6.0,22.0,2.0,0.0,9.0,0.0,4.0,95.0,0.0,21.0,19.0,14.0,2.0,543.0,0.0,0.0,0.0,1.0,0.0,8.0,13.0,20.0,242.0,241.0,455.0,22.0,36.0,195.0,557.0,52.0,14.0,14.0,26.0,56.0,7.0,Midfielder,577.0
1908.0,José Antonio Rodríguez Díaz,Antonio Puertas,male,1992-02-21T00:00:00+00:00,77.0,183.0,Granada CF,GRA,https://assets.laliga.com/assets/2019/06/07/medium/granada.png,10.0,Midfielder,https://assets.laliga.com/squad/2021/t5683/p156301/512x556/p156301_t5683_2021_1_001_000.png,49.0,33.0,0.0,0.0,3.0,0.0,1.0,143.0,6.0,34.0,11.0,17.0,9.0,609.0,0.0,0.0,0.0,15.0,0.0,8.0,31.0,21.0,273.0,180.0,424.0,25.0,44.0,334.0,614.0,34.0,69.0,25.0,27.0,142.0,4.0,Goalkeeper,575.0
397.0,Mikel San José,San Jose,male,1989-05-30T00:00:00+00:00,78.0,188.0,SD Amorebieta,AMO,https://assets.laliga.com/assets/2021/06/24/medium/7dcec1604142a8f60f876e4c7e839da7.png,12.0,Midfielder,https://assets.laliga.com/squad/2021/t6498/p42995/512x556/p42995_t6498_2021_1_001_000.png,45.0,27.0,0.0,0.0,8.0,0.0,5.0,93.0,1.0,26.0,18.0,21.0,1.0,648.0,0.0,0.0,0.0,2.0,0.0,4.0,14.0,30.0,278.0,202.0,446.0,31.0,34.0,248.0,656.0,30.0,21.0,10.0,29.0,151.0,4.0,Goalkeeper,570.0
4570.0,Paul-Viorel Anton,Paul Anton,male,1991-05-10T00:00:00+00:00,82.0,182.0,SD Ponferradina,PON,https://assets.laliga.com/assets/2021/06/24/medium/20f0382ea9163a771b3e01bbe7cf78b7.png,6.0,Midfielder,https://assets.laliga.com/squad/2021/t3090/p73162/512x556/p73162_t3090_2021_1_001_000.png,12.0,28.0,0.0,0.0,5.0,0.0,0.0,59.0,0.0,15.0,18.0,6.0,0.0,616.0,0.0,0.0,0.0,0.0,0.0,0.0,4.0,49.0,217.0,295.0,459.0,13.0,26.0,152.0,631.0,33.0,1.0,10.0,49.0,74.0,4.0,Defender,567.0
7170.0,Roger Brugué,R. Brugué,male,1996-11-04T00:00:00+00:00,68.0,173.0,CD Mirandés,MIR,https://assets.laliga.com/assets/2019/06/07/medium/mirandes.png,14.0,Forward,https://assets.laliga.com/squad/2021/t5741/p439878/512x556/p439878_t5741_2021_1_001_000.png,29.0,40.0,2.0,1.0,4.0,0.0,1.0,148.0,8.0,31.0,12.0,20.0,8.0,559.0,0.0,0.0,0.0,25.0,0.0,3.0,34.0,28.0,293.0,143.0,403.0,12.0,34.0,300.0,566.0,34.0,101.0,37.0,18.0,117.0,2.0,Midfielder,565.0
5703.0,Roberto Olabe,Olabe,male,1996-05-05T00:00:00+00:00,74.0,178.0,AD Alcorcón,ALC,https://assets.laliga.com/assets/2019/06/07/medium/alcorcon.png,5.0,Midfielder,,32.0,15.0,0.0,0.0,0.0,0.0,1.0,101.0,0.0,17.0,16.0,13.0,0.0,598.0,0.0,0.0,0.0,1.0,0.0,1.0,13.0,32.0,237.0,247.0,451.0,12.0,26.0,170.0,614.0,25.0,5.0,8.0,33.0,98.0,4.0,Midfielder,564.0
9000.0,Umar Sadiq,Sadiq,male,1997-02-02T00:00:00+00:00,75.0,192.0,UD Almería,ALM,https://assets.laliga.com/assets/2019/06/07/medium/almeria.png,9.0,Forward,https://assets.laliga.com/squad/2021/t1564/p196878/512x556/p196878_t1564_2021_1_001_000.png,62.0,36.0,7.0,0.0,2.0,0.0,6.0,189.0,18.0,25.0,5.0,27.0,74.0,565.0,0.0,0.0,0.0,44.0,0.0,2.0,67.0,15.0,293.0,90.0,366.0,25.0,58.0,541.0,584.0,16.0,262.0,71.0,13.0,190.0,6.0,Midfielder,563.0
6270.0,Ander Guevara,Guevara,male,1997-07-07T00:00:00+00:00,73.0,180.0,Real Sociedad,RSO,https://assets.laliga.com/assets/2019/06/07/medium/real-sociedad.png,16.0,Midfielder,https://assets.laliga.com/squad/2021/t188/p431644/512x556/p431644_t188_2021_1_001_000.png,15.0,17.0,0.0,0.0,6.0,0.0,2.0,41.0,0.0,10.0,12.0,6.0,0.0,594.0,0.0,0.0,0.0,0.0,0.0,0.0,3.0,28.0,223.0,302.0,497.0,8.0,15.0,101.0,607.0,18.0,10.0,1.0,12.0,70.0,2.0,Goalkeeper,563.0
1034.0,Óliver Torres,Oliver T.,male,1994-11-10T00:00:00+00:00,70.0,178.0,Sevilla FC,SEV,https://assets.laliga.com/assets/2019/06/07/medium/sevilla.png,21.0,Midfielder,https://assets.laliga.com/squad/2021/t179/p115860/512x556/p115860_t179_2021_1_001_000.png,5.0,26.0,2.0,0.0,1.0,0.0,0.0,59.0,2.0,16.0,6.0,9.0,2.0,603.0,0.0,0.0,0.0,5.0,0.0,4.0,15.0,58.0,300.0,211.0,448.0,4.0,17.0,182.0,616.0,22.0,25.0,11.0,36.0,74.0,2.0,Defender,562.5
12636.0,Pedro González López,Pedri,male,2002-11-25T00:00:00+00:00,60.0,174.0,FC Barcelona,BAR,https://assets.laliga.com/assets/2019/06/07/medium/barcelona.png,16.0,Midfielder,https://assets.laliga.com/squad/2021/t178/p490541/512x556/p490541_t178_2021_1_001_000.png,4.0,12.0,0.0,0.0,0.0,0.0,2.0,56.0,3.0,9.0,5.0,14.0,0.0,574.0,0.0,0.0,0.0,5.0,0.0,1.0,15.0,36.0,349.0,159.0,465.0,5.0,1.0,129.0,579.0,20.0,23.0,4.0,6.0,72.0,0.0,Defender,562.0
399.0,Mikel Rico,Mikel Rico,male,1984-11-04T00:00:00+00:00,75.0,179.0,SD Huesca,HUE,https://assets.laliga.com/assets/2019/06/07/medium/huesca.png,17.0,Midfielder,https://assets.laliga.com/squad/2021/t2894/p76558/512x556/p76558_t2894_2021_1_001_000.png,12.0,30.0,0.0,0.0,3.0,0.0,2.0,67.0,0.0,18.0,6.0,8.0,1.0,587.0,0.0,0.0,0.0,8.0,0.0,0.0,9.0,33.0,264.0,241.0,472.0,14.0,17.0,155.0,609.0,23.0,41.0,7.0,21.0,83.0,3.0,Midfielder,562.0
15063.0,Braian Cufré,Cufré,male,1996-12-15T00:00:00+00:00,82.0,179.0,Málaga CF,MGA,https://assets.laliga.com/assets/2019/06/07/medium/malaga.png,24.0,Defender,https://assets.laliga.com/squad/2021/t182/p203432/512x556/p203432_t182_2021_1_001_000.png,15.0,25.0,0.0,3.0,7.0,0.0,3.0,85.0,0.0,24.0,17.0,17.0,2.0,595.0,0.0,0.0,0.0,4.0,0.0,8.0,13.0,34.0,237.0,232.0,424.0,31.0,20.0,252.0,615.0,42.0,16.0,12.0,70.0,87.0,3.0,Midfielder,558.5
227.0,Víctor Díaz,Víctor Díaz,male,1988-06-12T00:00:00+00:00,71.0,184.0,Granada CF,GRA,https://assets.laliga.com/assets/2019/06/07/medium/granada.png,16.0,Defender,https://assets.laliga.com/squad/2021/t5683/p55315/512x556/p55315_t5683_2021_1_001_000.png,29.0,22.0,0.0,0.0,11.0,0.0,3.0,60.0,1.0,30.0,17.0,3.0,0.0,625.0,0.0,0.0,0.0,2.0,0.0,4.0,4.0,52.0,152.0,334.0,430.0,68.0,15.0,195.0,644.0,23.0,13.0,4.0,101.0,61.0,5.0,Midfielder,557.5
14936.0,Robert Navarro,Navarro,male,2002-04-12T00:00:00+00:00,,178.0,R. Sociedad B,RSOB,https://assets.laliga.com/assets/2019/06/07/medium/real-sociedad.png,24.0,Midfielder,,6.0,24.0,3.0,1.0,0.0,0.0,0.0,98.0,1.0,22.0,10.0,30.0,4.0,556.0,0.0,0.0,0.0,13.0,0.0,3.0,41.0,25.0,354.0,106.0,432.0,3.0,11.0,287.0,580.0,21.0,66.0,35.0,11.0,112.0,0.0,Forward,557.5
14936.0,Robert Navarro,Navarro,male,2002-04-12T00:00:00+00:00,,178.0,R. Sociedad B,RSOB,https://assets.laliga.com/assets/2019/06/07/medium/real-sociedad.png,24.0,Midfielder,,6.0,24.0,3.0,1.0,0.0,0.0,0.0,98.0,1.0,22.0,10.0,30.0,4.0,556.0,0.0,0.0,0.0,13.0,0.0,3.0,41.0,25.0,354.0,106.0,432.0,3.0,11.0,287.0,580.0,21.0,66.0,35.0,11.0,112.0,0.0,Forward,557.5
5649.0,Oscar Arribas,Arribas,male,1998-10-22T00:00:00+00:00,68.0,178.0,AD Alcorcón,ALC,https://assets.laliga.com/assets/2019/06/07/medium/alcorcon.png,22.0,Midfielder,https://assets.laliga.com/squad/2021/t5233/p244319/512x556/p244319_t5233_2021_1_001_000.png,30.0,38.0,2.0,7.0,1.0,0.0,0.0,153.0,1.0,44.0,10.0,29.0,5.0,542.0,0.0,0.0,0.0,14.0,0.0,11.0,27.0,10.0,299.0,145.0,414.0,7.0,22.0,336.0,556.0,30.0,55.0,33.0,23.0,109.0,0.0,Defender,553.0
1328.0,Ángel Correa,Correa,male,1995-03-09T00:00:00+00:00,70.0,171.0,Atlético de Madrid,ATM,https://assets.laliga.com/assets/2019/06/07/medium/atletico.png,10.0,Forward,https://assets.laliga.com/squad/2021/t175/p156223/512x556/p156223_t175_2021_1_001_000.png,6.0,36.0,3.0,0.0,2.0,0.0,1.0,80.0,12.0,21.0,10.0,20.0,10.0,584.0,0.0,0.0,0.0,23.0,1.0,3.0,32.0,12.0,324.0,139.0,446.0,3.0,24.0,327.0,599.0,16.0,148.0,23.0,15.0,126.0,3.0,Midfielder,548.0
2001.0,Unai Simón,Unai Simon,male,1997-06-11T00:00:00+00:00,88.0,190.0,Athletic Club,ATH,https://assets.laliga.com/assets/2019/06/07/medium/athletic.png,1.0,Goalkeeper,https://assets.laliga.com/squad/2021/t174/p212769/512x556/p212769_t174_2021_1_001_000.png,8.0,34.0,0.0,0.0,0.0,27.0,12.0,8.0,0.0,31.0,1.0,1.0,0.0,408.0,0.0,0.0,83.0,0.0,0.0,0.0,0.0,172.0,108.0,389.0,325.0,15.0,0.0,256.0,746.0,0.0,0.0,0.0,242.0,7.0,3.0,Midfielder,547.5
23343.0,Seydouba Cissé,Cisse,male,2001-02-10T00:00:00+00:00,,172.0,CD Leganés,LEG,https://assets.laliga.com/assets/2019/06/07/medium/leganes.png,32.0,Midfielder,https://assets.laliga.com/squad/2021/t957/p438266/512x556/p438266_t957_2021_1_001_000.png,19.0,20.0,0.0,0.0,7.0,0.0,1.0,84.0,3.0,15.0,18.0,8.0,0.0,554.0,0.0,0.0,0.0,5.0,0.0,0.0,13.0,28.0,255.0,213.0,440.0,16.0,14.0,145.0,559.0,29.0,21.0,8.0,27.0,64.0,5.0,Goalkeeper,546.0
9659.0,Victor Mollejo,Mollejo,male,2001-01-21T00:00:00+00:00,63.0,176.0,CD Tenerife,TEN,https://assets.laliga.com/assets/2019/06/07/medium/tenerife.png,28.0,Forward,https://assets.laliga.com/squad/2021/t612/p248505/512x556/p248505_t612_2021_1_001_000.png,51.0,39.0,2.0,0.0,3.0,0.0,5.0,152.0,3.0,19.0,12.0,17.0,7.0,556.0,0.0,0.0,0.0,14.0,1.0,11.0,14.0,14.0,284.0,141.0,400.0,20.0,51.0,318.0,564.0,33.0,68.0,24.0,13.0,137.0,8.0,Midfielder,544.0
261.0,Ángel Montoro,Montoro J.m.,male,1988-06-25T00:00:00+00:00,72.0,181.0,Granada CF,GRA,https://assets.laliga.com/assets/2019/06/07/medium/granada.png,19.0,Midfielder,https://assets.laliga.com/squad/2021/t5683/p76597/512x556/p76597_t5683_2021_1_001_000.png,8.0,24.0,0.0,0.0,1.0,0.0,0.0,52.0,1.0,30.0,11.0,22.0,2.0,564.0,0.0,0.0,0.0,5.0,0.0,2.0,0.0,53.0,255.0,237.0,426.0,26.0,29.0,206.0,617.0,26.0,19.0,3.0,51.0,87.0,5.0,Defender,540.5
1258.0,Richard Boateng,R. Boateng,male,1992-07-10T00:00:00+00:00,66.0,180.0,FC Cartagena,CAR,https://assets.laliga.com/assets/2022/02/11/medium/1628caa9b2002a11e564eb84b3677f78.png,12.0,Midfielder,https://assets.laliga.com/squad/2021/t3554/p102929/512x556/p102929_t3554_2021_1_001_000.png,21.0,26.0,0.0,0.0,1.0,0.0,1.0,78.0,2.0,18.0,23.0,6.0,0.0,560.0,0.0,2.0,0.0,2.0,0.0,0.0,9.0,38.0,199.0,272.0,433.0,12.0,34.0,135.0,564.0,28.0,14.0,7.0,15.0,78.0,5.0,Defender,538.5
7279.0,Ferran Torres,Ferran,male,2000-02-29T00:00:00+00:00,77.0,184.0,FC Barcelona,BAR,https://assets.laliga.com/assets/2019/06/07/medium/barcelona.png,19.0,Midfielder,https://assets.laliga.com/squad/2021/t178/p224444/512x556/p224444_t178_2021_1_001_000.png,12.0,18.0,3.0,3.0,3.0,0.0,5.0,55.0,4.0,11.0,6.0,8.0,16.0,558.0,0.0,0.0,0.0,19.0,0.0,0.0,13.0,24.0,350.0,134.0,460.0,5.0,9.0,191.0,572.0,10.0,94.0,24.0,4.0,84.0,1.0,Midfielder,538.0
8376.0,José Luis Rodríguez,J.l. Rodriguez,male,1998-06-19T00:00:00+00:00,77.0,180.0,Real Sporting,SPO,https://assets.laliga.com/assets/2019/06/07/medium/sporting.png,18.0,Midfielder,https://assets.laliga.com/squad/2021/t616/p228669/512x556/p228669_t616_2021_1_001_000.png,31.0,35.0,1.0,0.0,0.0,0.0,2.0,151.0,3.0,29.0,14.0,32.0,7.0,491.0,0.0,0.0,0.0,18.0,0.0,14.0,44.0,13.0,272.0,128.0,371.0,9.0,23.0,320.0,496.0,39.0,76.0,19.0,13.0,99.0,4.0,Forward,537.5
15591.0,Gaizka Ayesa,Ayesa,male,2001-04-02T00:00:00+00:00,,182.0,R. Sociedad B,RSOB,https://assets.laliga.com/assets/2019/06/07/medium/real-sociedad.png,1.0,Goalkeeper,https://assets.laliga.com/squad/2021/t3567/p508455/512x556/p508455_t3567_2021_1_001_000.png,5.0,21.0,0.0,0.0,0.0,14.0,1.0,7.0,0.0,36.0,0.0,1.0,0.0,421.0,0.0,0.0,60.0,0.0,0.0,0.0,0.0,96.0,44.0,460.0,408.0,17.0,0.0,153.0,652.0,1.0,0.0,1.0,133.0,15.0,0.0,Midfielder,536.0
9428.0,Alberto Cayarga,Cayarga,male,1996-09-17T00:00:00+00:00,63.0,170.0,FC Cartagena,CAR,https://assets.laliga.com/assets/2022/02/11/medium/1628caa9b2002a11e564eb84b3677f78.png,14.0,Midfielder,https://assets.laliga.com/squad/2021/t3554/p464164/512x556/p464164_t3554_2021_1_001_000.png,5.0,36.0,2.0,1.0,2.0,0.0,1.0,101.0,3.0,24.0,4.0,24.0,7.0,531.0,0.0,0.0,0.0,7.0,0.0,9.0,22.0,19.0,266.0,181.0,413.0,13.0,18.0,276.0,543.0,25.0,41.0,22.0,19.0,92.0,3.0,Midfielder,530.0
1470.0,Jan Oblak,Oblak,male,1993-01-07T00:00:00+00:00,87.0,188.0,Atlético de Madrid,ATM,https://assets.laliga.com/assets/2019/06/07/medium/atletico.png,13.0,Goalkeeper,https://assets.laliga.com/squad/2021/t175/p81352/512x556/p81352_t175_2021_1_001_000.png,8.0,38.0,0.0,0.0,0.0,23.0,12.0,16.0,0.0,43.0,1.0,0.0,0.0,467.0,1.0,0.0,66.0,0.0,0.0,0.0,2.0,207.0,116.0,371.0,280.0,17.0,0.0,456.0,938.0,0.0,1.0,0.0,446.0,5.0,1.0,Midfielder,527.5
6034.0,Daniel Escriche Romero,Escriche,male,1998-03-24T00:00:00+00:00,75.0,178.0,SD Huesca,HUE,https://assets.laliga.com/assets/2019/06/07/medium/huesca.png,10.0,Forward,https://assets.laliga.com/squad/2021/t2894/p424755/512x556/p424755_t2894_2021_1_001_000.png,42.0,37.0,3.0,0.0,0.0,0.0,5.0,170.0,5.0,25.0,8.0,29.0,22.0,488.0,0.0,0.0,0.0,19.0,1.0,1.0,49.0,11.0,260.0,124.0,371.0,8.0,71.0,334.0,521.0,26.0,121.0,51.0,10.0,129.0,7.0,Midfielder,524.5
15075.0,Mateusz Bogusz,M. Bogusz,male,2001-08-22T00:00:00+00:00,69.0,175.0,UD Ibiza,IBI,https://assets.laliga.com/assets/2021/06/24/medium/d7bc0d2c9bf06afd6b5ace9d62771713.png,19.0,Midfielder,https://assets.laliga.com/squad/2021/t16203/p480216/512x556/p480216_t16203_2021_1_001_000.png,5.0,20.0,5.0,5.0,3.0,0.0,0.0,94.0,4.0,15.0,3.0,20.0,1.0,500.0,0.0,0.0,0.0,9.0,0.0,12.0,19.0,22.0,268.0,168.0,395.0,6.0,26.0,232.0,523.0,43.0,33.0,16.0,20.0,86.0,2.0,Defender,523.0
93.0,Tomás Pina,T. Pina,male,1987-10-14T00:00:00+00:00,78.0,184.0,Deportivo Alavés,ALA,https://assets.laliga.com/assets/2020/09/01/medium/27002754a98bf535807fe49a24cc63ea.png,8.0,Midfielder,https://assets.laliga.com/squad/2021/t173/p80956/512x556/p80956_t173_2021_1_001_000.png,32.0,29.0,0.0,0.0,3.0,0.0,0.0,92.0,0.0,32.0,22.0,2.0,0.0,575.0,0.0,0.0,0.0,1.0,0.0,1.0,4.0,15.0,224.0,230.0,438.0,23.0,39.0,154.0,577.0,28.0,12.0,3.0,16.0,108.0,4.0,Forward,522.0
15703.0,Ramón Terrats,R. Terrats,male,2000-10-18T00:00:00+00:00,,,Girona FC,GIR,https://assets.laliga.com/assets/2019/06/07/medium/girona.png,21.0,Midfielder,https://assets.laliga.com/squad/2021/t2893/p519373/512x556/p519373_t2893_2021_1_001_000.png,11.0,19.0,0.0,0.0,3.0,0.0,2.0,74.0,0.0,11.0,6.0,6.0,0.0,543.0,0.0,0.0,0.0,0.0,0.0,1.0,22.0,18.0,204.0,252.0,436.0,19.0,16.0,142.0,553.0,21.0,10.0,8.0,26.0,73.0,5.0,Goalkeeper,521.5
12767.0,Pathé Ciss,Pathé Ciss,male,1994-03-16T00:00:00+00:00,71.0,183.0,Rayo Vallecano,RAY,https://assets.laliga.com/assets/2019/06/07/medium/rayo.png,21.0,Midfielder,https://assets.laliga.com/squad/2021/t184/p441175/512x556/p441175_t184_2021_1_001_000.png,34.0,31.0,1.0,2.0,6.0,0.0,1.0,84.0,2.0,15.0,30.0,3.0,1.0,510.0,0.0,0.0,0.0,5.0,0.0,0.0,10.0,51.0,198.0,235.0,382.0,27.0,19.0,116.0,520.0,31.0,6.0,5.0,19.0,68.0,5.0,Midfielder,519.0
92.0,Moisés Gómez Bardonado,Moi Gómez,male,1994-06-23T00:00:00+00:00,71.0,176.0,Villarreal CF,VIL,https://assets.laliga.com/assets/2019/06/07/medium/villarreal.png,23.0,Midfielder,https://assets.laliga.com/squad/2021/t449/p109243/512x556/p109243_t449_2021_1_001_000.png,11.0,29.0,1.0,0.0,0.0,0.0,1.0,50.0,2.0,14.0,6.0,17.0,1.0,542.0,0.0,0.0,0.0,5.0,0.0,6.0,13.0,20.0,308.0,164.0,441.0,5.0,22.0,162.0,557.0,15.0,29.0,9.0,12.0,84.0,2.0,Midfielder,518.0
5877.0,Benito Ramírez,Benito J,male,1995-07-11T00:00:00+00:00,70.0,180.0,UD Las Palmas,LPA,https://assets.laliga.com/assets/2019/06/07/medium/las-palmas.png,11.0,Midfielder,https://assets.laliga.com/squad/2021/t407/p246124/512x556/p246124_t407_2021_1_001_000.png,16.0,31.0,2.0,3.0,3.0,0.0,2.0,67.0,3.0,20.0,8.0,21.0,4.0,573.0,0.0,0.0,0.0,9.0,1.0,8.0,6.0,27.0,261.0,200.0,416.0,10.0,19.0,279.0,592.0,22.0,34.0,18.0,45.0,104.0,3.0,Midfielder,517.5
9689.0,Cristian Rodríguez,Cristian,male,1996-03-15T00:00:00+00:00,70.0,180.0,SD Ponferradina,PON,https://assets.laliga.com/assets/2021/06/24/medium/20f0382ea9163a771b3e01bbe7cf78b7.png,11.0,Midfielder,https://assets.laliga.com/squad/2021/t3090/p439601/512x556/p439601_t3090_2021_1_001_000.png,11.0,28.0,1.0,8.0,4.0,0.0,0.0,57.0,1.0,15.0,10.0,13.0,1.0,567.0,0.0,0.0,0.0,5.0,1.0,3.0,8.0,67.0,277.0,186.0,384.0,14.0,18.0,220.0,589.0,27.0,5.0,5.0,56.0,82.0,3.0,Forward,517.0
14833.0,Rubén Díez,Rubén D.,male,1993-08-18T00:00:00+00:00,,166.0,CD Tenerife,TEN,https://assets.laliga.com/assets/2019/06/07/medium/tenerife.png,19.0,Midfielder,https://assets.laliga.com/squad/2021/t612/p464496/512x556/p464496_t612_2021_1_001_000.png,4.0,28.0,2.0,0.0,1.0,0.0,1.0,58.0,1.0,19.0,17.0,22.0,1.0,539.0,0.0,0.0,0.0,5.0,0.0,9.0,15.0,29.0,277.0,177.0,411.0,12.0,24.0,182.0,548.0,19.0,24.0,10.0,26.0,82.0,2.0,Forward,515.5
15720.0,Raúl Torrente,Torrente,male,2001-09-11T00:00:00+00:00,,,Granada CF,GRA,https://assets.laliga.com/assets/2019/06/07/medium/granada.png,28.0,Defender,https://assets.laliga.com/squad/2021/t5683/p519534/512x556/p519534_t5683_2021_1_001_000.png,21.0,18.0,0.0,0.0,9.0,0.0,2.0,64.0,0.0,20.0,12.0,4.0,1.0,580.0,0.0,0.0,0.0,0.0,0.0,0.0,1.0,40.0,107.0,326.0,393.0,68.0,24.0,173.0,598.0,31.0,6.0,0.0,90.0,75.0,5.0,Midfielder,510.5
4027.0,Edgar Badia,Edgar Badia,male,1992-02-12T00:00:00+00:00,70.0,180.0,Elche CF,ELC,https://assets.laliga.com/assets/2019/06/07/medium/elche.png,13.0,Goalkeeper,https://assets.laliga.com/squad/2021/t954/p110923/512x556/p110923_t954_2021_1_001_000.png,9.0,24.0,0.0,0.0,0.0,16.0,5.0,9.0,0.0,35.0,0.0,0.0,0.0,369.0,1.0,0.0,79.0,0.0,0.0,0.0,0.0,205.0,143.0,318.0,256.0,31.0,0.0,266.0,722.0,0.0,0.0,0.0,255.0,6.0,2.0,Midfielder,510.0
15101.0,Yeremi Pino,Yeremy,male,2002-10-20T00:00:00+00:00,,172.0,Villarreal CF,VIL,https://assets.laliga.com/assets/2019/06/07/medium/villarreal.png,21.0,Forward,https://assets.laliga.com/squad/2021/t449/p488024/512x556/p488024_t449_2021_1_001_000.png,16.0,31.0,4.0,0.0,4.0,0.0,0.0,107.0,6.0,20.0,6.0,22.0,10.0,508.0,0.0,0.0,0.0,15.0,0.0,4.0,25.0,8.0,276.0,132.0,396.0,6.0,29.0,243.0,512.0,32.0,107.0,31.0,7.0,101.0,2.0,Midfielder,506.5
19214.0,Xeber Alkain,Alkain,male,1997-06-26T00:00:00+00:00,69.0,174.0,R. Sociedad B,RSOB,https://assets.laliga.com/assets/2019/06/07/medium/real-sociedad.png,7.0,Midfielder,https://assets.laliga.com/squad/2021/t3567/p504045/512x556/p504045_t3567_2021_1_001_000.png,6.0,38.0,3.0,0.0,1.0,0.0,1.0,93.0,9.0,42.0,19.0,20.0,11.0,525.0,0.0,0.0,0.0,11.0,0.0,3.0,34.0,13.0,269.0,145.0,397.0,12.0,46.0,288.0,538.0,35.0,77.0,39.0,16.0,112.0,5.0,Goalkeeper,506.5
4487.0,Víctor Álvarez Rozada,Viti,male,1997-09-16T00:00:00+00:00,75.0,180.0,Real Oviedo,OVI,https://assets.laliga.com/assets/2019/06/07/medium/oviedo.png,7.0,Midfielder,https://assets.laliga.com/squad/2021/t187/p227648/512x556/p227648_t187_2021_1_001_000.png,23.0,38.0,1.0,0.0,4.0,0.0,0.0,134.0,2.0,23.0,16.0,16.0,3.0,481.0,0.0,0.0,0.0,11.0,0.0,5.0,30.0,3.0,229.0,158.0,379.0,7.0,15.0,270.0,486.0,47.0,67.0,34.0,7.0,97.0,4.0,Midfielder,505.0
6385.0,Rodrigo Battaglia,Battaglia,male,1991-07-12T00:00:00+00:00,79.0,187.0,RCD Mallorca,MLL,https://assets.laliga.com/assets/2019/06/07/medium/mallorca.png,16.0,Midfielder,https://assets.laliga.com/squad/2021/t181/p89551/512x556/p89551_t181_2021_1_001_000.png,33.0,26.0,0.0,0.0,10.0,0.0,3.0,92.0,0.0,25.0,10.0,3.0,0.0,482.0,0.0,1.0,0.0,1.0,0.0,0.0,10.0,18.0,205.0,222.0,409.0,36.0,28.0,117.0,510.0,32.0,14.0,5.0,25.0,58.0,3.0,Forward,504.5
11518.0,Antonio Moyano,Moyano,male,2000-07-13T00:00:00+00:00,,178.0,AD Alcorcón,ALC,https://assets.laliga.com/assets/2019/06/07/medium/alcorcon.png,26.0,Midfielder,https://assets.laliga.com/squad/2021/t5233/p484771/512x556/p484771_t5233_2021_1_001_000.png,18.0,27.0,0.0,0.0,5.0,0.0,3.0,84.0,1.0,28.0,23.0,12.0,0.0,537.0,0.0,0.0,0.0,6.0,0.0,3.0,15.0,26.0,206.0,216.0,393.0,16.0,21.0,198.0,545.0,36.0,26.0,13.0,32.0,94.0,5.0,Defender,502.0
5905.0,Eugeni Valderrama,Eugeni,male,1994-07-19T00:00:00+00:00,73.0,182.0,Real Zaragoza,ZAR,https://assets.laliga.com/assets/2019/06/07/medium/zaragoza.png,8.0,Midfielder,https://assets.laliga.com/squad/2021/t190/p114543/512x556/p114543_t190_2021_1_001_000.png,11.0,16.0,0.0,9.0,0.0,0.0,0.0,50.0,1.0,12.0,11.0,36.0,4.0,447.0,0.0,0.0,0.0,11.0,0.0,3.0,7.0,65.0,294.0,150.0,352.0,10.0,10.0,146.0,482.0,22.0,8.0,5.0,18.0,47.0,0.0,Goalkeeper,500.0
23263.0,Haissem Hassan,Hassan,male,2002-02-08T00:00:00+00:00,71.0,177.0,CD Mirandés,MIR,https://assets.laliga.com/assets/2019/06/07/medium/mirandes.png,9.0,Midfielder,https://assets.laliga.com/squad/2021/t5741/p458310/512x556/p458310_t5741_2021_1_001_000.png,1.0,35.0,5.0,0.0,0.0,0.0,0.0,148.0,3.0,30.0,2.0,9.0,4.0,418.0,0.0,0.0,0.0,13.0,0.0,12.0,79.0,19.0,262.0,118.0,347.0,0.0,16.0,258.0,432.0,18.0,70.0,49.0,7.0,59.0,1.0,Forward,499.5
1045.0,José Manuel Rodríguez Benito,Chema R.,male,1992-03-03T00:00:00+00:00,80.0,189.0,SD Eibar,EIB,https://assets.laliga.com/assets/2019/06/07/medium/eibar.png,25.0,Defender,,41.0,19.0,0.0,0.0,9.0,0.0,4.0,65.0,1.0,14.0,25.0,1.0,0.0,546.0,0.0,0.0,0.0,1.0,0.0,0.0,2.0,62.0,154.0,270.0,362.0,48.0,15.0,149.0,564.0,19.0,17.0,0.0,73.0,67.0,5.0,Midfielder,495.5
14171.0,Iker Seguín,Seguin,male,1989-07-12T00:00:00+00:00,73.0,183.0,SD Amorebieta,AMO,https://assets.laliga.com/assets/2021/06/24/medium/7dcec1604142a8f60f876e4c7e839da7.png,11.0,Midfielder,https://assets.laliga.com/squad/2021/t6498/p89741/512x556/p89741_t6498_2021_1_001_000.png,12.0,25.0,5.0,3.0,5.0,0.0,2.0,49.0,0.0,30.0,24.0,36.0,0.0,502.0,0.0,0.0,0.0,3.0,0.0,42.0,3.0,27.0,266.0,165.0,340.0,41.0,14.0,419.0,521.0,18.0,6.0,7.0,74.0,80.0,2.0,Midfielder,491.0
8590.0,Mickaël Malsa,Malsa,male,1995-10-12T00:00:00+00:00,69.0,178.0,Levante UD,LEV,https://assets.laliga.com/assets/2019/06/07/medium/levante.png,12.0,Midfielder,https://assets.laliga.com/squad/2021/t855/p174279/512x556/p174279_t855_2021_1_001_000.png,11.0,26.0,1.0,0.0,8.0,0.0,0.0,69.0,1.0,32.0,18.0,8.0,0.0,524.0,0.0,0.0,0.0,2.0,0.0,0.0,7.0,30.0,193.0,239.0,402.0,12.0,19.0,136.0,535.0,37.0,12.0,1.0,37.0,66.0,7.0,Defender,489.5
292.0,Raúl Fernández,Raúl F.,male,1988-03-13T00:00:00+00:00,92.0,195.0,UD Las Palmas,LPA,https://assets.laliga.com/assets/2019/06/07/medium/las-palmas.png,1.0,Goalkeeper,https://assets.laliga.com/squad/2021/t407/p49214/512x556/p49214_t407_2021_1_001_000.png,6.0,28.0,0.0,0.0,0.0,19.0,8.0,11.0,0.0,34.0,1.0,0.0,0.0,354.0,0.0,0.0,59.0,0.0,0.0,0.0,0.0,89.0,33.0,417.0,361.0,23.0,1.0,164.0,610.0,2.0,0.0,0.0,158.0,2.0,3.0,Midfielder,489.0
2881.0,Erik Lamela,E. Lamela,male,1992-03-04T00:00:00+00:00,79.0,181.0,Sevilla FC,SEV,https://assets.laliga.com/assets/2019/06/07/medium/sevilla.png,17.0,Midfielder,https://assets.laliga.com/squad/2021/t179/p62974/512x556/p62974_t179_2021_1_001_000.png,10.0,20.0,2.0,0.0,0.0,0.0,1.0,72.0,5.0,5.0,5.0,19.0,5.0,462.0,0.0,0.0,0.0,12.0,0.0,3.0,18.0,12.0,289.0,119.0,392.0,2.0,21.0,155.0,468.0,31.0,52.0,16.0,1.0,63.0,5.0,Midfielder,484.5
9361.0,Kang-In Lee,Lee Kang In,male,2001-02-19T00:00:00+00:00,68.0,173.0,RCD Mallorca,MLL,https://assets.laliga.com/assets/2019/06/07/medium/mallorca.png,19.0,Midfielder,https://assets.laliga.com/squad/2021/t181/p451358/512x556/p451358_t181_2021_1_001_000.png,16.0,30.0,2.0,8.0,1.0,0.0,1.0,103.0,1.0,27.0,5.0,20.0,1.0,465.0,0.0,1.0,0.0,15.0,0.0,3.0,38.0,21.0,264.0,138.0,369.0,4.0,23.0,286.0,501.0,13.0,24.0,23.0,27.0,84.0,1.0,Forward,482.5
4286.0,Juan Pedro Jiménez Melero,Juanpe,male,1996-03-31T00:00:00+00:00,77.0,184.0,CD Lugo,LUG,https://assets.laliga.com/assets/2019/06/07/medium/lugo.png,6.0,Midfielder,https://assets.laliga.com/squad/2021/t5730/p219868/512x556/p219868_t5730_2021_1_001_000.png,41.0,28.0,1.0,0.0,3.0,0.0,1.0,108.0,1.0,18.0,19.0,13.0,1.0,504.0,0.0,0.0,0.0,6.0,1.0,0.0,12.0,29.0,224.0,161.0,356.0,18.0,34.0,202.0,521.0,38.0,31.0,10.0,33.0,103.0,5.0,Midfielder,481.0
1227.0,Willian José Da Silva,Willian J.,male,1991-11-23T00:00:00+00:00,93.0,189.0,Real Betis,BET,https://assets.laliga.com/assets/2019/06/07/medium/betis.png,12.0,Forward,https://assets.laliga.com/squad/2021/t185/p73314/512x556/p73314_t185_2021_1_001_000.png,22.0,32.0,4.0,3.0,2.0,0.0,1.0,66.0,8.0,18.0,3.0,18.0,7.0,494.0,0.0,0.0,0.0,12.0,0.0,2.0,6.0,23.0,263.0,154.0,392.0,16.0,12.0,206.0,530.0,15.0,53.0,10.0,19.0,96.0,1.0,Midfielder,479.5
2421.0,Francis Coquelin,Coquelin,male,1991-05-13T00:00:00+00:00,74.0,176.0,Villarreal CF,VIL,https://assets.laliga.com/assets/2019/06/07/medium/villarreal.png,19.0,Midfielder,https://assets.laliga.com/squad/2021/t449/p56864/512x556/p56864_t449_2021_1_001_000.png,15.0,20.0,0.0,0.0,5.0,0.0,0.0,71.0,2.0,10.0,19.0,9.0,0.0,468.0,0.0,0.0,0.0,2.0,0.0,0.0,17.0,12.0,281.0,126.0,395.0,10.0,23.0,105.0,473.0,26.0,25.0,3.0,6.0,60.0,3.0,Goalkeeper,478.5
4595.0,Pablo Larrea,Pablo Larrea,male,1994-02-04T00:00:00+00:00,69.0,173.0,CD Tenerife,TEN,https://assets.laliga.com/assets/2019/06/07/medium/tenerife.png,2.0,Midfielder,https://assets.laliga.com/squad/2021/t612/p222738/512x556/p222738_t612_2021_1_001_000.png,20.0,21.0,0.0,0.0,5.0,0.0,3.0,61.0,0.0,8.0,14.0,7.0,0.0,485.0,0.0,0.0,0.0,1.0,1.0,0.0,4.0,17.0,192.0,234.0,405.0,8.0,22.0,101.0,506.0,26.0,0.0,0.0,28.0,56.0,5.0,Defender,478.0
421.0,Allan-Roméo Nyom,Nyom,male,1988-05-10T00:00:00+00:00,78.0,188.0,CD Leganés,LEG,https://assets.laliga.com/assets/2019/06/07/medium/leganes.png,22.0,Defender,https://assets.laliga.com/squad/2021/t957/p67527/512x556/p67527_t957_2021_1_001_000.png,25.0,16.0,1.0,0.0,5.0,0.0,6.0,72.0,1.0,14.0,7.0,7.0,3.0,534.0,0.0,0.0,0.0,1.0,0.0,11.0,6.0,32.0,187.0,225.0,369.0,30.0,17.0,196.0,543.0,26.0,6.0,6.0,65.0,77.0,5.0,Midfielder,477.5
1742.0,Iván Sánchez,I. Sánchez,male,1992-09-23T00:00:00+00:00,64.0,171.0,Real Valladolid CF,VLL,https://assets.laliga.com/assets/2019/06/07/medium/valladolid.png,21.0,Midfielder,,0.0,12.0,0.0,0.0,0.0,0.0,0.0,84.0,2.0,7.0,7.0,4.0,1.0,446.0,0.0,0.0,0.0,4.0,0.0,2.0,36.0,33.0,267.0,128.0,360.0,4.0,6.0,114.0,455.0,18.0,19.0,16.0,10.0,52.0,0.0,Goalkeeper,471.0
14627.0,Gaspar Campos,Gaspar,male,2000-03-27T00:00:00+00:00,73.0,175.0,Real Sporting,SPO,https://assets.laliga.com/assets/2019/06/07/medium/sporting.png,27.0,Midfielder,https://assets.laliga.com/squad/2021/t616/p508483/512x556/p508483_t616_2021_1_001_000.png,10.0,37.0,2.0,0.0,1.0,0.0,1.0,69.0,2.0,25.0,10.0,17.0,5.0,506.0,0.0,0.0,0.0,7.0,0.0,4.0,22.0,15.0,234.0,168.0,383.0,12.0,17.0,224.0,512.0,22.0,37.0,15.0,21.0,93.0,3.0,Midfielder,468.5
6263.0,José Antonio Morente Oliva,T. Morente,male,1996-12-04T00:00:00+00:00,76.0,180.0,Elche CF,ELC,https://assets.laliga.com/assets/2019/06/07/medium/elche.png,11.0,Midfielder,https://assets.laliga.com/squad/2021/t954/p429644/512x556/p429644_t954_2021_1_001_000.png,22.0,32.0,3.0,0.0,1.0,0.0,0.0,95.0,3.0,22.0,12.0,13.0,8.0,489.0,0.0,0.0,0.0,8.0,0.0,14.0,30.0,15.0,263.0,121.0,354.0,10.0,32.0,287.0,496.0,21.0,41.0,33.0,24.0,103.0,4.0,Forward,466.5
5904.0,Antonio Moya,Toni Moya,male,1998-03-20T00:00:00+00:00,78.0,180.0,Deportivo Alavés,ALA,https://assets.laliga.com/assets/2020/09/01/medium/27002754a98bf535807fe49a24cc63ea.png,15.0,Defender,https://assets.laliga.com/squad/2021/t173/p179380/512x556/p179380_t173_2021_1_001_000.png,11.0,28.0,1.0,2.0,5.0,0.0,2.0,63.0,0.0,27.0,20.0,22.0,0.0,468.0,0.0,0.0,0.0,2.0,0.0,3.0,20.0,41.0,235.0,173.0,341.0,18.0,27.0,231.0,509.0,23.0,8.0,5.0,49.0,78.0,2.0,Midfielder,466.0
572.0,Raúl García,Raul Garcia,male,1986-07-11T00:00:00+00:00,83.0,184.0,Athletic Club,ATH,https://assets.laliga.com/assets/2019/06/07/medium/athletic.png,22.0,Midfielder,https://assets.laliga.com/squad/2021/t174/p18498/512x556/p18498_t174_2021_1_001_000.png,57.0,35.0,2.0,0.0,4.0,0.0,0.0,125.0,6.0,17.0,9.0,16.0,12.0,578.0,0.0,0.0,0.0,14.0,0.0,2.0,9.0,19.0,253.0,110.0,342.0,20.0,49.0,293.0,582.0,27.0,70.0,3.0,25.0,196.0,4.0,Defender,465.5
9655.0,Iván Martín,Iván Martín,male,1999-02-14T00:00:00+00:00,,178.0,Girona FC,GIR,https://assets.laliga.com/assets/2019/06/07/medium/girona.png,12.0,Midfielder,,7.0,17.0,1.0,0.0,0.0,0.0,1.0,52.0,0.0,9.0,7.0,11.0,0.0,507.0,0.0,0.0,0.0,4.0,0.0,1.0,24.0,12.0,281.0,127.0,395.0,7.0,13.0,171.0,509.0,10.0,31.0,7.0,10.0,92.0,0.0,Goalkeeper,461.0
9655.0,Iván Martín,Iván Martín,male,1999-02-14T00:00:00+00:00,,178.0,Girona FC,GIR,https://assets.laliga.com/assets/2019/06/07/medium/girona.png,12.0,Midfielder,,7.0,17.0,1.0,0.0,0.0,0.0,1.0,52.0,0.0,9.0,7.0,11.0,0.0,507.0,0.0,0.0,0.0,4.0,0.0,1.0,24.0,12.0,281.0,127.0,395.0,7.0,13.0,171.0,509.0,10.0,31.0,7.0,10.0,92.0,0.0,Defender,461.0
19559.0,Tomás Alarcón,Tomás Alarcón,male,1999-01-19T00:00:00+00:00,68.0,174.0,Cádiz CF,CAD,https://assets.laliga.com/assets/2019/06/07/medium/cadiz.png,12.0,Midfielder,https://assets.laliga.com/squad/2021/t1737/p229357/512x556/p229357_t1737_2021_1_001_000.png,15.0,23.0,1.0,0.0,7.0,0.0,2.0,59.0,0.0,23.0,30.0,13.0,1.0,485.0,0.0,0.0,0.0,2.0,0.0,4.0,4.0,53.0,194.0,201.0,328.0,28.0,19.0,205.0,501.0,31.0,9.0,4.0,41.0,79.0,5.0,Midfielder,459.5
15773.0,Saúl Basilio Coco-Bassey Oubiña,Coco,male,1999-02-09T00:00:00+00:00,,188.0,UD Las Palmas,LPA,https://assets.laliga.com/assets/2019/06/07/medium/las-palmas.png,29.0,Defender,https://assets.laliga.com/squad/2021/t407/p451565/512x556/p451565_t407_2021_1_001_000.png,13.0,11.0,0.0,0.0,4.0,0.0,2.0,25.0,0.0,13.0,7.0,0.0,0.0,467.0,0.0,0.0,0.0,1.0,0.0,0.0,0.0,11.0,111.0,323.0,423.0,28.0,10.0,63.0,489.0,6.0,4.0,1.0,22.0,33.0,4.0,Midfielder,459.0
7162.0,Miguel Ángel Atienza,Atienza,male,1999-05-27T00:00:00+00:00,,186.0,SD Eibar,EIB,https://assets.laliga.com/assets/2019/06/07/medium/eibar.png,33.0,Midfielder,https://assets.laliga.com/squad/2021/t953/p434631/512x556/p434631_t953_2021_1_001_000.png,37.0,22.0,0.0,0.0,4.0,0.0,2.0,69.0,0.0,10.0,24.0,10.0,0.0,472.0,0.0,0.0,0.0,0.0,0.0,0.0,3.0,21.0,171.0,217.0,367.0,25.0,14.0,110.0,481.0,25.0,6.0,1.0,16.0,77.0,5.0,Midfielder,458.5
6990.0,Uros Racic,Račić,male,1998-03-17T00:00:00+00:00,81.0,193.0,Valencia CF,VAL,https://assets.laliga.com/assets/2019/06/07/medium/valencia.png,8.0,Midfielder,https://assets.laliga.com/squad/2021/t191/p228611/512x556/p228611_t191_2021_1_001_000.png,33.0,28.0,0.0,0.0,6.0,0.0,0.0,102.0,0.0,20.0,16.0,5.0,1.0,489.0,0.0,1.0,0.0,1.0,0.0,2.0,14.0,53.0,223.0,146.0,314.0,20.0,29.0,169.0,499.0,32.0,14.0,4.0,41.0,91.0,1.0,Midfielder,453.0
1932.0,José María Angresola Jiménez,Mossa,male,1989-01-24T00:00:00+00:00,66.0,178.0,Real Oviedo,OVI,https://assets.laliga.com/assets/2019/06/07/medium/oviedo.png,23.0,Defender,https://assets.laliga.com/squad/2021/t187/p58884/512x556/p58884_t187_2021_1_001_000.png,15.0,19.0,1.0,0.0,5.0,0.0,1.0,45.0,0.0,16.0,11.0,11.0,0.0,521.0,0.0,0.0,0.0,1.0,0.0,10.0,4.0,30.0,232.0,174.0,365.0,20.0,15.0,200.0,532.0,19.0,19.0,1.0,51.0,86.0,5.0,Midfielder,450.5
7266.0,Juan Manuel Bravo,Juanma,male,1998-02-10T00:00:00+00:00,,,AD Alcorcón,ALC,https://assets.laliga.com/assets/2019/06/07/medium/alcorcon.png,6.0,Midfielder,https://assets.laliga.com/squad/2021/t5233/p434920/512x556/p434920_t5233_2021_1_001_000.png,53.0,19.0,1.0,0.0,4.0,0.0,1.0,128.0,1.0,26.0,14.0,8.0,3.0,445.0,0.0,0.0,0.0,8.0,0.0,5.0,25.0,17.0,211.0,139.0,328.0,20.0,25.0,191.0,459.0,25.0,18.0,15.0,16.0,98.0,3.0,Goalkeeper,450.0
12132.0,Takefusa Kubo,Take,male,2001-06-04T00:00:00+00:00,67.0,173.0,RCD Mallorca,MLL,https://assets.laliga.com/assets/2019/06/07/medium/mallorca.png,17.0,Midfielder,https://assets.laliga.com/squad/2021/t181/p219271/512x556/p219271_t181_2021_1_001_000.png,11.0,28.0,0.0,2.0,3.0,0.0,0.0,129.0,1.0,33.0,8.0,32.0,5.0,433.0,0.0,0.0,0.0,8.0,0.0,6.0,40.0,10.0,261.0,84.0,322.0,4.0,17.0,279.0,443.0,31.0,70.0,24.0,12.0,99.0,4.0,Defender,449.5
13306.0,Arnau Puigmal,Arnau,male,2001-01-10T00:00:00+00:00,,173.0,UD Almería,ALM,https://assets.laliga.com/assets/2019/06/07/medium/almeria.png,26.0,Midfielder,https://assets.laliga.com/squad/2021/t1564/p248506/512x556/p248506_t1564_2021_1_001_000.png,16.0,33.0,2.0,1.0,2.0,0.0,0.0,65.0,5.0,14.0,14.0,27.0,4.0,437.0,0.0,0.0,0.0,11.0,0.0,2.0,23.0,9.0,291.0,91.0,358.0,4.0,17.0,213.0,457.0,12.0,62.0,18.0,10.0,80.0,3.0,Forward,447.5
8371.0,Yoel Bárcenas,Y. Barcenas,male,1993-10-23T00:00:00+00:00,75.0,175.0,CD Leganés,LEG,https://assets.laliga.com/assets/2019/06/07/medium/leganes.png,23.0,Forward,https://assets.laliga.com/squad/2021/t957/p169310/512x556/p169310_t957_2021_1_001_000.png,12.0,26.0,2.0,0.0,0.0,0.0,1.0,87.0,2.0,20.0,7.0,11.0,4.0,434.0,0.0,0.0,0.0,6.0,0.0,7.0,28.0,16.0,273.0,98.0,348.0,5.0,19.0,182.0,439.0,22.0,41.0,21.0,10.0,65.0,0.0,Midfielder,445.0
12716.0,Daniel Cárdenas,Cárdenas,male,1997-03-28T00:00:00+00:00,80.0,186.0,Levante UD,LEV,https://assets.laliga.com/assets/2019/06/07/medium/levante.png,34.0,Goalkeeper,https://assets.laliga.com/squad/2021/t855/p491436/512x556/p491436_t855_2021_1_001_000.png,2.0,24.0,0.0,0.0,0.0,9.0,5.0,6.0,0.0,46.0,1.0,1.0,0.0,329.0,0.0,0.0,74.0,0.0,0.0,0.0,0.0,127.0,54.0,356.0,283.0,25.0,0.0,229.0,637.0,1.0,0.0,0.0,219.0,8.0,3.0,Midfielder,444.0
1651.0,Álvaro Negredo,A. Negredo,male,1985-08-20T00:00:00+00:00,71.0,186.0,Cádiz CF,CAD,https://assets.laliga.com/assets/2019/06/07/medium/cadiz.png,18.0,Forward,https://assets.laliga.com/squad/2021/t1737/p42892/512x556/p42892_t1737_2021_1_001_000.png,115.0,34.0,2.0,1.0,5.0,0.0,5.0,174.0,7.0,30.0,2.0,21.0,11.0,494.0,0.0,0.0,0.0,29.0,0.0,5.0,21.0,34.0,188.0,131.0,280.0,23.0,16.0,306.0,523.0,5.0,123.0,13.0,20.0,189.0,3.0,Midfielder,443.5
1668.0,Federico Vico Villegas,Fede Vico,male,1994-07-04T00:00:00+00:00,70.0,176.0,CD Leganés,LEG,https://assets.laliga.com/assets/2019/06/07/medium/leganes.png,21.0,Forward,https://assets.laliga.com/squad/2021/t957/p93335/512x556/p93335_t957_2021_1_001_000.png,4.0,16.0,2.0,1.0,0.0,0.0,1.0,67.0,2.0,13.0,7.0,22.0,3.0,482.0,0.0,0.0,0.0,7.0,0.0,4.0,25.0,18.0,268.0,113.0,352.0,4.0,16.0,242.0,495.0,12.0,36.0,11.0,30.0,95.0,2.0,Midfielder,443.0
1546.0,Nemanja Radoja,Radoja,male,1993-02-06T00:00:00+00:00,77.0,186.0,Levante UD,LEV,https://assets.laliga.com/assets/2019/06/07/medium/levante.png,5.0,Midfielder,https://assets.laliga.com/squad/2021/t855/p100263/512x556/p100263_t855_2021_1_001_000.png,18.0,19.0,0.0,0.0,9.0,0.0,2.0,67.0,0.0,27.0,22.0,7.0,0.0,446.0,0.0,0.0,0.0,1.0,0.0,1.0,11.0,20.0,156.0,227.0,362.0,15.0,16.0,124.0,454.0,25.0,10.0,5.0,14.0,58.0,3.0,Forward,442.0
5610.0,Óscar Melendo,Melendo,male,1997-08-23T00:00:00+00:00,63.0,167.0,RCD Espanyol de Barcelona,ESP,https://assets.laliga.com/assets/2019/06/07/medium/espanyol.png,14.0,Midfielder,https://assets.laliga.com/squad/2021/t177/p243718/512x556/p243718_t177_2021_1_001_000.png,7.0,21.0,0.0,0.0,1.0,0.0,0.0,69.0,0.0,20.0,1.0,18.0,0.0,417.0,0.0,0.0,0.0,0.0,0.0,1.0,15.0,13.0,257.0,132.0,375.0,9.0,9.0,75.0,426.0,11.0,11.0,3.0,8.0,30.0,0.0,Goalkeeper,440.5
8987.0,Samuel Chukwueze,Chukwueze,male,1999-05-22T00:00:00+00:00,70.0,172.0,Villarreal CF,VIL,https://assets.laliga.com/assets/2019/06/07/medium/villarreal.png,11.0,Midfielder,https://assets.laliga.com/squad/2021/t449/p218328/512x556/p218328_t449_2021_1_001_000.png,7.0,27.0,3.0,0.0,0.0,0.0,1.0,103.0,3.0,14.0,5.0,26.0,12.0,439.0,0.0,0.0,0.0,7.0,0.0,2.0,67.0,10.0,230.0,103.0,321.0,4.0,11.0,268.0,440.0,13.0,126.0,59.0,10.0,99.0,4.0,Defender,438.0
7487.0,Ricard Puig Martí,Riqui Puig,male,1999-08-13T00:00:00+00:00,56.0,169.0,FC Barcelona,BAR,https://assets.laliga.com/assets/2019/06/07/medium/barcelona.png,6.0,Forward,https://assets.laliga.com/squad/2021/t178/p437765/512x556/p437765_t178_2021_1_001_000.png,1.0,15.0,0.0,0.0,0.0,0.0,2.0,22.0,1.0,4.0,3.0,5.0,0.0,441.0,0.0,0.0,0.0,3.0,0.0,0.0,5.0,16.0,285.0,132.0,401.0,0.0,9.0,58.0,450.0,6.0,12.0,3.0,4.0,29.0,0.0,Midfielder,437.5
4026.0,José Carlos Lazo,Lazo,male,1996-02-16T00:00:00+00:00,69.0,180.0,UD Almería,ALM,https://assets.laliga.com/assets/2019/06/07/medium/almeria.png,16.0,Midfielder,https://assets.laliga.com/squad/2021/t1564/p199257/512x556/p199257_t1564_2021_1_001_000.png,5.0,32.0,2.0,5.0,1.0,0.0,0.0,41.0,5.0,11.0,5.0,34.0,4.0,469.0,0.0,0.0,0.0,14.0,0.0,4.0,11.0,15.0,284.0,97.0,347.0,12.0,10.0,224.0,479.0,11.0,43.0,10.0,21.0,96.0,3.0,Midfielder,433.0
12192.0,Lazar Randjelovic,Lazar Randelovic,male,1997-08-05T00:00:00+00:00,,,CD Leganés,LEG,https://assets.laliga.com/assets/2019/06/07/medium/leganes.png,12.0,Midfielder,https://assets.laliga.com/squad/2021/t957/p458797/512x556/p458797_t957_2021_1_001_000.png,10.0,34.0,3.0,0.0,0.0,0.0,1.0,77.0,5.0,18.0,8.0,12.0,7.0,461.0,0.0,0.0,0.0,13.0,0.0,14.0,28.0,9.0,259.0,93.0,329.0,4.0,30.0,316.0,462.0,29.0,74.0,42.0,12.0,112.0,3.0,Defender,429.5
1194.0,Ander Cantero,Cantero,male,1995-01-09T00:00:00+00:00,82.0,189.0,SD Eibar,EIB,https://assets.laliga.com/assets/2019/06/07/medium/eibar.png,1.0,Goalkeeper,https://assets.laliga.com/squad/2021/t953/p167177/512x556/p167177_t953_2021_1_001_000.png,7.0,26.0,0.0,0.0,0.0,24.0,10.0,9.0,0.0,28.0,0.0,0.0,0.0,298.0,0.0,0.0,55.0,0.0,0.0,0.0,0.0,156.0,118.0,268.0,230.0,26.0,0.0,240.0,624.0,1.0,0.0,0.0,234.0,4.0,1.0,Midfielder,429.0
12653.0,Óscar Clemente,Oscar,male,1999-03-26T00:00:00+00:00,,175.0,UD Las Palmas,LPA,https://assets.laliga.com/assets/2019/06/07/medium/las-palmas.png,17.0,Midfielder,https://assets.laliga.com/squad/2021/t407/p484388/512x556/p484388_t407_2021_1_001_000.png,6.0,21.0,1.0,0.0,2.0,0.0,0.0,32.0,1.0,15.0,9.0,11.0,1.0,460.0,0.0,0.0,0.0,6.0,0.0,2.0,8.0,16.0,266.0,132.0,380.0,3.0,13.0,143.0,476.0,8.0,32.0,8.0,7.0,73.0,3.0,Forward,428.0
9489.0,Thierry Rendall Correia,Thierry R.,male,1999-03-09T00:00:00+00:00,69.0,176.0,Valencia CF,VAL,https://assets.laliga.com/assets/2019/06/07/medium/valencia.png,2.0,Defender,https://assets.laliga.com/squad/2021/t191/p222629/512x556/p222629_t191_2021_1_001_000.png,19.0,19.0,1.0,0.0,5.0,0.0,5.0,94.0,0.0,11.0,19.0,7.0,0.0,472.0,0.0,0.0,0.0,1.0,0.0,3.0,11.0,35.0,206.0,135.0,303.0,22.0,32.0,262.0,478.0,35.0,13.0,11.0,40.0,100.0,5.0,Midfielder,427.5
12609.0,Oihan Sancet,O. Sancet,male,2000-04-25T00:00:00+00:00,73.0,188.0,Athletic Club,ATH,https://assets.laliga.com/assets/2019/06/07/medium/athletic.png,8.0,Midfielder,https://assets.laliga.com/squad/2021/t174/p439772/512x556/p439772_t174_2021_1_001_000.png,17.0,27.0,2.0,0.0,0.0,0.0,0.0,79.0,6.0,17.0,5.0,23.0,5.0,427.0,0.0,0.0,0.0,14.0,0.0,3.0,23.0,13.0,272.0,72.0,328.0,12.0,20.0,227.0,436.0,12.0,72.0,14.0,4.0,91.0,2.0,Defender,421.5
4589.0,Sime Vrsaljko,Vrsaljko,male,1992-01-10T00:00:00+00:00,76.0,181.0,Atlético de Madrid,ATM,https://assets.laliga.com/assets/2019/06/07/medium/atletico.png,24.0,Defender,https://assets.laliga.com/squad/2021/t175/p68353/512x556/p68353_t175_2021_1_001_000.png,33.0,21.0,2.0,0.0,1.0,0.0,3.0,70.0,1.0,12.0,12.0,1.0,2.0,453.0,0.0,0.0,0.0,1.0,0.0,5.0,5.0,22.0,184.0,173.0,330.0,26.0,13.0,188.0,456.0,27.0,10.0,2.0,31.0,73.0,4.0,Midfielder,420.5
8768.0,Eduardo Espiau,Edu Espiau,male,1994-12-19T00:00:00+00:00,,185.0,SD Ponferradina,PON,https://assets.laliga.com/assets/2021/06/24/medium/20f0382ea9163a771b3e01bbe7cf78b7.png,19.0,Forward,https://assets.laliga.com/squad/2021/t3090/p462932/512x556/p462932_t3090_2021_1_001_000.png,76.0,37.0,2.0,0.0,1.0,0.0,1.0,146.0,7.0,32.0,5.0,15.0,12.0,467.0,0.0,0.0,0.0,20.0,2.0,0.0,12.0,5.0,216.0,104.0,315.0,17.0,26.0,342.0,483.0,9.0,100.0,28.0,8.0,155.0,4.0,Midfielder,417.5
14847.0,Oier Zarraga,Zarraga,male,1999-01-04T00:00:00+00:00,76.0,175.0,Athletic Club,ATH,https://assets.laliga.com/assets/2019/06/07/medium/athletic.png,19.0,Midfielder,https://assets.laliga.com/squad/2021/t174/p245018/512x556/p245018_t174_2021_1_001_000.png,10.0,31.0,0.0,0.0,10.0,0.0,0.0,39.0,1.0,13.0,19.0,5.0,1.0,465.0,0.0,0.0,0.0,4.0,0.0,2.0,4.0,19.0,274.0,103.0,356.0,9.0,16.0,146.0,469.0,13.0,21.0,4.0,26.0,68.0,5.0,Defender,415.0
7357.0,Ramón Rodríguez Jiménez,Monchu,male,1999-09-13T00:00:00+00:00,68.0,173.0,Real Valladolid CF,VLL,https://assets.laliga.com/assets/2019/06/07/medium/valladolid.png,8.0,Midfielder,,6.0,15.0,4.0,6.0,0.0,0.0,0.0,56.0,2.0,9.0,4.0,14.0,0.0,365.0,0.0,0.0,0.0,3.0,1.0,1.0,10.0,34.0,175.0,194.0,320.0,2.0,19.0,91.0,398.0,23.0,2.0,7.0,8.0,36.0,0.0,Defender,414.5
7357.0,Ramón Rodríguez Jiménez,Monchu,male,1999-09-13T00:00:00+00:00,68.0,173.0,Real Valladolid CF,VLL,https://assets.laliga.com/assets/2019/06/07/medium/valladolid.png,8.0,Midfielder,,6.0,15.0,4.0,6.0,0.0,0.0,0.0,56.0,2.0,9.0,4.0,14.0,0.0,365.0,0.0,0.0,0.0,3.0,1.0,1.0,10.0,34.0,175.0,194.0,320.0,2.0,19.0,91.0,398.0,23.0,2.0,7.0,8.0,36.0,0.0,Midfielder,414.5
13006.0,Shon Weissman,Weissman,male,1996-02-14T00:00:00+00:00,72.0,174.0,Real Valladolid CF,VLL,https://assets.laliga.com/assets/2019/06/07/medium/valladolid.png,9.0,Forward,https://assets.laliga.com/squad/2021/t192/p435679/512x556/p435679_t192_2021_1_001_000.png,36.0,38.0,2.0,0.0,3.0,0.0,10.0,96.0,20.0,32.0,13.0,30.0,18.0,343.0,0.0,0.0,0.0,44.0,1.0,1.0,14.0,9.0,191.0,110.0,291.0,17.0,13.0,210.0,405.0,23.0,177.0,16.0,5.0,100.0,3.0,Midfielder,412.0
8576.0,Enrique Gallego Puigsech,Enric Gallego,male,1986-09-12T00:00:00+00:00,79.0,190.0,CD Tenerife,TEN,https://assets.laliga.com/assets/2019/06/07/medium/tenerife.png,18.0,Forward,https://assets.laliga.com/squad/2021/t612/p454317/512x556/p454317_t612_2021_1_001_000.png,153.0,35.0,5.0,0.0,4.0,0.0,5.0,212.0,12.0,20.0,8.0,24.0,25.0,452.0,0.0,0.0,0.0,27.0,0.0,2.0,10.0,7.0,175.0,72.0,238.0,38.0,95.0,326.0,455.0,28.0,126.0,15.0,18.0,192.0,9.0,Midfielder,412.0
9709.0,Florentino Ibrain Morris Luís,Florentino,male,1999-08-19T00:00:00+00:00,73.0,183.0,Getafe CF,GET,https://assets.laliga.com/assets/2019/06/07/medium/getafe.png,5.0,Midfielder,https://assets.laliga.com/squad/2021/t1450/p216055/512x556/p216055_t1450_2021_1_001_000.png,17.0,22.0,1.0,0.0,2.0,0.0,1.0,68.0,0.0,15.0,21.0,8.0,0.0,425.0,0.0,0.0,0.0,1.0,0.0,0.0,7.0,21.0,172.0,169.0,320.0,11.0,18.0,125.0,432.0,42.0,6.0,4.0,13.0,78.0,2.0,Midfielder,411.5
15875.0,Kevin Villodres,Kevin,male,2001-02-26T00:00:00+00:00,,173.0,Málaga CF,MGA,https://assets.laliga.com/assets/2019/06/07/medium/malaga.png,37.0,Forward,https://assets.laliga.com/squad/2021/t182/p521708/512x556/p521708_t182_2021_1_001_000.png,10.0,30.0,0.0,0.0,0.0,0.0,0.0,150.0,0.0,22.0,18.0,14.0,4.0,340.0,0.0,0.0,0.0,4.0,0.0,5.0,52.0,19.0,209.0,75.0,256.0,4.0,40.0,243.0,352.0,36.0,48.0,41.0,20.0,57.0,3.0,Midfielder,408.5
9742.0,Álex Sola,Sola,male,1999-06-09T00:00:00+00:00,75.0,178.0,R. Sociedad B,RSOB,https://assets.laliga.com/assets/2019/06/07/medium/real-sociedad.png,2.0,Defender,https://assets.laliga.com/squad/2021/t3567/p477406/512x556/p477406_t3567_2021_1_001_000.png,8.0,16.0,1.0,1.0,1.0,0.0,1.0,110.0,2.0,17.0,14.0,8.0,1.0,376.0,0.0,1.0,0.0,10.0,0.0,11.0,30.0,15.0,161.0,145.0,280.0,9.0,16.0,232.0,394.0,38.0,32.0,28.0,12.0,87.0,4.0,Midfielder,405.5
13885.0,Koldo Obieta,Obi,male,1993-10-08T00:00:00+00:00,,,SD Amorebieta,AMO,https://assets.laliga.com/assets/2021/06/24/medium/7dcec1604142a8f60f876e4c7e839da7.png,9.0,Forward,https://assets.laliga.com/squad/2021/t6498/p235433/512x556/p235433_t6498_2021_1_001_000.png,77.0,39.0,3.0,0.0,3.0,0.0,0.0,132.0,7.0,32.0,2.0,16.0,18.0,471.0,0.0,0.0,0.0,26.0,0.0,2.0,15.0,3.0,229.0,83.0,307.0,16.0,26.0,314.0,476.0,9.0,98.0,14.0,6.0,160.0,4.0,Midfielder,405.5
14614.0,Ibrahima Kebe,I. Kebe,male,2000-08-02T00:00:00+00:00,,,Girona FC,GIR,https://assets.laliga.com/assets/2019/06/07/medium/girona.png,6.0,Midfielder,https://assets.laliga.com/squad/2021/t2893/p498051/512x556/p498051_t2893_2021_1_001_000.png,18.0,26.0,0.0,0.0,0.0,0.0,0.0,89.0,1.0,17.0,10.0,10.0,1.0,391.0,0.0,0.0,0.0,2.0,0.0,0.0,23.0,7.0,166.0,164.0,323.0,7.0,24.0,124.0,394.0,31.0,14.0,7.0,10.0,54.0,5.0,Midfielder,405.5
1996.0,José Antonio Ferrández Pomares,Josan,male,1989-12-03T00:00:00+00:00,68.0,175.0,Elche CF,ELC,https://assets.laliga.com/assets/2019/06/07/medium/elche.png,17.0,Midfielder,https://assets.laliga.com/squad/2021/t954/p199195/512x556/p199195_t954_2021_1_001_000.png,3.0,31.0,2.0,0.0,4.0,0.0,0.0,96.0,2.0,25.0,10.0,15.0,4.0,367.0,0.0,0.0,0.0,5.0,0.0,16.0,27.0,11.0,170.0,145.0,288.0,16.0,14.0,214.0,380.0,36.0,33.0,19.0,13.0,68.0,2.0,Forward,405.0
110.0,David Ferreiro,Ferreiro,male,1988-04-01T00:00:00+00:00,63.0,170.0,SD Huesca,HUE,https://assets.laliga.com/assets/2019/06/07/medium/huesca.png,7.0,Forward,https://assets.laliga.com/squad/2021/t2894/p90657/512x556/p90657_t2894_2021_1_001_000.png,8.0,25.0,1.0,0.0,1.0,0.0,0.0,66.0,0.0,13.0,11.0,23.0,11.0,369.0,0.0,0.0,0.0,3.0,0.0,6.0,24.0,27.0,238.0,107.0,300.0,5.0,23.0,169.0,388.0,15.0,26.0,12.0,11.0,50.0,4.0,Midfielder,404.0
619.0,David López,David Lopez,male,1989-10-09T00:00:00+00:00,81.0,183.0,RCD Espanyol de Barcelona,ESP,https://assets.laliga.com/assets/2019/06/07/medium/espanyol.png,15.0,Midfielder,https://assets.laliga.com/squad/2021/t177/p11129/512x556/p11129_t177_2021_1_001_000.png,21.0,18.0,0.0,0.0,8.0,0.0,1.0,47.0,0.0,7.0,10.0,3.0,0.0,414.0,0.0,0.0,0.0,4.0,0.0,0.0,2.0,15.0,118.0,235.0,338.0,25.0,9.0,82.0,426.0,18.0,7.0,0.0,21.0,52.0,1.0,Goalkeeper,403.5
16295.0,Gorka Larrucea,Larru,male,1993-02-24T00:00:00+00:00,,,SD Amorebieta,AMO,https://assets.laliga.com/assets/2021/06/24/medium/7dcec1604142a8f60f876e4c7e839da7.png,8.0,Midfielder,https://assets.laliga.com/squad/2021/t6498/p220047/512x556/p220047_t6498_2021_1_001_000.png,30.0,20.0,0.0,1.0,2.0,0.0,0.0,83.0,1.0,17.0,29.0,22.0,0.0,422.0,0.0,0.0,0.0,7.0,0.0,3.0,8.0,34.0,186.0,129.0,268.0,19.0,22.0,190.0,445.0,33.0,2.0,2.0,49.0,94.0,5.0,Defender,400.0
1247.0,Cristian Portugués Manzanera,Portu,male,1992-05-21T00:00:00+00:00,66.0,167.0,Real Sociedad,RSO,https://assets.laliga.com/assets/2019/06/07/medium/real-sociedad.png,7.0,Midfielder,https://assets.laliga.com/squad/2021/t188/p88550/512x556/p88550_t188_2021_1_001_000.png,14.0,37.0,1.0,0.0,3.0,0.0,1.0,64.0,1.0,16.0,7.0,16.0,11.0,430.0,0.0,0.0,0.0,10.0,0.0,7.0,9.0,5.0,250.0,95.0,333.0,7.0,19.0,196.0,440.0,16.0,89.0,9.0,5.0,97.0,5.0,Midfielder,399.5
4120.0,Ignacio Gil de Pareja,Nacho Gil,male,1995-09-09T00:00:00+00:00,63.0,168.0,FC Cartagena,CAR,https://assets.laliga.com/assets/2022/02/11/medium/1628caa9b2002a11e564eb84b3677f78.png,21.0,Midfielder,https://assets.laliga.com/squad/2021/t3554/p220242/512x556/p220242_t3554_2021_1_001_000.png,8.0,21.0,0.0,0.0,1.0,0.0,0.0,83.0,1.0,15.0,13.0,10.0,3.0,386.0,0.0,0.0,0.0,3.0,1.0,2.0,20.0,6.0,179.0,151.0,322.0,1.0,15.0,142.0,395.0,19.0,19.0,17.0,9.0,58.0,0.0,Forward,397.5
6236.0,Ezequiel Ávila,Chimy Avila,male,1994-02-06T00:00:00+00:00,81.0,172.0,CA Osasuna,OSA,https://assets.laliga.com/assets/2019/06/07/medium/osasuna.png,9.0,Forward,https://assets.laliga.com/squad/2021/t450/p205992/512x556/p205992_t450_2021_1_001_000.png,52.0,36.0,1.0,4.0,2.0,0.0,0.0,125.0,6.0,22.0,13.0,18.0,13.0,453.0,0.0,1.0,0.0,16.0,0.0,19.0,18.0,21.0,216.0,85.0,257.0,14.0,31.0,336.0,463.0,17.0,54.0,14.0,35.0,150.0,7.0,Midfielder,397.5
14169.0,Ekain Zenitagoia,Ekain,male,1994-04-29T00:00:00+00:00,,179.0,UD Ibiza,IBI,https://assets.laliga.com/assets/2021/06/24/medium/d7bc0d2c9bf06afd6b5ace9d62771713.png,10.0,Forward,https://assets.laliga.com/squad/2021/t16203/p434912/512x556/p434912_t16203_2021_1_001_000.png,43.0,32.0,1.0,0.0,3.0,0.0,0.0,113.0,6.0,33.0,16.0,18.0,14.0,384.0,0.0,0.0,0.0,11.0,0.0,0.0,18.0,5.0,174.0,136.0,305.0,10.0,36.0,229.0,422.0,18.0,68.0,23.0,8.0,104.0,4.0,Midfielder,396.5
15073.0,Iván Marcone,Iván Marcone,male,1990-06-03T00:00:00+00:00,79.0,184.0,Elche CF,ELC,https://assets.laliga.com/assets/2019/06/07/medium/elche.png,23.0,Midfielder,https://assets.laliga.com/squad/2021/t954/p57400/512x556/p57400_t954_2021_1_001_000.png,6.0,20.0,0.0,0.0,3.0,0.0,1.0,44.0,0.0,16.0,12.0,0.0,0.0,418.0,0.0,0.0,0.0,0.0,0.0,1.0,10.0,22.0,141.0,214.0,332.0,13.0,12.0,87.0,430.0,24.0,2.0,2.0,22.0,54.0,5.0,Midfielder,396.0
12015.0,Jorge de Frutos,De Frutos,male,1997-02-20T00:00:00+00:00,72.0,173.0,Levante UD,LEV,https://assets.laliga.com/assets/2019/06/07/medium/levante.png,18.0,Midfielder,https://assets.laliga.com/squad/2021/t855/p241153/512x556/p241153_t855_2021_1_001_000.png,8.0,25.0,7.0,0.0,1.0,0.0,1.0,97.0,4.0,43.0,12.0,15.0,13.0,406.0,0.0,0.0,0.0,20.0,0.0,14.0,36.0,17.0,210.0,96.0,272.0,9.0,39.0,301.0,410.0,33.0,86.0,40.0,26.0,95.0,4.0,Midfielder,394.0
7144.0,Iván Calero,I. Calero,male,1995-04-21T00:00:00+00:00,64.0,174.0,AD Alcorcón,ALC,https://assets.laliga.com/assets/2019/06/07/medium/alcorcon.png,20.0,Midfielder,,12.0,16.0,0.0,0.0,6.0,0.0,4.0,55.0,1.0,18.0,14.0,4.0,0.0,483.0,0.0,0.0,0.0,3.0,0.0,4.0,12.0,28.0,193.0,144.0,305.0,23.0,13.0,249.0,487.0,18.0,19.0,6.0,71.0,83.0,2.0,Midfielder,392.0
7055.0,Shaquell Moore,Moore,male,1996-11-02T00:00:00+00:00,74.0,180.0,CD Tenerife,TEN,https://assets.laliga.com/assets/2019/06/07/medium/tenerife.png,21.0,Defender,https://assets.laliga.com/squad/2021/t612/p209393/512x556/p209393_t612_2021_1_001_000.png,26.0,25.0,2.0,0.0,3.0,0.0,2.0,79.0,0.0,13.0,18.0,20.0,3.0,394.0,0.0,0.0,0.0,3.0,0.0,21.0,8.0,19.0,180.0,128.0,268.0,28.0,24.0,246.0,397.0,26.0,18.0,19.0,42.0,68.0,3.0,Midfielder,391.0
19637.0,Kevin Appin,Appin,male,1998-01-20T00:00:00+00:00,71.0,177.0,UD Ibiza,IBI,https://assets.laliga.com/assets/2021/06/24/medium/d7bc0d2c9bf06afd6b5ace9d62771713.png,20.0,Midfielder,https://assets.laliga.com/squad/2021/t16203/p240138/512x556/p240138_t16203_2021_1_001_000.png,26.0,29.0,1.0,0.0,6.0,0.0,0.0,98.0,1.0,10.0,12.0,7.0,2.0,392.0,0.0,0.0,0.0,2.0,0.0,0.0,17.0,13.0,178.0,126.0,291.0,16.0,29.0,178.0,394.0,26.0,21.0,8.0,10.0,80.0,2.0,Defender,387.5
316.0,Roberto Santamaría,Santamaría,male,1985-02-27T00:00:00+00:00,75.0,183.0,SD Amorebieta,AMO,https://assets.laliga.com/assets/2021/06/24/medium/7dcec1604142a8f60f876e4c7e839da7.png,13.0,Goalkeeper,https://assets.laliga.com/squad/2021/t6498/p21062/512x556/p21062_t6498_2021_1_001_000.png,2.0,24.0,0.0,0.0,0.0,11.0,3.0,4.0,0.0,33.0,0.0,1.0,0.0,282.0,1.0,0.0,55.0,0.0,0.0,0.0,0.0,276.0,227.0,136.0,87.0,8.0,1.0,325.0,683.0,0.0,0.0,0.0,317.0,3.0,1.0,Midfielder,385.5
877.0,Roger Martí,Roger Ms.,male,1991-01-03T00:00:00+00:00,74.0,179.0,Levante UD,LEV,https://assets.laliga.com/assets/2019/06/07/medium/levante.png,9.0,Forward,https://assets.laliga.com/squad/2021/t855/p109702/512x556/p109702_t855_2021_1_001_000.png,31.0,29.0,2.0,0.0,0.0,0.0,1.0,94.0,7.0,42.0,2.0,20.0,12.0,399.0,0.0,0.0,0.0,20.0,0.0,1.0,14.0,12.0,192.0,121.0,300.0,8.0,62.0,244.0,448.0,23.0,100.0,14.0,15.0,121.0,8.0,Midfielder,382.0
1454.0,Íñigo Eguaras,Eguaras,male,1992-03-07T00:00:00+00:00,77.0,181.0,UD Almería,ALM,https://assets.laliga.com/assets/2019/06/07/medium/almeria.png,4.0,Midfielder,,7.0,14.0,0.0,0.0,0.0,0.0,1.0,21.0,1.0,9.0,3.0,5.0,0.0,404.0,0.0,0.0,0.0,2.0,0.0,1.0,1.0,20.0,195.0,161.0,335.0,11.0,6.0,74.0,414.0,11.0,7.0,1.0,18.0,41.0,2.0,Forward,378.0
12718.0,Rodrigo Sánchez,Rodri,male,2000-05-16T00:00:00+00:00,,,Real Betis,BET,https://assets.laliga.com/assets/2019/06/07/medium/betis.png,28.0,Midfielder,https://assets.laliga.com/squad/2021/t185/p491430/512x556/p491430_t185_2021_1_001_000.png,0.0,21.0,2.0,0.0,0.0,0.0,0.0,41.0,1.0,14.0,3.0,15.0,1.0,400.0,0.0,0.0,0.0,7.0,0.0,1.0,16.0,12.0,243.0,92.0,322.0,4.0,2.0,117.0,403.0,10.0,34.0,10.0,5.0,64.0,0.0,Midfielder,376.5
6276.0,Juan Miranda,Miranda,male,2000-01-19T00:00:00+00:00,79.0,185.0,Real Betis,BET,https://assets.laliga.com/assets/2019/06/07/medium/betis.png,33.0,Defender,https://assets.laliga.com/squad/2021/t185/p433530/512x556/p433530_t185_2021_1_001_000.png,12.0,13.0,2.0,2.0,4.0,0.0,3.0,50.0,0.0,6.0,15.0,5.0,0.0,377.0,0.0,0.0,0.0,2.0,0.0,5.0,4.0,10.0,168.0,144.0,297.0,21.0,13.0,144.0,388.0,21.0,11.0,5.0,28.0,53.0,3.0,Midfielder,366.5
7122.0,Hugo Duro,Hugo Duro,male,1999-11-10T00:00:00+00:00,70.0,177.0,Valencia CF,VAL,https://assets.laliga.com/assets/2019/06/07/medium/valencia.png,19.0,Forward,https://assets.laliga.com/squad/2021/t191/p439716/512x556/p439716_t191_2021_1_001_000.png,40.0,30.0,0.0,0.0,2.0,0.0,1.0,121.0,7.0,28.0,4.0,13.0,7.0,355.0,0.0,1.0,0.0,15.0,0.0,1.0,13.0,5.0,195.0,74.0,263.0,16.0,29.0,227.0,373.0,25.0,69.0,12.0,8.0,97.0,2.0,Midfielder,360.5
11979.0,Randy Nteka,Nteka,male,1997-12-06T00:00:00+00:00,75.0,189.0,Rayo Vallecano,RAY,https://assets.laliga.com/assets/2019/06/07/medium/rayo.png,9.0,Midfielder,https://assets.laliga.com/squad/2021/t184/p449300/512x556/p449300_t184_2021_1_001_000.png,62.0,34.0,0.0,0.0,1.0,0.0,0.0,125.0,3.0,20.0,8.0,14.0,3.0,386.0,0.0,0.0,0.0,8.0,0.0,1.0,16.0,4.0,196.0,71.0,262.0,10.0,41.0,258.0,395.0,24.0,69.0,14.0,8.0,121.0,3.0,Midfielder,359.5
7257.0,Óscar Rodríguez,Óscar,male,1998-06-28T00:00:00+00:00,67.0,174.0,Getafe CF,GET,https://assets.laliga.com/assets/2019/06/07/medium/getafe.png,24.0,Midfielder,https://assets.laliga.com/squad/2021/t1450/p223757/512x556/p223757_t1450_2021_1_001_000.png,9.0,18.0,1.0,9.0,1.0,0.0,0.0,46.0,0.0,9.0,11.0,10.0,1.0,369.0,0.0,0.0,0.0,8.0,0.0,3.0,10.0,29.0,172.0,141.0,272.0,5.0,8.0,157.0,381.0,16.0,12.0,9.0,24.0,56.0,3.0,Midfielder,355.5
1192.0,José Ángel Carrillo,Carrillo,male,1994-01-07T00:00:00+00:00,82.0,190.0,CD Lugo,LUG,https://assets.laliga.com/assets/2019/06/07/medium/lugo.png,11.0,Forward,https://assets.laliga.com/squad/2021/t5730/p178348/512x556/p178348_t5730_2021_1_001_000.png,183.0,33.0,0.0,0.0,2.0,0.0,0.0,236.0,9.0,29.0,5.0,10.0,18.0,390.0,0.0,0.0,0.0,22.0,0.0,0.0,8.0,3.0,146.0,62.0,205.0,27.0,21.0,288.0,400.0,6.0,100.0,3.0,8.0,184.0,5.0,Midfielder,352.5
1622.0,Ager Aketxe,Aketxe,male,1993-12-30T00:00:00+00:00,69.0,174.0,SD Eibar,EIB,https://assets.laliga.com/assets/2019/06/07/medium/eibar.png,22.0,Midfielder,https://assets.laliga.com/squad/2021/t953/p159537/512x556/p159537_t953_2021_1_001_000.png,8.0,24.0,3.0,7.0,1.0,0.0,0.0,52.0,1.0,6.0,1.0,19.0,0.0,337.0,0.0,0.0,0.0,8.0,0.0,5.0,8.0,19.0,223.0,86.0,267.0,5.0,8.0,146.0,355.0,14.0,15.0,6.0,14.0,55.0,1.0,Goalkeeper,350.5
7533.0,Pablo Martínez,P. Martinez,male,1998-02-22T00:00:00+00:00,74.0,182.0,SD Huesca,HUE,https://assets.laliga.com/assets/2019/06/07/medium/huesca.png,16.0,Midfielder,,11.0,17.0,0.0,4.0,2.0,0.0,0.0,46.0,1.0,15.0,12.0,10.0,4.0,375.0,0.0,0.0,0.0,6.0,0.0,3.0,12.0,24.0,181.0,124.0,275.0,9.0,23.0,140.0,394.0,16.0,16.0,6.0,38.0,57.0,4.0,Forward,350.0
7533.0,Pablo Martínez,P. Martinez,male,1998-02-22T00:00:00+00:00,74.0,182.0,SD Huesca,HUE,https://assets.laliga.com/assets/2019/06/07/medium/huesca.png,16.0,Midfielder,,11.0,17.0,0.0,4.0,2.0,0.0,0.0,46.0,1.0,15.0,12.0,10.0,4.0,375.0,0.0,0.0,0.0,6.0,0.0,3.0,12.0,24.0,181.0,124.0,275.0,9.0,23.0,140.0,394.0,16.0,16.0,6.0,38.0,57.0,4.0,Forward,350.0
14955.0,Yunus Musah,Musah,male,2002-11-29T00:00:00+00:00,75.0,178.0,Valencia CF,VAL,https://assets.laliga.com/assets/2019/06/07/medium/valencia.png,4.0,Midfielder,https://assets.laliga.com/squad/2021/t191/p244847/512x556/p244847_t191_2021_1_001_000.png,16.0,29.0,0.0,0.0,1.0,0.0,0.0,91.0,1.0,18.0,14.0,10.0,0.0,332.0,0.0,0.0,0.0,2.0,0.0,4.0,36.0,16.0,203.0,64.0,247.0,10.0,24.0,187.0,340.0,23.0,41.0,28.0,4.0,73.0,5.0,Forward,349.0
1893.0,Gonzalo Escalante,Escalante,male,1993-03-27T00:00:00+00:00,76.0,182.0,Deportivo Alavés,ALA,https://assets.laliga.com/assets/2020/09/01/medium/27002754a98bf535807fe49a24cc63ea.png,16.0,Midfielder,https://assets.laliga.com/squad/2021/t173/p156305/512x556/p156305_t173_2021_1_001_000.png,35.0,17.0,0.0,0.0,2.0,0.0,1.0,94.0,5.0,26.0,21.0,7.0,3.0,392.0,0.0,1.0,0.0,9.0,0.0,1.0,7.0,20.0,151.0,114.0,244.0,26.0,25.0,166.0,395.0,30.0,25.0,2.0,28.0,103.0,6.0,Midfielder,348.0
438.0,Asier Riesgo,Riesgo,male,1983-10-06T00:00:00+00:00,76.0,185.0,CD Leganés,LEG,https://assets.laliga.com/assets/2019/06/07/medium/leganes.png,13.0,Goalkeeper,https://assets.laliga.com/squad/2021/t957/p17973/512x556/p17973_t957_2021_1_001_000.png,6.0,20.0,0.0,0.0,0.0,15.0,7.0,8.0,0.0,17.0,0.0,0.0,0.0,228.0,0.0,0.0,42.0,0.0,0.0,0.0,0.0,143.0,92.0,226.0,175.0,9.0,0.0,218.0,534.0,0.0,0.0,0.0,213.0,3.0,2.0,Midfielder,345.5
5169.0,Jens Jønsson,Jønsson,male,1993-01-10T00:00:00+00:00,78.0,182.0,Cádiz CF,CAD,https://assets.laliga.com/assets/2019/06/07/medium/cadiz.png,2.0,Midfielder,https://assets.laliga.com/squad/2021/t1737/p102002/512x556/p102002_t1737_2021_1_001_000.png,28.0,22.0,1.0,0.0,7.0,0.0,0.0,84.0,0.0,19.0,34.0,7.0,1.0,327.0,0.0,0.0,0.0,0.0,0.0,3.0,8.0,6.0,115.0,139.0,245.0,31.0,16.0,105.0,330.0,40.0,16.0,2.0,17.0,62.0,3.0,Midfielder,345.0
8861.0,Arnaut Danjuma,Danjuma,male,1997-01-31T00:00:00+00:00,74.0,178.0,Villarreal CF,VIL,https://assets.laliga.com/assets/2019/06/07/medium/villarreal.png,15.0,Midfielder,https://assets.laliga.com/squad/2021/t449/p220307/512x556/p220307_t449_2021_1_001_000.png,3.0,23.0,2.0,2.0,0.0,0.0,0.0,61.0,10.0,19.0,2.0,12.0,17.0,332.0,0.0,0.0,0.0,29.0,0.0,5.0,33.0,7.0,214.0,61.0,261.0,3.0,3.0,193.0,348.0,7.0,136.0,28.0,5.0,75.0,2.0,Forward,342.0
1907.0,Miguel Zabaco Tomé,Zabaco,male,1989-02-06T00:00:00+00:00,77.0,185.0,Burgos CF,BUR,https://assets.laliga.com/assets/2021/06/24/medium/8de24d38ab1472bbae1620d36582d7bd.png,4.0,Defender,https://assets.laliga.com/squad/2021/t951/p89303/512x556/p89303_t951_2021_1_001_000.png,18.0,16.0,0.0,0.0,11.0,0.0,4.0,37.0,0.0,11.0,15.0,2.0,1.0,379.0,0.0,0.0,0.0,1.0,0.0,0.0,0.0,29.0,91.0,194.0,256.0,51.0,19.0,118.0,392.0,15.0,6.0,1.0,61.0,46.0,4.0,Midfielder,338.0
14637.0,Javier Enrique Delgado Saverio,Saverio,male,1999-06-19T00:00:00+00:00,69.0,178.0,SD Ponferradina,PON,https://assets.laliga.com/assets/2021/06/24/medium/20f0382ea9163a771b3e01bbe7cf78b7.png,28.0,Forward,https://assets.laliga.com/squad/2021/t3090/p439346/512x556/p439346_t3090_2021_1_001_000.png,11.0,29.0,1.0,0.0,0.0,0.0,0.0,73.0,1.0,14.0,8.0,7.0,5.0,327.0,0.0,0.0,0.0,7.0,1.0,0.0,33.0,11.0,179.0,90.0,258.0,5.0,25.0,145.0,332.0,18.0,28.0,19.0,10.0,53.0,1.0,Midfielder,337.5
3862.0,Anuar Mohamed,Anuar,male,1995-01-15T00:00:00+00:00,69.0,173.0,Real Valladolid CF,VLL,https://assets.laliga.com/assets/2019/06/07/medium/valladolid.png,25.0,Midfielder,https://assets.laliga.com/squad/2021/t192/p198906/512x556/p198906_t192_2021_1_001_000.png,11.0,34.0,2.0,0.0,1.0,0.0,0.0,77.0,3.0,13.0,8.0,9.0,9.0,320.0,0.0,0.0,0.0,6.0,0.0,3.0,24.0,3.0,172.0,95.0,261.0,10.0,27.0,132.0,323.0,20.0,53.0,10.0,4.0,55.0,4.0,Goalkeeper,337.0
8728.0,Javier Martínez,Javi Martinez,male,1999-12-22T00:00:00+00:00,68.0,180.0,CA Osasuna,OSA,https://assets.laliga.com/assets/2019/06/07/medium/osasuna.png,28.0,Midfielder,https://assets.laliga.com/squad/2021/t450/p463057/512x556/p463057_t450_2021_1_001_000.png,10.0,26.0,1.0,0.0,0.0,0.0,0.0,50.0,1.0,16.0,9.0,10.0,0.0,353.0,0.0,0.0,0.0,2.0,0.0,4.0,11.0,8.0,195.0,92.0,273.0,9.0,15.0,148.0,361.0,21.0,26.0,5.0,12.0,68.0,1.0,Goalkeeper,334.0
7568.0,Álex Collado,Collado,male,1999-04-22T00:00:00+00:00,66.0,177.0,Granada CF,GRA,https://assets.laliga.com/assets/2019/06/07/medium/granada.png,35.0,Midfielder,https://assets.laliga.com/squad/2021/t5683/p242315/512x556/p242315_t5683_2021_1_001_000.png,6.0,17.0,1.0,1.0,2.0,0.0,1.0,63.0,2.0,16.0,6.0,16.0,0.0,302.0,0.0,0.0,0.0,8.0,0.0,2.0,14.0,9.0,176.0,87.0,246.0,8.0,15.0,173.0,314.0,27.0,22.0,24.0,11.0,48.0,1.0,Forward,323.5
671.0,Saúl Ñíguez,Saúl,male,1994-11-21T00:00:00+00:00,76.0,184.0,Chelsea,CHE,https://assets.laliga.com/assets/2021/03/11/medium/c866272877492082027f638c5ca88e39.png,17.0,Midfielder,,8.0,10.0,0.0,0.0,3.0,0.0,1.0,30.0,0.0,6.0,7.0,3.0,0.0,319.0,0.0,0.0,0.0,1.0,0.0,2.0,2.0,13.0,144.0,147.0,276.0,9.0,9.0,70.0,325.0,20.0,13.0,1.0,10.0,26.0,1.0,Midfielder,323.5
12890.0,Mikel Agu,Mikel,male,1993-05-27T00:00:00+00:00,77.0,184.0,CF Fuenlabrada,FUE,https://assets.laliga.com/assets/2019/06/07/medium/fuenlabrada.png,22.0,Midfielder,,29.0,15.0,1.0,0.0,6.0,0.0,3.0,68.0,0.0,23.0,19.0,5.0,0.0,347.0,0.0,0.0,0.0,0.0,0.0,1.0,5.0,10.0,104.0,152.0,245.0,32.0,22.0,125.0,352.0,29.0,7.0,7.0,24.0,73.0,1.0,Midfielder,323.0
6160.0,Alberto Perea,A. Perea,male,1990-12-19T00:00:00+00:00,74.0,177.0,Cádiz CF,CAD,https://assets.laliga.com/assets/2019/06/07/medium/cadiz.png,10.0,Midfielder,https://assets.laliga.com/squad/2021/t1737/p59339/512x556/p59339_t1737_2021_1_001_000.png,2.0,18.0,1.0,1.0,1.0,0.0,0.0,70.0,0.0,16.0,9.0,11.0,0.0,311.0,0.0,0.0,0.0,4.0,0.0,6.0,29.0,6.0,176.0,83.0,245.0,4.0,7.0,176.0,311.0,19.0,18.0,24.0,14.0,46.0,2.0,Midfielder,322.0
1709.0,Pablo Clavería,Claveria,male,1996-04-01T00:00:00+00:00,75.0,180.0,CD Lugo,LUG,https://assets.laliga.com/assets/2019/06/07/medium/lugo.png,20.0,Midfielder,,6.0,16.0,1.0,0.0,7.0,0.0,4.0,39.0,1.0,20.0,20.0,9.0,0.0,350.0,0.0,0.0,0.0,4.0,0.0,4.0,5.0,21.0,135.0,140.0,250.0,21.0,32.0,148.0,383.0,18.0,13.0,8.0,37.0,75.0,6.0,Goalkeeper,320.5
9650.0,Jaume Grau,Jaume,male,1997-05-05T00:00:00+00:00,67.0,182.0,Real Zaragoza,ZAR,https://assets.laliga.com/assets/2019/06/07/medium/zaragoza.png,5.0,Midfielder,https://assets.laliga.com/squad/2021/t190/p219716/512x556/p219716_t190_2021_1_001_000.png,11.0,12.0,0.0,0.0,1.0,0.0,2.0,38.0,2.0,11.0,12.0,2.0,0.0,329.0,0.0,0.0,0.0,2.0,0.0,2.0,2.0,20.0,132.0,148.0,258.0,12.0,17.0,66.0,330.0,25.0,3.0,0.0,21.0,31.0,4.0,Forward,320.0
13046.0,Oussama Idrissi,Idrissi,male,1996-02-26T00:00:00+00:00,78.0,175.0,Cádiz CF,CAD,https://assets.laliga.com/assets/2019/06/07/medium/cadiz.png,11.0,Forward,https://assets.laliga.com/squad/2021/t1737/p219194/512x556/p219194_t1737_2021_1_001_000.png,0.0,12.0,1.0,0.0,0.0,0.0,1.0,34.0,1.0,10.0,3.0,20.0,2.0,317.0,0.0,0.0,0.0,8.0,0.0,6.0,23.0,16.0,176.0,103.0,251.0,3.0,10.0,150.0,327.0,8.0,45.0,19.0,6.0,54.0,2.0,Midfielder,320.0
9650.0,Jaume Grau,Jaume,male,1997-05-05T00:00:00+00:00,67.0,182.0,Real Zaragoza,ZAR,https://assets.laliga.com/assets/2019/06/07/medium/zaragoza.png,5.0,Midfielder,https://assets.laliga.com/squad/2021/t190/p219716/512x556/p219716_t190_2021_1_001_000.png,11.0,12.0,0.0,0.0,1.0,0.0,2.0,38.0,2.0,11.0,12.0,2.0,0.0,329.0,0.0,0.0,0.0,2.0,0.0,2.0,2.0,20.0,132.0,148.0,258.0,12.0,17.0,66.0,330.0,25.0,3.0,0.0,21.0,31.0,4.0,Midfielder,320.0
9653.0,Paul Akouokou,Paul,male,1997-12-20T00:00:00+00:00,,190.0,Real Betis,BET,https://assets.laliga.com/assets/2019/06/07/medium/betis.png,4.0,Midfielder,https://assets.laliga.com/squad/2021/t185/p475177/512x556/p475177_t185_2021_1_001_000.png,6.0,8.0,0.0,0.0,0.0,0.0,2.0,28.0,0.0,3.0,11.0,3.0,0.0,319.0,0.0,0.0,0.0,0.0,1.0,1.0,6.0,13.0,149.0,135.0,270.0,6.0,13.0,50.0,323.0,14.0,3.0,2.0,10.0,30.0,2.0,Defender,315.5
12632.0,Samuel Obeng,Obeng,male,1997-05-15T00:00:00+00:00,74.0,183.0,Real Oviedo,OVI,https://assets.laliga.com/assets/2019/06/07/medium/oviedo.png,16.0,Forward,https://assets.laliga.com/squad/2021/t187/p464479/512x556/p464479_t187_2021_1_001_000.png,67.0,34.0,1.0,0.0,5.0,0.0,0.0,141.0,8.0,21.0,9.0,11.0,14.0,290.0,0.0,0.0,0.0,26.0,1.0,4.0,14.0,4.0,144.0,63.0,199.0,11.0,30.0,230.0,294.0,20.0,101.0,29.0,5.0,86.0,3.0,Midfielder,315.0
4002.0,Roman Zozulya,Zozulia,male,1989-11-17T00:00:00+00:00,62.0,180.0,CF Fuenlabrada,FUE,https://assets.laliga.com/assets/2019/06/07/medium/fuenlabrada.png,9.0,Forward,https://assets.laliga.com/squad/2021/t7104/p56375/512x556/p56375_t7104_2021_1_001_000.png,92.0,35.0,1.0,0.0,0.0,0.0,3.0,141.0,3.0,21.0,5.0,13.0,15.0,334.0,0.0,0.0,0.0,10.0,0.0,1.0,5.0,7.0,146.0,75.0,213.0,19.0,43.0,202.0,342.0,16.0,58.0,9.0,1.0,121.0,3.0,Midfielder,315.0
554.0,Pere Pons,Pere Pons,male,1993-02-20T00:00:00+00:00,70.0,177.0,Deportivo Alavés,ALA,https://assets.laliga.com/assets/2020/09/01/medium/27002754a98bf535807fe49a24cc63ea.png,20.0,Midfielder,https://assets.laliga.com/squad/2021/t173/p131411/512x556/p131411_t173_2021_1_001_000.png,17.0,27.0,0.0,0.0,1.0,0.0,0.0,64.0,1.0,26.0,6.0,12.0,2.0,343.0,0.0,0.0,0.0,4.0,0.0,2.0,4.0,10.0,131.0,134.0,253.0,11.0,25.0,158.0,360.0,26.0,28.0,4.0,11.0,86.0,2.0,Defender,315.0
23374.0,Alejandro Domingo Gómez,Neskes,male,2001-11-22T00:00:00+00:00,,,FC Cartagena,CAR,https://assets.laliga.com/assets/2022/02/11/medium/1628caa9b2002a11e564eb84b3677f78.png,28.0,Midfielder,https://assets.laliga.com/squad/2021/t3554/p515653/512x556/p515653_t3554_2021_1_001_000.png,5.0,24.0,1.0,0.0,0.0,0.0,0.0,52.0,0.0,9.0,6.0,2.0,1.0,321.0,0.0,0.0,0.0,0.0,0.0,0.0,14.0,25.0,155.0,118.0,248.0,3.0,22.0,100.0,328.0,13.0,12.0,3.0,16.0,39.0,3.0,Midfielder,312.0
1613.0,Federico San Emeterio Díaz,Fede S.,male,1997-03-16T00:00:00+00:00,68.0,174.0,Cádiz CF,CAD,https://assets.laliga.com/assets/2019/06/07/medium/cadiz.png,24.0,Midfielder,https://assets.laliga.com/squad/2021/t1737/p178092/512x556/p178092_t1737_2021_1_001_000.png,11.0,12.0,0.0,0.0,0.0,0.0,1.0,37.0,0.0,10.0,8.0,3.0,0.0,343.0,0.0,0.0,0.0,0.0,0.0,0.0,0.0,17.0,124.0,157.0,264.0,5.0,26.0,77.0,347.0,16.0,1.0,2.0,13.0,53.0,3.0,Midfielder,309.0
1613.0,Federico San Emeterio Díaz,Fede S.,male,1997-03-16T00:00:00+00:00,68.0,174.0,Cádiz CF,CAD,https://assets.laliga.com/assets/2019/06/07/medium/cadiz.png,24.0,Midfielder,https://assets.laliga.com/squad/2021/t1737/p178092/512x556/p178092_t1737_2021_1_001_000.png,11.0,12.0,0.0,0.0,0.0,0.0,1.0,37.0,0.0,10.0,8.0,3.0,0.0,343.0,0.0,0.0,0.0,0.0,0.0,0.0,0.0,17.0,124.0,157.0,264.0,5.0,26.0,77.0,347.0,16.0,1.0,2.0,13.0,53.0,3.0,Forward,309.0
12576.0,Njegos Petrovic,Nj. Petrovic,male,1999-07-18T00:00:00+00:00,,185.0,Granada CF,GRA,https://assets.laliga.com/assets/2019/06/07/medium/granada.png,18.0,Midfielder,https://assets.laliga.com/squad/2021/t5683/p241645/512x556/p241645_t5683_2021_1_001_000.png,12.0,15.0,0.0,0.0,4.0,0.0,1.0,58.0,0.0,23.0,9.0,2.0,1.0,327.0,0.0,0.0,0.0,2.0,0.0,0.0,10.0,14.0,131.0,133.0,250.0,11.0,11.0,99.0,330.0,24.0,7.0,6.0,6.0,60.0,5.0,Midfielder,308.0
12760.0,Arvin Appiah,Appiah,male,2001-01-05T00:00:00+00:00,63.0,173.0,UD Almería,ALM,https://assets.laliga.com/assets/2019/06/07/medium/almeria.png,31.0,Forward,https://assets.laliga.com/squad/2021/t1564/p220701/512x556/p220701_t1564_2021_1_001_000.png,11.0,32.0,1.0,0.0,0.0,0.0,0.0,83.0,1.0,10.0,4.0,14.0,3.0,291.0,0.0,0.0,0.0,6.0,0.0,1.0,25.0,1.0,186.0,53.0,237.0,3.0,8.0,173.0,296.0,12.0,48.0,27.0,9.0,49.0,1.0,Midfielder,307.5
17035.0,Augusto Solari,Solari,male,1992-01-03T00:00:00+00:00,80.0,180.0,RC Celta,CEL,https://assets.laliga.com/assets/2019/06/07/medium/celta.png,21.0,Midfielder,https://assets.laliga.com/squad/2021/t176/p143710/512x556/p143710_t176_2021_1_001_000.png,4.0,26.0,0.0,0.0,4.0,0.0,0.0,48.0,0.0,13.0,7.0,6.0,1.0,370.0,0.0,0.0,0.0,1.0,0.0,7.0,9.0,10.0,156.0,109.0,247.0,8.0,23.0,202.0,371.0,24.0,20.0,11.0,21.0,93.0,5.0,Defender,307.0
1202.0,Rubén Rochina,Rochina,male,1991-03-23T00:00:00+00:00,76.0,182.0,Granada CF,GRA,https://assets.laliga.com/assets/2019/06/07/medium/granada.png,21.0,Midfielder,https://assets.laliga.com/squad/2021/t5683/p86168/512x556/p86168_t5683_2021_1_001_000.png,6.0,15.0,2.0,1.0,1.0,0.0,2.0,57.0,1.0,12.0,6.0,10.0,1.0,321.0,0.0,0.0,0.0,5.0,0.0,4.0,14.0,35.0,169.0,86.0,211.0,4.0,11.0,172.0,338.0,21.0,5.0,5.0,34.0,58.0,3.0,Defender,304.0
569.0,Mario Suárez,M. Suárez,male,1987-02-24T00:00:00+00:00,80.0,188.0,Rayo Vallecano,RAY,https://assets.laliga.com/assets/2019/06/07/medium/rayo.png,4.0,Midfielder,https://assets.laliga.com/squad/2021/t184/p28160/512x556/p28160_t184_2021_1_001_000.png,29.0,14.0,0.0,0.0,4.0,0.0,1.0,47.0,0.0,15.0,7.0,1.0,0.0,318.0,0.0,0.0,0.0,3.0,0.0,0.0,4.0,28.0,87.0,170.0,229.0,35.0,17.0,82.0,330.0,9.0,10.0,2.0,34.0,39.0,2.0,Forward,301.5
694.0,Javier Ros Añón,Javi Ros,male,1990-02-16T00:00:00+00:00,68.0,173.0,SD Amorebieta,AMO,https://assets.laliga.com/assets/2021/06/24/medium/7dcec1604142a8f60f876e4c7e839da7.png,4.0,Midfielder,https://assets.laliga.com/squad/2021/t6498/p61598/512x556/p61598_t6498_2021_1_001_000.png,10.0,16.0,0.0,0.0,1.0,0.0,0.0,33.0,1.0,14.0,10.0,14.0,0.0,288.0,0.0,0.0,0.0,4.0,0.0,6.0,4.0,23.0,169.0,106.0,236.0,5.0,13.0,115.0,314.0,8.0,10.0,6.0,11.0,44.0,2.0,Defender,301.5
6291.0,Alejandro Mula,Mula,male,1996-07-23T00:00:00+00:00,69.0,177.0,AD Alcorcón,ALC,https://assets.laliga.com/assets/2019/06/07/medium/alcorcon.png,7.0,Midfielder,,4.0,15.0,2.0,8.0,0.0,0.0,0.0,46.0,0.0,13.0,7.0,19.0,7.0,295.0,0.0,0.0,0.0,5.0,0.0,6.0,25.0,30.0,179.0,73.0,210.0,2.0,6.0,180.0,306.0,9.0,15.0,23.0,15.0,51.0,1.0,Defender,298.5
1720.0,Borja Iglesias,B. Iglesias,male,1993-01-17T00:00:00+00:00,86.0,187.0,Real Betis,BET,https://assets.laliga.com/assets/2019/06/07/medium/betis.png,9.0,Forward,https://assets.laliga.com/squad/2021/t185/p202044/512x556/p202044_t185_2021_1_001_000.png,22.0,33.0,0.0,0.0,1.0,0.0,0.0,70.0,10.0,18.0,4.0,15.0,8.0,299.0,0.0,0.0,0.0,19.0,0.0,1.0,13.0,11.0,153.0,84.0,225.0,7.0,25.0,199.0,333.0,6.0,89.0,19.0,10.0,87.0,4.0,Midfielder,298.0
25476.0,Nahuel Tenaglia,N. Tenaglia,male,1996-02-21T00:00:00+00:00,73.0,180.0,Deportivo Alavés,ALA,https://assets.laliga.com/assets/2020/09/01/medium/27002754a98bf535807fe49a24cc63ea.png,2.0,Defender,https://assets.laliga.com/squad/2021/t173/p432855/512x556/p432855_t173_2021_1_001_000.png,23.0,14.0,0.0,0.0,2.0,0.0,2.0,80.0,0.0,21.0,26.0,3.0,0.0,345.0,0.0,0.0,0.0,1.0,0.0,3.0,7.0,25.0,111.0,100.0,183.0,35.0,8.0,206.0,347.0,42.0,7.0,4.0,56.0,83.0,2.0,Midfielder,296.5
4509.0,José Antonio Caro,J.a. Caro,male,1994-05-03T00:00:00+00:00,88.0,194.0,Burgos CF,BUR,https://assets.laliga.com/assets/2021/06/24/medium/8de24d38ab1472bbae1620d36582d7bd.png,13.0,Goalkeeper,https://assets.laliga.com/squad/2021/t951/p229320/512x556/p229320_t951_2021_1_001_000.png,9.0,15.0,0.0,0.0,0.0,24.0,8.0,16.0,0.0,12.0,0.0,1.0,0.0,164.0,0.0,0.0,53.0,0.0,0.0,0.0,2.0,173.0,149.0,98.0,74.0,15.0,0.0,215.0,458.0,1.0,0.0,0.0,210.0,1.0,2.0,Midfielder,296.0
1496.0,Lucas Pérez,Lucas,male,1988-09-10T00:00:00+00:00,82.0,180.0,Cádiz CF,CAD,https://assets.laliga.com/assets/2019/06/07/medium/cadiz.png,25.0,Forward,https://assets.laliga.com/squad/2021/t1737/p155851/512x556/p155851_t1737_2021_1_001_000.png,1.0,15.0,2.0,3.0,1.0,0.0,1.0,18.0,3.0,10.0,0.0,28.0,10.0,281.0,0.0,0.0,0.0,5.0,0.0,5.0,5.0,13.0,204.0,71.0,244.0,1.0,4.0,146.0,315.0,3.0,33.0,7.0,12.0,46.0,1.0,Midfielder,294.5
4232.0,Jonathan Montiel,Joni Montiel,male,1998-09-03T00:00:00+00:00,67.0,173.0,Real Oviedo,OVI,https://assets.laliga.com/assets/2019/06/07/medium/oviedo.png,17.0,Midfielder,https://assets.laliga.com/squad/2021/t187/p220549/512x556/p220549_t187_2021_1_001_000.png,4.0,28.0,3.0,2.0,0.0,0.0,0.0,52.0,3.0,7.0,4.0,16.0,0.0,277.0,0.0,0.0,0.0,8.0,0.0,5.0,22.0,20.0,178.0,66.0,207.0,2.0,13.0,157.0,298.0,13.0,23.0,12.0,20.0,51.0,5.0,Defender,292.0
8568.0,Alejandro Díez Salomon,Ale Díez,male,1996-02-17T00:00:00+00:00,64.0,173.0,UD Las Palmas,LPA,https://assets.laliga.com/assets/2019/06/07/medium/las-palmas.png,2.0,Defender,https://assets.laliga.com/squad/2021/t407/p179921/512x556/p179921_t407_2021_1_001_000.png,8.0,12.0,0.0,0.0,5.0,0.0,2.0,28.0,0.0,10.0,8.0,15.0,0.0,316.0,0.0,0.0,0.0,1.0,0.0,8.0,3.0,19.0,140.0,121.0,229.0,10.0,10.0,155.0,330.0,13.0,11.0,7.0,27.0,55.0,2.0,Midfielder,291.5
1443.0,Enrique González Casín,Quique,male,1990-05-16T00:00:00+00:00,78.0,177.0,SD Eibar,EIB,https://assets.laliga.com/assets/2019/06/07/medium/eibar.png,7.0,Forward,https://assets.laliga.com/squad/2021/t953/p56271/512x556/p56271_t953_2021_1_001_000.png,50.0,31.0,0.0,0.0,2.0,0.0,1.0,80.0,1.0,15.0,5.0,7.0,1.0,337.0,0.0,0.0,0.0,8.0,0.0,3.0,5.0,7.0,161.0,77.0,228.0,12.0,17.0,182.0,337.0,7.0,36.0,6.0,13.0,89.0,3.0,Midfielder,291.5
455.0,Roberto Torres,R. Torres,male,1989-03-07T00:00:00+00:00,72.0,178.0,CA Osasuna,OSA,https://assets.laliga.com/assets/2019/06/07/medium/osasuna.png,10.0,Midfielder,https://assets.laliga.com/squad/2021/t450/p90402/512x556/p90402_t450_2021_1_001_000.png,4.0,28.0,2.0,0.0,0.0,0.0,0.0,27.0,2.0,14.0,8.0,22.0,0.0,328.0,0.0,0.0,0.0,6.0,0.0,10.0,5.0,28.0,167.0,93.0,211.0,4.0,8.0,194.0,346.0,7.0,12.0,7.0,26.0,81.0,3.0,Defender,286.5
23126.0,César Gelabert,Gelabert,male,2000-10-31T00:00:00+00:00,63.0,183.0,CD Mirandés,MIR,https://assets.laliga.com/assets/2019/06/07/medium/mirandes.png,7.0,Midfielder,https://assets.laliga.com/squad/2021/t5741/p437469/512x556/p437469_t5741_2021_1_001_000.png,3.0,16.0,1.0,0.0,1.0,0.0,0.0,39.0,0.0,8.0,4.0,5.0,0.0,279.0,0.0,0.0,0.0,2.0,0.0,1.0,12.0,15.0,161.0,86.0,230.0,8.0,8.0,85.0,289.0,8.0,17.0,4.0,7.0,37.0,3.0,Forward,280.0
6011.0,Luis Perea,Luis Perea,male,1997-08-25T00:00:00+00:00,80.0,192.0,CD Leganés,LEG,https://assets.laliga.com/assets/2019/06/07/medium/leganes.png,19.0,Midfielder,https://assets.laliga.com/squad/2021/t957/p421115/512x556/p421115_t957_2021_1_001_000.png,44.0,17.0,0.0,0.0,2.0,0.0,1.0,89.0,0.0,11.0,5.0,5.0,0.0,296.0,0.0,0.0,0.0,4.0,0.0,0.0,8.0,11.0,121.0,93.0,203.0,13.0,23.0,118.0,298.0,17.0,15.0,6.0,11.0,73.0,2.0,Midfielder,278.0
67.0,Asier Illarramendi,Illarra,male,1990-03-08T00:00:00+00:00,75.0,179.0,Real Sociedad,RSO,https://assets.laliga.com/assets/2019/06/07/medium/real-sociedad.png,4.0,Midfielder,https://assets.laliga.com/squad/2021/t188/p84086/512x556/p84086_t188_2021_1_001_000.png,12.0,8.0,0.0,0.0,1.0,0.0,0.0,25.0,0.0,5.0,4.0,4.0,0.0,278.0,0.0,0.0,0.0,0.0,0.0,0.0,3.0,7.0,108.0,143.0,243.0,12.0,4.0,54.0,286.0,9.0,0.0,4.0,9.0,27.0,1.0,Midfielder,276.0
5058.0,Tonny Vilhena,Vilhena,male,1995-01-03T00:00:00+00:00,71.0,175.0,RCD Espanyol de Barcelona,ESP,https://assets.laliga.com/assets/2019/06/07/medium/espanyol.png,19.0,Midfielder,,10.0,17.0,1.0,0.0,2.0,0.0,0.0,47.0,1.0,15.0,8.0,10.0,2.0,294.0,0.0,0.0,0.0,3.0,0.0,3.0,12.0,9.0,160.0,75.0,216.0,11.0,16.0,142.0,304.0,16.0,22.0,5.0,19.0,60.0,4.0,Midfielder,276.0
14930.0,Moriba Kourouma Kourouma,Ilaix,male,2003-01-19T00:00:00+00:00,73.0,185.0,Valencia CF,VAL,https://assets.laliga.com/assets/2019/06/07/medium/valencia.png,23.0,Midfielder,https://assets.laliga.com/squad/2021/t191/p465689/512x556/p465689_t191_2021_1_001_000.png,14.0,14.0,0.0,1.0,0.0,0.0,1.0,72.0,0.0,11.0,12.0,2.0,0.0,273.0,0.0,1.0,0.0,5.0,0.0,1.0,7.0,12.0,142.0,73.0,202.0,14.0,21.0,112.0,278.0,26.0,16.0,7.0,15.0,49.0,7.0,Defender,274.5
66.0,Francisco Román Alarcón Suárez,Isco,male,1992-04-21T00:00:00+00:00,79.0,176.0,Real Madrid,RMA,https://assets.laliga.com/assets/2019/06/07/medium/real-madrid.png,22.0,Midfielder,https://assets.laliga.com/squad/2021/t186/p80209/512x556/p80209_t186_2021_1_001_000.png,4.0,14.0,0.0,0.0,0.0,0.0,0.0,38.0,1.0,2.0,2.0,10.0,0.0,248.0,0.0,0.0,0.0,3.0,0.0,0.0,17.0,12.0,152.0,85.0,223.0,0.0,7.0,58.0,259.0,9.0,20.0,8.0,5.0,19.0,1.0,Midfielder,274.5
4562.0,Iván Alejo,I. Alejo,male,1995-02-10T00:00:00+00:00,73.0,184.0,Cádiz CF,CAD,https://assets.laliga.com/assets/2019/06/07/medium/cadiz.png,14.0,Midfielder,https://assets.laliga.com/squad/2021/t1737/p179926/512x556/p179926_t1737_2021_1_001_000.png,11.0,20.0,1.0,0.0,0.0,0.0,1.0,92.0,2.0,9.0,8.0,18.0,5.0,223.0,0.0,0.0,0.0,4.0,0.0,24.0,15.0,5.0,133.0,54.0,157.0,13.0,37.0,229.0,225.0,33.0,22.0,28.0,19.0,44.0,7.0,Forward,271.0
23671.0,Brahim Konaté,B. Konate,male,1996-03-20T00:00:00+00:00,67.0,183.0,CF Fuenlabrada,FUE,https://assets.laliga.com/assets/2019/06/07/medium/fuenlabrada.png,16.0,Midfielder,https://assets.laliga.com/squad/2021/t7104/p216530/512x556/p216530_t7104_2021_1_001_000.png,20.0,18.0,1.0,0.0,0.0,0.0,2.0,48.0,2.0,16.0,13.0,9.0,0.0,293.0,0.0,1.0,0.0,4.0,0.0,1.0,5.0,20.0,132.0,98.0,209.0,10.0,27.0,104.0,295.0,8.0,16.0,6.0,13.0,53.0,5.0,Defender,268.5
1438.0,Manuel Barreiro Bustelo,M. Barreiro,male,1986-07-08T00:00:00+00:00,81.0,191.0,CD Lugo,LUG,https://assets.laliga.com/assets/2019/06/07/medium/lugo.png,9.0,Forward,https://assets.laliga.com/squad/2021/t5730/p69868/512x556/p69868_t5730_2021_1_001_000.png,147.0,36.0,0.0,0.0,2.0,0.0,0.0,170.0,7.0,19.0,4.0,9.0,10.0,332.0,0.0,0.0,0.0,14.0,0.0,0.0,2.0,3.0,106.0,50.0,153.0,36.0,33.0,246.0,336.0,5.0,78.0,5.0,7.0,173.0,4.0,Midfielder,268.0
1644.0,Maikel Mesa,Maikel M.,male,1991-06-04T00:00:00+00:00,79.0,188.0,UD Las Palmas,LPA,https://assets.laliga.com/assets/2019/06/07/medium/las-palmas.png,8.0,Midfielder,https://assets.laliga.com/squad/2021/t407/p163712/512x556/p163712_t407_2021_1_001_000.png,11.0,20.0,0.0,0.0,0.0,0.0,0.0,40.0,1.0,13.0,7.0,8.0,1.0,264.0,0.0,0.0,0.0,9.0,0.0,0.0,4.0,13.0,131.0,101.0,219.0,6.0,16.0,79.0,278.0,8.0,18.0,5.0,9.0,37.0,4.0,Midfielder,265.0
12106.0,Ernesto Gómez,Ernesto,male,1994-07-18T00:00:00+00:00,65.0,173.0,Burgos CF,BUR,https://assets.laliga.com/assets/2021/06/24/medium/8de24d38ab1472bbae1620d36582d7bd.png,24.0,Midfielder,https://assets.laliga.com/squad/2021/t951/p487329/512x556/p487329_t951_2021_1_001_000.png,15.0,29.0,0.0,0.0,2.0,0.0,0.0,71.0,1.0,13.0,15.0,7.0,8.0,261.0,0.0,0.0,0.0,7.0,0.0,4.0,12.0,5.0,101.0,97.0,189.0,13.0,7.0,181.0,264.0,19.0,26.0,18.0,10.0,60.0,2.0,Midfielder,263.0
9.0,Martín Montoya,Montoya,male,1991-04-14T00:00:00+00:00,73.0,175.0,Real Betis,BET,https://assets.laliga.com/assets/2019/06/07/medium/betis.png,2.0,Defender,https://assets.laliga.com/squad/2021/t185/p86153/512x556/p86153_t185_2021_1_001_000.png,10.0,6.0,1.0,0.0,0.0,0.0,0.0,40.0,0.0,8.0,11.0,2.0,0.0,261.0,0.0,0.0,0.0,2.0,0.0,1.0,0.0,9.0,128.0,93.0,211.0,17.0,8.0,76.0,266.0,20.0,15.0,1.0,12.0,34.0,2.0,Midfielder,262.0
23340.0,Peru Rodríguez,Rodriguez,male,2002-04-05T00:00:00+00:00,,,R. Sociedad B,RSOB,https://assets.laliga.com/assets/2019/06/07/medium/real-sociedad.png,37.0,Defender,https://assets.laliga.com/squad/2021/t3567/p547594/512x556/p547594_t3567_2021_1_001_000.png,2.0,3.0,0.0,0.0,2.0,0.0,1.0,3.0,0.0,4.0,0.0,0.0,0.0,270.0,0.0,0.0,0.0,0.0,0.0,0.0,0.0,5.0,60.0,197.0,252.0,7.0,4.0,16.0,272.0,1.0,1.0,0.0,9.0,6.0,1.0,Midfielder,260.0
1297.0,Dani Ceballos,D. Ceballos,male,1996-08-07T00:00:00+00:00,70.0,179.0,Real Madrid,RMA,https://assets.laliga.com/assets/2019/06/07/medium/real-madrid.png,19.0,Midfielder,https://assets.laliga.com/squad/2021/t186/p182539/512x556/p182539_t186_2021_1_001_000.png,0.0,11.0,0.0,1.0,2.0,0.0,1.0,19.0,0.0,2.0,4.0,3.0,0.0,256.0,0.0,0.0,0.0,4.0,0.0,0.0,5.0,11.0,126.0,113.0,228.0,1.0,3.0,39.0,260.0,7.0,9.0,6.0,5.0,16.0,1.0,Defender,259.0
15006.0,Giorgi Mamardashvili,Mamardashvili,male,2000-09-29T00:00:00+00:00,,199.0,Valencia CF,VAL,https://assets.laliga.com/assets/2019/06/07/medium/valencia.png,28.0,Goalkeeper,https://assets.laliga.com/squad/2021/t191/p449027/512x556/p449027_t191_2021_1_001_000.png,6.0,18.0,0.0,0.0,0.0,10.0,8.0,8.0,0.0,20.0,0.0,0.0,0.0,177.0,0.0,0.0,55.0,0.0,0.0,0.0,0.0,126.0,103.0,118.0,95.0,19.0,0.0,218.0,431.0,0.0,0.0,0.0,208.0,2.0,2.0,Midfielder,256.0
7138.0,Saúl Crespo,Saúl Crespo,male,1996-07-23T00:00:00+00:00,79.0,186.0,SD Ponferradina,PON,https://assets.laliga.com/assets/2021/06/24/medium/20f0382ea9163a771b3e01bbe7cf78b7.png,23.0,Midfielder,https://assets.laliga.com/squad/2021/t3090/p434079/512x556/p434079_t3090_2021_1_001_000.png,41.0,18.0,0.0,0.0,1.0,0.0,0.0,79.0,0.0,9.0,10.0,6.0,0.0,273.0,0.0,0.0,0.0,2.0,0.0,1.0,10.0,17.0,102.0,83.0,167.0,24.0,16.0,134.0,277.0,17.0,9.0,9.0,18.0,75.0,2.0,Midfielder,253.5
9224.0,Näis Djouahra,Djouahra,male,1999-11-23T00:00:00+00:00,67.0,171.0,R. Sociedad B,RSOB,https://assets.laliga.com/assets/2019/06/07/medium/real-sociedad.png,21.0,Midfielder,https://assets.laliga.com/squad/2021/t3567/p466464/512x556/p466464_t3567_2021_1_001_000.png,2.0,19.0,0.0,1.0,3.0,0.0,0.0,54.0,0.0,15.0,7.0,21.0,1.0,234.0,0.0,0.0,0.0,3.0,0.0,9.0,30.0,4.0,151.0,47.0,176.0,6.0,8.0,204.0,249.0,14.0,14.0,35.0,12.0,57.0,0.0,Defender,253.5
9224.0,Näis Djouahra,Djouahra,male,1999-11-23T00:00:00+00:00,67.0,171.0,R. Sociedad B,RSOB,https://assets.laliga.com/assets/2019/06/07/medium/real-sociedad.png,21.0,Midfielder,https://assets.laliga.com/squad/2021/t3567/p466464/512x556/p466464_t3567_2021_1_001_000.png,2.0,19.0,0.0,1.0,3.0,0.0,0.0,54.0,0.0,15.0,7.0,21.0,1.0,234.0,0.0,0.0,0.0,3.0,0.0,9.0,30.0,4.0,151.0,47.0,176.0,6.0,8.0,204.0,249.0,14.0,14.0,35.0,12.0,57.0,0.0,Forward,253.5
2082.0,Adrián Castellano,A. Castellano,male,1994-06-26T00:00:00+00:00,73.0,180.0,SD Ponferradina,PON,https://assets.laliga.com/assets/2021/06/24/medium/20f0382ea9163a771b3e01bbe7cf78b7.png,15.0,Defender,https://assets.laliga.com/squad/2021/t3090/p216609/512x556/p216609_t3090_2021_1_001_000.png,6.0,10.0,0.0,0.0,2.0,0.0,0.0,16.0,0.0,10.0,11.0,5.0,0.0,275.0,0.0,0.0,0.0,0.0,0.0,3.0,0.0,15.0,76.0,151.0,209.0,21.0,3.0,94.0,284.0,9.0,0.0,0.0,31.0,29.0,0.0,Midfielder,253.0
2020.0,Yanis Rahmani,Y. Rahmani,male,1995-05-12T00:00:00+00:00,73.0,179.0,SD Eibar,EIB,https://assets.laliga.com/assets/2019/06/07/medium/eibar.png,21.0,Midfielder,https://assets.laliga.com/squad/2021/t953/p200993/512x556/p200993_t953_2021_1_001_000.png,15.0,28.0,1.0,0.0,2.0,0.0,0.0,83.0,1.0,11.0,4.0,15.0,2.0,234.0,0.0,0.0,0.0,2.0,0.0,8.0,16.0,4.0,131.0,52.0,171.0,3.0,19.0,197.0,242.0,25.0,38.0,30.0,4.0,63.0,2.0,Forward,251.0
1766.0,Hélder Wander Sousa de Azevedo e Costa,Hélder Costa,male,1994-01-12T00:00:00+00:00,73.0,178.0,Valencia CF,VAL,https://assets.laliga.com/assets/2019/06/07/medium/valencia.png,11.0,Midfielder,https://assets.laliga.com/squad/2021/t191/p165808/512x556/p165808_t191_2021_1_001_000.png,8.0,22.0,1.0,0.0,1.0,0.0,2.0,72.0,0.0,23.0,3.0,16.0,1.0,244.0,0.0,0.0,0.0,2.0,0.0,11.0,23.0,3.0,135.0,54.0,174.0,7.0,28.0,204.0,250.0,27.0,38.0,35.0,11.0,62.0,3.0,Goalkeeper,250.5
7261.0,Álvaro Bravo,Bravo,male,1998-02-04T00:00:00+00:00,,181.0,CF Fuenlabrada,FUE,https://assets.laliga.com/assets/2019/06/07/medium/fuenlabrada.png,3.0,Midfielder,https://assets.laliga.com/squad/2021/t7104/p434632/512x556/p434632_t7104_2021_1_001_000.png,3.0,13.0,0.0,0.0,0.0,0.0,0.0,28.0,0.0,15.0,1.0,4.0,0.0,263.0,0.0,0.0,0.0,1.0,0.0,0.0,7.0,12.0,105.0,127.0,220.0,3.0,6.0,54.0,267.0,8.0,3.0,2.0,13.0,22.0,0.0,Goalkeeper,250.5
4084.0,Salvador Sánchez Ponce,Sánchez,male,1991-03-30T00:00:00+00:00,64.0,175.0,Cádiz CF,CAD,https://assets.laliga.com/assets/2019/06/07/medium/cadiz.png,7.0,Midfielder,https://assets.laliga.com/squad/2021/t1737/p94756/512x556/p94756_t1737_2021_1_001_000.png,15.0,23.0,1.0,0.0,2.0,0.0,2.0,60.0,2.0,20.0,6.0,7.0,1.0,277.0,0.0,1.0,0.0,8.0,0.0,10.0,9.0,8.0,127.0,73.0,181.0,10.0,9.0,194.0,279.0,20.0,30.0,7.0,26.0,64.0,1.0,Defender,249.5
447.0,Oier Sanjurjo,Oier,male,1986-05-25T00:00:00+00:00,72.0,178.0,CA Osasuna,OSA,https://assets.laliga.com/assets/2019/06/07/medium/osasuna.png,6.0,Midfielder,https://assets.laliga.com/squad/2021/t450/p56916/512x556/p56916_t450_2021_1_001_000.png,21.0,25.0,0.0,0.0,3.0,0.0,0.0,39.0,1.0,15.0,1.0,2.0,2.0,309.0,0.0,0.0,0.0,1.0,0.0,2.0,2.0,17.0,140.0,85.0,206.0,9.0,17.0,111.0,309.0,10.0,9.0,1.0,17.0,69.0,3.0,Goalkeeper,248.5
9431.0,Roberto González,Rober,male,2001-01-08T00:00:00+00:00,63.0,169.0,UD Las Palmas,LPA,https://assets.laliga.com/assets/2019/06/07/medium/las-palmas.png,25.0,Forward,https://assets.laliga.com/squad/2021/t407/p248503/512x556/p248503_t407_2021_0_001_000.png,4.0,20.0,0.0,0.0,0.0,0.0,0.0,73.0,2.0,10.0,5.0,7.0,2.0,236.0,0.0,0.0,0.0,11.0,0.0,0.0,15.0,4.0,143.0,44.0,183.0,1.0,19.0,128.0,241.0,16.0,47.0,19.0,6.0,48.0,3.0,Midfielder,245.5
9431.0,Roberto González,Rober,male,2001-01-08T00:00:00+00:00,63.0,169.0,UD Las Palmas,LPA,https://assets.laliga.com/assets/2019/06/07/medium/las-palmas.png,25.0,Forward,https://assets.laliga.com/squad/2021/t407/p248503/512x556/p248503_t407_2021_0_001_000.png,4.0,20.0,0.0,0.0,0.0,0.0,0.0,73.0,2.0,10.0,5.0,7.0,2.0,236.0,0.0,0.0,0.0,11.0,0.0,0.0,15.0,4.0,143.0,44.0,183.0,1.0,19.0,128.0,241.0,16.0,47.0,19.0,6.0,48.0,3.0,Midfielder,245.5
2076.0,Joaquín Sánchez Rodríguez,Joaquín,male,1981-07-21T00:00:00+00:00,75.0,179.0,Real Betis,BET,https://assets.laliga.com/assets/2019/06/07/medium/betis.png,17.0,Forward,https://assets.laliga.com/squad/2021/t185/p10316/512x556/p10316_t185_2021_1_001_000.png,3.0,21.0,1.0,0.0,2.0,0.0,0.0,35.0,0.0,5.0,3.0,13.0,0.0,217.0,0.0,0.0,0.0,3.0,0.0,3.0,17.0,5.0,163.0,46.0,194.0,6.0,1.0,91.0,234.0,6.0,23.0,13.0,3.0,32.0,0.0,Midfielder,244.5
132.0,Sebastián Cristóforo,Cristóforo,male,1993-08-23T00:00:00+00:00,68.0,175.0,FC Cartagena,CAR,https://assets.laliga.com/assets/2022/02/11/medium/1628caa9b2002a11e564eb84b3677f78.png,25.0,Midfielder,https://assets.laliga.com/squad/2021/t3554/p151978/512x556/p151978_t3554_2021_1_001_000.png,3.0,14.0,0.0,0.0,3.0,0.0,0.0,42.0,0.0,5.0,9.0,3.0,0.0,242.0,0.0,0.0,0.0,0.0,0.0,0.0,1.0,10.0,76.0,130.0,196.0,5.0,15.0,60.0,248.0,21.0,1.0,4.0,9.0,33.0,2.0,Defender,243.0
14761.0,Ander Gorostidi,Gorostidi,male,1996-02-23T00:00:00+00:00,,,AD Alcorcón,ALC,https://assets.laliga.com/assets/2019/06/07/medium/alcorcon.png,8.0,Midfielder,https://assets.laliga.com/squad/2021/t5233/p233999/512x556/p233999_t5233_2021_1_001_000.png,11.0,11.0,0.0,0.0,0.0,0.0,0.0,21.0,0.0,15.0,10.0,2.0,0.0,275.0,0.0,0.0,0.0,1.0,0.0,0.0,0.0,30.0,98.0,124.0,192.0,11.0,13.0,69.0,281.0,7.0,3.0,1.0,30.0,29.0,2.0,Forward,239.5
21.0,Sergi Roberto,S. Roberto,male,1992-02-07T00:00:00+00:00,68.0,178.0,FC Barcelona,BAR,https://assets.laliga.com/assets/2019/06/07/medium/barcelona.png,20.0,Defender,https://assets.laliga.com/squad/2021/t178/p86157/512x556/p86157_t178_2021_0_001_000.png,2.0,9.0,1.0,0.0,0.0,0.0,0.0,14.0,2.0,7.0,4.0,3.0,1.0,231.0,0.0,0.0,0.0,3.0,0.0,1.0,3.0,2.0,129.0,91.0,217.0,6.0,1.0,34.0,238.0,5.0,8.0,0.0,2.0,17.0,1.0,Midfielder,236.0
1610.0,Cristo González,Cristo,male,1997-10-24T00:00:00+00:00,69.0,179.0,Real Valladolid CF,VLL,https://assets.laliga.com/assets/2019/06/07/medium/valladolid.png,23.0,Midfielder,https://assets.laliga.com/squad/2021/t192/p195504/512x556/p195504_t192_2021_1_001_000.png,6.0,29.0,1.0,1.0,0.0,0.0,1.0,39.0,2.0,14.0,1.0,15.0,8.0,254.0,0.0,0.0,0.0,17.0,0.0,0.0,13.0,8.0,140.0,52.0,184.0,3.0,10.0,131.0,264.0,11.0,58.0,9.0,6.0,66.0,1.0,Defender,235.0
2599.0,Javier Pastore,Pastore,male,1989-06-26T00:00:00+00:00,78.0,187.0,Elche CF,ELC,https://assets.laliga.com/assets/2019/06/07/medium/elche.png,15.0,Midfielder,https://assets.laliga.com/squad/2021/t954/p54782/512x556/p54782_t954_2021_1_001_000.png,4.0,13.0,0.0,0.0,1.0,0.0,0.0,24.0,0.0,10.0,4.0,11.0,1.0,267.0,0.0,0.0,0.0,2.0,1.0,3.0,8.0,14.0,141.0,71.0,195.0,2.0,7.0,94.0,270.0,7.0,20.0,6.0,11.0,50.0,2.0,Goalkeeper,235.0
23342.0,Naim García,Naim,male,2002-06-11T00:00:00+00:00,,,CD Leganés,LEG,https://assets.laliga.com/assets/2019/06/07/medium/leganes.png,34.0,Midfielder,https://assets.laliga.com/squad/2021/t957/p547453/512x556/p547453_t957_2021_1_001_000.png,6.0,24.0,1.0,1.0,1.0,0.0,0.0,50.0,1.0,11.0,1.0,9.0,3.0,215.0,0.0,0.0,0.0,8.0,0.0,4.0,18.0,18.0,117.0,63.0,157.0,4.0,27.0,121.0,215.0,19.0,18.0,10.0,9.0,31.0,1.0,Forward,228.5
22833.0,Martín Calderón,Martín,male,1999-03-01T00:00:00+00:00,78.0,183.0,CD Mirandés,MIR,https://assets.laliga.com/assets/2019/06/07/medium/mirandes.png,16.0,Midfielder,https://assets.laliga.com/squad/2021/t5741/p227170/512x556/p227170_t5741_2021_1_001_000.png,5.0,6.0,1.0,2.0,0.0,0.0,0.0,12.0,0.0,7.0,4.0,5.0,0.0,225.0,0.0,0.0,0.0,3.0,0.0,1.0,1.0,27.0,100.0,108.0,175.0,1.0,1.0,44.0,231.0,5.0,1.0,1.0,13.0,16.0,1.0,Defender,217.0
22833.0,Martín Calderón,Martín,male,1999-03-01T00:00:00+00:00,78.0,183.0,CD Mirandés,MIR,https://assets.laliga.com/assets/2019/06/07/medium/mirandes.png,16.0,Midfielder,https://assets.laliga.com/squad/2021/t5741/p227170/512x556/p227170_t5741_2021_1_001_000.png,5.0,6.0,1.0,2.0,0.0,0.0,0.0,12.0,0.0,7.0,4.0,5.0,0.0,225.0,0.0,0.0,0.0,3.0,0.0,1.0,1.0,27.0,100.0,108.0,175.0,1.0,1.0,44.0,231.0,5.0,1.0,1.0,13.0,16.0,1.0,Defender,217.0
4715.0,Antonio Latorre,Lato,male,1997-11-21T00:00:00+00:00,64.0,171.0,Valencia CF,VAL,https://assets.laliga.com/assets/2019/06/07/medium/valencia.png,3.0,Defender,https://assets.laliga.com/squad/2021/t191/p221306/512x556/p221306_t191_2021_1_001_000.png,4.0,11.0,1.0,0.0,0.0,0.0,1.0,35.0,0.0,9.0,8.0,2.0,1.0,226.0,0.0,0.0,0.0,0.0,0.0,4.0,8.0,16.0,104.0,79.0,163.0,12.0,14.0,97.0,234.0,17.0,3.0,0.0,23.0,32.0,5.0,Midfielder,217.0
144.0,Jairo Samperio,Jairo,male,1993-07-11T00:00:00+00:00,69.0,173.0,Málaga CF,MGA,https://assets.laliga.com/assets/2019/06/07/medium/malaga.png,10.0,Midfielder,https://assets.laliga.com/squad/2021/t182/p105501/512x556/p105501_t182_2021_1_001_000.png,6.0,19.0,1.0,0.0,1.0,0.0,0.0,52.0,0.0,14.0,6.0,6.0,3.0,230.0,0.0,0.0,0.0,5.0,0.0,2.0,16.0,5.0,115.0,58.0,166.0,1.0,13.0,141.0,232.0,16.0,31.0,12.0,5.0,56.0,2.0,Midfielder,216.0
5477.0,Enrique Pérez Muñoz,Kike,male,1997-02-14T00:00:00+00:00,80.0,184.0,Elche CF,ELC,https://assets.laliga.com/assets/2019/06/07/medium/elche.png,24.0,Midfielder,https://assets.laliga.com/squad/2021/t954/p241865/512x556/p241865_t954_2021_1_001_000.png,14.0,12.0,0.0,0.0,1.0,0.0,0.0,37.0,2.0,5.0,3.0,6.0,1.0,230.0,0.0,0.0,0.0,5.0,0.0,0.0,9.0,15.0,117.0,62.0,161.0,4.0,17.0,103.0,235.0,8.0,12.0,5.0,11.0,48.0,1.0,Goalkeeper,211.5
5477.0,Enrique Pérez Muñoz,Kike,male,1997-02-14T00:00:00+00:00,80.0,184.0,Elche CF,ELC,https://assets.laliga.com/assets/2019/06/07/medium/elche.png,24.0,Midfielder,https://assets.laliga.com/squad/2021/t954/p241865/512x556/p241865_t954_2021_1_001_000.png,14.0,12.0,0.0,0.0,1.0,0.0,0.0,37.0,2.0,5.0,3.0,6.0,1.0,230.0,0.0,0.0,0.0,5.0,0.0,0.0,9.0,15.0,117.0,62.0,161.0,4.0,17.0,103.0,235.0,8.0,12.0,5.0,11.0,48.0,1.0,Forward,211.5
9200.0,Matheus Santos Carneiro Da Cunha,Cunha,male,1999-05-27T00:00:00+00:00,76.0,184.0,Atlético de Madrid,ATM,https://assets.laliga.com/assets/2019/06/07/medium/atletico.png,19.0,Forward,https://assets.laliga.com/squad/2021/t175/p430871/512x556/p430871_t175_2021_1_001_000.png,21.0,29.0,4.0,0.0,2.0,0.0,0.0,73.0,6.0,14.0,6.0,4.0,1.0,196.0,0.0,0.0,0.0,15.0,0.0,3.0,7.0,3.0,97.0,52.0,143.0,9.0,22.0,119.0,206.0,19.0,66.0,5.0,4.0,56.0,3.0,Midfielder,210.0
231.0,Fernando Seoane,F. Seoane,male,1983-03-25T00:00:00+00:00,73.0,176.0,CD Lugo,LUG,https://assets.laliga.com/assets/2019/06/07/medium/lugo.png,8.0,Midfielder,https://assets.laliga.com/squad/2021/t5730/p87253/512x556/p87253_t5730_2021_1_001_000.png,15.0,22.0,1.0,0.0,4.0,0.0,0.0,50.0,0.0,13.0,10.0,4.0,1.0,228.0,0.0,0.0,0.0,0.0,0.0,3.0,1.0,10.0,80.0,89.0,156.0,9.0,25.0,94.0,238.0,25.0,6.0,3.0,11.0,61.0,4.0,Defender,210.0
23341.0,Jon Magunacelaya,Magunazelaia,male,2001-07-13T00:00:00+00:00,,,R. Sociedad B,RSOB,https://assets.laliga.com/assets/2019/06/07/medium/real-sociedad.png,31.0,Midfielder,https://assets.laliga.com/squad/2021/t3567/p546813/512x556/p546813_t3567_2021_1_001_000.png,12.0,26.0,0.0,0.0,0.0,0.0,0.0,51.0,3.0,22.0,3.0,13.0,6.0,241.0,0.0,0.0,0.0,7.0,0.0,0.0,9.0,3.0,113.0,54.0,164.0,8.0,20.0,157.0,249.0,13.0,36.0,14.0,5.0,77.0,1.0,Defender,209.0
1542.0,Roberto Ibáñez Castro,Rober Ibañez,male,1993-03-22T00:00:00+00:00,67.0,175.0,CD Leganés,LEG,https://assets.laliga.com/assets/2019/06/07/medium/leganes.png,7.0,Forward,https://assets.laliga.com/squad/2021/t957/p168390/512x556/p168390_t957_2021_1_001_000.png,4.0,16.0,1.0,0.0,0.0,0.0,0.0,90.0,1.0,13.0,5.0,9.0,3.0,179.0,0.0,0.0,0.0,5.0,0.0,1.0,27.0,4.0,103.0,38.0,136.0,0.0,12.0,117.0,179.0,11.0,24.0,17.0,2.0,37.0,1.0,Midfielder,208.0
1542.0,Roberto Ibáñez Castro,Rober Ibañez,male,1993-03-22T00:00:00+00:00,67.0,175.0,CD Leganés,LEG,https://assets.laliga.com/assets/2019/06/07/medium/leganes.png,7.0,Forward,https://assets.laliga.com/squad/2021/t957/p168390/512x556/p168390_t957_2021_1_001_000.png,4.0,16.0,1.0,0.0,0.0,0.0,0.0,90.0,1.0,13.0,5.0,9.0,3.0,179.0,0.0,0.0,0.0,5.0,0.0,1.0,27.0,4.0,103.0,38.0,136.0,0.0,12.0,117.0,179.0,11.0,24.0,17.0,2.0,37.0,1.0,Midfielder,208.0
1795.0,Jorge Pombo,Pombo,male,1994-02-22T00:00:00+00:00,76.0,177.0,Real Oviedo,OVI,https://assets.laliga.com/assets/2019/06/07/medium/oviedo.png,20.0,Forward,https://assets.laliga.com/squad/2021/t187/p206342/512x556/p206342_t187_2021_1_001_000.png,5.0,23.0,0.0,1.0,0.0,0.0,0.0,45.0,1.0,11.0,1.0,7.0,2.0,205.0,0.0,0.0,0.0,9.0,0.0,2.0,16.0,12.0,123.0,47.0,154.0,3.0,23.0,132.0,212.0,6.0,32.0,20.0,5.0,41.0,3.0,Midfielder,206.0
3750.0,Pierre-Emerick Aubameyang,Aubameyang,male,1989-06-18T00:00:00+00:00,80.0,187.0,FC Barcelona,BAR,https://assets.laliga.com/assets/2019/06/07/medium/barcelona.png,25.0,Forward,https://assets.laliga.com/squad/2021/t178/p54694/512x556/p54694_t178_2021_1_001_000.png,7.0,17.0,1.0,0.0,1.0,0.0,0.0,20.0,11.0,10.0,2.0,7.0,7.0,213.0,0.0,0.0,0.0,20.0,0.0,0.0,4.0,5.0,106.0,70.0,171.0,3.0,7.0,101.0,233.0,2.0,65.0,2.0,1.0,56.0,0.0,Midfielder,205.5
14508.0,Fernando Niño,F. Niño,male,2000-10-24T00:00:00+00:00,,,RCD Mallorca,MLL,https://assets.laliga.com/assets/2019/06/07/medium/mallorca.png,26.0,Forward,https://assets.laliga.com/squad/2021/t181/p502290/512x556/p502290_t181_2021_1_001_000.png,47.0,23.0,0.0,0.0,2.0,0.0,0.0,84.0,2.0,20.0,3.0,9.0,3.0,192.0,0.0,0.0,0.0,13.0,0.0,1.0,9.0,1.0,92.0,53.0,143.0,13.0,18.0,117.0,212.0,10.0,40.0,7.0,2.0,66.0,2.0,Midfielder,205.5
19072.0,Roberto Fernández,Roberto,male,2002-07-03T00:00:00+00:00,,,Málaga CF,MGA,https://assets.laliga.com/assets/2019/06/07/medium/malaga.png,39.0,Forward,https://assets.laliga.com/squad/2021/t182/p537940/512x556/p537940_t182_2021_1_001_000.png,32.0,32.0,0.0,0.0,1.0,0.0,0.0,71.0,2.0,26.0,2.0,5.0,9.0,194.0,0.0,0.0,0.0,13.0,0.0,0.0,14.0,4.0,99.0,56.0,151.0,7.0,27.0,141.0,218.0,7.0,54.0,14.0,6.0,57.0,0.0,Midfielder,202.5
1293.0,Sergio Rico,Sergio Rico,male,1993-09-01T00:00:00+00:00,90.0,195.0,RCD Mallorca,MLL,https://assets.laliga.com/assets/2019/06/07/medium/mallorca.png,25.0,Goalkeeper,https://assets.laliga.com/squad/2021/t181/p94248/512x556/p94248_t181_2021_1_001_000.png,2.0,14.0,0.0,0.0,0.0,1.0,1.0,2.0,0.0,29.0,0.0,1.0,0.0,155.0,1.0,0.0,30.0,0.0,0.0,0.0,0.0,105.0,76.0,119.0,90.0,9.0,0.0,115.0,310.0,0.0,0.0,0.0,114.0,1.0,0.0,Midfielder,202.0
213.0,Juan Carlos Real,Juan Carlos,male,1991-03-15T00:00:00+00:00,73.0,183.0,SD Huesca,HUE,https://assets.laliga.com/assets/2019/06/07/medium/huesca.png,22.0,Midfielder,https://assets.laliga.com/squad/2021/t2894/p88782/512x556/p88782_t2894_2021_1_001_000.png,15.0,19.0,0.0,0.0,0.0,0.0,1.0,67.0,1.0,14.0,9.0,4.0,2.0,181.0,0.0,0.0,0.0,6.0,0.0,0.0,9.0,11.0,86.0,60.0,134.0,5.0,13.0,106.0,184.0,18.0,21.0,12.0,5.0,34.0,1.0,Forward,197.5
2049.0,Fernando Llorente,Llorente,male,1985-02-26T00:00:00+00:00,90.0,193.0,SD Eibar,EIB,https://assets.laliga.com/assets/2019/06/07/medium/eibar.png,12.0,Forward,,60.0,20.0,0.0,0.0,0.0,0.0,1.0,78.0,2.0,7.0,1.0,9.0,5.0,209.0,0.0,0.0,0.0,6.0,1.0,0.0,5.0,1.0,110.0,27.0,136.0,11.0,20.0,105.0,210.0,4.0,55.0,1.0,2.0,71.0,1.0,Midfielder,191.0
1136.0,Francisco Sebastián Moyano Jiménez,Sebas,male,1997-03-23T00:00:00+00:00,66.0,173.0,CD Lugo,LUG,https://assets.laliga.com/assets/2019/06/07/medium/lugo.png,17.0,Midfielder,https://assets.laliga.com/squad/2021/t5730/p174902/512x556/p174902_t5730_2021_1_001_000.png,16.0,19.0,1.0,2.0,1.0,0.0,2.0,61.0,3.0,10.0,8.0,9.0,2.0,166.0,0.0,0.0,0.0,10.0,0.0,0.0,22.0,6.0,92.0,43.0,120.0,6.0,7.0,157.0,176.0,13.0,34.0,15.0,10.0,40.0,1.0,Midfielder,191.0
1931.0,Gerard Valentín,Gerard V.,male,1993-07-28T00:00:00+00:00,75.0,177.0,SD Huesca,HUE,https://assets.laliga.com/assets/2019/06/07/medium/huesca.png,9.0,Defender,,8.0,13.0,2.0,0.0,0.0,0.0,3.0,60.0,2.0,7.0,2.0,7.0,2.0,186.0,0.0,0.0,0.0,2.0,0.0,5.0,20.0,12.0,65.0,70.0,118.0,10.0,5.0,170.0,188.0,16.0,18.0,26.0,10.0,48.0,1.0,Midfielder,190.5
12078.0,Oscar Sielva,Sielva,male,1991-08-06T00:00:00+00:00,78.0,178.0,SD Eibar,EIB,https://assets.laliga.com/assets/2019/06/07/medium/eibar.png,8.0,Midfielder,https://assets.laliga.com/squad/2021/t953/p54431/512x556/p54431_t953_2021_1_001_000.png,7.0,18.0,0.0,1.0,1.0,0.0,0.0,21.0,0.0,5.0,2.0,7.0,0.0,200.0,0.0,0.0,0.0,1.0,0.0,0.0,3.0,9.0,98.0,71.0,154.0,13.0,4.0,62.0,204.0,3.0,6.0,1.0,9.0,32.0,1.0,Defender,188.0
8582.0,Okay Yokuslu,Okay,male,1994-03-09T00:00:00+00:00,79.0,190.0,Getafe CF,GET,https://assets.laliga.com/assets/2019/06/07/medium/getafe.png,19.0,Midfielder,https://assets.laliga.com/squad/2021/t1450/p101394/512x556/p101394_t1450_2021_1_001_000.png,10.0,11.0,0.0,0.0,5.0,0.0,3.0,29.0,0.0,4.0,5.0,0.0,0.0,192.0,0.0,0.0,0.0,1.0,0.0,0.0,5.0,12.0,40.0,115.0,143.0,17.0,6.0,48.0,195.0,9.0,3.0,0.0,17.0,23.0,1.0,Goalkeeper,185.5
8730.0,Miguel Ángel Morro,M. Morro,male,2000-09-11T00:00:00+00:00,,193.0,CF Fuenlabrada,FUE,https://assets.laliga.com/assets/2019/06/07/medium/fuenlabrada.png,38.0,Goalkeeper,https://assets.laliga.com/squad/2021/t7104/p462680/512x556/p462680_t7104_2021_1_001_000.png,2.0,13.0,0.0,0.0,0.0,7.0,4.0,2.0,0.0,22.0,0.0,0.0,0.0,114.0,0.0,0.0,48.0,0.0,0.0,0.0,0.0,114.0,102.0,56.0,44.0,17.0,0.0,188.0,342.0,0.0,0.0,0.0,183.0,1.0,0.0,Midfielder,184.0
25275.0,Marc Pubill,Marc Pubill,male,2003-06-20T00:00:00+00:00,,,Levante UD,LEV,https://assets.laliga.com/assets/2019/06/07/medium/levante.png,42.0,Defender,https://assets.laliga.com/squad/2021/t855/p562720/512x556/p562720_t855_2021_1_001_000.png,5.0,11.0,0.0,0.0,2.0,0.0,0.0,29.0,0.0,17.0,4.0,5.0,0.0,197.0,0.0,0.0,0.0,1.0,0.0,2.0,4.0,3.0,86.0,76.0,157.0,7.0,11.0,87.0,202.0,12.0,13.0,6.0,9.0,33.0,1.0,Midfielder,184.0
4677.0,Youssef En-Nesyri,Y. En-Nesyri,male,1997-06-01T00:00:00+00:00,73.0,189.0,Sevilla FC,SEV,https://assets.laliga.com/assets/2019/06/07/medium/sevilla.png,15.0,Forward,https://assets.laliga.com/squad/2021/t179/p234991/512x556/p234991_t179_2021_1_001_000.png,45.0,23.0,1.0,0.0,1.0,0.0,1.0,69.0,5.0,5.0,4.0,5.0,18.0,167.0,0.0,0.0,0.0,14.0,0.0,0.0,4.0,6.0,64.0,57.0,115.0,18.0,11.0,117.0,182.0,10.0,59.0,10.0,4.0,57.0,1.0,Midfielder,182.5
19216.0,Alex Petxarroman,Petxarroman,male,1997-02-06T00:00:00+00:00,,,Athletic Club,ATH,https://assets.laliga.com/assets/2019/06/07/medium/athletic.png,2.0,Defender,https://assets.laliga.com/squad/2021/t174/p233996/512x556/p233996_t174_2021_1_001_000.png,6.0,17.0,0.0,0.0,2.0,0.0,0.0,33.0,0.0,8.0,4.0,1.0,0.0,204.0,0.0,0.0,0.0,1.0,0.0,0.0,3.0,13.0,85.0,73.0,145.0,6.0,11.0,93.0,210.0,12.0,4.0,6.0,17.0,35.0,4.0,Midfielder,182.0
869.0,José María Martín-Bejarano Serrano,Jose Mari,male,1987-12-06T00:00:00+00:00,69.0,180.0,Cádiz CF,CAD,https://assets.laliga.com/assets/2019/06/07/medium/cadiz.png,6.0,Midfielder,https://assets.laliga.com/squad/2021/t1737/p89592/512x556/p89592_t1737_2021_1_001_000.png,4.0,11.0,0.0,0.0,1.0,0.0,0.0,26.0,0.0,3.0,7.0,1.0,0.0,177.0,0.0,1.0,0.0,2.0,0.0,0.0,1.0,16.0,76.0,81.0,141.0,2.0,8.0,41.0,187.0,14.0,2.0,0.0,13.0,17.0,1.0,Forward,181.0
24314.0,Daniel Lorenzo,Dani Lorenzo,male,2003-04-05T00:00:00+00:00,,,Málaga CF,MGA,https://assets.laliga.com/assets/2019/06/07/medium/malaga.png,42.0,Midfielder,,6.0,6.0,0.0,0.0,0.0,0.0,0.0,30.0,0.0,5.0,3.0,3.0,0.0,166.0,0.0,0.0,0.0,1.0,0.0,0.0,7.0,5.0,72.0,79.0,146.0,4.0,3.0,44.0,170.0,14.0,1.0,3.0,1.0,18.0,0.0,Goalkeeper,179.5
6679.0,Dyego Wilverson Ferreira Sousa,Dyego,male,1989-09-14T00:00:00+00:00,87.0,190.0,UD Almería,ALM,https://assets.laliga.com/assets/2019/06/07/medium/almeria.png,11.0,Forward,https://assets.laliga.com/squad/2021/t1564/p192426/512x556/p192426_t1564_2021_1_001_000.png,33.0,24.0,5.0,0.0,2.0,0.0,0.0,61.0,5.0,5.0,3.0,5.0,4.0,178.0,0.0,0.0,0.0,10.0,0.0,1.0,12.0,1.0,88.0,41.0,127.0,6.0,20.0,122.0,185.0,6.0,46.0,7.0,5.0,52.0,4.0,Midfielder,178.5
1360.0,Javier Eraso,Eraso,male,1990-03-22T00:00:00+00:00,71.0,180.0,CD Leganés,LEG,https://assets.laliga.com/assets/2019/06/07/medium/leganes.png,17.0,Midfielder,https://assets.laliga.com/squad/2021/t957/p90483/512x556/p90483_t957_2021_1_001_000.png,6.0,12.0,0.0,0.0,0.0,0.0,0.0,27.0,0.0,8.0,2.0,5.0,2.0,176.0,0.0,0.0,0.0,1.0,0.0,2.0,1.0,7.0,114.0,42.0,147.0,6.0,10.0,54.0,181.0,7.0,9.0,5.0,3.0,24.0,0.0,Defender,176.5
5705.0,Alberto Rodríguez,Tachi,male,1997-09-10T00:00:00+00:00,72.0,184.0,CF Fuenlabrada,FUE,https://assets.laliga.com/assets/2019/06/07/medium/fuenlabrada.png,12.0,Defender,,25.0,11.0,0.0,0.0,7.0,0.0,2.0,50.0,0.0,14.0,13.0,1.0,2.0,205.0,0.0,0.0,0.0,0.0,0.0,0.0,2.0,27.0,45.0,87.0,105.0,24.0,19.0,96.0,218.0,14.0,8.0,0.0,42.0,44.0,5.0,Midfielder,174.5
12407.0,Enric Franquesa,Franquesa,male,1997-02-26T00:00:00+00:00,70.0,174.0,Levante UD,LEV,https://assets.laliga.com/assets/2019/06/07/medium/levante.png,3.0,Midfielder,https://assets.laliga.com/squad/2021/t855/p435031/512x556/p435031_t855_2021_1_001_000.png,8.0,16.0,0.0,0.0,0.0,0.0,1.0,30.0,0.0,12.0,7.0,3.0,1.0,199.0,0.0,0.0,0.0,0.0,0.0,1.0,10.0,6.0,75.0,73.0,141.0,8.0,7.0,95.0,199.0,5.0,4.0,9.0,9.0,43.0,1.0,Defender,173.0
1441.0,Jaime Mata,Mata,male,1988-10-24T00:00:00+00:00,79.0,185.0,Getafe CF,GET,https://assets.laliga.com/assets/2019/06/07/medium/getafe.png,7.0,Forward,https://assets.laliga.com/squad/2021/t1450/p109270/512x556/p109270_t1450_2021_1_001_000.png,26.0,22.0,0.0,0.0,1.0,0.0,0.0,53.0,1.0,9.0,1.0,8.0,9.0,186.0,0.0,0.0,0.0,3.0,0.0,1.0,4.0,2.0,90.0,43.0,130.0,5.0,25.0,118.0,193.0,7.0,36.0,5.0,3.0,58.0,7.0,Midfielder,166.0
15713.0,Myrto Uzuni,Uzuni,male,1995-05-31T00:00:00+00:00,,,Granada CF,GRA,https://assets.laliga.com/assets/2019/06/07/medium/granada.png,24.0,Midfielder,https://assets.laliga.com/squad/2021/t5683/p174816/512x556/p174816_t5683_2021_1_001_000.png,6.0,15.0,1.0,0.0,1.0,0.0,0.0,34.0,1.0,19.0,10.0,6.0,8.0,186.0,0.0,0.0,0.0,2.0,0.0,2.0,9.0,6.0,93.0,45.0,128.0,7.0,13.0,125.0,188.0,7.0,31.0,13.0,7.0,47.0,4.0,Midfielder,163.5
12474.0,Miguel Gutiérrez,Gutierrez,male,2001-07-27T00:00:00+00:00,68.0,180.0,Real Madrid,RMA,https://assets.laliga.com/assets/2019/06/07/medium/real-madrid.png,35.0,Defender,https://assets.laliga.com/squad/2021/t186/p248498/512x556/p248498_t186_2021_1_001_000.png,2.0,3.0,1.0,0.0,0.0,0.0,0.0,23.0,0.0,3.0,2.0,2.0,0.0,147.0,0.0,0.0,0.0,0.0,0.0,2.0,6.0,13.0,63.0,81.0,129.0,2.0,3.0,23.0,151.0,7.0,3.0,3.0,3.0,6.0,1.0,Midfielder,163.0
22851.0,Anderson Cordeiro Costa,Anderson,male,1998-10-10T00:00:00+00:00,,176.0,CF Fuenlabrada,FUE,https://assets.laliga.com/assets/2019/06/07/medium/fuenlabrada.png,10.0,Midfielder,https://assets.laliga.com/squad/2021/t7104/p487150/512x556/p487150_t7104_2021_1_001_000.png,12.0,25.0,1.0,0.0,1.0,0.0,0.0,73.0,4.0,14.0,9.0,3.0,6.0,144.0,0.0,0.0,0.0,8.0,0.0,4.0,14.0,1.0,63.0,37.0,95.0,6.0,18.0,134.0,147.0,24.0,48.0,7.0,6.0,45.0,3.0,Forward,162.0
23125.0,Julio Buffarini,Buffarini,male,1988-08-18T00:00:00+00:00,72.0,172.0,FC Cartagena,CAR,https://assets.laliga.com/assets/2022/02/11/medium/1628caa9b2002a11e564eb84b3677f78.png,4.0,Defender,https://assets.laliga.com/squad/2021/t3554/p113808/512x556/p113808_t3554_2021_1_001_000.png,4.0,7.0,0.0,0.0,0.0,0.0,0.0,25.0,1.0,8.0,8.0,4.0,1.0,170.0,0.0,0.0,0.0,1.0,0.0,5.0,3.0,6.0,61.0,75.0,125.0,7.0,9.0,74.0,173.0,10.0,6.0,3.0,18.0,24.0,1.0,Midfielder,161.0
4626.0,Ezequiel Ponce,Eze. Ponce,male,1997-03-29T00:00:00+00:00,80.0,180.0,Elche CF,ELC,https://assets.laliga.com/assets/2019/06/07/medium/elche.png,18.0,Forward,https://assets.laliga.com/squad/2021/t954/p172845/512x556/p172845_t954_2021_1_001_000.png,17.0,13.0,0.0,0.0,0.0,0.0,2.0,47.0,1.0,7.0,1.0,7.0,6.0,150.0,0.0,0.0,0.0,5.0,1.0,0.0,14.0,8.0,76.0,46.0,114.0,6.0,14.0,95.0,157.0,5.0,34.0,11.0,1.0,34.0,1.0,Midfielder,161.0
17745.0,Jakub Jankto,Jankto,male,1996-01-19T00:00:00+00:00,74.0,184.0,Getafe CF,GET,https://assets.laliga.com/assets/2019/06/07/medium/getafe.png,16.0,Midfielder,https://assets.laliga.com/squad/2021/t1450/p195577/512x556/p195577_t1450_2021_1_001_000.png,2.0,14.0,1.0,0.0,0.0,0.0,0.0,24.0,0.0,11.0,4.0,3.0,0.0,183.0,0.0,0.0,0.0,0.0,1.0,4.0,4.0,6.0,76.0,60.0,126.0,7.0,3.0,101.0,187.0,11.0,10.0,2.0,26.0,29.0,1.0,Forward,156.5
9132.0,Erik Jirka,Jirka,male,1997-09-19T00:00:00+00:00,73.0,182.0,Real Oviedo,OVI,https://assets.laliga.com/assets/2019/06/07/medium/oviedo.png,11.0,Defender,https://assets.laliga.com/squad/2021/t187/p210934/512x556/p210934_t187_2021_1_001_000.png,17.0,19.0,1.0,0.0,0.0,0.0,0.0,38.0,0.0,8.0,5.0,7.0,6.0,171.0,0.0,0.0,0.0,1.0,0.0,4.0,5.0,8.0,76.0,49.0,113.0,5.0,12.0,111.0,172.0,6.0,18.0,10.0,4.0,47.0,3.0,Midfielder,153.0
4085.0,Jon Ander Garrido,Garrido,male,1989-10-09T00:00:00+00:00,80.0,185.0,CD Mirandés,MIR,https://assets.laliga.com/assets/2019/06/07/medium/mirandes.png,18.0,Midfielder,https://assets.laliga.com/squad/2021/t5741/p89542/512x556/p89542_t5741_2021_1_001_000.png,25.0,13.0,0.0,0.0,4.0,0.0,0.0,47.0,1.0,5.0,3.0,2.0,0.0,163.0,0.0,0.0,0.0,1.0,0.0,0.0,4.0,8.0,50.0,65.0,107.0,10.0,15.0,63.0,167.0,14.0,8.0,2.0,5.0,47.0,4.0,Goalkeeper,151.5
6349.0,Raúl Sánchez,Raul Sanchez,male,1997-11-08T00:00:00+00:00,77.0,188.0,UD Ibiza,IBI,https://assets.laliga.com/assets/2021/06/24/medium/d7bc0d2c9bf06afd6b5ace9d62771713.png,16.0,Midfielder,,8.0,9.0,2.0,0.0,0.0,0.0,1.0,34.0,0.0,10.0,5.0,2.0,2.0,166.0,0.0,0.0,0.0,2.0,0.0,3.0,6.0,6.0,69.0,53.0,113.0,3.0,14.0,95.0,166.0,11.0,13.0,4.0,11.0,36.0,1.0,Goalkeeper,148.0
8732.0,Alberto Soro,Soro,male,1999-03-09T00:00:00+00:00,64.0,173.0,Granada CF,GRA,https://assets.laliga.com/assets/2019/06/07/medium/granada.png,7.0,Midfielder,https://assets.laliga.com/squad/2021/t5683/p463182/512x556/p463182_t5683_2021_1_001_000.png,10.0,16.0,0.0,0.0,2.0,0.0,0.0,33.0,0.0,14.0,3.0,8.0,2.0,155.0,0.0,0.0,0.0,4.0,0.0,0.0,6.0,4.0,84.0,37.0,116.0,1.0,5.0,92.0,159.0,12.0,20.0,5.0,6.0,33.0,0.0,Midfielder,147.0
726.0,Francisco Alcácer,Paco Alcácer,male,1993-08-30T00:00:00+00:00,72.0,175.0,Villarreal CF,VIL,https://assets.laliga.com/assets/2019/06/07/medium/villarreal.png,9.0,Forward,https://assets.laliga.com/squad/2021/t449/p86876/512x556/p86876_t449_2021_1_001_000.png,10.0,18.0,3.0,1.0,0.0,0.0,0.0,31.0,1.0,11.0,6.0,4.0,8.0,150.0,0.0,0.0,0.0,7.0,0.0,0.0,5.0,3.0,78.0,43.0,118.0,1.0,5.0,83.0,170.0,9.0,41.0,5.0,2.0,47.0,1.0,Midfielder,147.0
8731.0,Sergio Moreno,Moreno,male,1999-01-01T00:00:00+00:00,,178.0,SD Amorebieta,AMO,https://assets.laliga.com/assets/2021/06/24/medium/7dcec1604142a8f60f876e4c7e839da7.png,29.0,Forward,https://assets.laliga.com/squad/2021/t6498/p462678/512x556/p462678_t6498_2021_1_001_000.png,24.0,16.0,0.0,0.0,0.0,0.0,0.0,62.0,0.0,10.0,2.0,3.0,3.0,150.0,0.0,0.0,0.0,3.0,0.0,1.0,6.0,1.0,74.0,35.0,107.0,1.0,17.0,110.0,154.0,6.0,28.0,10.0,1.0,45.0,2.0,Midfielder,144.5
124.0,Daniel Filipe Martins Carriço,Carriço,male,1988-08-04T00:00:00+00:00,79.0,180.0,UD Almería,ALM,https://assets.laliga.com/assets/2019/06/07/medium/almeria.png,23.0,Defender,https://assets.laliga.com/squad/2021/t1564/p46479/512x556/p46479_t1564_2021_1_001_000.png,8.0,6.0,0.0,0.0,1.0,0.0,0.0,13.0,0.0,2.0,3.0,1.0,0.0,146.0,0.0,0.0,0.0,0.0,0.0,0.0,0.0,14.0,27.0,100.0,113.0,13.0,3.0,27.0,152.0,5.0,1.0,0.0,6.0,19.0,0.0,Midfielder,143.5
18835.0,David Amigo,D. Amigo,male,2002-10-22T00:00:00+00:00,,,CF Fuenlabrada,FUE,https://assets.laliga.com/assets/2019/06/07/medium/fuenlabrada.png,27.0,Forward,,4.0,15.0,1.0,0.0,0.0,0.0,1.0,33.0,0.0,16.0,4.0,7.0,2.0,158.0,0.0,0.0,0.0,4.0,0.0,3.0,8.0,6.0,76.0,37.0,104.0,5.0,8.0,112.0,163.0,15.0,38.0,8.0,7.0,46.0,0.0,Midfielder,143.0
14849.0,Miguel Baeza,M. Baeza,male,2000-03-27T00:00:00+00:00,67.0,177.0,SD Ponferradina,PON,https://assets.laliga.com/assets/2021/06/24/medium/20f0382ea9163a771b3e01bbe7cf78b7.png,16.0,Midfielder,https://assets.laliga.com/squad/2021/t3090/p437803/512x556/p437803_t3090_2021_1_001_000.png,5.0,13.0,0.0,0.0,0.0,0.0,0.0,16.0,0.0,8.0,4.0,7.0,1.0,156.0,0.0,0.0,0.0,3.0,0.0,1.0,2.0,8.0,77.0,50.0,117.0,4.0,3.0,61.0,162.0,4.0,10.0,4.0,4.0,33.0,0.0,Midfielder,142.5
14849.0,Miguel Baeza,M. Baeza,male,2000-03-27T00:00:00+00:00,67.0,177.0,SD Ponferradina,PON,https://assets.laliga.com/assets/2021/06/24/medium/20f0382ea9163a771b3e01bbe7cf78b7.png,16.0,Midfielder,https://assets.laliga.com/squad/2021/t3090/p437803/512x556/p437803_t3090_2021_1_001_000.png,5.0,13.0,0.0,0.0,0.0,0.0,0.0,16.0,0.0,8.0,4.0,7.0,1.0,156.0,0.0,0.0,0.0,3.0,0.0,1.0,2.0,8.0,77.0,50.0,117.0,4.0,3.0,61.0,162.0,4.0,10.0,4.0,4.0,33.0,0.0,Defender,142.5
664.0,Adrián González,Adrián,male,1988-05-25T00:00:00+00:00,78.0,183.0,CF Fuenlabrada,FUE,https://assets.laliga.com/assets/2019/06/07/medium/fuenlabrada.png,21.0,Midfielder,,13.0,13.0,0.0,0.0,0.0,0.0,0.0,31.0,1.0,6.0,5.0,7.0,0.0,150.0,0.0,0.0,0.0,2.0,0.0,1.0,3.0,6.0,64.0,52.0,108.0,5.0,5.0,68.0,157.0,4.0,16.0,3.0,7.0,36.0,1.0,Midfielder,141.0
8706.0,Miguel De la Fuente,Miguel,male,1999-09-03T00:00:00+00:00,77.0,180.0,Deportivo Alavés,ALA,https://assets.laliga.com/assets/2020/09/01/medium/27002754a98bf535807fe49a24cc63ea.png,24.0,Forward,https://assets.laliga.com/squad/2021/t173/p442157/512x556/p442157_t173_2021_1_001_000.png,14.0,22.0,1.0,0.0,0.0,0.0,0.0,54.0,1.0,13.0,1.0,4.0,5.0,143.0,0.0,0.0,0.0,4.0,0.0,1.0,13.0,3.0,66.0,36.0,98.0,7.0,19.0,121.0,152.0,7.0,47.0,12.0,4.0,47.0,2.0,Midfielder,140.0
1974.0,Francisco Mérida Pérez,Fran Merida,male,1990-03-04T00:00:00+00:00,74.0,177.0,RCD Espanyol de Barcelona,ESP,https://assets.laliga.com/assets/2019/06/07/medium/espanyol.png,8.0,Midfielder,https://assets.laliga.com/squad/2021/t177/p38519/512x556/p38519_t177_2021_1_001_000.png,0.0,10.0,0.0,0.0,0.0,0.0,0.0,22.0,0.0,5.0,6.0,4.0,0.0,160.0,0.0,0.0,0.0,0.0,1.0,1.0,9.0,16.0,68.0,51.0,100.0,1.0,6.0,64.0,168.0,7.0,2.0,2.0,21.0,31.0,2.0,Goalkeeper,139.0
7608.0,Gonzalo Villar,G. Villar,male,1998-03-23T00:00:00+00:00,73.0,181.0,Getafe CF,GET,https://assets.laliga.com/assets/2019/06/07/medium/getafe.png,6.0,Midfielder,https://assets.laliga.com/squad/2021/t1450/p450782/512x556/p450782_t1450_2021_1_001_000.png,4.0,10.0,1.0,0.0,1.0,0.0,0.0,29.0,0.0,6.0,1.0,0.0,0.0,132.0,0.0,0.0,0.0,2.0,0.0,0.0,8.0,10.0,52.0,64.0,106.0,0.0,9.0,33.0,137.0,5.0,2.0,0.0,6.0,15.0,0.0,Forward,135.5
1832.0,Rodrigo Tarín,Rodri Tarín,male,1996-07-05T00:00:00+00:00,76.0,184.0,Real Oviedo,OVI,https://assets.laliga.com/assets/2019/06/07/medium/oviedo.png,3.0,Defender,,10.0,4.0,0.0,0.0,1.0,0.0,2.0,18.0,0.0,2.0,1.0,2.0,0.0,134.0,0.0,0.0,0.0,1.0,0.0,0.0,1.0,10.0,33.0,78.0,101.0,24.0,6.0,33.0,138.0,4.0,4.0,0.0,14.0,13.0,1.0,Midfielder,135.0
826.0,Iriome González,Iriome,male,1987-06-22T00:00:00+00:00,79.0,185.0,CD Lugo,LUG,https://assets.laliga.com/assets/2019/06/07/medium/lugo.png,24.0,Forward,https://assets.laliga.com/squad/2021/t5730/p55349/512x556/p55349_t5730_2021_1_001_000.png,29.0,23.0,0.0,0.0,2.0,0.0,0.0,57.0,0.0,9.0,3.0,9.0,4.0,155.0,0.0,0.0,0.0,3.0,0.0,5.0,5.0,3.0,80.0,13.0,85.0,8.0,19.0,117.0,155.0,10.0,27.0,8.0,8.0,59.0,2.0,Midfielder,135.0
1097.0,Munir El-Haddadi,Munir,male,1995-09-01T00:00:00+00:00,69.0,175.0,Sevilla FC,SEV,https://assets.laliga.com/assets/2019/06/07/medium/sevilla.png,11.0,Forward,https://assets.laliga.com/squad/2021/t179/p170864/512x556/p170864_t179_2021_1_001_000.png,8.0,16.0,0.0,0.0,1.0,0.0,0.0,31.0,2.0,6.0,5.0,7.0,3.0,124.0,0.0,0.0,0.0,7.0,0.0,2.0,2.0,3.0,72.0,28.0,95.0,2.0,7.0,63.0,124.0,8.0,17.0,6.0,0.0,26.0,3.0,Midfielder,127.5
6347.0,Mario Hernández,Mario H.,male,1999-01-25T00:00:00+00:00,,,Rayo Vallecano,RAY,https://assets.laliga.com/assets/2019/06/07/medium/rayo.png,32.0,Midfielder,https://assets.laliga.com/squad/2021/t184/p435104/512x556/p435104_t184_2021_1_001_000.png,2.0,9.0,0.0,0.0,0.0,0.0,1.0,18.0,1.0,6.0,4.0,2.0,1.0,146.0,0.0,0.0,0.0,1.0,0.0,3.0,2.0,4.0,56.0,49.0,98.0,6.0,4.0,85.0,149.0,10.0,2.0,4.0,17.0,30.0,3.0,Midfielder,122.5
16157.0,Eneko Undabarrena,Undabarrena,male,1993-03-10T00:00:00+00:00,77.0,185.0,Burgos CF,BUR,https://assets.laliga.com/assets/2021/06/24/medium/8de24d38ab1472bbae1620d36582d7bd.png,5.0,Midfielder,https://assets.laliga.com/squad/2021/t951/p198219/512x556/p198219_t951_2021_1_001_000.png,9.0,17.0,0.0,0.0,0.0,0.0,0.0,19.0,0.0,6.0,3.0,2.0,0.0,131.0,0.0,0.0,0.0,0.0,0.0,0.0,1.0,11.0,55.0,50.0,94.0,9.0,2.0,37.0,132.0,3.0,3.0,2.0,7.0,20.0,0.0,Midfielder,120.5
5772.0,Darío Poveda,Darío,male,1997-03-13T00:00:00+00:00,75.0,185.0,SD Huesca,HUE,https://assets.laliga.com/assets/2019/06/07/medium/huesca.png,19.0,Forward,,20.0,14.0,0.0,0.0,0.0,0.0,1.0,41.0,2.0,10.0,0.0,4.0,2.0,110.0,0.0,0.0,0.0,8.0,0.0,2.0,8.0,1.0,63.0,23.0,83.0,6.0,9.0,89.0,120.0,3.0,38.0,13.0,1.0,35.0,1.0,Midfielder,116.5
618.0,Víctor Sánchez,Victor S.,male,1987-09-08T00:00:00+00:00,72.0,174.0,Girona FC,GIR,https://assets.laliga.com/assets/2019/06/07/medium/girona.png,4.0,Midfielder,,5.0,6.0,0.0,0.0,1.0,0.0,1.0,26.0,0.0,2.0,3.0,1.0,1.0,104.0,0.0,0.0,0.0,0.0,0.0,0.0,1.0,6.0,41.0,50.0,85.0,5.0,9.0,28.0,106.0,14.0,2.0,1.0,6.0,9.0,2.0,Defender,114.0
9424.0,Enzo Lombardo,Lombardo,male,1997-04-16T00:00:00+00:00,69.0,174.0,SD Huesca,HUE,https://assets.laliga.com/assets/2019/06/07/medium/huesca.png,24.0,Midfielder,https://assets.laliga.com/squad/2021/t2894/p464165/512x556/p464165_t2894_2021_1_001_000.png,1.0,15.0,0.0,0.0,0.0,0.0,0.0,28.0,0.0,6.0,1.0,1.0,0.0,109.0,0.0,0.0,0.0,1.0,0.0,0.0,12.0,6.0,73.0,20.0,87.0,0.0,2.0,59.0,111.0,4.0,17.0,12.0,3.0,15.0,0.0,Forward,113.5
13532.0,Ismael Ruiz,Isma Ruiz,male,2001-02-14T00:00:00+00:00,67.0,180.0,Granada CF,GRA,https://assets.laliga.com/assets/2019/06/07/medium/granada.png,26.0,Midfielder,https://assets.laliga.com/squad/2021/t5683/p485215/512x556/p485215_t5683_2021_1_001_000.png,3.0,8.0,0.0,0.0,2.0,0.0,0.0,11.0,0.0,5.0,3.0,2.0,1.0,123.0,0.0,0.0,0.0,1.0,0.0,0.0,2.0,7.0,55.0,48.0,96.0,2.0,2.0,23.0,123.0,3.0,3.0,0.0,4.0,16.0,1.0,Forward,112.0
4640.0,Yan Eteki,Yan Eteki,male,1997-08-26T00:00:00+00:00,70.0,180.0,Granada CF,GRA,https://assets.laliga.com/assets/2019/06/07/medium/granada.png,8.0,Midfielder,https://assets.laliga.com/squad/2021/t5683/p218774/512x556/p218774_t5683_2021_1_001_000.png,7.0,12.0,0.0,0.0,3.0,0.0,0.0,19.0,0.0,6.0,4.0,1.0,0.0,127.0,0.0,0.0,0.0,0.0,0.0,0.0,1.0,4.0,52.0,43.0,91.0,6.0,18.0,47.0,127.0,6.0,1.0,2.0,8.0,24.0,3.0,Midfielder,109.0
1312.0,Pablo Pérez,P. Perez,male,1993-08-02T00:00:00+00:00,79.0,188.0,Real Sporting,SPO,https://assets.laliga.com/assets/2019/06/07/medium/sporting.png,22.0,Midfielder,https://assets.laliga.com/squad/2021/t616/p118094/512x556/p118094_t616_2021_1_001_000.png,34.0,20.0,1.0,0.0,2.0,0.0,0.0,52.0,0.0,6.0,4.0,8.0,3.0,110.0,0.0,1.0,0.0,1.0,0.0,0.0,1.0,1.0,48.0,21.0,68.0,10.0,13.0,68.0,111.0,10.0,14.0,5.0,2.0,40.0,0.0,Midfielder,108.5
4658.0,Álvaro Ratón,A. Ratón,male,1993-01-29T00:00:00+00:00,84.0,192.0,Real Zaragoza,ZAR,https://assets.laliga.com/assets/2019/06/07/medium/zaragoza.png,13.0,Goalkeeper,https://assets.laliga.com/squad/2021/t190/p230038/512x556/p230038_t190_2021_1_001_000.png,0.0,4.0,0.0,0.0,0.0,3.0,1.0,1.0,0.0,6.0,0.0,1.0,0.0,78.0,0.0,0.0,8.0,0.0,0.0,0.0,1.0,25.0,15.0,86.0,76.0,4.0,0.0,18.0,118.0,0.0,0.0,0.0,17.0,0.0,0.0,Midfielder,107.0
1896.0,Junior Wakalible Lago,Lago Junior,male,1990-12-31T00:00:00+00:00,79.0,180.0,SD Huesca,HUE,https://assets.laliga.com/assets/2019/06/07/medium/huesca.png,15.0,Forward,,10.0,13.0,0.0,0.0,0.0,0.0,0.0,28.0,0.0,5.0,1.0,7.0,2.0,116.0,0.0,0.0,0.0,3.0,0.0,3.0,6.0,0.0,58.0,24.0,79.0,4.0,7.0,76.0,118.0,4.0,22.0,8.0,5.0,34.0,0.0,Midfielder,106.0
402.0,Iñigo Pérez,Iñigo Perez,male,1988-01-18T00:00:00+00:00,74.0,178.0,CA Osasuna,OSA,https://assets.laliga.com/assets/2019/06/07/medium/osasuna.png,21.0,Midfielder,https://assets.laliga.com/squad/2021/t450/p78874/512x556/p78874_t450_2021_1_001_000.png,2.0,10.0,0.0,1.0,0.0,0.0,0.0,8.0,1.0,7.0,0.0,8.0,0.0,115.0,0.0,0.0,0.0,1.0,0.0,4.0,0.0,8.0,64.0,31.0,81.0,3.0,0.0,64.0,119.0,3.0,5.0,3.0,6.0,24.0,0.0,Midfielder,102.5
16158.0,Roberto Alarcón,R. Alarcón,male,1994-04-14T00:00:00+00:00,,,Burgos CF,BUR,https://assets.laliga.com/assets/2021/06/24/medium/8de24d38ab1472bbae1620d36582d7bd.png,11.0,Midfielder,https://assets.laliga.com/squad/2021/t951/p521527/512x556/p521527_t951_2021_1_001_000.png,13.0,17.0,1.0,0.0,0.0,0.0,0.0,21.0,0.0,2.0,3.0,3.0,0.0,109.0,0.0,0.0,0.0,1.0,0.0,2.0,0.0,1.0,52.0,34.0,80.0,4.0,6.0,52.0,110.0,7.0,4.0,3.0,5.0,24.0,1.0,Defender,102.5
16296.0,Mikel Álvaro Salazar,Mikel Alvaro,male,1982-12-20T00:00:00+00:00,68.0,175.0,SD Amorebieta,AMO,https://assets.laliga.com/assets/2021/06/24/medium/7dcec1604142a8f60f876e4c7e839da7.png,10.0,Midfielder,https://assets.laliga.com/squad/2021/t6498/p69879/512x556/p69879_t6498_2021_1_001_000.png,3.0,13.0,0.0,1.0,0.0,0.0,0.0,20.0,0.0,6.0,2.0,2.0,0.0,109.0,0.0,0.0,0.0,0.0,0.0,0.0,2.0,4.0,60.0,24.0,80.0,3.0,10.0,65.0,115.0,7.0,4.0,3.0,2.0,29.0,0.0,Goalkeeper,99.0
4625.0,Luis Alberto García,Lucho Garcia,male,1998-03-20T00:00:00+00:00,84.0,188.0,SD Ponferradina,PON,https://assets.laliga.com/assets/2021/06/24/medium/20f0382ea9163a771b3e01bbe7cf78b7.png,13.0,Goalkeeper,https://assets.laliga.com/squad/2021/t3090/p219198/512x556/p219198_t3090_2021_1_001_000.png,1.0,6.0,0.0,0.0,0.0,1.0,0.0,3.0,0.0,9.0,1.0,0.0,0.0,89.0,0.0,0.0,18.0,0.0,0.0,0.0,0.0,44.0,31.0,58.0,45.0,7.0,0.0,74.0,162.0,0.0,0.0,0.0,73.0,0.0,1.0,Midfielder,99.0
8638.0,Hugo Rama,Hugo Rama,male,1996-11-22T00:00:00+00:00,75.0,177.0,Real Oviedo,OVI,https://assets.laliga.com/assets/2019/06/07/medium/oviedo.png,2.0,Midfielder,,4.0,10.0,0.0,0.0,1.0,0.0,0.0,10.0,1.0,0.0,0.0,2.0,1.0,90.0,0.0,0.0,0.0,2.0,0.0,0.0,2.0,2.0,48.0,32.0,78.0,0.0,3.0,34.0,96.0,2.0,7.0,3.0,4.0,12.0,2.0,Defender,88.5
16359.0,Damián Cáceres,Damián,male,2003-05-31T00:00:00+00:00,76.0,181.0,CF Fuenlabrada,FUE,https://assets.laliga.com/assets/2019/06/07/medium/fuenlabrada.png,29.0,Midfielder,https://assets.laliga.com/squad/2021/t7104/p523225/512x556/p523225_t7104_2021_1_001_000.png,5.0,7.0,0.0,0.0,1.0,0.0,0.0,19.0,1.0,6.0,4.0,1.0,0.0,96.0,0.0,0.0,0.0,2.0,0.0,0.0,2.0,2.0,35.0,35.0,68.0,5.0,4.0,41.0,97.0,10.0,12.0,5.0,3.0,24.0,1.0,Defender,88.5
4284.0,Manuel Javier Vallejo Galván,Manu Vallejo,male,1997-02-14T00:00:00+00:00,72.0,167.0,Deportivo Alavés,ALA,https://assets.laliga.com/assets/2020/09/01/medium/27002754a98bf535807fe49a24cc63ea.png,7.0,Forward,https://assets.laliga.com/squad/2021/t173/p221511/512x556/p221511_t173_2021_1_001_000.png,5.0,11.0,1.0,0.0,0.0,0.0,0.0,17.0,1.0,15.0,0.0,3.0,0.0,86.0,0.0,0.0,0.0,2.0,0.0,1.0,1.0,3.0,52.0,27.0,72.0,2.0,4.0,60.0,99.0,8.0,8.0,9.0,4.0,20.0,0.0,Midfielder,87.0
23327.0,Miguel Puche,Puche,male,2001-04-30T00:00:00+00:00,,,Real Zaragoza,ZAR,https://assets.laliga.com/assets/2019/06/07/medium/zaragoza.png,33.0,Midfielder,https://assets.laliga.com/squad/2021/t190/p503783/512x556/p503783_t190_2021_1_001_000.png,7.0,14.0,1.0,0.0,0.0,0.0,0.0,26.0,1.0,4.0,0.0,3.0,2.0,83.0,0.0,0.0,0.0,4.0,0.0,1.0,6.0,1.0,49.0,16.0,63.0,1.0,6.0,46.0,84.0,5.0,15.0,4.0,2.0,18.0,0.0,Midfielder,86.0
9251.0,Marcelo Saracchi,Marcelo Saracchi,male,1998-04-23T00:00:00+00:00,69.0,185.0,Levante UD,LEV,https://assets.laliga.com/assets/2019/06/07/medium/levante.png,25.0,Defender,,1.0,4.0,1.0,0.0,0.0,0.0,0.0,11.0,0.0,4.0,4.0,5.0,0.0,81.0,0.0,0.0,0.0,0.0,0.0,2.0,2.0,6.0,35.0,35.0,62.0,7.0,3.0,24.0,83.0,8.0,2.0,0.0,2.0,13.0,2.0,Midfielder,85.5
4116.0,Asier Etxaburu,Etxaburu,male,1994-04-07T00:00:00+00:00,71.0,182.0,SD Amorebieta,AMO,https://assets.laliga.com/assets/2021/06/24/medium/7dcec1604142a8f60f876e4c7e839da7.png,23.0,Midfielder,https://assets.laliga.com/squad/2021/t6498/p201604/512x556/p201604_t6498_2021_1_001_000.png,26.0,20.0,1.0,0.0,0.0,0.0,0.0,43.0,2.0,10.0,0.0,4.0,0.0,96.0,0.0,0.0,0.0,3.0,0.0,1.0,4.0,2.0,42.0,15.0,54.0,3.0,2.0,71.0,97.0,4.0,20.0,2.0,3.0,38.0,0.0,Goalkeeper,83.5
1919.0,Juan Villar,Juan Villar,male,1988-05-19T00:00:00+00:00,72.0,182.0,UD Almería,ALM,https://assets.laliga.com/assets/2019/06/07/medium/almeria.png,7.0,Forward,https://assets.laliga.com/squad/2021/t1564/p56449/512x556/p56449_t1564_2021_1_001_000.png,8.0,12.0,0.0,0.0,1.0,0.0,0.0,14.0,1.0,2.0,1.0,3.0,2.0,90.0,0.0,0.0,0.0,5.0,1.0,2.0,1.0,6.0,43.0,22.0,57.0,0.0,3.0,46.0,92.0,2.0,9.0,2.0,4.0,25.0,1.0,Midfielder,77.0
15003.0,Pablo Moreno,Moreno,male,2002-05-03T00:00:00+00:00,,174.0,Girona FC,GIR,https://assets.laliga.com/assets/2019/06/07/medium/girona.png,16.0,Forward,https://assets.laliga.com/squad/2021/t2893/p248508/512x556/p248508_t2893_2021_1_001_000.png,1.0,17.0,0.0,0.0,0.0,0.0,0.0,28.0,1.0,7.0,0.0,5.0,3.0,58.0,0.0,0.0,0.0,3.0,0.0,1.0,9.0,0.0,42.0,14.0,55.0,0.0,5.0,43.0,63.0,4.0,16.0,5.0,1.0,7.0,1.0,Midfielder,77.0
5997.0,Jon Guridi,Guridi,male,1995-02-28T00:00:00+00:00,64.0,179.0,Real Sociedad,RSO,https://assets.laliga.com/assets/2019/06/07/medium/real-sociedad.png,14.0,Midfielder,https://assets.laliga.com/squad/2021/t188/p201178/512x556/p201178_t188_2021_1_001_000.png,1.0,8.0,0.0,0.0,1.0,0.0,0.0,14.0,1.0,4.0,3.0,1.0,0.0,78.0,0.0,0.0,0.0,1.0,0.0,0.0,5.0,1.0,40.0,17.0,56.0,4.0,4.0,33.0,78.0,5.0,7.0,4.0,2.0,19.0,0.0,Midfielder,72.0
23375.0,José Javier Robles Belmonte,Javi Robles,male,2000-10-03T00:00:00+00:00,73.0,187.0,UD Almería,ALM,https://assets.laliga.com/assets/2019/06/07/medium/almeria.png,14.0,Forward,https://assets.laliga.com/squad/2021/t1564/p494617/512x556/p494617_t1564_2021_1_001_000.png,6.0,10.0,0.0,0.0,1.0,0.0,0.0,18.0,0.0,2.0,3.0,1.0,0.0,75.0,0.0,0.0,0.0,0.0,0.0,0.0,1.0,5.0,32.0,23.0,50.0,4.0,6.0,32.0,77.0,7.0,4.0,0.0,2.0,20.0,0.0,Midfielder,71.0
14846.0,Jon Morcillo,Morci,male,1998-09-15T00:00:00+00:00,72.0,183.0,Real Valladolid CF,VLL,https://assets.laliga.com/assets/2019/06/07/medium/valladolid.png,20.0,Forward,,0.0,11.0,1.0,0.0,0.0,0.0,0.0,6.0,1.0,1.0,1.0,1.0,0.0,73.0,0.0,0.0,0.0,3.0,0.0,4.0,2.0,6.0,44.0,21.0,53.0,0.0,2.0,58.0,78.0,1.0,13.0,4.0,6.0,13.0,0.0,Midfielder,71.0
8583.0,Juan Hernández,J. Hernández,male,1994-12-06T00:00:00+00:00,75.0,186.0,SD Ponferradina,PON,https://assets.laliga.com/assets/2021/06/24/medium/20f0382ea9163a771b3e01bbe7cf78b7.png,21.0,Forward,https://assets.laliga.com/squad/2021/t3090/p219225/512x556/p219225_t3090_2021_1_001_000.png,1.0,14.0,0.0,0.0,0.0,0.0,0.0,12.0,0.0,12.0,1.0,3.0,2.0,81.0,0.0,0.0,0.0,0.0,0.0,1.0,4.0,1.0,33.0,30.0,61.0,2.0,3.0,48.0,82.0,4.0,8.0,5.0,2.0,18.0,1.0,Midfielder,69.5
3499.0,Nikola Vukcevic,Vukcevic,male,1991-12-13T00:00:00+00:00,76.0,184.0,Levante UD,LEV,https://assets.laliga.com/assets/2019/06/07/medium/levante.png,17.0,Midfielder,https://assets.laliga.com/squad/2021/t855/p96093/512x556/p96093_t855_2021_1_001_000.png,6.0,6.0,0.0,0.0,0.0,0.0,0.0,11.0,0.0,3.0,2.0,2.0,0.0,72.0,0.0,0.0,0.0,0.0,0.0,0.0,1.0,0.0,27.0,33.0,60.0,1.0,4.0,15.0,73.0,3.0,0.0,0.0,4.0,9.0,1.0,Midfielder,68.0
23001.0,Darío Sarmiento,Dario,male,2003-03-29T00:00:00+00:00,60.0,170.0,Girona FC,GIR,https://assets.laliga.com/assets/2019/06/07/medium/girona.png,9.0,Forward,https://assets.laliga.com/squad/2021/t2893/p482781/512x556/p482781_t2893_2021_1_001_000.png,1.0,9.0,2.0,0.0,0.0,0.0,0.0,17.0,0.0,1.0,0.0,4.0,1.0,63.0,0.0,0.0,0.0,1.0,0.0,2.0,10.0,0.0,28.0,21.0,46.0,2.0,4.0,43.0,64.0,3.0,15.0,3.0,3.0,15.0,0.0,Midfielder,66.5
14919.0,Gabriel Veiga,Gabri Veiga,male,2002-05-27T00:00:00+00:00,,,RC Celta,CEL,https://assets.laliga.com/assets/2019/06/07/medium/celta.png,29.0,Midfielder,https://assets.laliga.com/squad/2021/t176/p514189/512x556/p514189_t176_2021_0_001_000.png,1.0,7.0,0.0,0.0,0.0,0.0,0.0,15.0,0.0,3.0,4.0,1.0,0.0,63.0,0.0,0.0,0.0,0.0,0.0,1.0,6.0,1.0,29.0,23.0,50.0,1.0,1.0,20.0,64.0,5.0,1.0,1.0,1.0,12.0,0.0,Midfielder,66.5
23055.0,Iván Chapela,Chapela,male,1999-05-21T00:00:00+00:00,,,Cádiz CF,CAD,https://assets.laliga.com/assets/2019/06/07/medium/cadiz.png,27.0,Midfielder,https://assets.laliga.com/squad/2021/t1737/p224446/512x556/p224446_t1737_2021_1_001_000.png,4.0,9.0,0.0,0.0,1.0,0.0,0.0,20.0,0.0,9.0,4.0,2.0,1.0,75.0,0.0,0.0,0.0,0.0,0.0,0.0,3.0,9.0,28.0,24.0,43.0,5.0,4.0,48.0,75.0,4.0,5.0,2.0,5.0,18.0,0.0,Forward,66.5
6293.0,Filip Malbasic,Malbašić,male,1992-11-18T00:00:00+00:00,79.0,182.0,Burgos CF,BUR,https://assets.laliga.com/assets/2021/06/24/medium/8de24d38ab1472bbae1620d36582d7bd.png,16.0,Forward,,6.0,11.0,0.0,0.0,0.0,0.0,0.0,12.0,0.0,3.0,0.0,2.0,2.0,71.0,0.0,0.0,0.0,0.0,0.0,2.0,2.0,1.0,44.0,14.0,55.0,0.0,5.0,53.0,76.0,3.0,8.0,5.0,0.0,20.0,0.0,Midfielder,66.0
4470.0,Luka Jovic,Jović,male,1997-12-23T00:00:00+00:00,85.0,182.0,Real Madrid,RMA,https://assets.laliga.com/assets/2019/06/07/medium/real-madrid.png,16.0,Forward,https://assets.laliga.com/squad/2021/t186/p185533/512x556/p185533_t186_2021_1_001_000.png,7.0,15.0,2.0,0.0,0.0,0.0,0.0,14.0,1.0,2.0,1.0,2.0,2.0,64.0,0.0,0.0,0.0,4.0,0.0,0.0,3.0,3.0,34.0,18.0,49.0,4.0,3.0,34.0,67.0,1.0,27.0,3.0,0.0,15.0,1.0,Midfielder,65.5
25510.0,Orbelín Pineda,Orbelin,male,1996-03-24T00:00:00+00:00,60.0,168.0,RC Celta,CEL,https://assets.laliga.com/assets/2019/06/07/medium/celta.png,18.0,Midfielder,,1.0,7.0,0.0,0.0,0.0,0.0,0.0,10.0,0.0,1.0,0.0,1.0,0.0,63.0,0.0,0.0,0.0,1.0,0.0,0.0,1.0,4.0,37.0,20.0,53.0,1.0,2.0,15.0,65.0,4.0,5.0,1.0,0.0,8.0,0.0,Midfielder,65.5
2932.0,Jonathan Silva,J. Silva,male,1994-06-29T00:00:00+00:00,72.0,178.0,Getafe CF,GET,https://assets.laliga.com/assets/2019/06/07/medium/getafe.png,14.0,Defender,https://assets.laliga.com/squad/2021/t1450/p116132/512x556/p116132_t1450_2021_1_001_000.png,1.0,9.0,0.0,0.0,0.0,0.0,0.0,17.0,0.0,8.0,3.0,2.0,0.0,71.0,0.0,0.0,0.0,1.0,0.0,1.0,1.0,3.0,37.0,14.0,47.0,7.0,10.0,38.0,72.0,10.0,2.0,0.0,7.0,15.0,4.0,Midfielder,65.5
25096.0,Biel Farrés del Castillo,Biel Farrés,male,2002-05-01T00:00:00+00:00,,,Girona FC,GIR,https://assets.laliga.com/assets/2019/06/07/medium/girona.png,41.0,Defender,,0.0,2.0,0.0,0.0,2.0,0.0,0.0,0.0,0.0,3.0,4.0,0.0,0.0,66.0,0.0,0.0,0.0,0.0,0.0,0.0,0.0,3.0,16.0,46.0,59.0,2.0,1.0,5.0,67.0,0.0,0.0,0.0,2.0,3.0,0.0,Midfielder,63.5
6724.0,Andrii Lunin,Lunin,male,1999-02-11T00:00:00+00:00,80.0,191.0,Real Madrid,RMA,https://assets.laliga.com/assets/2019/06/07/medium/real-madrid.png,13.0,Goalkeeper,https://assets.laliga.com/squad/2021/t186/p224965/512x556/p224965_t186_2021_1_001_000.png,0.0,2.0,0.0,0.0,0.0,3.0,0.0,0.0,0.0,2.0,0.0,0.0,0.0,40.0,1.0,0.0,7.0,0.0,0.0,0.0,0.0,12.0,1.0,56.0,45.0,3.0,1.0,10.0,67.0,0.0,0.0,0.0,7.0,3.0,0.0,Midfielder,62.5
1121.0,Jaume Doménech,Domenech,male,1990-11-05T00:00:00+00:00,73.0,185.0,Valencia CF,VAL,https://assets.laliga.com/assets/2019/06/07/medium/valencia.png,1.0,Goalkeeper,https://assets.laliga.com/squad/2021/t191/p116732/512x556/p116732_t191_2021_1_001_000.png,0.0,4.0,0.0,0.0,0.0,1.0,1.0,0.0,0.0,4.0,0.0,0.0,0.0,45.0,0.0,0.0,8.0,0.0,0.0,0.0,0.0,36.0,24.0,34.0,22.0,4.0,0.0,42.0,100.0,0.0,0.0,0.0,42.0,0.0,2.0,Midfielder,61.5
1885.0,Mathew Ryan,Ryan,male,1992-04-08T00:00:00+00:00,82.0,184.0,Real Sociedad,RSO,https://assets.laliga.com/assets/2019/06/07/medium/real-sociedad.png,13.0,Goalkeeper,https://assets.laliga.com/squad/2021/t188/p131897/512x556/p131897_t188_2021_1_001_000.png,1.0,3.0,0.0,0.0,0.0,2.0,1.0,1.0,0.0,5.0,0.0,0.0,0.0,49.0,0.0,0.0,10.0,0.0,0.0,0.0,0.0,17.0,12.0,41.0,36.0,5.0,0.0,40.0,93.0,0.0,0.0,0.0,40.0,0.0,0.0,Midfielder,59.5
1929.0,Mamadou Sylla,M. Sylla,male,1994-03-20T00:00:00+00:00,84.0,184.0,Rayo Vallecano,RAY,https://assets.laliga.com/assets/2019/06/07/medium/rayo.png,11.0,Forward,https://assets.laliga.com/squad/2021/t184/p207721/512x556/p207721_t184_2021_1_001_000.png,14.0,12.0,0.0,1.0,0.0,0.0,0.0,23.0,0.0,8.0,4.0,2.0,2.0,58.0,0.0,0.0,0.0,1.0,0.0,0.0,4.0,3.0,32.0,13.0,42.0,3.0,8.0,41.0,62.0,1.0,22.0,4.0,1.0,16.0,2.0,Midfielder,59.0
6282.0,Enrique Gómez Hermoso,K. Hermoso,male,1999-08-10T00:00:00+00:00,76.0,190.0,Real Betis,BET,https://assets.laliga.com/assets/2019/06/07/medium/betis.png,37.0,Midfielder,https://assets.laliga.com/squad/2021/t185/p433624/512x556/p433624_t185_2021_1_001_000.png,6.0,1.0,0.0,0.0,1.0,0.0,0.0,9.0,1.0,1.0,0.0,0.0,0.0,59.0,0.0,0.0,0.0,1.0,0.0,0.0,1.0,2.0,3.0,47.0,48.0,5.0,1.0,11.0,60.0,2.0,2.0,0.0,4.0,6.0,0.0,Goalkeeper,59.0
1929.0,Mamadou Sylla,M. Sylla,male,1994-03-20T00:00:00+00:00,84.0,184.0,Rayo Vallecano,RAY,https://assets.laliga.com/assets/2019/06/07/medium/rayo.png,11.0,Forward,https://assets.laliga.com/squad/2021/t184/p207721/512x556/p207721_t184_2021_1_001_000.png,14.0,12.0,0.0,1.0,0.0,0.0,0.0,23.0,0.0,8.0,4.0,2.0,2.0,58.0,0.0,0.0,0.0,1.0,0.0,0.0,4.0,3.0,32.0,13.0,42.0,3.0,8.0,41.0,62.0,1.0,22.0,4.0,1.0,16.0,2.0,Midfielder,59.0
1190.0,Mariano Díaz Mejía,Mariano,male,1993-08-01T00:00:00+00:00,76.0,180.0,Real Madrid,RMA,https://assets.laliga.com/assets/2019/06/07/medium/real-madrid.png,24.0,Forward,https://assets.laliga.com/squad/2021/t186/p178347/512x556/p178347_t186_2021_1_001_000.png,9.0,9.0,1.0,0.0,0.0,0.0,0.0,17.0,1.0,4.0,1.0,5.0,4.0,53.0,0.0,0.0,0.0,3.0,0.0,0.0,6.0,2.0,26.0,16.0,40.0,3.0,2.0,33.0,60.0,2.0,21.0,4.0,4.0,14.0,2.0,Midfielder,58.0
1311.0,Jonathan Rodríguez Menéndez,Jony,male,1991-07-09T00:00:00+00:00,76.0,179.0,Real Sporting,SPO,https://assets.laliga.com/assets/2019/06/07/medium/sporting.png,9.0,Forward,,2.0,6.0,0.0,1.0,0.0,0.0,0.0,10.0,0.0,4.0,3.0,8.0,0.0,59.0,0.0,0.0,0.0,1.0,0.0,5.0,3.0,2.0,37.0,10.0,37.0,1.0,1.0,71.0,60.0,1.0,6.0,7.0,6.0,15.0,0.0,Midfielder,57.0
24282.0,Javier Llabrés Expósito,Javi Llabres,male,2002-09-11T00:00:00+00:00,,,RCD Mallorca,MLL,https://assets.laliga.com/assets/2019/06/07/medium/mallorca.png,34.0,Forward,,1.0,5.0,0.0,0.0,0.0,0.0,0.0,7.0,0.0,2.0,0.0,3.0,1.0,57.0,0.0,0.0,0.0,2.0,0.0,0.0,4.0,3.0,35.0,13.0,45.0,0.0,0.0,22.0,58.0,2.0,4.0,2.0,4.0,6.0,0.0,Midfielder,56.0
1109.0,Pablo Hervías,Hervias,male,1993-03-08T00:00:00+00:00,67.0,174.0,Real Valladolid CF,VLL,https://assets.laliga.com/assets/2019/06/07/medium/valladolid.png,11.0,Forward,https://assets.laliga.com/squad/2021/t192/p143622/512x556/p143622_t192_2021_1_001_000.png,1.0,6.0,0.0,1.0,1.0,0.0,0.0,13.0,0.0,1.0,2.0,3.0,0.0,46.0,0.0,0.0,0.0,1.0,0.0,2.0,7.0,0.0,27.0,16.0,36.0,3.0,0.0,26.0,48.0,2.0,5.0,3.0,1.0,11.0,0.0,Midfielder,55.5
266.0,José Luis Moreno Barroso,Joselu,male,1991-03-03T00:00:00+00:00,69.0,170.0,CD Lugo,LUG,https://assets.laliga.com/assets/2019/06/07/medium/lugo.png,23.0,Forward,https://assets.laliga.com/squad/2021/t5730/p82696/512x556/p82696_t5730_2021_1_001_000.png,2.0,10.0,0.0,0.0,3.0,0.0,1.0,11.0,2.0,5.0,1.0,1.0,2.0,58.0,0.0,0.0,0.0,5.0,0.0,0.0,1.0,1.0,21.0,23.0,43.0,3.0,6.0,29.0,62.0,6.0,10.0,0.0,2.0,16.0,2.0,Midfielder,55.5
15071.0,Nicolas Jackson,N.jackson,male,2001-06-20T00:00:00+00:00,,186.0,Villarreal CF,VIL,https://assets.laliga.com/assets/2019/06/07/medium/villarreal.png,26.0,Forward,,13.0,9.0,0.0,0.0,0.0,0.0,0.0,24.0,0.0,3.0,1.0,3.0,1.0,48.0,0.0,0.0,0.0,1.0,0.0,0.0,4.0,0.0,29.0,9.0,38.0,1.0,2.0,30.0,50.0,2.0,18.0,2.0,1.0,11.0,1.0,Midfielder,54.0
24274.0,Ilias Akhomach,Ilias,male,2004-04-16T00:00:00+00:00,,,FC Barcelona,BAR,https://assets.laliga.com/assets/2019/06/07/medium/barcelona.png,37.0,Forward,,1.0,2.0,0.0,0.0,0.0,0.0,0.0,8.0,0.0,0.0,0.0,4.0,0.0,49.0,0.0,0.0,0.0,2.0,0.0,2.0,1.0,0.0,40.0,5.0,43.0,0.0,3.0,14.0,49.0,2.0,7.0,2.0,1.0,5.0,0.0,Midfielder,53.5
9652.0,Diego Lainez,Diego Lainez,male,2000-06-09T00:00:00+00:00,58.0,168.0,Real Betis,BET,https://assets.laliga.com/assets/2019/06/07/medium/betis.png,20.0,Midfielder,,0.0,7.0,0.0,0.0,0.0,0.0,0.0,8.0,0.0,2.0,1.0,3.0,0.0,54.0,0.0,0.0,0.0,1.0,0.0,0.0,6.0,1.0,32.0,11.0,42.0,0.0,4.0,29.0,54.0,1.0,6.0,3.0,1.0,10.0,0.0,Defender,52.0
8714.0,Hicham Boussefiane,Hicham,male,1998-01-09T00:00:00+00:00,65.0,177.0,Málaga CF,MGA,https://assets.laliga.com/assets/2019/06/07/medium/malaga.png,11.0,Midfielder,https://assets.laliga.com/squad/2021/t182/p438838/512x556/p438838_t182_2021_1_001_000.png,1.0,6.0,1.0,0.0,0.0,0.0,0.0,15.0,0.0,5.0,2.0,2.0,1.0,45.0,0.0,0.0,0.0,0.0,0.0,3.0,4.0,1.0,25.0,14.0,35.0,0.0,1.0,28.0,45.0,5.0,4.0,6.0,0.0,9.0,0.0,Forward,50.5
23339.0,Iker Kortajarena,Kortajarena,male,2000-06-30T00:00:00+00:00,,,R. Sociedad B,RSOB,https://assets.laliga.com/assets/2019/06/07/medium/real-sociedad.png,29.0,Midfielder,https://assets.laliga.com/squad/2021/t3567/p546811/512x556/p546811_t3567_2021_1_001_000.png,9.0,6.0,0.0,0.0,0.0,0.0,0.0,13.0,0.0,3.0,0.0,0.0,0.0,58.0,0.0,0.0,0.0,1.0,0.0,0.0,1.0,1.0,24.0,16.0,39.0,1.0,2.0,23.0,58.0,2.0,1.0,0.0,3.0,15.0,1.0,Midfielder,47.0
1158.0,Víctor Camarasa,Camarasa,male,1994-05-28T00:00:00+00:00,76.0,183.0,Real Betis,BET,https://assets.laliga.com/assets/2019/06/07/medium/betis.png,22.0,Midfielder,https://assets.laliga.com/squad/2021/t185/p175946/512x556/p175946_t185_2021_1_001_000.png,2.0,7.0,0.0,0.0,1.0,0.0,0.0,7.0,0.0,2.0,2.0,0.0,0.0,50.0,0.0,0.0,0.0,0.0,0.0,0.0,0.0,0.0,23.0,18.0,41.0,2.0,2.0,15.0,50.0,2.0,2.0,1.0,0.0,9.0,0.0,Defender,46.5
23347.0,Ricard Artero,Artero,male,2003-02-05T00:00:00+00:00,,,Girona FC,GIR,https://assets.laliga.com/assets/2019/06/07/medium/girona.png,36.0,Midfielder,https://assets.laliga.com/squad/2021/t2893/p546935/512x556/p546935_t2893_2021_1_001_000.png,3.0,11.0,0.0,0.0,0.0,0.0,0.0,8.0,0.0,1.0,0.0,0.0,0.0,54.0,0.0,0.0,0.0,0.0,0.0,0.0,2.0,1.0,29.0,9.0,37.0,5.0,3.0,21.0,54.0,3.0,2.0,1.0,1.0,15.0,0.0,Midfielder,46.5
19186.0,Rubén Sánchez,Ruben,male,2001-02-04T00:00:00+00:00,,,RCD Espanyol de Barcelona,ESP,https://assets.laliga.com/assets/2019/06/07/medium/espanyol.png,39.0,Midfielder,,5.0,4.0,1.0,0.0,0.0,0.0,0.0,15.0,0.0,3.0,2.0,0.0,0.0,46.0,0.0,0.0,0.0,0.0,0.0,0.0,3.0,1.0,8.0,25.0,32.0,4.0,4.0,29.0,46.0,6.0,1.0,0.0,2.0,11.0,0.0,Forward,46.5
2306.0,Samuel Umtiti,Umtiti,male,1993-11-14T00:00:00+00:00,75.0,182.0,FC Barcelona,BAR,https://assets.laliga.com/assets/2019/06/07/medium/barcelona.png,23.0,Defender,https://assets.laliga.com/squad/2021/t178/p88580/512x556/p88580_t178_2021_1_001_000.png,3.0,1.0,0.0,0.0,1.0,0.0,0.0,6.0,0.0,2.0,0.0,0.0,1.0,46.0,0.0,0.0,0.0,0.0,0.0,0.0,0.0,5.0,14.0,27.0,36.0,4.0,0.0,8.0,47.0,2.0,0.0,0.0,0.0,6.0,1.0,Midfielder,45.5
14676.0,Koba Koindredi,K.koba Leïn,male,2001-10-27T00:00:00+00:00,,,Valencia CF,VAL,https://assets.laliga.com/assets/2019/06/07/medium/valencia.png,18.0,Midfielder,https://assets.laliga.com/squad/2021/t191/p485339/512x556/p485339_t191_2021_1_001_000.png,5.0,10.0,0.0,0.0,0.0,0.0,0.0,17.0,0.0,5.0,4.0,2.0,0.0,44.0,0.0,0.0,0.0,0.0,0.0,0.0,2.0,2.0,18.0,12.0,28.0,4.0,8.0,27.0,44.0,4.0,2.0,1.0,4.0,10.0,1.0,Forward,43.5
25202.0,Rubén Iranzo,R. Iranzo,male,2003-03-14T00:00:00+00:00,,182.0,Valencia CF,VAL,https://assets.laliga.com/assets/2019/06/07/medium/valencia.png,39.0,Defender,,0.0,4.0,0.0,0.0,0.0,0.0,0.0,3.0,0.0,6.0,2.0,0.0,0.0,46.0,0.0,0.0,0.0,0.0,0.0,0.0,0.0,2.0,20.0,18.0,36.0,6.0,2.0,10.0,47.0,3.0,2.0,0.0,5.0,4.0,2.0,Midfielder,41.0
19217.0,Ander Martín,Martin,male,2000-11-16T00:00:00+00:00,,,Real Sociedad,RSO,https://assets.laliga.com/assets/2019/06/07/medium/real-sociedad.png,47.0,Forward,,2.0,5.0,0.0,0.0,0.0,0.0,0.0,4.0,0.0,2.0,3.0,2.0,0.0,41.0,0.0,0.0,0.0,2.0,0.0,0.0,1.0,0.0,25.0,10.0,34.0,1.0,4.0,23.0,43.0,1.0,4.0,3.0,3.0,6.0,0.0,Midfielder,40.5
3417.0,Jérôme Prior,Prior,male,1995-08-08T00:00:00+00:00,86.0,187.0,FC Cartagena,CAR,https://assets.laliga.com/assets/2022/02/11/medium/1628caa9b2002a11e564eb84b3677f78.png,13.0,Goalkeeper,https://assets.laliga.com/squad/2021/t3554/p181439/512x556/p181439_t3554_2021_1_001_000.png,2.0,2.0,0.0,0.0,0.0,1.0,0.0,3.0,0.0,2.0,1.0,0.0,0.0,17.0,0.0,0.0,8.0,0.0,0.0,0.0,0.0,9.0,7.0,26.0,24.0,2.0,0.0,15.0,46.0,0.0,0.0,0.0,12.0,1.0,0.0,Midfielder,39.5
12750.0,Unai Dufur,Unai Dufur,male,1999-02-21T00:00:00+00:00,,,CA Osasuna,OSA,https://assets.laliga.com/assets/2019/06/07/medium/osasuna.png,31.0,Midfielder,https://assets.laliga.com/squad/2021/t450/p491955/512x556/p491955_t450_2021_1_001_000.png,2.0,1.0,0.0,0.0,0.0,0.0,0.0,2.0,0.0,2.0,4.0,0.0,0.0,49.0,0.0,0.0,0.0,0.0,0.0,0.0,0.0,1.0,20.0,15.0,34.0,4.0,1.0,14.0,49.0,0.0,2.0,0.0,3.0,11.0,0.0,Goalkeeper,39.0
22854.0,Javier Serrano Martínez,J.serrano,male,2003-01-16T00:00:00+00:00,,,Atlético de Madrid,ATM,https://assets.laliga.com/assets/2019/06/07/medium/atletico.png,26.0,Midfielder,https://assets.laliga.com/squad/2021/t175/p494930/512x556/p494930_t175_2021_1_001_000.png,4.0,5.0,0.0,0.0,0.0,0.0,0.0,8.0,0.0,0.0,3.0,0.0,0.0,37.0,0.0,0.0,0.0,0.0,1.0,0.0,0.0,1.0,8.0,21.0,28.0,2.0,4.0,12.0,37.0,3.0,0.0,1.0,2.0,6.0,1.0,Defender,36.5
18302.0,Warren Tchimbembé,Tchimbembé,male,1998-04-21T00:00:00+00:00,74.0,180.0,CD Mirandés,MIR,https://assets.laliga.com/assets/2019/06/07/medium/mirandes.png,12.0,Midfielder,https://assets.laliga.com/squad/2021/t5741/p458455/512x556/p458455_t5741_2021_1_001_000.png,2.0,6.0,0.0,0.0,0.0,0.0,0.0,4.0,0.0,1.0,0.0,1.0,1.0,35.0,0.0,0.0,0.0,0.0,0.0,0.0,0.0,0.0,13.0,19.0,32.0,0.0,1.0,6.0,36.0,1.0,1.0,0.0,0.0,4.0,0.0,Goalkeeper,34.5
23361.0,Stephen Buer,Buer,male,1999-01-16T00:00:00+00:00,,,CF Fuenlabrada,FUE,https://assets.laliga.com/assets/2019/06/07/medium/fuenlabrada.png,32.0,Midfielder,https://assets.laliga.com/squad/2021/t7104/p464434/512x556/p464434_t7104_2021_1_001_000.png,6.0,6.0,0.0,0.0,1.0,0.0,0.0,16.0,0.0,2.0,1.0,1.0,0.0,32.0,0.0,0.0,0.0,1.0,0.0,0.0,1.0,1.0,13.0,6.0,18.0,3.0,3.0,19.0,32.0,5.0,4.0,0.0,4.0,9.0,0.0,Forward,32.0
4136.0,Clément Grenier,Grenier,male,1991-01-07T00:00:00+00:00,72.0,186.0,RCD Mallorca,MLL,https://assets.laliga.com/assets/2019/06/07/medium/mallorca.png,6.0,Midfielder,,1.0,5.0,0.0,0.0,1.0,0.0,0.0,1.0,1.0,0.0,0.0,1.0,0.0,39.0,0.0,0.0,0.0,1.0,0.0,0.0,0.0,0.0,15.0,14.0,29.0,1.0,2.0,14.0,39.0,0.0,4.0,1.0,3.0,7.0,1.0,Goalkeeper,31.0
25579.0,Matías Arezo,M. Arezo,male,2002-11-21T00:00:00+00:00,74.0,178.0,Granada CF,GRA,https://assets.laliga.com/assets/2019/06/07/medium/granada.png,14.0,Forward,https://assets.laliga.com/squad/2021/t5683/p477177/512x556/p477177_t5683_2021_1_001_000.png,7.0,8.0,0.0,0.0,0.0,0.0,0.0,15.0,0.0,5.0,1.0,6.0,0.0,31.0,0.0,0.0,0.0,3.0,0.0,0.0,2.0,0.0,13.0,4.0,17.0,1.0,3.0,35.0,33.0,5.0,8.0,3.0,1.0,15.0,1.0,Midfielder,30.5
2529.0,Alexia Putellas,Alexia Putellas,female,1994-02-04T00:00:00+00:00,67.0,173.0,FC Barcelona,FCB,https://assets.laliga.com/assets/2019/06/07/medium/fc-barcelona-femenino.png,11.0,Midfielder,https://assets.laliga.com/squad/2021/t9121/p165355/512x556/p165355_t9121_2021_0_001_000.png,0.0,26.0,2.0,0.0,0.0,0.0,9.0,0.0,18.0,7.0,0.0,0.0,0.0,15.0,0.0,0.0,0.0,19.0,0.0,0.0,0.0,0.0,13.0,2.0,15.0,0.0,0.0,0.0,15.0,0.0,34.0,0.0,0.0,0.0,1.0,Midfielder,29.5
14938.0,Giorgi Makaridze,Makaridze,male,1990-03-31T00:00:00+00:00,80.0,193.0,UD Almería,ALM,https://assets.laliga.com/assets/2019/06/07/medium/almeria.png,1.0,Goalkeeper,https://assets.laliga.com/squad/2021/t1564/p48807/512x556/p48807_t1564_2021_1_001_000.png,3.0,1.0,0.0,0.0,0.0,4.0,0.0,3.0,0.0,2.0,0.0,0.0,0.0,19.0,0.0,0.0,3.0,0.0,0.0,0.0,0.0,6.0,3.0,20.0,17.0,0.0,0.0,14.0,36.0,0.0,0.0,0.0,12.0,1.0,1.0,Midfielder,26.5
4735.0,Daniel Lasure,Lasure,male,1994-02-27T00:00:00+00:00,72.0,176.0,Real Zaragoza,ZAR,https://assets.laliga.com/assets/2019/06/07/medium/zaragoza.png,16.0,Defender,https://assets.laliga.com/squad/2021/t190/p235801/512x556/p235801_t190_2021_1_001_000.png,2.0,2.0,0.0,0.0,0.0,0.0,0.0,3.0,0.0,1.0,2.0,1.0,0.0,27.0,0.0,0.0,0.0,1.0,0.0,1.0,0.0,1.0,10.0,11.0,19.0,3.0,0.0,14.0,29.0,1.0,5.0,0.0,4.0,5.0,0.0,Midfielder,26.0
8228.0,Javier Díaz,Javi Diaz,male,1997-05-15T00:00:00+00:00,75.0,184.0,Sevilla FC,SEV,https://assets.laliga.com/assets/2019/06/07/medium/sevilla.png,31.0,Goalkeeper,https://assets.laliga.com/squad/2021/t179/p451787/512x556/p451787_t179_2021_1_001_000.png,0.0,1.0,0.0,0.0,0.0,0.0,0.0,0.0,0.0,1.0,0.0,0.0,0.0,24.0,0.0,0.0,1.0,0.0,0.0,0.0,0.0,7.0,0.0,26.0,19.0,0.0,0.0,6.0,32.0,0.0,0.0,0.0,5.0,1.0,0.0,Midfielder,26.0
2446.0,Hernâni Jorge Santos Fortes,Hernani,male,1991-08-20T00:00:00+00:00,72.0,179.0,UD Las Palmas,LPA,https://assets.laliga.com/assets/2019/06/07/medium/las-palmas.png,3.0,Forward,,1.0,5.0,0.0,0.0,0.0,0.0,0.0,7.0,0.0,4.0,0.0,1.0,1.0,22.0,0.0,0.0,0.0,2.0,0.0,1.0,5.0,0.0,15.0,5.0,19.0,0.0,0.0,17.0,23.0,0.0,7.0,2.0,1.0,3.0,0.0,Midfielder,25.5
15070.0,Alejandro Velasco Fariñas,Jano,male,1986-12-23T00:00:00+00:00,78.0,188.0,CF Fuenlabrada,FUE,https://assets.laliga.com/assets/2019/06/07/medium/fuenlabrada.png,23.0,Midfielder,https://assets.laliga.com/squad/2021/t7104/p88803/512x556/p88803_t7104_2021_1_001_000.png,4.0,1.0,0.0,0.0,0.0,0.0,0.0,7.0,0.0,1.0,2.0,0.0,0.0,27.0,0.0,0.0,0.0,0.0,0.0,0.0,0.0,0.0,9.0,10.0,19.0,2.0,0.0,9.0,27.0,3.0,0.0,0.0,3.0,5.0,0.0,Defender,25.5
25407.0,Iker Benito,I. Benito,male,2002-08-10T00:00:00+00:00,,,CA Osasuna,OSA,https://assets.laliga.com/assets/2019/06/07/medium/osasuna.png,33.0,Forward,,1.0,4.0,0.0,0.0,0.0,0.0,0.0,8.0,0.0,4.0,0.0,1.0,0.0,23.0,0.0,0.0,0.0,1.0,0.0,1.0,2.0,0.0,10.0,9.0,18.0,1.0,1.0,23.0,23.0,2.0,0.0,4.0,1.0,4.0,1.0,Midfielder,24.0
3.0,Oier Olazábal,Oier,male,1989-09-14T00:00:00+00:00,86.0,190.0,RCD Espanyol de Barcelona,ESP,https://assets.laliga.com/assets/2019/06/07/medium/espanyol.png,1.0,Goalkeeper,https://assets.laliga.com/squad/2021/t177/p49442/512x556/p49442_t177_2021_1_001_000.png,1.0,2.0,0.0,0.0,0.0,1.0,0.0,1.0,0.0,1.0,0.0,0.0,0.0,15.0,0.0,0.0,8.0,0.0,0.0,0.0,0.0,9.0,6.0,13.0,10.0,0.0,0.0,19.0,38.0,0.0,0.0,0.0,19.0,0.0,0.0,Midfielder,23.5
13036.0,Ismael Gutiérrez,Ismael,male,2000-10-10T00:00:00+00:00,74.0,176.0,Málaga CF,MGA,https://assets.laliga.com/assets/2019/06/07/medium/malaga.png,26.0,Midfielder,https://assets.laliga.com/squad/2021/t182/p493599/512x556/p493599_t182_2021_1_001_000.png,2.0,5.0,0.0,0.0,0.0,0.0,0.0,7.0,0.0,1.0,0.0,0.0,0.0,21.0,0.0,0.0,0.0,0.0,0.0,0.0,1.0,0.0,11.0,7.0,18.0,1.0,3.0,17.0,21.0,2.0,1.0,0.0,1.0,2.0,1.0,Goalkeeper,22.5
24268.0,Víctor Narro,Victor Narro,male,1999-05-28T00:00:00+00:00,,176.0,Real Valladolid CF,VLL,https://assets.laliga.com/assets/2019/06/07/medium/valladolid.png,38.0,Midfielder,,2.0,3.0,0.0,0.0,0.0,0.0,0.0,4.0,0.0,0.0,2.0,1.0,0.0,19.0,0.0,0.0,0.0,0.0,0.0,0.0,0.0,0.0,13.0,4.0,17.0,2.0,1.0,6.0,19.0,1.0,1.0,2.0,0.0,2.0,0.0,Defender,22.0
17025.0,Antonio Blanco,Blanco,male,2000-07-23T00:00:00+00:00,,176.0,Real Madrid,RMA,https://assets.laliga.com/assets/2019/06/07/medium/real-madrid.png,27.0,Midfielder,https://assets.laliga.com/squad/2021/t186/p437465/512x556/p437465_t186_2021_1_001_000.png,0.0,1.0,0.0,0.0,1.0,0.0,0.0,3.0,0.0,0.0,1.0,0.0,0.0,20.0,0.0,0.0,0.0,0.0,0.0,0.0,1.0,1.0,7.0,11.0,17.0,0.0,1.0,3.0,20.0,2.0,0.0,0.0,1.0,1.0,0.0,Goalkeeper,21.5
4648.0,David Mayoral,D. Mayoral,male,1997-04-05T00:00:00+00:00,71.0,172.0,CD Lugo,LUG,https://assets.laliga.com/assets/2019/06/07/medium/lugo.png,7.0,Midfielder,https://assets.laliga.com/squad/2021/t5730/p234482/512x556/p234482_t5730_2021_1_001_000.png,4.0,4.0,0.0,0.0,0.0,0.0,0.0,15.0,0.0,3.0,2.0,1.0,0.0,18.0,0.0,0.0,0.0,0.0,0.0,0.0,3.0,1.0,7.0,2.0,8.0,1.0,4.0,22.0,18.0,6.0,8.0,2.0,1.0,8.0,0.0,Defender,21.5
7450.0,Claudia Pina,Claudia Pina,female,2001-08-12T00:00:00+00:00,,165.0,FC Barcelona,FCB,https://assets.laliga.com/assets/2019/06/07/medium/fc-barcelona-femenino.png,6.0,Forward,,0.0,24.0,5.0,0.0,0.0,0.0,4.0,0.0,14.0,6.0,0.0,0.0,0.0,11.0,0.0,0.0,0.0,14.0,0.0,0.0,0.0,0.0,9.0,0.0,11.0,0.0,0.0,0.0,11.0,0.0,25.0,0.0,0.0,0.0,0.0,Midfielder,21.0
14411.0,Germán Valera,Valera,male,2002-03-16T00:00:00+00:00,68.0,170.0,Real Sociedad,RSO,https://assets.laliga.com/assets/2019/06/07/medium/real-sociedad.png,41.0,Forward,,1.0,3.0,0.0,0.0,0.0,0.0,0.0,6.0,0.0,1.0,0.0,0.0,0.0,17.0,0.0,0.0,0.0,0.0,0.0,0.0,2.0,1.0,10.0,4.0,13.0,1.0,3.0,14.0,17.0,3.0,0.0,5.0,1.0,2.0,0.0,Midfielder,19.5
24143.0,Manuel Rico del Valle,Manu Rico,male,2003-01-11T00:00:00+00:00,,,SD Huesca,HUE,https://assets.laliga.com/assets/2019/06/07/medium/huesca.png,31.0,Midfielder,,1.0,3.0,0.0,0.0,0.0,0.0,0.0,4.0,0.0,0.0,1.0,0.0,0.0,21.0,0.0,0.0,0.0,0.0,0.0,0.0,1.0,2.0,10.0,6.0,14.0,0.0,5.0,12.0,21.0,2.0,2.0,2.0,1.0,4.0,1.0,Forward,19.5
14411.0,Germán Valera,Valera,male,2002-03-16T00:00:00+00:00,68.0,170.0,Real Sociedad,RSO,https://assets.laliga.com/assets/2019/06/07/medium/real-sociedad.png,,Midfielder,,1.0,3.0,0.0,0.0,0.0,0.0,0.0,6.0,0.0,1.0,0.0,0.0,0.0,17.0,0.0,0.0,0.0,0.0,0.0,0.0,2.0,1.0,10.0,4.0,13.0,1.0,3.0,14.0,17.0,3.0,0.0,5.0,1.0,2.0,0.0,Defender,19.5
16953.0,Javier Mecerreyes,Mecerreyes,male,2000-07-04T00:00:00+00:00,,,Real Sporting,SPO,https://assets.laliga.com/assets/2019/06/07/medium/sporting.png,31.0,Midfielder,,1.0,1.0,0.0,0.0,0.0,0.0,0.0,2.0,0.0,0.0,0.0,0.0,0.0,19.0,0.0,0.0,0.0,0.0,0.0,0.0,0.0,0.0,6.0,12.0,18.0,0.0,2.0,1.0,19.0,1.0,0.0,0.0,0.0,1.0,1.0,Defender,19.0
19222.0,Unai Veiga,Unai Veiga,male,1998-10-09T00:00:00+00:00,88.0,189.0,UD Las Palmas,LPA,https://assets.laliga.com/assets/2019/06/07/medium/las-palmas.png,23.0,Midfielder,https://assets.laliga.com/squad/2021/t407/p541047/512x556/p541047_t407_2021_1_001_000.png,0.0,2.0,0.0,0.0,0.0,0.0,0.0,3.0,0.0,1.0,0.0,0.0,0.0,16.0,0.0,0.0,0.0,1.0,0.0,0.0,1.0,0.0,6.0,9.0,15.0,1.0,0.0,4.0,16.0,2.0,1.0,1.0,0.0,1.0,0.0,Midfielder,18.5
25389.0,Alejandro Claverías,A. Claverias,male,2000-07-01T00:00:00+00:00,,,UD Ibiza,IBI,https://assets.laliga.com/assets/2021/06/24/medium/d7bc0d2c9bf06afd6b5ace9d62771713.png,32.0,Midfielder,,0.0,1.0,0.0,0.0,0.0,0.0,0.0,4.0,1.0,2.0,0.0,0.0,0.0,16.0,0.0,0.0,0.0,1.0,0.0,0.0,0.0,0.0,8.0,7.0,15.0,0.0,2.0,3.0,16.0,2.0,1.0,0.0,0.0,1.0,0.0,Midfielder,18.0
15102.0,Joan García,J. Garcia,male,2001-05-04T00:00:00+00:00,,180.0,RCD Espanyol de Barcelona,ESP,https://assets.laliga.com/assets/2019/06/07/medium/espanyol.png,34.0,Goalkeeper,https://assets.laliga.com/squad/2021/t177/p449928/512x556/p449928_t177_2021_1_001_000.png,0.0,2.0,0.0,0.0,0.0,0.0,0.0,0.0,0.0,3.0,1.0,0.0,0.0,19.0,0.0,0.0,0.0,0.0,0.0,0.0,0.0,6.0,5.0,13.0,12.0,1.0,0.0,7.0,25.0,0.0,0.0,0.0,7.0,0.0,0.0,Midfielder,17.5
16949.0,Haitam Abaida,Haitam,male,2002-06-01T00:00:00+00:00,70.0,172.0,Málaga CF,MGA,https://assets.laliga.com/assets/2019/06/07/medium/malaga.png,34.0,Forward,https://assets.laliga.com/squad/2021/t182/p482236/512x556/p482236_t182_2021_1_001_000.png,0.0,4.0,1.0,0.0,0.0,0.0,0.0,5.0,0.0,2.0,1.0,0.0,1.0,21.0,0.0,0.0,0.0,0.0,1.0,0.0,2.0,3.0,11.0,3.0,11.0,0.0,1.0,21.0,21.0,1.0,2.0,1.0,2.0,5.0,0.0,Midfielder,17.5
25313.0,Peter Federico Gonzalez Carmona,Peter,male,2002-07-25T00:00:00+00:00,,,Real Madrid,RMA,https://assets.laliga.com/assets/2019/06/07/medium/real-madrid.png,44.0,Midfielder,,0.0,3.0,0.0,0.0,0.0,0.0,0.0,3.0,0.0,0.0,1.0,2.0,0.0,16.0,0.0,0.0,0.0,1.0,0.0,0.0,1.0,1.0,8.0,5.0,12.0,0.0,0.0,6.0,16.0,0.0,3.0,0.0,1.0,2.0,0.0,Midfielder,17.0
4696.0,Aitana Bonmatí,Aitana Bonmatí,female,1998-01-18T00:00:00+00:00,51.0,161.0,FC Barcelona,FCB,https://assets.laliga.com/assets/2019/06/07/medium/fc-barcelona-femenino.png,14.0,Midfielder,https://assets.laliga.com/squad/2021/t9121/p176173/512x556/p176173_t9121_2021_0_001_000.png,0.0,25.0,1.0,0.0,0.0,0.0,8.0,0.0,13.0,6.0,0.0,0.0,0.0,6.0,0.0,0.0,0.0,13.0,1.0,0.0,0.0,0.0,4.0,2.0,6.0,0.0,0.0,0.0,6.0,0.0,19.0,0.0,0.0,0.0,0.0,Midfielder,16.0
23363.0,Pedro Ortiz,P. Ortiz,male,2000-08-19T00:00:00+00:00,,184.0,Sevilla FC,SEV,https://assets.laliga.com/assets/2019/06/07/medium/sevilla.png,34.0,Defender,https://assets.laliga.com/squad/2021/t179/p546002/512x556/p546002_t179_2021_1_001_000.png,0.0,1.0,0.0,0.0,0.0,0.0,0.0,0.0,0.0,0.0,0.0,1.0,0.0,14.0,0.0,0.0,0.0,1.0,0.0,0.0,0.0,2.0,9.0,5.0,12.0,1.0,1.0,0.0,14.0,0.0,1.0,0.0,0.0,0.0,0.0,Midfielder,15.5
26699.0,Diego Sanchez,Diego S.,male,2003-07-18T00:00:00+00:00,,,Real Sporting,SPO,https://assets.laliga.com/assets/2019/06/07/medium/sporting.png,43.0,Defender,,0.0,1.0,0.0,0.0,0.0,0.0,0.0,0.0,0.0,0.0,1.0,0.0,0.0,16.0,0.0,0.0,0.0,0.0,0.0,0.0,0.0,2.0,7.0,8.0,13.0,0.0,1.0,5.0,16.0,0.0,0.0,1.0,0.0,1.0,0.0,Midfielder,15.5
1849.0,Daniel Wass,Wass,male,1989-05-31T00:00:00+00:00,74.0,181.0,Atlético de Madrid,ATM,https://assets.laliga.com/assets/2019/06/07/medium/atletico.png,17.0,Midfielder,https://assets.laliga.com/squad/2021/t175/p56624/512x556/p56624_t175_2021_1_001_000.png,0.0,1.0,0.0,0.0,0.0,0.0,0.0,2.0,0.0,1.0,0.0,0.0,1.0,17.0,0.0,0.0,0.0,0.0,0.0,0.0,1.0,0.0,6.0,7.0,13.0,3.0,1.0,8.0,17.0,0.0,0.0,0.0,2.0,2.0,1.0,Defender,15.0
13052.0,Dominik Greif,Greif,male,1997-04-06T00:00:00+00:00,82.0,197.0,RCD Mallorca,MLL,https://assets.laliga.com/assets/2019/06/07/medium/mallorca.png,13.0,Goalkeeper,https://assets.laliga.com/squad/2021/t181/p212873/512x556/p212873_t181_2021_1_001_000.png,0.0,1.0,0.0,0.0,0.0,0.0,0.0,0.0,0.0,3.0,0.0,0.0,0.0,13.0,0.0,0.0,3.0,0.0,0.0,0.0,0.0,4.0,1.0,13.0,10.0,0.0,0.0,11.0,25.0,0.0,0.0,0.0,11.0,0.0,0.0,Midfielder,14.0
25282.0,Álvaro Roncal,Alvaro Roncal,male,2000-12-25T00:00:00+00:00,,,SD Eibar,EIB,https://assets.laliga.com/assets/2019/06/07/medium/eibar.png,47.0,Midfielder,,0.0,1.0,0.0,0.0,0.0,0.0,0.0,3.0,0.0,2.0,1.0,0.0,0.0,14.0,0.0,0.0,0.0,0.0,0.0,0.0,0.0,2.0,3.0,6.0,7.0,3.0,2.0,7.0,15.0,3.0,0.0,0.0,4.0,2.0,0.0,Defender,13.0
15895.0,Sergi Puig,Sergi Puig,male,1998-11-19T00:00:00+00:00,72.0,182.0,SD Ponferradina,PON,https://assets.laliga.com/assets/2021/06/24/medium/20f0382ea9163a771b3e01bbe7cf78b7.png,35.0,Goalkeeper,https://assets.laliga.com/squad/2021/t3090/p242309/512x556/p242309_t3090_2021_1_001_000.png,0.0,1.0,0.0,0.0,0.0,0.0,0.0,0.0,0.0,3.0,0.0,0.0,0.0,10.0,1.0,0.0,4.0,0.0,0.0,0.0,0.0,8.0,5.0,7.0,4.0,0.0,1.0,10.0,21.0,0.0,0.0,0.0,8.0,1.0,0.0,Midfielder,12.5
14997.0,David Arguelles,David,male,2002-01-10T00:00:00+00:00,,,Real Sporting,SPO,https://assets.laliga.com/assets/2019/06/07/medium/sporting.png,37.0,Defender,https://assets.laliga.com/squad/2021/t616/p514190/512x556/p514190_t616_2021_0_001_000.png,1.0,2.0,0.0,0.0,0.0,0.0,0.0,3.0,0.0,0.0,1.0,0.0,0.0,8.0,0.0,0.0,0.0,0.0,0.0,0.0,0.0,0.0,1.0,6.0,7.0,3.0,0.0,7.0,8.0,2.0,0.0,1.0,0.0,1.0,0.0,Midfielder,11.5
23349.0,Ethyan González,Ethyan,male,2002-06-06T00:00:00+00:00,,,CD Tenerife,TEN,https://assets.laliga.com/assets/2019/06/07/medium/tenerife.png,27.0,Forward,https://assets.laliga.com/squad/2021/t612/p546933/512x556/p546933_t612_2021_1_001_000.png,1.0,7.0,0.0,0.0,0.0,0.0,0.0,4.0,0.0,3.0,0.0,1.0,1.0,13.0,0.0,0.0,0.0,1.0,1.0,0.0,0.0,0.0,5.0,3.0,8.0,1.0,7.0,13.0,15.0,1.0,4.0,1.0,0.0,7.0,0.0,Midfielder,10.5
24213.0,Álvaro Sanz,Alvaro Sanz,male,2001-02-14T00:00:00+00:00,,,FC Barcelona,BAR,https://assets.laliga.com/assets/2019/06/07/medium/barcelona.png,34.0,Midfielder,,0.0,2.0,0.0,0.0,0.0,0.0,0.0,1.0,0.0,1.0,0.0,1.0,0.0,12.0,0.0,0.0,0.0,0.0,0.0,0.0,0.0,0.0,8.0,2.0,10.0,0.0,0.0,3.0,12.0,0.0,0.0,1.0,1.0,1.0,0.0,Defender,10.5
23711.0,Lluís Recasens,Recasens,male,2002-02-19T00:00:00+00:00,,,RCD Espanyol de Barcelona,ESP,https://assets.laliga.com/assets/2019/06/07/medium/espanyol.png,31.0,Forward,,1.0,1.0,0.0,0.0,0.0,0.0,0.0,3.0,0.0,2.0,2.0,0.0,0.0,11.0,0.0,0.0,0.0,0.0,0.0,0.0,0.0,1.0,3.0,3.0,5.0,2.0,0.0,5.0,11.0,2.0,0.0,0.0,0.0,5.0,0.0,Midfielder,9.5
25272.0,Alexandru Mircea Tirlea,Tirlea,male,2000-03-28T00:00:00+00:00,,182.0,Deportivo Alavés,ALA,https://assets.laliga.com/assets/2020/09/01/medium/27002754a98bf535807fe49a24cc63ea.png,36.0,Midfielder,,0.0,1.0,0.0,0.0,0.0,0.0,0.0,2.0,0.0,0.0,0.0,0.0,0.0,6.0,0.0,0.0,0.0,0.0,0.0,1.0,2.0,0.0,2.0,4.0,5.0,1.0,0.0,4.0,7.0,0.0,0.0,1.0,0.0,2.0,0.0,Forward,8.5
24183.0,Alejandro Blanco Olmedo,A. Blanco,male,2001-10-15T00:00:00+00:00,,,CF Fuenlabrada,FUE,https://assets.laliga.com/assets/2019/06/07/medium/fuenlabrada.png,37.0,Midfielder,,2.0,1.0,0.0,0.0,0.0,0.0,0.0,5.0,0.0,2.0,0.0,0.0,0.0,9.0,0.0,0.0,0.0,0.0,0.0,0.0,0.0,1.0,3.0,3.0,5.0,0.0,2.0,7.0,9.0,2.0,0.0,0.0,0.0,3.0,0.0,Forward,8.5
15768.0,Sergio Barcia,S. Barcia,male,2000-12-31T00:00:00+00:00,,,Granada CF,GRA,https://assets.laliga.com/assets/2019/06/07/medium/granada.png,29.0,Defender,https://assets.laliga.com/squad/2021/t5683/p519841/512x556/p519841_t5683_2021_1_001_000.png,1.0,1.0,0.0,0.0,1.0,0.0,0.0,1.0,0.0,1.0,1.0,0.0,0.0,22.0,0.0,0.0,0.0,0.0,0.0,0.0,0.0,0.0,1.0,7.0,8.0,0.0,0.0,15.0,22.0,0.0,0.0,0.0,7.0,7.0,0.0,Midfielder,8.5
9762.0,Iván Martínez Gonzálvez,Barbero,male,1998-08-17T00:00:00+00:00,78.0,187.0,CA Osasuna,OSA,https://assets.laliga.com/assets/2019/06/07/medium/osasuna.png,20.0,Forward,https://assets.laliga.com/squad/2021/t450/p463055/512x556/p463055_t450_2021_1_001_000.png,2.0,6.0,0.0,0.0,0.0,0.0,0.0,3.0,0.0,3.0,0.0,0.0,0.0,10.0,0.0,0.0,0.0,0.0,0.0,0.0,0.0,0.0,6.0,1.0,7.0,1.0,2.0,11.0,11.0,0.0,3.0,0.0,0.0,4.0,0.0,Midfielder,7.5
2536.0,Marta Torrejón,Marta Torrejón,female,1990-02-27T00:00:00+00:00,62.0,171.0,FC Barcelona,FCB,https://assets.laliga.com/assets/2019/06/07/medium/fc-barcelona-femenino.png,8.0,Defender,https://assets.laliga.com/squad/2021/t9121/p165361/512x556/p165361_t9121_2021_0_001_000.png,0.0,29.0,3.0,0.0,0.0,0.0,13.0,0.0,6.0,7.0,0.0,0.0,0.0,5.0,0.0,0.0,0.0,6.0,0.0,0.0,0.0,0.0,5.0,0.0,5.0,0.0,0.0,0.0,5.0,0.0,11.0,0.0,0.0,0.0,1.0,Midfielder,7.0
14623.0,Claudio Mendes,C. Mendes,male,2000-12-08T00:00:00+00:00,,,UD Las Palmas,LPA,https://assets.laliga.com/assets/2019/06/07/medium/las-palmas.png,26.0,Midfielder,https://assets.laliga.com/squad/2021/t407/p508450/512x556/p508450_t407_2021_1_001_000.png,0.0,6.0,0.0,0.0,0.0,0.0,0.0,5.0,0.0,2.0,0.0,0.0,7.0,7.0,0.0,0.0,0.0,2.0,0.0,0.0,2.0,0.0,2.0,1.0,3.0,0.0,2.0,16.0,7.0,1.0,9.0,3.0,0.0,4.0,0.0,Goalkeeper,7.0
19005.0,Marcos Olguín,Olguín,male,2001-03-24T00:00:00+00:00,,,CD Mirandés,MIR,https://assets.laliga.com/assets/2019/06/07/medium/mirandes.png,29.0,Midfielder,https://assets.laliga.com/squad/2021/t5741/p530563/512x556/p530563_t5741_2021_1_001_000.png,0.0,2.0,0.0,0.0,0.0,0.0,0.0,0.0,0.0,0.0,0.0,0.0,0.0,7.0,0.0,0.0,0.0,0.0,0.0,0.0,0.0,0.0,3.0,4.0,7.0,0.0,0.0,0.0,7.0,0.0,0.0,0.0,0.0,0.0,0.0,Midfielder,7.0
577.0,Adrián López,Adrián,male,1988-01-08T00:00:00+00:00,73.0,183.0,Málaga CF,MGA,https://assets.laliga.com/assets/2019/06/07/medium/malaga.png,21.0,Forward,,0.0,2.0,0.0,0.0,0.0,0.0,0.0,1.0,0.0,1.0,0.0,0.0,1.0,5.0,0.0,0.0,0.0,0.0,0.0,0.0,0.0,0.0,3.0,3.0,6.0,0.0,1.0,4.0,7.0,1.0,3.0,0.0,0.0,1.0,0.0,Midfielder,6.5
4712.0,Nerea Eizagirre,Nerea Eizagirre,female,2000-01-04T00:00:00+00:00,65.0,164.0,Real Sociedad,RSO,https://assets.laliga.com/assets/2019/06/07/medium/real-sociedad.png,10.0,Midfielder,https://assets.laliga.com/squad/2021/t13324/p434341/512x556/p434341_t13324_2021_0_001_000.png,0.0,28.0,1.0,0.0,0.0,0.0,4.0,0.0,16.0,29.0,0.0,0.0,0.0,7.0,0.0,0.0,0.0,16.0,0.0,0.0,0.0,0.0,6.0,0.0,7.0,0.0,0.0,0.0,7.0,0.0,21.0,0.0,0.0,0.0,3.0,Forward,6.5
14644.0,Daniel Villahermosa,Villahermosa,male,2001-01-02T00:00:00+00:00,,,RCD Espanyol de Barcelona,ESP,https://assets.laliga.com/assets/2019/06/07/medium/espanyol.png,40.0,Midfielder,,0.0,1.0,0.0,0.0,0.0,0.0,0.0,2.0,0.0,0.0,0.0,0.0,0.0,7.0,0.0,0.0,0.0,0.0,0.0,0.0,1.0,1.0,1.0,3.0,3.0,1.0,0.0,5.0,7.0,0.0,0.0,0.0,0.0,3.0,0.0,Goalkeeper,6.0
18851.0,Gregorio Gracia Sánchez,Gori,male,2002-05-15T00:00:00+00:00,,,RCD Espanyol de Barcelona,ESP,https://assets.laliga.com/assets/2019/06/07/medium/espanyol.png,32.0,Defender,https://assets.laliga.com/squad/2021/t177/p513952/512x556/p513952_t177_2021_1_001_000.png,0.0,1.0,0.0,0.0,0.0,0.0,0.0,0.0,0.0,0.0,0.0,1.0,0.0,6.0,0.0,0.0,0.0,0.0,0.0,0.0,0.0,0.0,4.0,1.0,5.0,0.0,1.0,1.0,6.0,0.0,0.0,0.0,1.0,0.0,1.0,Midfielder,5.0
24480.0,Tomás Mendes,T. Mendes,male,2004-11-21T00:00:00+00:00,,,Deportivo Alavés,ALA,https://assets.laliga.com/assets/2020/09/01/medium/27002754a98bf535807fe49a24cc63ea.png,30.0,Midfielder,,0.0,1.0,0.0,0.0,0.0,0.0,0.0,0.0,0.0,0.0,0.0,0.0,0.0,4.0,0.0,0.0,0.0,0.0,0.0,0.0,0.0,1.0,2.0,2.0,3.0,1.0,0.0,1.0,5.0,0.0,0.0,0.0,0.0,1.0,0.0,Forward,4.5
5978.0,Daniel Raba Antolín,Dani Raba,male,1995-10-29T00:00:00+00:00,76.0,184.0,Granada CF,GRA,https://assets.laliga.com/assets/2019/06/07/medium/granada.png,12.0,Forward,https://assets.laliga.com/squad/2021/t5683/p240071/512x556/p240071_t5683_2021_1_001_000.png,0.0,2.0,0.0,0.0,0.0,0.0,0.0,3.0,0.0,1.0,1.0,0.0,0.0,3.0,0.0,0.0,0.0,0.0,0.0,0.0,0.0,0.0,1.0,1.0,2.0,0.0,1.0,7.0,3.0,2.0,0.0,0.0,1.0,0.0,0.0,Midfielder,4.5
15514.0,Carlo García,Carlo Adriano,male,2001-02-12T00:00:00+00:00,,181.0,Villarreal CF,VIL,https://assets.laliga.com/assets/2019/06/07/medium/villarreal.png,38.0,Midfielder,https://assets.laliga.com/squad/2021/t449/p513949/512x556/p513949_t449_2021_0_001_000.png,0.0,1.0,0.0,0.0,0.0,0.0,0.0,0.0,0.0,0.0,0.0,0.0,0.0,4.0,0.0,0.0,0.0,0.0,0.0,0.0,0.0,0.0,4.0,0.0,4.0,0.0,0.0,0.0,4.0,0.0,0.0,0.0,0.0,0.0,0.0,Goalkeeper,4.0
22795.0,Alex Sala,Alex Sala,male,2001-04-09T00:00:00+00:00,,,Girona FC,GIR,https://assets.laliga.com/assets/2019/06/07/medium/girona.png,34.0,Midfielder,,2.0,2.0,0.0,0.0,0.0,0.0,0.0,3.0,0.0,0.0,0.0,0.0,0.0,2.0,0.0,0.0,0.0,0.0,0.0,0.0,0.0,0.0,0.0,1.0,1.0,2.0,0.0,1.0,2.0,1.0,0.0,0.0,0.0,1.0,0.0,Forward,4.0
25591.0,Juan Miguel Latasa,Latasa,male,2001-03-23T00:00:00+00:00,,,Real Madrid,RMA,https://assets.laliga.com/assets/2019/06/07/medium/real-madrid.png,29.0,Forward,,0.0,1.0,0.0,0.0,0.0,0.0,0.0,0.0,0.0,0.0,0.0,0.0,0.0,5.0,0.0,0.0,0.0,0.0,0.0,0.0,0.0,0.0,2.0,2.0,4.0,0.0,0.0,2.0,5.0,0.0,2.0,0.0,0.0,1.0,0.0,Midfielder,4.0
2539.0,Bárbara Latorre,Bárbara Latorre,female,1993-03-14T00:00:00+00:00,55.0,163.0,At. Madrid Femenino,ATM,https://assets.laliga.com/assets/2019/06/07/medium/atletico-feminas.png,17.0,Midfielder,https://assets.laliga.com/squad/2021/t11212/p225120/512x556/p225120_t11212_2021_0_001_000.png,0.0,26.0,0.0,0.0,0.0,0.0,2.0,0.0,7.0,16.0,0.0,0.0,0.0,6.0,0.0,0.0,0.0,7.0,0.0,0.0,0.0,0.0,6.0,0.0,6.0,0.0,0.0,0.0,6.0,0.0,13.0,0.0,0.0,0.0,2.0,Midfielder,4.0
25784.0,Diego De Pedro,De Pedro,male,2003-02-03T00:00:00+00:00,,,FC Cartagena,CAR,https://assets.laliga.com/assets/2022/02/11/medium/1628caa9b2002a11e564eb84b3677f78.png,46.0,Midfielder,,0.0,1.0,0.0,0.0,0.0,0.0,0.0,1.0,0.0,0.0,0.0,0.0,0.0,4.0,0.0,0.0,0.0,0.0,0.0,0.0,0.0,0.0,2.0,1.0,3.0,0.0,2.0,5.0,4.0,0.0,0.0,0.0,0.0,1.0,0.0,Goalkeeper,3.5
14536.0,Bruna Vilamala,Bruna Vilamala,female,2002-06-04T00:00:00+00:00,,,FC Barcelona,FCB,https://assets.laliga.com/assets/2019/06/07/medium/fc-barcelona-femenino.png,,Forward,https://assets.laliga.com/squad/2021/t9121/p248522/512x556/p248522_t9121_2021_0_001_000.png,0.0,5.0,1.0,0.0,0.0,0.0,0.0,0.0,3.0,1.0,0.0,0.0,0.0,1.0,0.0,0.0,0.0,3.0,0.0,0.0,0.0,0.0,0.0,0.0,1.0,0.0,0.0,0.0,1.0,0.0,4.0,0.0,0.0,0.0,0.0,Midfielder,3.0
14621.0,Javier Cueto Suárez,Javi Cueto,male,2001-01-11T00:00:00+00:00,,,Real Oviedo,OVI,https://assets.laliga.com/assets/2019/06/07/medium/oviedo.png,29.0,Forward,https://assets.laliga.com/squad/2021/t187/p508461/512x556/p508461_t187_2021_1_001_000.png,0.0,1.0,0.0,0.0,0.0,0.0,0.0,1.0,0.0,0.0,0.0,1.0,1.0,3.0,0.0,0.0,0.0,0.0,0.0,0.0,0.0,0.0,2.0,0.0,2.0,0.0,2.0,2.0,3.0,0.0,1.0,0.0,0.0,1.0,0.0,Midfielder,3.0
23692.0,Pablo Marín,Marin,male,2003-07-03T00:00:00+00:00,,,R. Sociedad B,RSOB,https://assets.laliga.com/assets/2019/06/07/medium/real-sociedad.png,36.0,Midfielder,https://assets.laliga.com/squad/2021/t3567/p547455/512x556/p547455_t3567_2021_1_001_000.png,0.0,1.0,0.0,0.0,0.0,0.0,0.0,0.0,0.0,0.0,0.0,0.0,0.0,3.0,0.0,0.0,0.0,0.0,0.0,0.0,0.0,0.0,1.0,2.0,3.0,0.0,0.0,0.0,3.0,0.0,0.0,0.0,0.0,0.0,0.0,Defender,3.0
2486.0,Nekane Díez,Nekane Díez,female,1991-08-13T00:00:00+00:00,54.0,169.0,Athletic Club,ATH,https://assets.laliga.com/assets/2019/06/07/medium/athletic-femenino.png,7.0,Forward,https://assets.laliga.com/squad/2021/t12034/p434280/512x556/p434280_t12034_2021_1_001_000.png,0.0,12.0,2.0,0.0,0.0,0.0,1.0,0.0,1.0,6.0,0.0,0.0,0.0,5.0,0.0,0.0,0.0,1.0,0.0,0.0,0.0,0.0,3.0,2.0,5.0,0.0,0.0,0.0,5.0,0.0,6.0,0.0,0.0,0.0,0.0,Midfielder,3.0
24270.0,Xavier Pons,Xavi Pons,male,2000-11-14T00:00:00+00:00,,,FC Cartagena,CAR,https://assets.laliga.com/assets/2022/02/11/medium/1628caa9b2002a11e564eb84b3677f78.png,31.0,Midfielder,,0.0,1.0,0.0,0.0,0.0,0.0,0.0,1.0,0.0,0.0,0.0,0.0,0.0,3.0,0.0,0.0,0.0,0.0,0.0,0.0,0.0,0.0,1.0,1.0,2.0,0.0,0.0,1.0,3.0,1.0,0.0,0.0,1.0,0.0,0.0,Defender,3.0
19042.0,Alejandro Suárez Cardero,Alex C.,male,2003-08-25T00:00:00+00:00,,,Real Oviedo,OVI,https://assets.laliga.com/assets/2019/06/07/medium/oviedo.png,27.0,Midfielder,https://assets.laliga.com/squad/2021/t187/p536562/512x556/p536562_t187_2021_1_001_000.png,0.0,1.0,0.0,0.0,0.0,0.0,0.0,0.0,0.0,0.0,0.0,0.0,0.0,4.0,0.0,0.0,0.0,0.0,0.0,0.0,0.0,0.0,1.0,2.0,3.0,0.0,0.0,3.0,4.0,0.0,0.0,0.0,0.0,1.0,0.0,Goalkeeper,3.0
15178.0,Nikita Iosifov,Nikita,male,2001-04-11T00:00:00+00:00,,,Villarreal CF,VIL,https://assets.laliga.com/assets/2019/06/07/medium/villarreal.png,28.0,Midfielder,https://assets.laliga.com/squad/2021/t449/p465168/512x556/p465168_t449_2021_1_001_000.png,0.0,1.0,0.0,0.0,0.0,0.0,0.0,1.0,0.0,0.0,0.0,0.0,0.0,2.0,0.0,0.0,0.0,0.0,0.0,0.0,1.0,0.0,2.0,0.0,2.0,0.0,0.0,2.0,2.0,0.0,1.0,0.0,0.0,0.0,0.0,Goalkeeper,3.0
23350.0,Thierno Barry,Thierno,male,2000-01-12T00:00:00+00:00,,,CD Tenerife,TEN,https://assets.laliga.com/assets/2019/06/07/medium/tenerife.png,31.0,Midfielder,https://assets.laliga.com/squad/2021/t612/p547448/512x556/p547448_t612_2021_1_001_000.png,0.0,1.0,0.0,0.0,0.0,0.0,0.0,2.0,0.0,0.0,1.0,1.0,0.0,0.0,0.0,0.0,0.0,0.0,0.0,0.0,0.0,0.0,0.0,0.0,0.0,0.0,1.0,2.0,0.0,1.0,0.0,0.0,0.0,0.0,0.0,Midfielder,2.5
24190.0,Hugo Álvarez,Hugo Alvarez,male,2003-07-02T00:00:00+00:00,,,RC Celta,CEL,https://assets.laliga.com/assets/2019/06/07/medium/celta.png,35.0,Midfielder,,0.0,1.0,0.0,0.0,0.0,0.0,0.0,1.0,0.0,0.0,0.0,0.0,0.0,3.0,0.0,0.0,0.0,0.0,0.0,0.0,0.0,0.0,1.0,0.0,1.0,1.0,0.0,4.0,3.0,1.0,1.0,0.0,0.0,2.0,0.0,Midfielder,2.5
26569.0,Javier Rentero,Rentero,male,2001-03-16T00:00:00+00:00,,187.0,CD Leganés,LEG,https://assets.laliga.com/assets/2019/06/07/medium/leganes.png,43.0,Midfielder,,0.0,1.0,0.0,0.0,0.0,0.0,0.0,1.0,0.0,0.0,0.0,0.0,0.0,2.0,0.0,0.0,0.0,0.0,0.0,0.0,0.0,0.0,2.0,0.0,2.0,0.0,0.0,0.0,2.0,0.0,0.0,0.0,0.0,0.0,0.0,Goalkeeper,2.5
22855.0,Carlos Martín Domínguez,C.martín,male,2002-04-22T00:00:00+00:00,,,Atlético de Madrid,ATM,https://assets.laliga.com/assets/2019/06/07/medium/atletico.png,36.0,Midfielder,https://assets.laliga.com/squad/2021/t175/p531219/512x556/p531219_t175_2021_1_001_000.png,1.0,1.0,0.0,0.0,0.0,0.0,0.0,2.0,0.0,0.0,0.0,0.0,0.0,2.0,0.0,0.0,0.0,0.0,0.0,0.0,1.0,0.0,0.0,1.0,1.0,1.0,1.0,1.0,2.0,0.0,0.0,0.0,0.0,1.0,1.0,Midfielder,2.5
25854.0,Mario Dominguez,Mario,male,2004-02-10T00:00:00+00:00,,,Valencia CF,VAL,https://assets.laliga.com/assets/2019/06/07/medium/valencia.png,46.0,Forward,,0.0,2.0,0.0,0.0,0.0,0.0,0.0,0.0,0.0,0.0,0.0,0.0,0.0,3.0,0.0,0.0,0.0,0.0,0.0,0.0,0.0,0.0,1.0,1.0,2.0,1.0,1.0,1.0,3.0,0.0,0.0,0.0,0.0,1.0,0.0,Midfielder,2.5
24261.0,José Manuel Nicolás,Jose Manuel,male,2003-09-22T00:00:00+00:00,,,FC Cartagena,CAR,https://assets.laliga.com/assets/2022/02/11/medium/1628caa9b2002a11e564eb84b3677f78.png,47.0,Midfielder,,0.0,1.0,0.0,0.0,1.0,0.0,0.0,1.0,0.0,0.0,0.0,0.0,0.0,1.0,0.0,0.0,0.0,0.0,0.0,0.0,0.0,0.0,0.0,1.0,1.0,0.0,0.0,0.0,1.0,1.0,0.0,0.0,0.0,0.0,0.0,Midfielder,2.0
24868.0,Juan Durán,Durán,male,2001-01-08T00:00:00+00:00,,,CD Mirandés,MIR,https://assets.laliga.com/assets/2019/06/07/medium/mirandes.png,33.0,Defender,,0.0,1.0,0.0,0.0,0.0,0.0,0.0,0.0,0.0,0.0,0.0,0.0,0.0,3.0,0.0,0.0,0.0,0.0,0.0,0.0,0.0,0.0,0.0,2.0,2.0,0.0,1.0,1.0,3.0,0.0,0.0,0.0,1.0,0.0,0.0,Midfielder,2.0
24209.0,Mario Rivas,Mario Rivas,male,2000-03-27T00:00:00+00:00,,,CD Leganés,LEG,https://assets.laliga.com/assets/2019/06/07/medium/leganes.png,42.0,Forward,,2.0,1.0,0.0,0.0,0.0,0.0,0.0,2.0,0.0,0.0,0.0,0.0,1.0,3.0,0.0,0.0,0.0,0.0,0.0,0.0,0.0,0.0,1.0,0.0,1.0,0.0,0.0,2.0,3.0,0.0,1.0,0.0,0.0,2.0,0.0,Midfielder,2.0
25457.0,Miguel Prendes,Mangel,male,2001-06-28T00:00:00+00:00,,,Real Oviedo,OVI,https://assets.laliga.com/assets/2019/06/07/medium/oviedo.png,37.0,Midfielder,,0.0,1.0,0.0,0.0,0.0,0.0,0.0,0.0,0.0,1.0,0.0,0.0,0.0,4.0,0.0,0.0,0.0,1.0,0.0,0.0,0.0,0.0,1.0,1.0,2.0,0.0,1.0,3.0,4.0,0.0,2.0,1.0,0.0,2.0,0.0,Forward,2.0
24970.0,Álvaro Aguirre,Aguirre,male,2000-02-03T00:00:00+00:00,,,Rayo Vallecano,RAY,https://assets.laliga.com/assets/2019/06/07/medium/rayo.png,28.0,Midfielder,,0.0,1.0,0.0,0.0,0.0,0.0,0.0,0.0,0.0,0.0,0.0,0.0,0.0,2.0,0.0,0.0,0.0,0.0,0.0,0.0,0.0,0.0,0.0,2.0,2.0,0.0,0.0,1.0,2.0,0.0,0.0,0.0,0.0,0.0,0.0,Defender,2.0
1397.0,Saul García,Saul,male,1994-11-09T00:00:00+00:00,76.0,182.0,Deportivo Alavés,ALA,https://assets.laliga.com/assets/2020/09/01/medium/27002754a98bf535807fe49a24cc63ea.png,12.0,Defender,https://assets.laliga.com/squad/2021/t173/p174955/512x556/p174955_t173_2021_1_001_000.png,0.0,1.0,0.0,0.0,0.0,0.0,0.0,1.0,0.0,0.0,0.0,0.0,0.0,3.0,0.0,0.0,0.0,0.0,0.0,0.0,0.0,1.0,0.0,1.0,0.0,0.0,0.0,2.0,3.0,1.0,0.0,0.0,1.0,1.0,0.0,Midfielder,2.0
164.0,Ander Capa,Capa,male,1992-02-08T00:00:00+00:00,75.0,175.0,Athletic Club,ATH,https://assets.laliga.com/assets/2019/06/07/medium/athletic.png,21.0,Defender,https://assets.laliga.com/squad/2021/t174/p140266/512x556/p140266_t174_2021_1_001_000.png,0.0,1.0,0.0,0.0,0.0,0.0,0.0,0.0,0.0,0.0,0.0,0.0,0.0,2.0,0.0,0.0,0.0,0.0,0.0,0.0,0.0,0.0,1.0,0.0,1.0,0.0,0.0,1.0,2.0,0.0,0.0,0.0,0.0,1.0,0.0,Midfielder,1.0
24264.0,Alejandro Oyón,Oyon,male,2003-01-23T00:00:00+00:00,,,Real Sporting,SPO,https://assets.laliga.com/assets/2019/06/07/medium/sporting.png,40.0,Forward,,0.0,1.0,0.0,0.0,0.0,0.0,0.0,0.0,0.0,0.0,0.0,0.0,0.0,2.0,0.0,0.0,0.0,0.0,0.0,0.0,0.0,0.0,0.0,1.0,1.0,0.0,0.0,2.0,2.0,0.0,0.0,1.0,1.0,0.0,0.0,Midfielder,1.0
19227.0,Julia Bartel,Julia Bartel,female,2004-05-18T00:00:00+00:00,,,FC Barcelona,FCB,https://assets.laliga.com/assets/2019/06/07/medium/fc-barcelona-femenino.png,19.0,Midfielder,,0.0,2.0,0.0,0.0,0.0,0.0,0.0,0.0,0.0,0.0,0.0,0.0,0.0,1.0,0.0,0.0,0.0,0.0,0.0,0.0,0.0,0.0,1.0,0.0,1.0,0.0,0.0,0.0,1.0,0.0,1.0,0.0,0.0,0.0,0.0,Midfielder,1.0
3631.0,Elisa del Estal Mateu,Eli del Estal,female,1993-03-23T00:00:00+00:00,62.0,173.0,Sevilla FC,SFC,https://assets.laliga.com/assets/2019/06/07/medium/sevilla.png,21.0,Forward,https://assets.laliga.com/squad/2021/t13326/p434359/512x556/p434359_t13326_2021_1_001_000.png,0.0,26.0,1.0,0.0,0.0,0.0,0.0,0.0,9.0,20.0,0.0,0.0,0.0,2.0,0.0,0.0,0.0,9.0,0.0,0.0,0.0,0.0,1.0,1.0,2.0,0.0,0.0,0.0,2.0,0.0,11.0,0.0,0.0,0.0,0.0,Midfielder,1.0
14679.0,Pol Salvador,Pol,male,2001-04-02T00:00:00+00:00,,,UD Las Palmas,LPA,https://assets.laliga.com/assets/2019/06/07/medium/las-palmas.png,32.0,Midfielder,https://assets.laliga.com/squad/2021/t407/p508449/512x556/p508449_t407_2021_1_001_000.png,0.0,1.0,0.0,0.0,0.0,0.0,0.0,0.0,0.0,0.0,0.0,0.0,0.0,1.0,0.0,0.0,0.0,0.0,0.0,0.0,0.0,0.0,0.0,1.0,1.0,0.0,1.0,0.0,1.0,0.0,0.0,0.0,0.0,0.0,0.0,Forward,1.0
25355.0,Estanislau Pedrola Fortuny,Estanis,male,2003-08-24T00:00:00+00:00,,,FC Barcelona,BAR,https://assets.laliga.com/assets/2019/06/07/medium/barcelona.png,39.0,Forward,,0.0,1.0,0.0,0.0,0.0,0.0,0.0,1.0,0.0,0.0,0.0,0.0,0.0,1.0,0.0,0.0,0.0,0.0,0.0,0.0,0.0,0.0,0.0,0.0,0.0,0.0,1.0,2.0,1.0,1.0,0.0,0.0,0.0,1.0,0.0,Midfielder,1.0
13426.0,Cecilia Marcos,Cecilia Marcos,female,2001-11-03T00:00:00+00:00,,,Real Sociedad,RSO,https://assets.laliga.com/assets/2019/06/07/medium/real-sociedad.png,11.0,Midfielder,https://assets.laliga.com/squad/2021/t13324/p500281/512x556/p500281_t13324_2021_0_001_000.png,0.0,2.0,0.0,0.0,0.0,0.0,0.0,0.0,1.0,1.0,0.0,0.0,0.0,0.0,0.0,0.0,0.0,1.0,0.0,0.0,0.0,0.0,0.0,0.0,0.0,0.0,0.0,0.0,0.0,0.0,1.0,0.0,0.0,0.0,0.0,Forward,0.5
20043.0,Irene Paredes,Irene Paredes,female,1991-07-04T00:00:00+00:00,62.0,177.0,FC Barcelona,FCB,https://assets.laliga.com/assets/2019/06/07/medium/fc-barcelona-femenino.png,2.0,Defender,,0.0,24.0,0.0,0.0,0.0,0.0,9.0,0.0,4.0,6.0,0.0,0.0,0.0,1.0,0.0,0.0,0.0,4.0,0.0,0.0,0.0,0.0,1.0,0.0,1.0,0.0,0.0,0.0,1.0,0.0,5.0,0.0,0.0,0.0,3.0,Midfielder,0.5
9537.0,Jana Fernández,Jana Fernández,female,2002-02-18T00:00:00+00:00,,162.0,FC Barcelona,FCB,https://assets.laliga.com/assets/2019/06/07/medium/fc-barcelona-femenino.png,3.0,Defender,https://assets.laliga.com/squad/2021/t9121/p248514/512x556/p248514_t9121_2021_0_001_000.png,0.0,12.0,0.0,0.0,0.0,0.0,3.0,0.0,2.0,1.0,0.0,0.0,0.0,0.0,0.0,0.0,0.0,2.0,0.0,0.0,0.0,0.0,0.0,0.0,0.0,0.0,0.0,0.0,0.0,0.0,2.0,0.0,0.0,0.0,2.0,Midfielder,0.5
3571.0,Leila Ouahabi,Leila Ouahabi,female,1993-03-22T00:00:00+00:00,58.0,171.0,FC Barcelona,FCB,https://assets.laliga.com/assets/2019/06/07/medium/fc-barcelona-femenino.png,15.0,Defender,https://assets.laliga.com/squad/2021/t9121/p242633/512x556/p242633_t9121_2021_0_001_000.png,0.0,25.0,1.0,0.0,0.0,0.0,5.0,0.0,2.0,6.0,0.0,0.0,0.0,2.0,0.0,0.0,0.0,2.0,0.0,0.0,0.0,0.0,2.0,0.0,2.0,0.0,0.0,0.0,2.0,0.0,4.0,0.0,0.0,0.0,1.0,Midfielder,0.5
24262.0,Ona Baradad,Ona Baradad,female,2004-04-16T00:00:00+00:00,,,FC Barcelona,FCB,https://assets.laliga.com/assets/2019/06/07/medium/fc-barcelona-femenino.png,33.0,Midfielder,,0.0,7.0,0.0,0.0,0.0,0.0,0.0,0.0,1.0,1.0,0.0,0.0,0.0,0.0,0.0,0.0,0.0,1.0,0.0,0.0,0.0,0.0,0.0,0.0,0.0,0.0,0.0,0.0,0.0,0.0,1.0,0.0,0.0,0.0,0.0,Forward,0.5
19086.0,Hugo Sotelo,Hugo Sotelo,male,2003-12-19T00:00:00+00:00,,,RC Celta,CEL,https://assets.laliga.com/assets/2019/06/07/medium/celta.png,33.0,Midfielder,https://assets.laliga.com/squad/2021/t176/p538283/512x556/p538283_t176_2021_1_001_000.png,0.0,1.0,0.0,0.0,0.0,0.0,0.0,0.0,0.0,1.0,0.0,0.0,0.0,1.0,0.0,0.0,0.0,0.0,0.0,0.0,0.0,0.0,0.0,1.0,1.0,0.0,0.0,0.0,1.0,0.0,0.0,0.0,0.0,0.0,0.0,Defender,0.5
15869.0,Dylan Perera,Dylan,male,2003-05-12T00:00:00+00:00,,175.0,CD Tenerife,TEN,https://assets.laliga.com/assets/2019/06/07/medium/tenerife.png,35.0,Midfielder,https://assets.laliga.com/squad/2021/t612/p521478/512x556/p521478_t612_2021_1_001_000.png,0.0,0.0,0.0,0.0,0.0,0.0,0.0,0.0,0.0,0.0,0.0,0.0,0.0,0.0,0.0,0.0,0.0,0.0,0.0,0.0,0.0,0.0,0.0,0.0,0.0,0.0,0.0,0.0,0.0,0.0,0.0,0.0,0.0,0.0,0.0,Defender,0.0
25354.0,Antonio Marchena,Marchena,male,2002-07-27T00:00:00+00:00,,,Real Betis,BET,https://assets.laliga.com/assets/2019/06/07/medium/betis.png,38.0,Midfielder,,0.0,0.0,0.0,0.0,0.0,0.0,0.0,0.0,0.0,0.0,0.0,0.0,0.0,0.0,0.0,0.0,0.0,0.0,0.0,0.0,0.0,0.0,0.0,0.0,0.0,0.0,0.0,0.0,0.0,0.0,0.0,0.0,0.0,0.0,0.0,Midfielder,0.0
19211.0,Daniel Garrido,Garrido,male,2000-01-19T00:00:00+00:00,,,Real Sociedad,RSO,https://assets.laliga.com/assets/2019/06/07/medium/real-sociedad.png,,Midfielder,,0.0,0.0,0.0,0.0,0.0,0.0,0.0,0.0,0.0,0.0,0.0,0.0,0.0,0.0,0.0,0.0,0.0,0.0,0.0,0.0,0.0,0.0,0.0,0.0,0.0,0.0,0.0,0.0,0.0,0.0,0.0,0.0,0.0,0.0,0.0,Forward,0.0
14667.0,Arnau Tenas,Arnau Tenas,male,2001-05-30T00:00:00+00:00,85.0,185.0,FC Barcelona,BAR,https://assets.laliga.com/assets/2019/06/07/medium/barcelona.png,36.0,Goalkeeper,https://assets.laliga.com/squad/2021/t178/p449924/512x556/p449924_t178_2021_1_001_000.png,0.0,0.0,0.0,0.0,0.0,0.0,0.0,0.0,0.0,0.0,0.0,0.0,0.0,0.0,0.0,0.0,0.0,0.0,0.0,0.0,0.0,0.0,0.0,0.0,0.0,0.0,0.0,0.0,0.0,0.0,0.0,0.0,0.0,0.0,0.0,Midfielder,0.0
18856.0,Ainhoa Delgado,Ainhoa Delgado,female,2004-07-02T00:00:00+00:00,,,UD Granadilla Tenerife Egatesa,UDG,https://assets.laliga.com/assets/2019/06/07/medium/granadilla.png,27.0,Forward,https://assets.laliga.com/squad/2021/t13328/p535286/512x556/p535286_t13328_2021_1_001_000.png,0.0,2.0,0.0,0.0,0.0,0.0,0.0,0.0,0.0,0.0,0.0,0.0,0.0,0.0,0.0,0.0,0.0,0.0,0.0,0.0,0.0,0.0,0.0,0.0,0.0,0.0,0.0,0.0,0.0,0.0,0.0,0.0,0.0,0.0,0.0,Midfielder,0.0
14262.0,Arnau Comas,Arnau Comas,male,2000-04-11T00:00:00+00:00,,,FC Barcelona,BAR,https://assets.laliga.com/assets/2019/06/07/medium/barcelona.png,35.0,Defender,https://assets.laliga.com/squad/2021/t178/p437774/512x556/p437774_t178_2021_1_001_000.png,0.0,0.0,0.0,0.0,0.0,0.0,0.0,0.0,0.0,0.0,0.0,0.0,0.0,0.0,0.0,0.0,0.0,0.0,0.0,0.0,0.0,0.0,0.0,0.0,0.0,0.0,0.0,0.0,0.0,0.0,0.0,0.0,0.0,0.0,0.0,Midfielder,0.0
14956.0,Alejandro Benítez,Benitez,male,2000-05-15T00:00:00+00:00,55.0,169.0,Málaga CF,MGA,https://assets.laliga.com/assets/2019/06/07/medium/malaga.png,28.0,Defender,https://assets.laliga.com/squad/2021/t182/p508447/512x556/p508447_t182_2021_1_001_000.png,0.0,0.0,0.0,0.0,0.0,0.0,0.0,0.0,0.0,0.0,0.0,0.0,0.0,0.0,0.0,0.0,0.0,0.0,0.0,0.0,0.0,0.0,0.0,0.0,0.0,0.0,0.0,0.0,0.0,0.0,0.0,0.0,0.0,0.0,0.0,Midfielder,0.0
25493.0,Adriana García,Adriana García,female,2004-07-07T00:00:00+00:00,,,UD Granadilla Tenerife Egatesa,UDG,https://assets.laliga.com/assets/2019/06/07/medium/granadilla.png,37.0,Defender,,0.0,0.0,0.0,0.0,0.0,0.0,0.0,0.0,0.0,0.0,0.0,0.0,0.0,0.0,0.0,0.0,0.0,0.0,0.0,0.0,0.0,0.0,0.0,0.0,0.0,0.0,0.0,0.0,0.0,0.0,0.0,0.0,0.0,0.0,0.0,Midfielder,0.0
14652.0,Antonio Pacheco,Pacheco,male,2002-01-03T00:00:00+00:00,,,Villarreal CF,VIL,https://assets.laliga.com/assets/2019/06/07/medium/villarreal.png,39.0,Midfielder,,0.0,0.0,0.0,0.0,0.0,0.0,0.0,0.0,0.0,0.0,0.0,0.0,0.0,0.0,0.0,0.0,0.0,0.0,0.0,0.0,0.0,0.0,0.0,0.0,0.0,0.0,0.0,0.0,0.0,0.0,0.0,0.0,0.0,0.0,0.0,Defender,0.0
25160.0,Alejandro Fidalgo,A. Fidalgo,male,2001-05-15T00:00:00+00:00,,,CD Lugo,LUG,https://assets.laliga.com/assets/2019/06/07/medium/lugo.png,37.0,Midfielder,,0.0,0.0,0.0,0.0,0.0,0.0,0.0,0.0,0.0,0.0,0.0,0.0,0.0,0.0,0.0,0.0,0.0,0.0,0.0,0.0,0.0,0.0,0.0,0.0,0.0,0.0,0.0,0.0,0.0,0.0,0.0,0.0,0.0,0.0,0.0,Goalkeeper,0.0
25348.0,David Fernandez,David Fdez.,male,2001-03-28T00:00:00+00:00,,,Real Sporting,SPO,https://assets.laliga.com/assets/2019/06/07/medium/sporting.png,41.0,Midfielder,,0.0,0.0,0.0,0.0,0.0,0.0,0.0,0.0,0.0,0.0,0.0,0.0,0.0,0.0,0.0,0.0,0.0,0.0,0.0,0.0,0.0,0.0,0.0,0.0,0.0,0.0,0.0,0.0,0.0,0.0,0.0,0.0,0.0,0.0,0.0,Forward,0.0
24506.0,Emiliano Hernández Moreno,Emi,male,2000-08-03T00:00:00+00:00,,,AD Alcorcón,ALC,https://assets.laliga.com/assets/2019/06/07/medium/alcorcon.png,28.0,Defender,,0.0,0.0,0.0,0.0,0.0,0.0,0.0,0.0,0.0,0.0,0.0,0.0,0.0,0.0,0.0,0.0,0.0,0.0,0.0,0.0,0.0,0.0,0.0,0.0,0.0,0.0,0.0,0.0,0.0,0.0,0.0,0.0,0.0,0.0,0.0,Midfielder,0.0
18852.0,Alejandro Pérez Cea,Alejandro,male,2001-01-07T00:00:00+00:00,,,RCD Espanyol de Barcelona,ESP,https://assets.laliga.com/assets/2019/06/07/medium/espanyol.png,38.0,Midfielder,,0.0,0.0,0.0,0.0,0.0,0.0,0.0,0.0,0.0,0.0,0.0,0.0,0.0,0.0,0.0,0.0,0.0,0.0,0.0,0.0,0.0,0.0,0.0,0.0,0.0,0.0,0.0,0.0,0.0,0.0,0.0,0.0,0.0,0.0,0.0,Forward,0.0
26698.0,Álex Rico,Alex Rico,male,2002-01-25T00:00:00+00:00,,,Málaga CF,MGA,https://assets.laliga.com/assets/2019/06/07/medium/malaga.png,44.0,Midfielder,,0.0,0.0,0.0,0.0,0.0,0.0,0.0,0.0,0.0,0.0,0.0,0.0,0.0,0.0,0.0,0.0,0.0,0.0,0.0,0.0,0.0,0.0,0.0,0.0,0.0,0.0,0.0,0.0,0.0,0.0,0.0,0.0,0.0,0.0,0.0,Defender,0.0
23122.0,Alessandro Burlamaqui,Burlamaqui,male,2002-02-18T00:00:00+00:00,70.0,179.0,Valencia CF,VAL,https://assets.laliga.com/assets/2019/06/07/medium/valencia.png,36.0,Midfielder,https://assets.laliga.com/squad/2021/t191/p479704/512x556/p479704_t191_2021_1_001_000.png,0.0,0.0,0.0,0.0,0.0,0.0,0.0,0.0,0.0,0.0,0.0,0.0,0.0,0.0,0.0,0.0,0.0,0.0,0.0,0.0,0.0,0.0,0.0,0.0,0.0,0.0,0.0,0.0,0.0,0.0,0.0,0.0,0.0,0.0,0.0,Forward,0.0
19020.0,Alejandro Medina,Medina,male,1998-03-17T00:00:00+00:00,,,CD Tenerife,TEN,https://assets.laliga.com/assets/2019/06/07/medium/tenerife.png,40.0,Goalkeeper,,0.0,0.0,0.0,0.0,0.0,0.0,0.0,0.0,0.0,0.0,0.0,0.0,0.0,0.0,0.0,0.0,0.0,0.0,0.0,0.0,0.0,0.0,0.0,0.0,0.0,0.0,0.0,0.0,0.0,0.0,0.0,0.0,0.0,0.0,0.0,Midfielder,0.0
23324.0,Ángel Troncho,Troncho,male,2002-10-02T00:00:00+00:00,,,SD Eibar,EIB,https://assets.laliga.com/assets/2019/06/07/medium/eibar.png,34.0,Midfielder,https://assets.laliga.com/squad/2021/t953/p546892/512x556/p546892_t953_2021_1_001_000.png,0.0,0.0,0.0,0.0,0.0,0.0,0.0,0.0,0.0,0.0,0.0,0.0,0.0,0.0,0.0,0.0,0.0,0.0,0.0,0.0,0.0,0.0,0.0,0.0,0.0,0.0,0.0,0.0,0.0,0.0,0.0,0.0,0.0,0.0,0.0,Goalkeeper,0.0
14661.0,David Larrubia,Larrubia,male,2002-04-20T00:00:00+00:00,59.0,172.0,Málaga CF,MGA,https://assets.laliga.com/assets/2019/06/07/medium/malaga.png,33.0,Midfielder,https://assets.laliga.com/squad/2021/t182/p495391/512x556/p495391_t182_2021_1_001_000.png,0.0,0.0,0.0,0.0,0.0,0.0,0.0,0.0,0.0,0.0,0.0,0.0,0.0,0.0,0.0,0.0,0.0,0.0,0.0,0.0,0.0,0.0,0.0,0.0,0.0,0.0,0.0,0.0,0.0,0.0,0.0,0.0,0.0,0.0,0.0,Defender,0.0
14817.0,Alba Zafra,Alba Zafra,female,2003-12-20T00:00:00+00:00,,,At. Madrid Femenino,ATM,https://assets.laliga.com/assets/2019/06/07/medium/atletico-feminas.png,31.0,Midfielder,,0.0,0.0,0.0,0.0,0.0,0.0,0.0,0.0,0.0,0.0,0.0,0.0,0.0,0.0,0.0,0.0,0.0,0.0,0.0,0.0,0.0,0.0,0.0,0.0,0.0,0.0,0.0,0.0,0.0,0.0,0.0,0.0,0.0,0.0,0.0,Midfielder,0.0
24145.0,Alba Herrera,Alba Herrera,female,,,,Sevilla FC,SFC,https://assets.laliga.com/assets/2019/06/07/medium/sevilla.png,29.0,Midfielder,,0.0,0.0,0.0,0.0,0.0,0.0,0.0,0.0,0.0,0.0,0.0,0.0,0.0,0.0,0.0,0.0,0.0,0.0,0.0,0.0,0.0,0.0,0.0,0.0,0.0,0.0,0.0,0.0,0.0,0.0,0.0,0.0,0.0,0.0,0.0,Forward,0.0
25442.0,Joan Rojas,Rojas,male,2000-01-14T00:00:00+00:00,,,Atlético de Madrid,ATM,https://assets.laliga.com/assets/2019/06/07/medium/atletico.png,44.0,Defender,,0.0,0.0,0.0,0.0,0.0,0.0,0.0,0.0,0.0,0.0,0.0,0.0,0.0,0.0,0.0,0.0,0.0,0.0,0.0,0.0,0.0,0.0,0.0,0.0,0.0,0.0,0.0,0.0,0.0,0.0,0.0,0.0,0.0,0.0,0.0,Midfielder,0.0
16440.0,Aritz de Miguel,De Miguel,male,1999-06-28T00:00:00+00:00,,,CD Mirandés,MIR,https://assets.laliga.com/assets/2019/06/07/medium/mirandes.png,31.0,Goalkeeper,,0.0,0.0,0.0,0.0,0.0,0.0,0.0,0.0,0.0,0.0,0.0,0.0,0.0,0.0,0.0,0.0,0.0,0.0,0.0,0.0,0.0,0.0,0.0,0.0,0.0,0.0,0.0,0.0,0.0,0.0,0.0,0.0,0.0,0.0,0.0,Midfielder,0.0
19087.0,Marta Gasienica,Marta Gasienica,female,2003-09-18T00:00:00+00:00,,,UD Granadilla Tenerife Egatesa,UDG,https://assets.laliga.com/assets/2019/06/07/medium/granadilla.png,36.0,Midfielder,https://assets.laliga.com/squad/2021/t13328/p538444/512x556/p538444_t13328_2021_1_001_000.png,0.0,0.0,0.0,0.0,0.0,0.0,0.0,0.0,0.0,0.0,0.0,0.0,0.0,0.0,0.0,0.0,0.0,0.0,0.0,0.0,0.0,0.0,0.0,0.0,0.0,0.0,0.0,0.0,0.0,0.0,0.0,0.0,0.0,0.0,0.0,Forward,0.0
25260.0,Leire Herráez,Leire Herráez,female,2003-04-16T00:00:00+00:00,,,VCF Femenino,VCF,https://assets.laliga.com/assets/2019/06/07/medium/valencia-femenino.png,31.0,Goalkeeper,,0.0,0.0,0.0,0.0,0.0,0.0,0.0,0.0,0.0,0.0,0.0,0.0,0.0,0.0,0.0,0.0,0.0,0.0,0.0,0.0,0.0,0.0,0.0,0.0,0.0,0.0,0.0,0.0,0.0,0.0,0.0,0.0,0.0,0.0,0.0,Midfielder,0.0
12053.0,Lucia Suárez,Lucia Suárez,female,2001-07-29T00:00:00+00:00,62.0,162.0,Madrid CFF,MAD,https://assets.laliga.com/assets/2019/06/07/medium/madrid-futbol-femenino.png,27.0,Defender,https://assets.laliga.com/squad/2021/t13320/p248513/512x556/p248513_t13320_2021_0_001_000.png,0.0,0.0,0.0,0.0,0.0,0.0,0.0,0.0,0.0,0.0,0.0,0.0,0.0,0.0,0.0,0.0,0.0,0.0,0.0,0.0,0.0,0.0,0.0,0.0,0.0,0.0,0.0,0.0,0.0,0.0,0.0,0.0,0.0,0.0,0.0,Midfielder,0.0
23606.0,Maite Zubieta,Maite Zubieta,female,2004-05-28T00:00:00+00:00,,,Athletic Club,ATH,https://assets.laliga.com/assets/2019/06/07/medium/athletic-femenino.png,32.0,Midfielder,https://assets.laliga.com/squad/2021/t12034/p497441/512x556/p497441_t12034_2021_0_001_000.png,0.0,0.0,0.0,0.0,0.0,0.0,0.0,0.0,0.0,0.0,0.0,0.0,0.0,0.0,0.0,0.0,0.0,0.0,0.0,0.0,0.0,0.0,0.0,0.0,0.0,0.0,0.0,0.0,0.0,0.0,0.0,0.0,0.0,0.0,0.0,Defender,0.0
3541.0,María del Carmen García Uceda,Mari Carmen García,female,1988-03-01T00:00:00+00:00,60.0,164.0,Madrid CFF,MAD,https://assets.laliga.com/assets/2019/06/07/medium/madrid-futbol-femenino.png,,Midfielder,,0.0,0.0,0.0,0.0,0.0,0.0,0.0,0.0,0.0,0.0,0.0,0.0,0.0,0.0,0.0,0.0,0.0,0.0,0.0,0.0,0.0,0.0,0.0,0.0,0.0,0.0,0.0,0.0,0.0,0.0,0.0,0.0,0.0,0.0,0.0,Defender,0.0
15956.0,Marina Rivas,Marina Rivas,female,2005-07-02T00:00:00+00:00,,,R. Betis Féminas,RBB,https://assets.laliga.com/assets/2019/06/07/medium/betis.png,28.0,Midfielder,https://assets.laliga.com/squad/2021/t13322/p504875/512x556/p504875_t13322_2021_1_001_000.png,0.0,2.0,0.0,0.0,0.0,0.0,0.0,0.0,0.0,0.0,0.0,0.0,0.0,0.0,0.0,0.0,0.0,0.0,0.0,0.0,0.0,0.0,0.0,0.0,0.0,0.0,0.0,0.0,0.0,0.0,0.0,0.0,0.0,0.0,0.0,Midfielder,0.0
23670.0,Marina Salas,Marina Salas,female,2001-07-17T00:00:00+00:00,57.0,162.0,Real Madrid Femenino,RMA,https://assets.laliga.com/assets/2019/06/07/medium/real-madrid.png,29.0,Midfielder,,0.0,0.0,0.0,0.0,0.0,0.0,0.0,0.0,0.0,0.0,0.0,0.0,0.0,0.0,0.0,0.0,0.0,0.0,0.0,0.0,0.0,0.0,0.0,0.0,0.0,0.0,0.0,0.0,0.0,0.0,0.0,0.0,0.0,0.0,0.0,Goalkeeper,0.0
23330.0,César Valero,César,male,2001-05-01T00:00:00+00:00,,,UD Ibiza,IBI,https://assets.laliga.com/assets/2021/06/24/medium/d7bc0d2c9bf06afd6b5ace9d62771713.png,28.0,Midfielder,https://assets.laliga.com/squad/2021/t16203/p547599/512x556/p547599_t16203_2021_1_001_000.png,0.0,0.0,0.0,0.0,0.0,0.0,0.0,0.0,0.0,0.0,0.0,0.0,0.0,0.0,0.0,0.0,0.0,0.0,0.0,0.0,0.0,0.0,0.0,0.0,0.0,0.0,0.0,0.0,0.0,0.0,0.0,0.0,0.0,0.0,0.0,Midfielder,0.0
2325.0,Amanda Sampedro,Amanda Sampedro,female,1993-06-26T00:00:00+00:00,52.0,163.0,At. Madrid Femenino,ATM,https://assets.laliga.com/assets/2019/06/07/medium/atletico-feminas.png,6.0,Midfielder,https://assets.laliga.com/squad/2021/t11212/p165365/512x556/p165365_t11212_2021_1_001_000.png,0.0,29.0,2.0,0.0,0.0,0.0,3.0,0.0,4.0,18.0,0.0,0.0,0.0,6.0,0.0,0.0,0.0,5.0,0.0,0.0,0.0,0.0,4.0,1.0,6.0,0.0,0.0,0.0,6.0,0.0,11.0,0.0,0.0,0.0,2.0,Midfielder,0.0
6945.0,María Molina,María Molina,female,2000-05-09T00:00:00+00:00,,,FC Barcelona,FCB,https://assets.laliga.com/assets/2019/06/07/medium/fc-barcelona-femenino.png,28.0,Defender,,0.0,1.0,0.0,0.0,0.0,0.0,0.0,0.0,0.0,0.0,0.0,0.0,0.0,0.0,0.0,0.0,0.0,0.0,0.0,0.0,0.0,0.0,0.0,0.0,0.0,0.0,0.0,0.0,0.0,0.0,0.0,0.0,0.0,0.0,0.0,Midfielder,0.0
7212.0,Moneyba Rodríguez,Moneyba Rodríguez,female,1999-05-15T00:00:00+00:00,,,UD Granadilla Tenerife Egatesa,UDG,https://assets.laliga.com/assets/2019/06/07/medium/granadilla.png,32.0,Midfielder,https://assets.laliga.com/squad/2021/t13328/p440701/512x556/p440701_t13328_2021_1_001_000.png,0.0,0.0,0.0,0.0,0.0,0.0,0.0,0.0,0.0,0.0,0.0,0.0,0.0,0.0,0.0,0.0,0.0,0.0,0.0,0.0,0.0,0.0,0.0,0.0,0.0,0.0,0.0,0.0,0.0,0.0,0.0,0.0,0.0,0.0,0.0,Goalkeeper,0.0
25755.0,Nahia Aparicio,Nahia Aparicio,female,2004-01-07T00:00:00+00:00,,,Real Sociedad,RSO,https://assets.laliga.com/assets/2019/06/07/medium/real-sociedad.png,24.0,Forward,,0.0,0.0,0.0,0.0,0.0,0.0,0.0,0.0,0.0,0.0,0.0,0.0,0.0,0.0,0.0,0.0,0.0,0.0,0.0,0.0,0.0,0.0,0.0,0.0,0.0,0.0,0.0,0.0,0.0,0.0,0.0,0.0,0.0,0.0,0.0,Midfielder,0.0
25466.0,Naroa Domenech,Naroa Domenech,female,2004-07-28T00:00:00+00:00,,,SD Eibar,EIB,https://assets.laliga.com/assets/2019/06/07/medium/eibar.png,34.0,Midfielder,,0.0,0.0,0.0,0.0,0.0,0.0,0.0,0.0,0.0,0.0,0.0,0.0,0.0,0.0,0.0,0.0,0.0,0.0,0.0,0.0,0.0,0.0,0.0,0.0,0.0,0.0,0.0,0.0,0.0,0.0,0.0,0.0,0.0,0.0,0.0,Goalkeeper,0.0
25595.0,Nora Sarriegi,Nora Sarriegi,female,2001-02-24T00:00:00+00:00,,,Real Sociedad,RSO,https://assets.laliga.com/assets/2019/06/07/medium/real-sociedad.png,34.0,Midfielder,,0.0,1.0,0.0,0.0,0.0,0.0,0.0,0.0,0.0,0.0,0.0,0.0,0.0,0.0,0.0,0.0,0.0,0.0,0.0,0.0,0.0,0.0,0.0,0.0,0.0,0.0,0.0,0.0,0.0,0.0,0.0,0.0,0.0,0.0,0.0,Defender,0.0
19206.0,Ornella Vignola,Ornella Vignola,female,2004-09-30T00:00:00+00:00,,,FC Barcelona,FCB,https://assets.laliga.com/assets/2019/06/07/medium/fc-barcelona-femenino.png,32.0,Forward,,0.0,1.0,0.0,0.0,0.0,0.0,0.0,0.0,0.0,0.0,0.0,0.0,0.0,0.0,0.0,0.0,0.0,0.0,0.0,0.0,0.0,0.0,0.0,0.0,0.0,0.0,0.0,0.0,0.0,0.0,0.0,0.0,0.0,0.0,0.0,Midfielder,0.0
25303.0,Laura Rodriguez,Laura Rodriguez,female,2001-09-25T00:00:00+00:00,,,At. Madrid Femenino,ATM,https://assets.laliga.com/assets/2019/06/07/medium/atletico-feminas.png,28.0,Midfielder,,0.0,1.0,0.0,0.0,0.0,0.0,0.0,0.0,0.0,0.0,0.0,0.0,0.0,0.0,0.0,0.0,0.0,0.0,0.0,0.0,0.0,0.0,0.0,0.0,0.0,0.0,0.0,0.0,0.0,0.0,0.0,0.0,0.0,0.0,0.0,Defender,0.0
19077.0,Lucia González Mesa,Keylor,female,,,,R. Betis Féminas,RBB,https://assets.laliga.com/assets/2019/06/07/medium/betis.png,32.0,Midfielder,https://assets.laliga.com/squad/2021/t13322/p538368/512x556/p538368_t13322_2021_1_001_000.png,0.0,0.0,0.0,0.0,0.0,0.0,0.0,0.0,0.0,0.0,0.0,0.0,0.0,0.0,0.0,0.0,0.0,0.0,0.0,0.0,0.0,0.0,0.0,0.0,0.0,0.0,0.0,0.0,0.0,0.0,0.0,0.0,0.0,0.0,0.0,Forward,0.0
26555.0,Ines De Lope,Ines De Lope,female,2002-11-11T00:00:00+00:00,,,Madrid CFF,MAD,https://assets.laliga.com/assets/2019/06/07/medium/madrid-futbol-femenino.png,39.0,Forward,,0.0,0.0,0.0,0.0,0.0,0.0,0.0,0.0,0.0,0.0,0.0,0.0,0.0,0.0,0.0,0.0,0.0,0.0,0.0,0.0,0.0,0.0,0.0,0.0,0.0,0.0,0.0,0.0,0.0,0.0,0.0,0.0,0.0,0.0,0.0,Midfielder,0.0
19002.0,Gema Climent,Gema Climent,female,2003-07-16T00:00:00+00:00,,,Levante UD,LUD,https://assets.laliga.com/assets/2019/06/07/medium/levante-femenino.png,29.0,Midfielder,https://assets.laliga.com/squad/2021/t13319/p535784/512x556/p535784_t13319_2021_1_001_000.png,0.0,0.0,0.0,0.0,0.0,0.0,0.0,0.0,0.0,0.0,0.0,0.0,0.0,0.0,0.0,0.0,0.0,0.0,0.0,0.0,0.0,0.0,0.0,0.0,0.0,0.0,0.0,0.0,0.0,0.0,0.0,0.0,0.0,0.0,0.0,Forward,0.0
24131.0,Eulalia Lemes,Eulalia Lemes,female,2001-06-09T00:00:00+00:00,,,UD Granadilla Tenerife Egatesa,UDG,https://assets.laliga.com/assets/2019/06/07/medium/granadilla.png,29.0,Midfielder,https://assets.laliga.com/squad/2021/t13328/p554250/512x556/p554250_t13328_2021_1_001_000.png,0.0,1.0,0.0,0.0,0.0,0.0,0.0,0.0,0.0,0.0,0.0,0.0,0.0,0.0,0.0,0.0,0.0,0.0,0.0,0.0,0.0,0.0,0.0,0.0,0.0,0.0,0.0,0.0,0.0,0.0,0.0,0.0,0.0,0.0,0.0,Midfielder,0.0
24263.0,Elene Guridi,Elene Guridi,female,2002-07-26T00:00:00+00:00,,,Real Sociedad,RSO,https://assets.laliga.com/assets/2019/06/07/medium/real-sociedad.png,31.0,Midfielder,,0.0,0.0,0.0,0.0,0.0,0.0,0.0,0.0,0.0,0.0,0.0,0.0,0.0,0.0,0.0,0.0,0.0,0.0,0.0,0.0,0.0,0.0,0.0,0.0,0.0,0.0,0.0,0.0,0.0,0.0,0.0,0.0,0.0,0.0,0.0,Defender,0.0
23696.0,Desi Godoy,Desi Godoy,female,1982-08-22T00:00:00+00:00,,,Madrid CFF,MAD,https://assets.laliga.com/assets/2019/06/07/medium/madrid-futbol-femenino.png,22.0,Midfielder,,0.0,5.0,0.0,0.0,0.0,0.0,0.0,0.0,0.0,0.0,0.0,0.0,0.0,0.0,0.0,0.0,0.0,0.0,0.0,0.0,0.0,0.0,0.0,0.0,0.0,0.0,0.0,0.0,0.0,0.0,0.0,0.0,0.0,0.0,0.0,Midfielder,0.0
24062.0,Dana Benítez,Dana Benítez,female,2004-04-23T00:00:00+00:00,,,Real Madrid Femenino,RMA,https://assets.laliga.com/assets/2019/06/07/medium/real-madrid.png,32.0,Midfielder,,0.0,0.0,0.0,0.0,0.0,0.0,0.0,0.0,0.0,0.0,0.0,0.0,0.0,0.0,0.0,0.0,0.0,0.0,0.0,0.0,0.0,0.0,0.0,0.0,0.0,0.0,0.0,0.0,0.0,0.0,0.0,0.0,0.0,0.0,0.0,Midfielder,0.0
13736.0,Dalisson de Almeida Leite,Dali,male,2000-04-06T00:00:00+00:00,,,Real Valladolid CF,VLL,https://assets.laliga.com/assets/2019/06/07/medium/valladolid.png,36.0,Midfielder,,0.0,0.0,0.0,0.0,0.0,0.0,0.0,0.0,0.0,0.0,0.0,0.0,0.0,0.0,0.0,0.0,0.0,0.0,0.0,0.0,0.0,0.0,0.0,0.0,0.0,0.0,0.0,0.0,0.0,0.0,0.0,0.0,0.0,0.0,0.0,Forward,0.0
26539.0,Clara Villanuva,Clara Villanuva,female,,,,Real Madrid Femenino,RMA,https://assets.laliga.com/assets/2019/06/07/medium/real-madrid.png,33.0,Midfielder,,0.0,0.0,0.0,0.0,0.0,0.0,0.0,0.0,0.0,0.0,0.0,0.0,0.0,0.0,0.0,0.0,0.0,0.0,0.0,0.0,0.0,0.0,0.0,0.0,0.0,0.0,0.0,0.0,0.0,0.0,0.0,0.0,0.0,0.0,0.0,Midfielder,0.0
15704.0,Eric Monjonell,Monjonell,male,2001-12-16T00:00:00+00:00,,,Girona FC,GIR,https://assets.laliga.com/assets/2019/06/07/medium/girona.png,31.0,Defender,,0.0,0.0,0.0,0.0,0.0,0.0,0.0,0.0,0.0,0.0,0.0,0.0,0.0,0.0,0.0,0.0,0.0,0.0,0.0,0.0,0.0,0.0,0.0,0.0,0.0,0.0,0.0,0.0,0.0,0.0,0.0,0.0,0.0,0.0,0.0,Midfielder,0.0
18838.0,Cathaysa Rodriguez,Cathy,female,2001-09-04T00:00:00+00:00,,,UD Granadilla Tenerife Egatesa,UDG,https://assets.laliga.com/assets/2019/06/07/medium/granadilla.png,36.0,Defender,,0.0,0.0,0.0,0.0,0.0,0.0,0.0,0.0,0.0,0.0,0.0,0.0,0.0,0.0,0.0,0.0,0.0,0.0,0.0,0.0,0.0,0.0,0.0,0.0,0.0,0.0,0.0,0.0,0.0,0.0,0.0,0.0,0.0,0.0,0.0,Midfielder,0.0
19544.0,Carmen Carbonell,Carmen Carbonell,female,1999-07-26T00:00:00+00:00,,,Villarreal CF,VIL,https://assets.laliga.com/assets/2021/06/28/medium/9fbd53c24db4a5ff2257fa8ba57b59d4.png,25.0,Goalkeeper,https://assets.laliga.com/squad/2021/t18273/p543148/512x556/p543148_t18273_2021_0_001_000.png,0.0,0.0,0.0,0.0,0.0,0.0,0.0,0.0,0.0,0.0,0.0,0.0,0.0,0.0,0.0,0.0,0.0,0.0,0.0,0.0,0.0,0.0,0.0,0.0,0.0,0.0,0.0,0.0,0.0,0.0,0.0,0.0,0.0,0.0,0.0,Midfielder,0.0
24152.0,Carla Gallego,Carla Gallego,female,,,,Villarreal CF,VIL,https://assets.laliga.com/assets/2021/06/28/medium/9fbd53c24db4a5ff2257fa8ba57b59d4.png,35.0,Goalkeeper,,0.0,0.0,0.0,0.0,0.0,0.0,0.0,0.0,0.0,0.0,0.0,0.0,0.0,0.0,0.0,0.0,0.0,0.0,0.0,0.0,0.0,0.0,0.0,0.0,0.0,0.0,0.0,0.0,0.0,0.0,0.0,0.0,0.0,0.0,0.0,Midfielder,0.0
24125.0,Carla Camacho,Carla Camacho,female,2005-05-02T00:00:00+00:00,,,Real Madrid Femenino,RMA,https://assets.laliga.com/assets/2019/06/07/medium/real-madrid.png,34.0,Forward,,0.0,4.0,0.0,0.0,0.0,0.0,0.0,0.0,0.0,0.0,0.0,0.0,0.0,0.0,0.0,0.0,0.0,0.0,0.0,0.0,0.0,0.0,0.0,0.0,0.0,0.0,0.0,0.0,0.0,0.0,0.0,0.0,0.0,0.0,0.0,Midfielder,0.0
25800.0,Nélson Macedo Monte,Nelson,male,1995-07-20T00:00:00+00:00,77.0,187.0,UD Almería,ALM,https://assets.laliga.com/assets/2019/06/07/medium/almeria.png,24.0,Defender,,0.0,0.0,0.0,0.0,0.0,0.0,0.0,0.0,0.0,0.0,0.0,0.0,0.0,0.0,0.0,0.0,0.0,0.0,0.0,0.0,0.0,0.0,0.0,0.0,0.0,0.0,0.0,0.0,0.0,0.0,0.0,0.0,0.0,0.0,0.0,Midfielder,0.0
25198.0,Andrea Tarazona,Andrea Tarazona,female,2004-03-21T00:00:00+00:00,,,Levante UD,LUD,https://assets.laliga.com/assets/2019/06/07/medium/levante-femenino.png,36.0,Goalkeeper,,0.0,0.0,0.0,0.0,0.0,0.0,0.0,0.0,0.0,0.0,0.0,0.0,0.0,0.0,0.0,0.0,0.0,0.0,0.0,0.0,0.0,0.0,0.0,0.0,0.0,0.0,0.0,0.0,0.0,0.0,0.0,0.0,0.0,0.0,0.0,Midfielder,0.0
23344.0,Alejandro Alda López,Alex Alda,male,2003-03-03T00:00:00+00:00,,,CD Leganés,LEG,https://assets.laliga.com/assets/2019/06/07/medium/leganes.png,27.0,Defender,https://assets.laliga.com/squad/2021/t957/p547452/512x556/p547452_t957_2021_1_001_000.png,0.0,0.0,0.0,0.0,0.0,0.0,0.0,0.0,0.0,0.0,0.0,0.0,0.0,0.0,0.0,0.0,0.0,0.0,0.0,0.0,0.0,0.0,0.0,0.0,0.0,0.0,0.0,0.0,0.0,0.0,0.0,0.0,0.0,0.0,0.0,Midfielder,0.0
19003.0,Ainhoa Estevez Bascuñan,Bascu,female,2004-02-23T00:00:00+00:00,,,Levante UD,LUD,https://assets.laliga.com/assets/2019/06/07/medium/levante-femenino.png,28.0,Midfielder,https://assets.laliga.com/squad/2021/t13319/p535785/512x556/p535785_t13319_2021_1_001_000.png,0.0,0.0,0.0,0.0,0.0,0.0,0.0,0.0,0.0,0.0,0.0,0.0,0.0,0.0,0.0,0.0,0.0,0.0,0.0,0.0,0.0,0.0,0.0,0.0,0.0,0.0,0.0,0.0,0.0,0.0,0.0,0.0,0.0,0.0,0.0,Defender,0.0
23322.0,Pelayo González Rey,Yayo,male,2004-07-30T00:00:00+00:00,,,Real Oviedo,OVI,https://assets.laliga.com/assets/2019/06/07/medium/oviedo.png,31.0,Midfielder,,0.0,0.0,0.0,0.0,0.0,0.0,0.0,0.0,0.0,0.0,0.0,0.0,0.0,0.0,0.0,0.0,0.0,0.0,0.0,0.0,0.0,0.0,0.0,0.0,0.0,0.0,0.0,0.0,0.0,0.0,0.0,0.0,0.0,0.0,0.0,Midfielder,0.0
24223.0,Hugo Anglada,Hugo Anglada,male,2004-03-17T00:00:00+00:00,,,SD Huesca,HUE,https://assets.laliga.com/assets/2019/06/07/medium/huesca.png,33.0,Defender,,0.0,0.0,0.0,0.0,0.0,0.0,0.0,0.0,0.0,0.0,0.0,0.0,0.0,0.0,0.0,0.0,0.0,0.0,0.0,0.0,0.0,0.0,0.0,0.0,0.0,0.0,0.0,0.0,0.0,0.0,0.0,0.0,0.0,0.0,0.0,Midfielder,0.0
23348.0,Pablo Gálvez,Galvez,male,2001-10-30T00:00:00+00:00,,,RCD Mallorca,MLL,https://assets.laliga.com/assets/2019/06/07/medium/mallorca.png,27.0,Forward,https://assets.laliga.com/squad/2021/t181/p547043/512x556/p547043_t181_2021_1_001_000.png,0.0,0.0,0.0,0.0,0.0,0.0,0.0,0.0,0.0,0.0,0.0,0.0,0.0,0.0,0.0,0.0,0.0,0.0,0.0,0.0,0.0,0.0,0.0,0.0,0.0,0.0,0.0,0.0,0.0,0.0,0.0,0.0,0.0,0.0,0.0,Midfielder,0.0
14638.0,Pablo Pérez,Pablo P.,male,2001-08-18T00:00:00+00:00,,174.0,Sevilla FC,SEV,https://assets.laliga.com/assets/2019/06/07/medium/sevilla.png,26.0,Defender,https://assets.laliga.com/squad/2021/t179/p504804/512x556/p504804_t179_2021_1_001_000.png,0.0,0.0,0.0,0.0,0.0,0.0,0.0,0.0,0.0,0.0,0.0,0.0,0.0,0.0,0.0,0.0,0.0,0.0,0.0,0.0,0.0,0.0,0.0,0.0,0.0,0.0,0.0,0.0,0.0,0.0,0.0,0.0,0.0,0.0,0.0,Midfielder,0.0
24377.0,Esteban Aparicio,Aparicio,male,2001-05-11T00:00:00+00:00,,,SD Huesca,HUE,https://assets.laliga.com/assets/2019/06/07/medium/huesca.png,36.0,Midfielder,,0.0,0.0,0.0,0.0,0.0,0.0,0.0,0.0,0.0,0.0,0.0,0.0,0.0,0.0,0.0,0.0,0.0,0.0,0.0,0.0,0.0,0.0,0.0,0.0,0.0,0.0,0.0,0.0,0.0,0.0,0.0,0.0,0.0,0.0,0.0,Forward,0.0
23268.0,Hugo Gonzalez,Hugo González,male,2003-02-07T00:00:00+00:00,,,Valencia CF,VAL,https://assets.laliga.com/assets/2019/06/07/medium/valencia.png,31.0,Midfielder,https://assets.laliga.com/squad/2021/t191/p492900/512x556/p492900_t191_2021_1_001_000.png,0.0,0.0,0.0,0.0,0.0,0.0,0.0,0.0,0.0,0.0,0.0,0.0,0.0,0.0,0.0,0.0,0.0,0.0,0.0,0.0,0.0,0.0,0.0,0.0,0.0,0.0,0.0,0.0,0.0,0.0,0.0,0.0,0.0,0.0,0.0,Forward,0.0
16137.0,José Luis Guerra Rodríguez,Joselu,male,2000-06-27T00:00:00+00:00,66.0,173.0,Real Oviedo,OVI,https://assets.laliga.com/assets/2019/06/07/medium/oviedo.png,33.0,Midfielder,https://assets.laliga.com/squad/2021/t187/p523094/512x556/p523094_t187_2021_1_001_000.png,0.0,0.0,0.0,0.0,0.0,0.0,0.0,0.0,0.0,0.0,0.0,0.0,0.0,0.0,0.0,0.0,0.0,0.0,0.0,0.0,0.0,0.0,0.0,0.0,0.0,0.0,0.0,0.0,0.0,0.0,0.0,0.0,0.0,0.0,0.0,Midfielder,0.0
9526.0,Guillem Jaime,Guillem Jaime,male,1999-01-06T00:00:00+00:00,70.0,177.0,FC Barcelona,BAR,https://assets.laliga.com/assets/2019/06/07/medium/barcelona.png,38.0,Defender,,0.0,0.0,0.0,0.0,0.0,0.0,0.0,0.0,0.0,0.0,0.0,0.0,0.0,0.0,0.0,0.0,0.0,0.0,0.0,0.0,0.0,0.0,0.0,0.0,0.0,0.0,0.0,0.0,0.0,0.0,0.0,0.0,0.0,0.0,0.0,Midfielder,0.0
24058.0,Carlos Rojas,C.rojas,male,2002-04-18T00:00:00+00:00,,,UD Almería,ALM,https://assets.laliga.com/assets/2019/06/07/medium/almeria.png,34.0,Midfielder,,0.0,0.0,0.0,0.0,0.0,0.0,0.0,0.0,0.0,0.0,0.0,0.0,0.0,0.0,0.0,0.0,0.0,0.0,0.0,0.0,0.0,0.0,0.0,0.0,0.0,0.0,0.0,0.0,0.0,0.0,0.0,0.0,0.0,0.0,0.0,Defender,0.0
24673.0,Roger Martínez,Roger,male,2004-04-05T00:00:00+00:00,,,RCD Espanyol de Barcelona,ESP,https://assets.laliga.com/assets/2019/06/07/medium/espanyol.png,37.0,Midfielder,,0.0,0.0,0.0,0.0,0.0,0.0,0.0,0.0,0.0,0.0,0.0,0.0,0.0,0.0,0.0,0.0,0.0,0.0,0.0,0.0,0.0,0.0,0.0,0.0,0.0,0.0,0.0,0.0,0.0,0.0,0.0,0.0,0.0,0.0,0.0,Forward,0.0
14628.0,Giorgi Kochorashvili,Giorgi,male,1999-06-29T00:00:00+00:00,74.0,178.0,Levante UD,LEV,https://assets.laliga.com/assets/2019/06/07/medium/levante.png,46.0,Midfielder,,0.0,0.0,0.0,0.0,0.0,0.0,0.0,0.0,0.0,0.0,0.0,0.0,0.0,0.0,0.0,0.0,0.0,0.0,0.0,0.0,0.0,0.0,0.0,0.0,0.0,0.0,0.0,0.0,0.0,0.0,0.0,0.0,0.0,0.0,0.0,Defender,0.0
15872.0,John Patrick,J. Patrick,male,2003-09-24T00:00:00+00:00,,,Getafe CF,GET,https://assets.laliga.com/assets/2019/06/07/medium/getafe.png,30.0,Midfielder,https://assets.laliga.com/squad/2021/t1450/p521510/512x556/p521510_t1450_2021_1_001_000.png,0.0,0.0,0.0,0.0,0.0,0.0,0.0,0.0,0.0,0.0,0.0,0.0,0.0,0.0,0.0,0.0,0.0,0.0,0.0,0.0,0.0,0.0,0.0,0.0,0.0,0.0,0.0,0.0,0.0,0.0,0.0,0.0,0.0,0.0,0.0,Defender,0.0
25304.0,Javier Izquierdo,J. Izquierdo,male,2001-03-15T00:00:00+00:00,,181.0,Real Sporting,SPO,https://assets.laliga.com/assets/2019/06/07/medium/sporting.png,30.0,Goalkeeper,,0.0,0.0,0.0,0.0,0.0,0.0,0.0,0.0,0.0,0.0,0.0,0.0,0.0,0.0,0.0,0.0,0.0,0.0,0.0,0.0,0.0,0.0,0.0,0.0,0.0,0.0,0.0,0.0,0.0,0.0,0.0,0.0,0.0,0.0,0.0,Midfielder,0.0
19021.0,Javier Cendón,J.cendón,male,2001-06-02T00:00:00+00:00,,,UD Las Palmas,LPA,https://assets.laliga.com/assets/2019/06/07/medium/las-palmas.png,36.0,Goalkeeper,,0.0,0.0,0.0,0.0,0.0,0.0,0.0,0.0,0.0,0.0,0.0,0.0,0.0,0.0,0.0,0.0,0.0,0.0,0.0,0.0,0.0,0.0,0.0,0.0,0.0,0.0,0.0,0.0,0.0,0.0,0.0,0.0,0.0,0.0,0.0,Midfielder,0.0
9459.0,Javier Alonso,Javi Alonso,male,1998-08-01T00:00:00+00:00,75.0,183.0,CD Tenerife,TEN,https://assets.laliga.com/assets/2019/06/07/medium/tenerife.png,8.0,Midfielder,https://assets.laliga.com/squad/2021/t612/p470695/512x556/p470695_t612_2021_1_001_000.png,0.0,0.0,0.0,0.0,0.0,0.0,0.0,0.0,0.0,0.0,0.0,0.0,0.0,0.0,0.0,0.0,0.0,0.0,0.0,0.0,0.0,0.0,0.0,0.0,0.0,0.0,0.0,0.0,0.0,0.0,0.0,0.0,0.0,0.0,0.0,Midfielder,0.0
14671.0,Filip Jörgensen,Jörgensen,male,2002-04-16T00:00:00+00:00,,,Villarreal CF,VIL,https://assets.laliga.com/assets/2019/06/07/medium/villarreal.png,35.0,Goalkeeper,https://assets.laliga.com/squad/2021/t449/p508479/512x556/p508479_t449_2021_1_001_000.png,0.0,0.0,0.0,0.0,0.0,0.0,0.0,0.0,0.0,0.0,0.0,0.0,0.0,0.0,0.0,0.0,0.0,0.0,0.0,0.0,0.0,0.0,0.0,0.0,0.0,0.0,0.0,0.0,0.0,0.0,0.0,0.0,0.0,0.0,0.0,Midfielder,0.0
24165.0,Jaime Garrido,J. Garrido,male,2003-04-19T00:00:00+00:00,,,CF Fuenlabrada,FUE,https://assets.laliga.com/assets/2019/06/07/medium/fuenlabrada.png,34.0,Midfielder,,0.0,0.0,0.0,0.0,0.0,0.0,0.0,0.0,0.0,0.0,0.0,0.0,0.0,0.0,0.0,0.0,0.0,0.0,0.0,0.0,0.0,0.0,0.0,0.0,0.0,0.0,0.0,0.0,0.0,0.0,0.0,0.0,0.0,0.0,0.0,Forward,0.0
25680.0,Isaiah Navarro,Isaiah,male,2001-09-09T00:00:00+00:00,,183.0,Real Zaragoza,ZAR,https://assets.laliga.com/assets/2019/06/07/medium/zaragoza.png,29.0,Midfielder,,0.0,0.0,0.0,0.0,0.0,0.0,0.0,0.0,0.0,0.0,0.0,0.0,0.0,0.0,0.0,0.0,0.0,0.0,0.0,0.0,0.0,0.0,0.0,0.0,0.0,0.0,0.0,0.0,0.0,0.0,0.0,0.0,0.0,0.0,0.0,Forward,0.0
26966.0,Iker Alday,Iker Alday,male,2003-06-23T00:00:00+00:00,,,SD Eibar,EIB,https://assets.laliga.com/assets/2019/06/07/medium/eibar.png,48.0,Midfielder,,0.0,0.0,0.0,0.0,0.0,0.0,0.0,0.0,0.0,0.0,0.0,0.0,0.0,0.0,0.0,0.0,0.0,0.0,0.0,0.0,0.0,0.0,0.0,0.0,0.0,0.0,0.0,0.0,0.0,0.0,0.0,0.0,0.0,0.0,0.0,Forward,0.0
25194.0,Ibrahima Vaniel Cámara Silva,Ibra,male,2003-01-18T00:00:00+00:00,,,Atlético de Madrid,ATM,https://assets.laliga.com/assets/2019/06/07/medium/atletico.png,47.0,Defender,,0.0,0.0,0.0,0.0,0.0,0.0,0.0,0.0,0.0,0.0,0.0,0.0,0.0,0.0,0.0,0.0,0.0,0.0,0.0,0.0,0.0,0.0,0.0,0.0,0.0,0.0,0.0,0.0,0.0,0.0,0.0,0.0,0.0,0.0,0.0,Midfielder,0.0
24684.0,Ignacio Quintana Navarro,N. Quintana,male,2001-02-23T00:00:00+00:00,,178.0,Sevilla FC,SEV,https://assets.laliga.com/assets/2019/06/07/medium/sevilla.png,43.0,Midfielder,https://assets.laliga.com/squad/2021/t179/p493084/512x556/p493084_t179_2021_1_001_000.png,0.0,0.0,0.0,0.0,0.0,0.0,0.0,0.0,0.0,0.0,0.0,0.0,0.0,0.0,0.0,0.0,0.0,0.0,0.0,0.0,0.0,0.0,0.0,0.0,0.0,0.0,0.0,0.0,0.0,0.0,0.0,0.0,0.0,0.0,0.0,Defender,0.0
12658.0,Julen Fernández,Julen,male,1999-02-23T00:00:00+00:00,,,CD Lugo,LUG,https://assets.laliga.com/assets/2019/06/07/medium/lugo.png,26.0,Goalkeeper,https://assets.laliga.com/squad/2021/t5730/p484766/512x556/p484766_t5730_2021_1_001_000.png,0.0,0.0,0.0,0.0,0.0,0.0,0.0,0.0,0.0,0.0,0.0,0.0,0.0,0.0,0.0,0.0,0.0,0.0,0.0,0.0,0.0,0.0,0.0,0.0,0.0,0.0,0.0,0.0,0.0,0.0,0.0,0.0,0.0,0.0,0.0,Midfielder,0.0
14735.0,Alejandro Orellana Gómez,Jandro,male,2000-08-07T00:00:00+00:00,63.0,177.0,FC Barcelona,BAR,https://assets.laliga.com/assets/2019/06/07/medium/barcelona.png,43.0,Midfielder,,0.0,0.0,0.0,0.0,0.0,0.0,0.0,0.0,0.0,0.0,0.0,0.0,0.0,0.0,0.0,0.0,0.0,0.0,0.0,0.0,0.0,0.0,0.0,0.0,0.0,0.0,0.0,0.0,0.0,0.0,0.0,0.0,0.0,0.0,0.0,Goalkeeper,0.0
12596.0,Juan Flere,Juan Flere,male,1998-05-12T00:00:00+00:00,,182.0,Cádiz CF,CAD,https://assets.laliga.com/assets/2019/06/07/medium/cadiz.png,26.0,Goalkeeper,https://assets.laliga.com/squad/2021/t1737/p490316/512x556/p490316_t1737_2021_1_001_000.png,0.0,0.0,0.0,0.0,0.0,0.0,0.0,0.0,0.0,0.0,0.0,0.0,0.0,0.0,0.0,0.0,0.0,0.0,0.0,0.0,0.0,0.0,0.0,0.0,0.0,0.0,0.0,0.0,0.0,0.0,0.0,0.0,0.0,0.0,0.0,Midfielder,0.0
24146.0,Ignacio Martín Gómez,Nacho M.,male,2002-03-19T00:00:00+00:00,,175.0,Real Sporting,SPO,https://assets.laliga.com/assets/2019/06/07/medium/sporting.png,34.0,Midfielder,,0.0,0.0,0.0,0.0,0.0,0.0,0.0,0.0,0.0,0.0,0.0,0.0,0.0,0.0,0.0,0.0,0.0,0.0,0.0,0.0,0.0,0.0,0.0,0.0,0.0,0.0,0.0,0.0,0.0,0.0,0.0,0.0,0.0,0.0,0.0,Midfielder,0.0
25045.0,Lassina Sangare,S. Lassina,male,2001-11-20T00:00:00+00:00,,,Valencia CF,VAL,https://assets.laliga.com/assets/2019/06/07/medium/valencia.png,40.0,Midfielder,,0.0,0.0,0.0,0.0,0.0,0.0,0.0,0.0,0.0,0.0,0.0,0.0,0.0,0.0,0.0,0.0,0.0,0.0,0.0,0.0,0.0,0.0,0.0,0.0,0.0,0.0,0.0,0.0,0.0,0.0,0.0,0.0,0.0,0.0,0.0,Midfielder,0.0
23323.0,Pablo Tomeo,Tomeo,male,2000-01-23T00:00:00+00:00,,,SD Huesca,HUE,https://assets.laliga.com/assets/2019/06/07/medium/huesca.png,26.0,Midfielder,https://assets.laliga.com/squad/2021/t2894/p547598/512x556/p547598_t2894_2021_1_001_000.png,0.0,0.0,0.0,0.0,0.0,0.0,0.0,0.0,0.0,0.0,0.0,0.0,0.0,0.0,0.0,0.0,0.0,0.0,0.0,0.0,0.0,0.0,0.0,0.0,0.0,0.0,0.0,0.0,0.0,0.0,0.0,0.0,0.0,0.0,0.0,Midfielder,0.0
24255.0,Lazar Carevic,Lazar Carevic,male,1999-03-16T00:00:00+00:00,85.0,193.0,FC Barcelona,BAR,https://assets.laliga.com/assets/2019/06/07/medium/barcelona.png,27.0,Goalkeeper,,0.0,0.0,0.0,0.0,0.0,0.0,0.0,0.0,0.0,0.0,0.0,0.0,0.0,0.0,0.0,0.0,0.0,0.0,0.0,0.0,0.0,0.0,0.0,0.0,0.0,0.0,0.0,0.0,0.0,0.0,0.0,0.0,0.0,0.0,0.0,Midfielder,0.0
14615.0,Pau Victor Delgado,Pau Victor,male,2001-11-26T00:00:00+00:00,,184.0,Girona FC,GIR,https://assets.laliga.com/assets/2019/06/07/medium/girona.png,35.0,Midfielder,https://assets.laliga.com/squad/2021/t2893/p504584/512x556/p504584_t2893_2021_0_001_000.png,0.0,0.0,0.0,0.0,0.0,0.0,0.0,0.0,0.0,0.0,0.0,0.0,0.0,0.0,0.0,0.0,0.0,0.0,0.0,0.0,0.0,0.0,0.0,0.0,0.0,0.0,0.0,0.0,0.0,0.0,0.0,0.0,0.0,0.0,0.0,Forward,0.0
12752.0,Paul Álvarez,Paul Alvarez,male,2000-03-30T00:00:00+00:00,,,SD Eibar,EIB,https://assets.laliga.com/assets/2019/06/07/medium/eibar.png,28.0,Midfielder,,0.0,0.0,0.0,0.0,0.0,0.0,0.0,0.0,0.0,0.0,0.0,0.0,0.0,0.0,0.0,0.0,0.0,0.0,0.0,0.0,0.0,0.0,0.0,0.0,0.0,0.0,0.0,0.0,0.0,0.0,0.0,0.0,0.0,0.0,0.0,Forward,0.0
9741.0,Mikel Carro,Mikel Carro,male,1999-01-25T00:00:00+00:00,79.0,188.0,Real Valladolid CF,VLL,https://assets.laliga.com/assets/2019/06/07/medium/valladolid.png,32.0,Midfielder,https://assets.laliga.com/squad/2021/t192/p437824/512x556/p437824_t192_2021_0_001_000.png,0.0,0.0,0.0,0.0,0.0,0.0,0.0,0.0,0.0,0.0,0.0,0.0,0.0,0.0,0.0,0.0,0.0,0.0,0.0,0.0,0.0,0.0,0.0,0.0,0.0,0.0,0.0,0.0,0.0,0.0,0.0,0.0,0.0,0.0,0.0,Goalkeeper,0.0
18844.0,Iker Álvarez de Eulate Molne,Iker Alvarez,male,2001-07-25T00:00:00+00:00,,190.0,Villarreal CF,VIL,https://assets.laliga.com/assets/2019/06/07/medium/villarreal.png,31.0,Goalkeeper,https://assets.laliga.com/squad/2021/t449/p439062/512x556/p439062_t449_2021_1_001_000.png,0.0,0.0,0.0,0.0,0.0,0.0,0.0,0.0,0.0,0.0,0.0,0.0,0.0,0.0,0.0,0.0,0.0,0.0,0.0,0.0,0.0,0.0,0.0,0.0,0.0,0.0,0.0,0.0,0.0,0.0,0.0,0.0,0.0,0.0,0.0,Midfielder,0.0
16964.0,Manuel Lama,Lama,male,2001-02-12T00:00:00+00:00,,,Atlético de Madrid,ATM,https://assets.laliga.com/assets/2019/06/07/medium/atletico.png,42.0,Defender,,0.0,0.0,0.0,0.0,0.0,0.0,0.0,0.0,0.0,0.0,0.0,0.0,0.0,0.0,0.0,0.0,0.0,0.0,0.0,0.0,0.0,0.0,0.0,0.0,0.0,0.0,0.0,0.0,0.0,0.0,0.0,0.0,0.0,0.0,0.0,Midfielder,0.0
9365.0,Manuel Navarro,Manu,male,2000-10-09T00:00:00+00:00,,,Rayo Vallecano,RAY,https://assets.laliga.com/assets/2019/06/07/medium/rayo.png,31.0,Midfielder,https://assets.laliga.com/squad/2021/t184/p469189/512x556/p469189_t184_2021_0_001_000.png,0.0,0.0,0.0,0.0,0.0,0.0,0.0,0.0,0.0,0.0,0.0,0.0,0.0,0.0,0.0,0.0,0.0,0.0,0.0,0.0,0.0,0.0,0.0,0.0,0.0,0.0,0.0,0.0,0.0,0.0,0.0,0.0,0.0,0.0,0.0,Goalkeeper,0.0
25336.0,Mario Fuente,Mario Fuente,male,2004-06-19T00:00:00+00:00,,,Real Oviedo,OVI,https://assets.laliga.com/assets/2019/06/07/medium/oviedo.png,36.0,Forward,,0.0,0.0,0.0,0.0,0.0,0.0,0.0,0.0,0.0,0.0,0.0,0.0,0.0,0.0,0.0,0.0,0.0,0.0,0.0,0.0,0.0,0.0,0.0,0.0,0.0,0.0,0.0,0.0,0.0,0.0,0.0,0.0,0.0,0.0,0.0,Midfielder,0.0
23329.0,Marcos Corral,Marcos,male,1999-04-02T00:00:00+00:00,,,UD Ibiza,IBI,https://assets.laliga.com/assets/2021/06/24/medium/d7bc0d2c9bf06afd6b5ace9d62771713.png,27.0,Forward,https://assets.laliga.com/squad/2021/t16203/p547047/512x556/p547047_t16203_2021_1_001_000.png,0.0,0.0,0.0,0.0,0.0,0.0,0.0,0.0,0.0,0.0,0.0,0.0,0.0,0.0,0.0,0.0,0.0,0.0,0.0,0.0,0.0,0.0,0.0,0.0,0.0,0.0,0.0,0.0,0.0,0.0,0.0,0.0,0.0,0.0,0.0,Midfielder,0.0
25344.0,Mamadou Dialla Sylla,Sylla,male,2003-01-26T00:00:00+00:00,79.0,179.0,UD Almería,ALM,https://assets.laliga.com/assets/2019/06/07/medium/almeria.png,36.0,Midfielder,,0.0,0.0,0.0,0.0,0.0,0.0,0.0,0.0,0.0,0.0,0.0,0.0,0.0,0.0,0.0,0.0,0.0,0.0,0.0,0.0,0.0,0.0,0.0,0.0,0.0,0.0,0.0,0.0,0.0,0.0,0.0,0.0,0.0,0.0,0.0,Midfielder,0.0
24147.0,Rafael Diz,Rafa Diz,male,2000-10-09T00:00:00+00:00,,170.0,AD Alcorcón,ALC,https://assets.laliga.com/assets/2019/06/07/medium/alcorcon.png,30.0,Midfielder,,0.0,0.0,0.0,0.0,0.0,0.0,0.0,0.0,0.0,0.0,0.0,0.0,0.0,0.0,0.0,0.0,0.0,0.0,0.0,0.0,0.0,0.0,0.0,0.0,0.0,0.0,0.0,0.0,0.0,0.0,0.0,0.0,0.0,0.0,0.0,Defender,0.0
13428.0,Julio Martínez,Julio,male,2000-11-02T00:00:00+00:00,70.0,178.0,Málaga CF,MGA,https://assets.laliga.com/assets/2019/06/07/medium/malaga.png,32.0,Forward,https://assets.laliga.com/squad/2021/t182/p493552/512x556/p493552_t182_2021_1_001_000.png,0.0,0.0,0.0,0.0,0.0,0.0,0.0,0.0,0.0,0.0,0.0,0.0,0.0,0.0,0.0,0.0,0.0,0.0,0.0,0.0,0.0,0.0,0.0,0.0,0.0,0.0,0.0,0.0,0.0,0.0,0.0,0.0,0.0,0.0,0.0,Midfielder,0.0
25397.0,Thomas Giaquinto,Giaquinto,male,2000-03-20T00:00:00+00:00,,,RCD Mallorca,MLL,https://assets.laliga.com/assets/2019/06/07/medium/mallorca.png,32.0,Midfielder,,0.0,0.0,0.0,0.0,0.0,0.0,0.0,0.0,0.0,0.0,0.0,0.0,0.0,0.0,0.0,0.0,0.0,0.0,0.0,0.0,0.0,0.0,0.0,0.0,0.0,0.0,0.0,0.0,0.0,0.0,0.0,0.0,0.0,0.0,0.0,Defender,0.0
24193.0,Pedro Alemañ,P. Alemañ,male,2002-03-21T00:00:00+00:00,,182.0,Valencia CF,VAL,https://assets.laliga.com/assets/2019/06/07/medium/valencia.png,26.0,Midfielder,,0.0,0.0,0.0,0.0,0.0,0.0,0.0,0.0,0.0,0.0,0.0,0.0,0.0,0.0,0.0,0.0,0.0,0.0,0.0,0.0,0.0,0.0,0.0,0.0,0.0,0.0,0.0,0.0,0.0,0.0,0.0,0.0,0.0,0.0,0.0,Forward,0.0
26564.0,Pablo Jordán,Pablo,male,2001-11-21T00:00:00+00:00,,,CF Fuenlabrada,FUE,https://assets.laliga.com/assets/2019/06/07/medium/fuenlabrada.png,43.0,Defender,,0.0,0.0,0.0,0.0,0.0,0.0,0.0,0.0,0.0,0.0,0.0,0.0,0.0,0.0,0.0,0.0,0.0,0.0,0.0,0.0,0.0,0.0,0.0,0.0,0.0,0.0,0.0,0.0,0.0,0.0,0.0,0.0,0.0,0.0,0.0,Midfielder,0.0
7592.0,Álvaro García,Alvaro G.,male,2000-06-01T00:00:00+00:00,,184.0,RCD Espanyol de Barcelona,ESP,https://assets.laliga.com/assets/2019/06/07/medium/espanyol.png,33.0,Midfielder,,0.0,0.0,0.0,0.0,0.0,0.0,0.0,0.0,0.0,0.0,0.0,0.0,0.0,0.0,0.0,0.0,0.0,0.0,0.0,0.0,0.0,0.0,0.0,0.0,0.0,0.0,0.0,0.0,0.0,0.0,0.0,0.0,0.0,0.0,0.0,Midfielder,0.0
24258.0,César Tárrega,C. Tárrega,male,2002-02-26T00:00:00+00:00,,,Valencia CF,VAL,https://assets.laliga.com/assets/2019/06/07/medium/valencia.png,38.0,Defender,,0.0,0.0,0.0,0.0,0.0,0.0,0.0,0.0,0.0,0.0,0.0,0.0,0.0,0.0,0.0,0.0,0.0,0.0,0.0,0.0,0.0,0.0,0.0,0.0,0.0,0.0,0.0,0.0,0.0,0.0,0.0,0.0,0.0,0.0,0.0,Midfielder,0.0
9519.0,Ángel Algobia,Algobia,male,1999-06-23T00:00:00+00:00,78.0,180.0,Getafe CF,GET,https://assets.laliga.com/assets/2019/06/07/medium/getafe.png,29.0,Midfielder,https://assets.laliga.com/squad/2021/t1450/p471840/512x556/p471840_t1450_2021_0_001_000.png,0.0,0.0,0.0,0.0,0.0,0.0,0.0,0.0,0.0,0.0,0.0,0.0,0.0,0.0,0.0,0.0,0.0,0.0,0.0,0.0,0.0,0.0,0.0,0.0,0.0,0.0,0.0,0.0,0.0,0.0,0.0,0.0,0.0,0.0,0.0,Goalkeeper,0.0
6299.0,Bartolomé Nadal Mesquida,Tomeu Nadal,male,1989-02-08T00:00:00+00:00,82.0,187.0,Real Oviedo,OVI,https://assets.laliga.com/assets/2019/06/07/medium/oviedo.png,13.0,Goalkeeper,https://assets.laliga.com/squad/2021/t187/p58772/512x556/p58772_t187_2021_1_001_000.png,0.0,0.0,0.0,0.0,0.0,0.0,0.0,0.0,0.0,0.0,0.0,0.0,0.0,0.0,0.0,0.0,0.0,0.0,0.0,0.0,0.0,0.0,0.0,0.0,0.0,0.0,0.0,0.0,0.0,0.0,0.0,0.0,0.0,0.0,0.0,Midfielder,0.0
25253.0,Tiago Filipe Fernandes Martins,Tiago,male,1998-09-28T00:00:00+00:00,80.0,185.0,SD Huesca,HUE,https://assets.laliga.com/assets/2019/06/07/medium/huesca.png,30.0,Goalkeeper,,0.0,0.0,0.0,0.0,0.0,0.0,0.0,0.0,0.0,0.0,0.0,0.0,0.0,0.0,0.0,0.0,0.0,0.0,0.0,0.0,0.0,0.0,0.0,0.0,0.0,0.0,0.0,0.0,0.0,0.0,0.0,0.0,0.0,0.0,0.0,Midfielder,0.0
24048.0,Diego López,Diego,male,2001-10-21T00:00:00+00:00,,,Getafe CF,GET,https://assets.laliga.com/assets/2019/06/07/medium/getafe.png,34.0,Midfielder,,0.0,0.0,0.0,0.0,0.0,0.0,0.0,0.0,0.0,0.0,0.0,0.0,0.0,0.0,0.0,0.0,0.0,0.0,0.0,0.0,0.0,0.0,0.0,0.0,0.0,0.0,0.0,0.0,0.0,0.0,0.0,0.0,0.0,0.0,0.0,Defender,0.0
25415.0,Tenkou Yougou Yanike,Yanike,male,2002-10-10T00:00:00+00:00,79.0,185.0,CF Fuenlabrada,FUE,https://assets.laliga.com/assets/2019/06/07/medium/fuenlabrada.png,39.0,Midfielder,,0.0,0.0,0.0,0.0,0.0,0.0,0.0,0.0,0.0,0.0,0.0,0.0,0.0,0.0,0.0,0.0,0.0,0.0,0.0,0.0,0.0,0.0,0.0,0.0,0.0,0.0,0.0,0.0,0.0,0.0,0.0,0.0,0.0,0.0,0.0,Goalkeeper,0.0
24479.0,Alejandro Balboa Bandeira,Alex Balboa,male,2001-03-06T00:00:00+00:00,,,Deportivo Alavés,ALA,https://assets.laliga.com/assets/2020/09/01/medium/27002754a98bf535807fe49a24cc63ea.png,28.0,Midfielder,,0.0,0.0,0.0,0.0,0.0,0.0,0.0,0.0,0.0,0.0,0.0,0.0,0.0,0.0,0.0,0.0,0.0,0.0,0.0,0.0,0.0,0.0,0.0,0.0,0.0,0.0,0.0,0.0,0.0,0.0,0.0,0.0,0.0,0.0,0.0,Defender,0.0
24683.0,Valentino Fattore,Valentino,male,2001-08-10T00:00:00+00:00,,,Sevilla FC,SEV,https://assets.laliga.com/assets/2019/06/07/medium/sevilla.png,42.0,Defender,https://assets.laliga.com/squad/2021/t179/p438163/512x556/p438163_t179_2021_1_001_000.png,0.0,1.0,0.0,0.0,0.0,0.0,0.0,0.0,0.0,0.0,0.0,0.0,0.0,0.0,0.0,0.0,0.0,0.0,0.0,0.0,0.0,0.0,0.0,0.0,0.0,0.0,0.0,1.0,0.0,0.0,0.0,0.0,0.0,0.0,0.0,Midfielder,0.0
17163.0,Sergio Díaz,Sergio Diaz,male,1998-01-14T00:00:00+00:00,,,FC Cartagena,CAR,https://assets.laliga.com/assets/2022/02/11/medium/1628caa9b2002a11e564eb84b3677f78.png,27.0,Goalkeeper,https://assets.laliga.com/squad/2021/t3554/p464436/512x556/p464436_t3554_2021_1_001_000.png,0.0,0.0,0.0,0.0,0.0,0.0,0.0,0.0,0.0,0.0,0.0,0.0,0.0,0.0,0.0,0.0,0.0,0.0,0.0,0.0,0.0,0.0,0.0,0.0,0.0,0.0,0.0,0.0,0.0,0.0,0.0,0.0,0.0,0.0,0.0,Midfielder,0.0
5368.0,David Gil,David Gil,male,1994-01-11T00:00:00+00:00,81.0,186.0,Cádiz CF,CAD,https://assets.laliga.com/assets/2019/06/07/medium/cadiz.png,13.0,Goalkeeper,https://assets.laliga.com/squad/2021/t1737/p173947/512x556/p173947_t1737_2021_1_001_000.png,0.0,0.0,0.0,0.0,0.0,0.0,0.0,0.0,0.0,0.0,0.0,0.0,0.0,0.0,0.0,0.0,0.0,0.0,0.0,0.0,0.0,0.0,0.0,0.0,0.0,0.0,0.0,0.0,0.0,0.0,0.0,0.0,0.0,0.0,0.0,Midfielder,0.0
25590.0,Victor Wehbi Aznar Ussen,Victor Aznar,male,2002-10-17T00:00:00+00:00,,189.0,Cádiz CF,CAD,https://assets.laliga.com/assets/2019/06/07/medium/cadiz.png,34.0,Goalkeeper,,0.0,0.0,0.0,0.0,0.0,0.0,0.0,0.0,0.0,0.0,0.0,0.0,0.0,0.0,0.0,0.0,0.0,0.0,0.0,0.0,0.0,0.0,0.0,0.0,0.0,0.0,0.0,0.0,0.0,0.0,0.0,0.0,0.0,0.0,0.0,Midfielder,0.0
14616.0,Diego Bri,Diego Bri,male,2002-09-12T00:00:00+00:00,,,Elche CF,ELC,https://assets.laliga.com/assets/2019/06/07/medium/elche.png,29.0,Midfielder,https://assets.laliga.com/squad/2021/t954/p508462/512x556/p508462_t954_2021_1_001_000.png,0.0,0.0,0.0,0.0,0.0,0.0,0.0,0.0,0.0,0.0,0.0,0.0,0.0,0.0,0.0,0.0,0.0,0.0,0.0,0.0,0.0,0.0,0.0,0.0,0.0,0.0,0.0,0.0,0.0,0.0,0.0,0.0,0.0,0.0,0.0,Goalkeeper,0.0
23124.0,Javier Guerra,Javi Guerra,male,2003-05-13T00:00:00+00:00,,,Valencia CF,VAL,https://assets.laliga.com/assets/2019/06/07/medium/valencia.png,30.0,Midfielder,https://assets.laliga.com/squad/2021/t191/p546540/512x556/p546540_t191_2021_1_001_000.png,0.0,0.0,0.0,0.0,0.0,0.0,0.0,0.0,0.0,0.0,0.0,0.0,0.0,0.0,0.0,0.0,0.0,0.0,0.0,0.0,0.0,0.0,0.0,0.0,0.0,0.0,0.0,0.0,0.0,0.0,0.0,0.0,0.0,0.0,0.0,Defender,0.0
25110.0,Sergio Ortuño,Ortuño,male,1999-03-02T00:00:00+00:00,,,Real Valladolid CF,VLL,https://assets.laliga.com/assets/2019/06/07/medium/valladolid.png,47.0,Midfielder,,0.0,0.0,0.0,0.0,0.0,0.0,0.0,0.0,0.0,0.0,0.0,0.0,0.0,0.0,0.0,0.0,0.0,0.0,0.0,0.0,0.0,0.0,0.0,0.0,0.0,0.0,0.0,0.0,0.0,0.0,0.0,0.0,0.0,0.0,0.0,Defender,0.0
25351.0,Unai Hernandez,Unai,male,2004-12-14T00:00:00+00:00,,,Girona FC,GIR,https://assets.laliga.com/assets/2019/06/07/medium/girona.png,45.0,Midfielder,,0.0,0.0,0.0,0.0,0.0,0.0,0.0,0.0,0.0,0.0,0.0,0.0,0.0,0.0,0.0,0.0,0.0,0.0,0.0,0.0,0.0,0.0,0.0,0.0,0.0,0.0,0.0,0.0,0.0,0.0,0.0,0.0,0.0,0.0,0.0,Midfielder,0.0
26563.0,Damián Rodríguez,Damian,male,2003-03-17T00:00:00+00:00,,,RC Celta,CEL,https://assets.laliga.com/assets/2019/06/07/medium/celta.png,42.0,Midfielder,,0.0,0.0,0.0,0.0,0.0,0.0,0.0,0.0,0.0,0.0,0.0,0.0,0.0,0.0,0.0,0.0,0.0,0.0,0.0,0.0,0.0,0.0,0.0,0.0,0.0,0.0,0.0,0.0,0.0,0.0,0.0,0.0,0.0,0.0,0.0,Forward,0.0
15870.0,Félix Alonso,Félix,male,2000-12-29T00:00:00+00:00,,185.0,CD Tenerife,TEN,https://assets.laliga.com/assets/2019/06/07/medium/tenerife.png,26.0,Midfielder,https://assets.laliga.com/squad/2021/t612/p521477/512x556/p521477_t612_2021_1_001_000.png,0.0,0.0,0.0,0.0,0.0,0.0,0.0,0.0,0.0,0.0,0.0,0.0,0.0,0.0,0.0,0.0,0.0,0.0,0.0,0.0,0.0,0.0,0.0,0.0,0.0,0.0,0.0,0.0,0.0,0.0,0.0,0.0,0.0,0.0,0.0,Forward,0.0
25349.0,Fernando Somolinos,Somolinos,male,2002-04-04T00:00:00+00:00,,,Real Sporting,SPO,https://assets.laliga.com/assets/2019/06/07/medium/sporting.png,42.0,Midfielder,,0.0,0.0,0.0,0.0,0.0,0.0,0.0,0.0,0.0,0.0,0.0,0.0,0.0,0.0,0.0,0.0,0.0,0.0,0.0,0.0,0.0,0.0,0.0,0.0,0.0,0.0,0.0,0.0,0.0,0.0,0.0,0.0,0.0,0.0,0.0,Forward,0.0
25394.0,Alberto Vaquero,Vaquero,male,2002-11-12T00:00:00+00:00,,,Real Zaragoza,ZAR,https://assets.laliga.com/assets/2019/06/07/medium/zaragoza.png,38.0,Midfielder,,0.0,0.0,0.0,0.0,0.0,0.0,0.0,0.0,0.0,0.0,0.0,0.0,0.0,0.0,0.0,0.0,0.0,0.0,0.0,0.0,0.0,0.0,0.0,0.0,0.0,0.0,0.0,0.0,0.0,0.0,0.0,0.0,0.0,0.0,0.0,Midfielder,0.0
14620.0,Alberto Quintana,Quintana,male,2001-10-05T00:00:00+00:00,74.0,186.0,Málaga CF,MGA,https://assets.laliga.com/assets/2019/06/07/medium/malaga.png,30.0,Midfielder,https://assets.laliga.com/squad/2021/t182/p508448/512x556/p508448_t182_2021_1_001_000.png,0.0,0.0,0.0,0.0,0.0,0.0,0.0,0.0,0.0,0.0,0.0,0.0,0.0,0.0,0.0,0.0,0.0,0.0,0.0,0.0,0.0,0.0,0.0,0.0,0.0,0.0,0.0,0.0,0.0,0.0,0.0,0.0,0.0,0.0,0.0,Defender,0.0
25380.0,Carlos Benítez Royo,Benitez,male,2002-11-25T00:00:00+00:00,,,Levante UD,LEV,https://assets.laliga.com/assets/2019/06/07/medium/levante.png,39.0,Midfielder,,0.0,0.0,0.0,0.0,0.0,0.0,0.0,0.0,0.0,0.0,0.0,0.0,0.0,0.0,0.0,0.0,0.0,0.0,0.0,0.0,0.0,0.0,0.0,0.0,0.0,0.0,0.0,0.0,0.0,0.0,0.0,0.0,0.0,0.0,0.0,Goalkeeper,0.0
16495.0,Bryan Zaragoza,Bryan,male,2001-09-09T00:00:00+00:00,,,Granada CF,GRA,https://assets.laliga.com/assets/2019/06/07/medium/granada.png,34.0,Midfielder,https://assets.laliga.com/squad/2021/t5683/p522601/512x556/p522601_t5683_2021_1_001_000.png,0.0,0.0,0.0,0.0,0.0,0.0,0.0,0.0,0.0,0.0,0.0,0.0,0.0,0.0,0.0,0.0,0.0,0.0,0.0,0.0,0.0,0.0,0.0,0.0,0.0,0.0,0.0,0.0,0.0,0.0,0.0,0.0,0.0,0.0,0.0,Midfielder,0.0
22853.0,Alberto Moreno Rebanal,A.moreno,male,2002-04-19T00:00:00+00:00,,175.0,Atlético de Madrid,ATM,https://assets.laliga.com/assets/2019/06/07/medium/atletico.png,28.0,Midfielder,https://assets.laliga.com/squad/2021/t175/p531218/512x556/p531218_t175_2021_1_001_000.png,0.0,0.0,0.0,0.0,0.0,0.0,0.0,0.0,0.0,0.0,0.0,0.0,0.0,0.0,0.0,0.0,0.0,0.0,0.0,0.0,0.0,0.0,0.0,0.0,0.0,0.0,0.0,0.0,0.0,0.0,0.0,0.0,0.0,0.0,0.0,Midfielder,0.0
25337.0,Alberto Dadie,Dadie,male,2002-07-20T00:00:00+00:00,,,R. Sociedad B,RSOB,https://assets.laliga.com/assets/2019/06/07/medium/real-sociedad.png,26.0,Midfielder,,0.0,0.0,0.0,0.0,0.0,0.0,0.0,0.0,0.0,0.0,0.0,0.0,0.0,0.0,0.0,0.0,0.0,0.0,0.0,0.0,0.0,0.0,0.0,0.0,0.0,0.0,0.0,0.0,0.0,0.0,0.0,0.0,0.0,0.0,0.0,Defender,0.0
16561.0,Alberto Fuentes,Fuentes,male,1999-08-26T00:00:00+00:00,,,SD Huesca,HUE,https://assets.laliga.com/assets/2019/06/07/medium/huesca.png,27.0,Midfielder,https://assets.laliga.com/squad/2021/t2894/p521640/512x556/p521640_t2894_2021_1_001_000.png,0.0,0.0,0.0,0.0,0.0,0.0,0.0,0.0,0.0,0.0,0.0,0.0,0.0,0.0,0.0,0.0,0.0,0.0,0.0,0.0,0.0,0.0,0.0,0.0,0.0,0.0,0.0,0.0,0.0,0.0,0.0,0.0,0.0,0.0,0.0,Goalkeeper,0.0
26562.0,Carlos Giménez,Carlos Gimenez,male,2003-02-18T00:00:00+00:00,,,Levante UD,LEV,https://assets.laliga.com/assets/2019/06/07/medium/levante.png,44.0,Defender,,0.0,0.0,0.0,0.0,0.0,0.0,0.0,0.0,0.0,0.0,0.0,0.0,0.0,0.0,0.0,0.0,0.0,0.0,0.0,0.0,0.0,0.0,0.0,0.0,0.0,0.0,0.0,0.0,0.0,0.0,0.0,0.0,0.0,0.0,0.0,Midfielder,0.0
19205.0,Ainhoa Alguacil,Ainhoa Alguacil,female,2006-01-08T00:00:00+00:00,,,VCF Femenino,VCF,https://assets.laliga.com/assets/2019/06/07/medium/valencia-femenino.png,34.0,Midfielder,https://assets.laliga.com/squad/2021/t13329/p540508/512x556/p540508_t13329_2021_0_001_000.png,0.0,5.0,0.0,0.0,0.0,0.0,0.0,0.0,0.0,1.0,0.0,0.0,0.0,0.0,0.0,0.0,0.0,0.0,0.0,0.0,0.0,0.0,0.0,0.0,0.0,0.0,0.0,0.0,0.0,0.0,0.0,0.0,0.0,0.0,0.0,Midfielder,-0.5
14408.0,Clare Pleuler,Clare Pleuler,female,1993-12-20T00:00:00+00:00,59.0,,Real Sociedad,RSO,https://assets.laliga.com/assets/2019/06/07/medium/real-sociedad.png,4.0,Midfielder,,0.0,11.0,0.0,0.0,0.0,0.0,1.0,0.0,0.0,1.0,0.0,0.0,0.0,1.0,0.0,0.0,0.0,0.0,0.0,0.0,0.0,0.0,1.0,0.0,1.0,0.0,0.0,0.0,1.0,0.0,1.0,0.0,0.0,0.0,2.0,Defender,-0.5
19916.0,Ingrid Engen,Ingrid Engen,female,1998-04-29T00:00:00+00:00,,177.0,FC Barcelona,FCB,https://assets.laliga.com/assets/2019/06/07/medium/fc-barcelona-femenino.png,23.0,Midfielder,,0.0,23.0,0.0,0.0,0.0,0.0,5.0,0.0,2.0,5.0,0.0,0.0,0.0,0.0,0.0,0.0,0.0,2.0,1.0,0.0,0.0,0.0,0.0,0.0,0.0,0.0,0.0,0.0,0.0,0.0,2.0,0.0,0.0,0.0,0.0,Midfielder,-0.5
19191.0,Clara Pinedo,Clara Pinedo,female,2003-09-09T00:00:00+00:00,,,Athletic Club,ATH,https://assets.laliga.com/assets/2019/06/07/medium/athletic-femenino.png,28.0,Midfielder,https://assets.laliga.com/squad/2021/t12034/p539768/512x556/p539768_t12034_2021_0_001_000.png,0.0,6.0,0.0,0.0,0.0,0.0,0.0,0.0,1.0,3.0,0.0,0.0,0.0,0.0,0.0,0.0,0.0,1.0,0.0,0.0,0.0,0.0,0.0,0.0,0.0,0.0,0.0,0.0,0.0,0.0,1.0,0.0,0.0,0.0,0.0,Defender,-0.5
19207.0,María Pérez,María Pérez,female,2001-12-24T00:00:00+00:00,,,FC Barcelona,FCB,https://assets.laliga.com/assets/2019/06/07/medium/fc-barcelona-femenino.png,29.0,Midfielder,,0.0,6.0,0.0,0.0,0.0,0.0,0.0,0.0,0.0,1.0,0.0,0.0,0.0,0.0,0.0,0.0,0.0,0.0,0.0,0.0,0.0,0.0,0.0,0.0,0.0,0.0,0.0,0.0,0.0,0.0,0.0,0.0,0.0,0.0,0.0,Forward,-0.5
25552.0,Martina Fernández,Martina Fernández,female,2004-10-01T00:00:00+00:00,,,FC Barcelona,FCB,https://assets.laliga.com/assets/2019/06/07/medium/fc-barcelona-femenino.png,38.0,Midfielder,,0.0,1.0,0.0,0.0,0.0,0.0,0.0,0.0,0.0,1.0,0.0,0.0,0.0,0.0,0.0,0.0,0.0,0.0,0.0,0.0,0.0,0.0,0.0,0.0,0.0,0.0,0.0,0.0,0.0,0.0,0.0,0.0,0.0,0.0,0.0,Forward,-0.5
17034.0,Claudia Iglesias,Bicho,female,2003-08-30T00:00:00+00:00,59.0,164.0,At. Madrid Femenino,ATM,https://assets.laliga.com/assets/2019/06/07/medium/atletico-feminas.png,23.0,Midfielder,https://assets.laliga.com/squad/2021/t11212/p530158/512x556/p530158_t11212_2021_0_001_000.png,0.0,6.0,0.0,0.0,0.0,0.0,0.0,0.0,0.0,1.0,0.0,0.0,0.0,0.0,0.0,0.0,0.0,0.0,0.0,0.0,0.0,0.0,0.0,0.0,0.0,0.0,0.0,0.0,0.0,0.0,0.0,0.0,0.0,0.0,0.0,Forward,-0.5
24060.0,Lucia Pardo,Lucia Pardo,female,2000-01-05T00:00:00+00:00,,,Madrid CFF,MAD,https://assets.laliga.com/assets/2019/06/07/medium/madrid-futbol-femenino.png,26.0,Forward,,0.0,7.0,0.0,0.0,0.0,0.0,0.0,0.0,0.0,1.0,0.0,0.0,0.0,0.0,0.0,0.0,0.0,0.0,0.0,0.0,0.0,0.0,0.0,0.0,0.0,0.0,0.0,0.0,0.0,0.0,0.0,0.0,0.0,0.0,0.0,Midfielder,-0.5
5909.0,Aithiara Carballo,Aithiara Carballo,female,1999-05-10T00:00:00+00:00,54.0,152.0,UD Granadilla Tenerife Egatesa,UDG,https://assets.laliga.com/assets/2019/06/07/medium/granadilla.png,26.0,Midfielder,https://assets.laliga.com/squad/2021/t13328/p434328/512x556/p434328_t13328_2021_1_001_000.png,0.0,2.0,0.0,0.0,0.0,0.0,0.0,0.0,0.0,1.0,0.0,0.0,0.0,0.0,0.0,0.0,0.0,0.0,0.0,0.0,0.0,0.0,0.0,0.0,0.0,0.0,0.0,0.0,0.0,0.0,0.0,0.0,0.0,0.0,0.0,Midfielder,-0.5
25472.0,Ebba Hed,Ebba Hed,female,1999-11-03T00:00:00+00:00,,,Madrid CFF,MAD,https://assets.laliga.com/assets/2019/06/07/medium/madrid-futbol-femenino.png,2.0,Midfielder,,0.0,4.0,1.0,0.0,0.0,0.0,0.0,0.0,0.0,3.0,0.0,0.0,0.0,1.0,0.0,0.0,0.0,0.0,0.0,0.0,0.0,0.0,1.0,0.0,1.0,0.0,0.0,0.0,1.0,0.0,1.0,0.0,0.0,0.0,0.0,Goalkeeper,-0.5
19541.0,María Ortiz de Pinedo Otxoa,Mery,female,1994-04-18T00:00:00+00:00,,,Deportivo Alavés,ALA,https://assets.laliga.com/assets/2021/06/28/medium/42d681848c77e9a837be29b98e03557b.png,15.0,Forward,,0.0,6.0,0.0,0.0,0.0,0.0,0.0,0.0,1.0,4.0,0.0,0.0,0.0,0.0,0.0,0.0,0.0,1.0,0.0,0.0,0.0,0.0,0.0,0.0,0.0,0.0,0.0,0.0,0.0,0.0,1.0,0.0,0.0,0.0,0.0,Midfielder,-1.0
19531.0,Neike Barga,Neike Barga,female,1999-07-24T00:00:00+00:00,,,Deportivo Alavés,ALA,https://assets.laliga.com/assets/2021/06/28/medium/42d681848c77e9a837be29b98e03557b.png,13.0,Goalkeeper,,0.0,1.0,0.0,0.0,0.0,0.0,0.0,0.0,0.0,2.0,0.0,0.0,0.0,0.0,0.0,0.0,0.0,0.0,0.0,0.0,0.0,0.0,0.0,0.0,0.0,0.0,0.0,0.0,0.0,0.0,0.0,0.0,0.0,0.0,0.0,Midfielder,-1.0
23684.0,Andrea López,Andrea López,female,2001-03-17T00:00:00+00:00,,,R. Betis Féminas,RBB,https://assets.laliga.com/assets/2019/06/07/medium/betis.png,29.0,Midfielder,https://assets.laliga.com/squad/2021/t13322/p550078/512x556/p550078_t13322_2021_1_001_000.png,0.0,2.0,0.0,0.0,0.0,0.0,0.0,0.0,0.0,2.0,0.0,0.0,0.0,0.0,0.0,0.0,0.0,0.0,0.0,0.0,0.0,0.0,0.0,0.0,0.0,0.0,0.0,0.0,0.0,0.0,0.0,0.0,0.0,0.0,0.0,Defender,-1.0
23688.0,Olga San Nicolas,Olga San Nicolas,female,2003-11-11T00:00:00+00:00,,,VCF Femenino,VCF,https://assets.laliga.com/assets/2019/06/07/medium/valencia-femenino.png,26.0,Midfielder,https://assets.laliga.com/squad/2021/t13329/p550115/512x556/p550115_t13329_2021_0_001_000.png,0.0,15.0,2.0,0.0,0.0,0.0,0.0,0.0,1.0,8.0,0.0,0.0,0.0,2.0,0.0,0.0,0.0,1.0,0.0,0.0,0.0,0.0,2.0,0.0,2.0,0.0,0.0,0.0,2.0,0.0,3.0,0.0,0.0,0.0,0.0,Midfielder,-1.0
13152.0,Leire Peña,Leire Peña,female,2001-06-20T00:00:00+00:00,,164.0,R. Betis Féminas,RBB,https://assets.laliga.com/assets/2019/06/07/medium/betis.png,12.0,Midfielder,https://assets.laliga.com/squad/2021/t13322/p469675/512x556/p469675_t13322_2021_1_001_000.png,0.0,6.0,0.0,0.0,0.0,0.0,0.0,0.0,0.0,3.0,0.0,0.0,0.0,0.0,0.0,0.0,0.0,0.0,0.0,0.0,0.0,0.0,0.0,0.0,0.0,0.0,0.0,0.0,0.0,0.0,0.0,0.0,0.0,0.0,0.0,Defender,-1.5
23693.0,Claudia Cabezas,Claudia Cabezas,female,2001-05-08T00:00:00+00:00,,,Rayo Vallecano,RVM,https://assets.laliga.com/assets/2019/06/07/medium/rayo-femenino.png,27.0,Midfielder,,0.0,9.0,0.0,0.0,0.0,0.0,0.0,0.0,0.0,3.0,0.0,0.0,0.0,0.0,0.0,0.0,0.0,0.0,0.0,0.0,0.0,0.0,0.0,0.0,0.0,0.0,0.0,0.0,0.0,0.0,0.0,0.0,0.0,0.0,0.0,Goalkeeper,-1.5
12086.0,Catalina Coll,Cata Coll,female,2001-04-23T00:00:00+00:00,,170.0,FC Barcelona,FCB,https://assets.laliga.com/assets/2019/06/07/medium/fc-barcelona-femenino.png,13.0,Goalkeeper,https://assets.laliga.com/squad/2021/t9121/p460040/512x556/p460040_t9121_2021_0_001_000.png,0.0,8.0,0.0,0.0,0.0,0.0,5.0,0.0,0.0,3.0,0.0,0.0,0.0,0.0,0.0,0.0,0.0,0.0,0.0,0.0,0.0,0.0,0.0,0.0,0.0,0.0,0.0,0.0,0.0,0.0,0.0,0.0,0.0,0.0,0.0,Midfielder,-1.5
25511.0,Amanda Edgren,Amanda Edgren,female,1993-08-24T00:00:00+00:00,,,Sporting Huelva,SPH,https://assets.laliga.com/assets/2019/06/07/medium/sporting-club.png,20.0,Midfielder,,0.0,7.0,0.0,0.0,0.0,0.0,0.0,0.0,1.0,5.0,0.0,0.0,0.0,0.0,0.0,0.0,0.0,1.0,0.0,0.0,0.0,0.0,0.0,0.0,0.0,0.0,0.0,0.0,0.0,0.0,1.0,0.0,0.0,0.0,0.0,Defender,-1.5
14482.0,Amanda Frisbie,Amanda Frisbie,female,1992-05-29T00:00:00+00:00,,173.0,At. Madrid Femenino,ATM,https://assets.laliga.com/assets/2019/06/07/medium/atletico-feminas.png,12.0,Defender,https://assets.laliga.com/squad/2021/t11212/p186338/512x556/p186338_t11212_2021_0_001_000.png,0.0,8.0,0.0,0.0,0.0,0.0,1.0,0.0,0.0,3.0,0.0,0.0,0.0,1.0,0.0,0.0,0.0,0.0,0.0,0.0,0.0,0.0,1.0,0.0,1.0,0.0,0.0,0.0,1.0,0.0,1.0,0.0,0.0,0.0,2.0,Midfielder,-1.5
12483.0,Leicy Santos,Leicy Santos,female,1996-05-16T00:00:00+00:00,52.0,160.0,At. Madrid Femenino,ATM,https://assets.laliga.com/assets/2019/06/07/medium/atletico-feminas.png,10.0,Midfielder,https://assets.laliga.com/squad/2021/t11212/p210638/512x556/p210638_t11212_2021_1_001_000.png,0.0,29.0,2.0,0.0,0.0,0.0,3.0,0.0,5.0,24.0,0.0,0.0,0.0,6.0,0.0,0.0,0.0,5.0,0.0,0.0,0.0,0.0,4.0,2.0,6.0,0.0,0.0,0.0,6.0,0.0,11.0,0.0,0.0,0.0,2.0,Midfielder,-2.0
6064.0,Lucía Méndez,Lucía Méndez,female,1999-02-19T00:00:00+00:00,53.0,162.0,R. Betis Féminas,RBB,https://assets.laliga.com/assets/2019/06/07/medium/betis.png,23.0,Midfielder,https://assets.laliga.com/squad/2021/t13322/p434580/512x556/p434580_t13322_2021_1_001_000.png,0.0,4.0,0.0,0.0,0.0,0.0,0.0,0.0,0.0,3.0,0.0,0.0,0.0,0.0,0.0,0.0,0.0,0.0,0.0,0.0,0.0,0.0,0.0,0.0,0.0,0.0,0.0,0.0,0.0,0.0,0.0,0.0,0.0,0.0,1.0,Defender,-2.0
13217.0,Elene Viles,Elene Viles,female,2001-07-02T00:00:00+00:00,,,Real Sociedad,RSO,https://assets.laliga.com/assets/2019/06/07/medium/real-sociedad.png,29.0,Midfielder,https://assets.laliga.com/squad/2021/t13324/p496232/512x556/p496232_t13324_2021_0_001_000.png,0.0,4.0,0.0,0.0,0.0,0.0,0.0,0.0,0.0,4.0,0.0,0.0,0.0,0.0,0.0,0.0,0.0,0.0,0.0,0.0,0.0,0.0,0.0,0.0,0.0,0.0,0.0,0.0,0.0,0.0,0.0,0.0,0.0,0.0,0.0,Midfielder,-2.0
3668.0,Nahikari García,Nahikari García,female,1997-03-10T00:00:00+00:00,55.0,161.0,Real Madrid Femenino,RMA,https://assets.laliga.com/assets/2019/06/07/medium/real-madrid.png,14.0,Forward,,0.0,24.0,2.0,0.0,0.0,0.0,0.0,0.0,4.0,16.0,0.0,0.0,0.0,2.0,0.0,0.0,0.0,4.0,0.0,0.0,0.0,0.0,2.0,0.0,2.0,0.0,0.0,0.0,2.0,0.0,6.0,0.0,0.0,0.0,0.0,Midfielder,-2.0
3625.0,María de Alharilla Casado,María de Alharilla Casado,female,1990-11-13T00:00:00+00:00,50.0,161.0,Levante UD,LUD,https://assets.laliga.com/assets/2019/06/07/medium/levante-femenino.png,17.0,Midfielder,https://assets.laliga.com/squad/2021/t13319/p434563/512x556/p434563_t13319_2021_1_001_000.png,0.0,7.0,0.0,0.0,0.0,0.0,4.0,0.0,0.0,3.0,0.0,0.0,0.0,0.0,0.0,0.0,0.0,0.0,0.0,0.0,0.0,0.0,0.0,0.0,0.0,0.0,0.0,0.0,0.0,0.0,0.0,0.0,0.0,0.0,1.0,Midfielder,-2.0
5491.0,Estefanía Banini,Estefanía Banini,female,1990-06-21T00:00:00+00:00,,163.0,At. Madrid Femenino,ATM,https://assets.laliga.com/assets/2019/06/07/medium/atletico-feminas.png,22.0,Midfielder,https://assets.laliga.com/squad/2021/t11212/p248364/512x556/p248364_t11212_2021_0_001_000.png,0.0,21.0,2.0,0.0,0.0,0.0,0.0,0.0,4.0,15.0,0.0,0.0,0.0,2.0,0.0,0.0,0.0,4.0,0.0,0.0,0.0,0.0,2.0,0.0,2.0,0.0,0.0,0.0,2.0,0.0,6.0,0.0,0.0,0.0,1.0,Forward,-2.0
13155.0,Mirari Uria,Mirari Uria,female,2003-01-01T00:00:00+00:00,,,Real Sociedad,RSO,https://assets.laliga.com/assets/2019/06/07/medium/real-sociedad.png,27.0,Forward,https://assets.laliga.com/squad/2021/t13324/p494769/512x556/p494769_t13324_2021_0_001_000.png,0.0,27.0,0.0,0.0,0.0,0.0,1.0,0.0,3.0,11.0,0.0,0.0,0.0,1.0,0.0,0.0,0.0,3.0,0.0,0.0,0.0,0.0,1.0,0.0,1.0,0.0,0.0,0.0,1.0,0.0,4.0,0.0,0.0,0.0,1.0,Midfielder,-2.0
21453.0,Abdulai Mukarama,Abdulai Mukarama,female,2002-10-10T00:00:00+00:00,,160.0,Deportivo Alavés,ALA,https://assets.laliga.com/assets/2021/06/28/medium/42d681848c77e9a837be29b98e03557b.png,8.0,Forward,,0.0,5.0,0.0,0.0,0.0,0.0,0.0,0.0,0.0,4.0,0.0,0.0,0.0,0.0,0.0,0.0,0.0,0.0,0.0,0.0,0.0,0.0,0.0,0.0,0.0,0.0,0.0,0.0,0.0,0.0,0.0,0.0,0.0,0.0,0.0,Midfielder,-2.0
14804.0,María López Valenzuela,María López Valenzuela,female,2002-11-26T00:00:00+00:00,,174.0,Levante UD,LUD,https://assets.laliga.com/assets/2019/06/07/medium/levante-femenino.png,1.0,Goalkeeper,https://assets.laliga.com/squad/2021/t13319/p248509/512x556/p248509_t13319_2021_1_001_000.png,0.0,5.0,0.0,0.0,0.0,0.0,2.0,0.0,0.0,5.0,0.0,0.0,0.0,0.0,0.0,0.0,0.0,0.0,0.0,0.0,0.0,0.0,0.0,0.0,0.0,0.0,0.0,0.0,0.0,0.0,0.0,0.0,0.0,0.0,0.0,Midfielder,-2.5
15027.0,Fiamma Iannuzzi,Fiamma Iannuzzi,female,2004-06-19T00:00:00+00:00,,,Levante UD,LUD,https://assets.laliga.com/assets/2019/06/07/medium/levante-femenino.png,9.0,Forward,https://assets.laliga.com/squad/2021/t13319/p497569/512x556/p497569_t13319_2021_1_001_000.png,0.0,13.0,0.0,0.0,0.0,0.0,0.0,0.0,0.0,7.0,0.0,0.0,0.0,1.0,0.0,0.0,0.0,0.0,0.0,0.0,0.0,0.0,1.0,0.0,1.0,0.0,0.0,0.0,1.0,0.0,1.0,0.0,0.0,0.0,0.0,Midfielder,-2.5
18998.0,Cristina Librán,Cristina Librán,female,2006-01-11T00:00:00+00:00,,,Madrid CFF,MAD,https://assets.laliga.com/assets/2019/06/07/medium/madrid-futbol-femenino.png,25.0,Midfielder,,0.0,4.0,0.0,0.0,0.0,0.0,0.0,0.0,1.0,8.0,0.0,0.0,0.0,0.0,0.0,0.0,0.0,1.0,0.0,0.0,0.0,0.0,0.0,0.0,0.0,0.0,0.0,0.0,0.0,0.0,1.0,0.0,0.0,0.0,0.0,Defender,-3.0
2519.0,Maite Oroz,Maite Oroz,female,1998-03-25T00:00:00+00:00,49.0,155.0,Real Madrid Femenino,RMA,https://assets.laliga.com/assets/2019/06/07/medium/real-madrid.png,8.0,Midfielder,,0.0,26.0,2.0,0.0,0.0,0.0,1.0,0.0,2.0,13.0,0.0,0.0,0.0,2.0,0.0,0.0,0.0,2.0,0.0,0.0,0.0,0.0,2.0,0.0,2.0,0.0,0.0,0.0,2.0,0.0,4.0,0.0,0.0,0.0,1.0,Midfielder,-3.0
11779.0,Ana Fernández,Ana Fernández,female,2000-03-03T00:00:00+00:00,,,Madrid CFF,MAD,https://assets.laliga.com/assets/2019/06/07/medium/madrid-futbol-femenino.png,31.0,Defender,https://assets.laliga.com/squad/2021/t13320/p465218/512x556/p465218_t13320_2021_0_001_000.png,0.0,3.0,0.0,0.0,0.0,0.0,0.0,0.0,0.0,6.0,0.0,0.0,0.0,0.0,0.0,0.0,0.0,0.0,0.0,0.0,0.0,0.0,0.0,0.0,0.0,0.0,0.0,0.0,0.0,0.0,0.0,0.0,0.0,0.0,0.0,Midfielder,-3.0
14825.0,Cristina Gey,Cristina Gey,female,1998-12-13T00:00:00+00:00,,,Sporting Huelva,SPH,https://assets.laliga.com/assets/2019/06/07/medium/sporting-club.png,21.0,Forward,https://assets.laliga.com/squad/2021/t13327/p509177/512x556/p509177_t13327_2021_1_001_000.png,0.0,15.0,0.0,0.0,0.0,0.0,0.0,0.0,0.0,6.0,0.0,0.0,0.0,0.0,0.0,0.0,0.0,0.0,0.0,0.0,0.0,0.0,0.0,0.0,0.0,0.0,0.0,0.0,0.0,0.0,0.0,0.0,0.0,0.0,0.0,Midfielder,-3.0
23611.0,Giovanna Crivelari Anselmo,Giovanna Crivelari,female,1993-02-23T00:00:00+00:00,,,Levante UD,LUD,https://assets.laliga.com/assets/2019/06/07/medium/levante-femenino.png,22.0,Forward,https://assets.laliga.com/squad/2021/t13319/p539147/512x556/p539147_t13319_2021_1_001_000.png,0.0,22.0,0.0,0.0,0.0,0.0,0.0,0.0,3.0,13.0,0.0,0.0,0.0,1.0,0.0,0.0,0.0,3.0,0.0,0.0,0.0,0.0,0.0,0.0,1.0,0.0,0.0,0.0,1.0,0.0,4.0,0.0,0.0,0.0,1.0,Midfielder,-3.5
3580.0,Carolina Férez,Carol,female,1991-06-26T00:00:00+00:00,53.0,163.0,Levante UD,LUD,https://assets.laliga.com/assets/2019/06/07/medium/levante-femenino.png,14.0,Forward,https://assets.laliga.com/squad/2021/t13319/p434310/512x556/p434310_t13319_2021_1_001_000.png,0.0,26.0,0.0,0.0,0.0,0.0,0.0,0.0,3.0,14.0,0.0,0.0,0.0,1.0,0.0,0.0,0.0,3.0,0.0,0.0,0.0,0.0,1.0,0.0,1.0,0.0,0.0,0.0,1.0,0.0,4.0,0.0,0.0,0.0,2.0,Midfielder,-4.0
15038.0,Nuria Martinez,Nuria Martinez,female,2003-01-03T00:00:00+00:00,,,Madrid CFF,MAD,https://assets.laliga.com/assets/2019/06/07/medium/madrid-futbol-femenino.png,6.0,Defender,,0.0,11.0,0.0,0.0,0.0,0.0,0.0,0.0,0.0,8.0,0.0,0.0,0.0,0.0,0.0,0.0,0.0,0.0,0.0,0.0,0.0,0.0,0.0,0.0,0.0,0.0,0.0,0.0,0.0,0.0,0.0,0.0,0.0,0.0,0.0,Midfielder,-4.0
25427.0,Michelle De Jongh,Michelle De Jongh,female,1997-05-19T00:00:00+00:00,,,Madrid CFF,MAD,https://assets.laliga.com/assets/2019/06/07/medium/madrid-futbol-femenino.png,29.0,Midfielder,,0.0,8.0,0.0,0.0,0.0,0.0,0.0,0.0,1.0,10.0,0.0,0.0,0.0,0.0,0.0,0.0,0.0,1.0,0.0,0.0,0.0,0.0,0.0,0.0,0.0,0.0,0.0,0.0,0.0,0.0,1.0,0.0,0.0,0.0,0.0,Midfielder,-4.0
8776.0,Judith Luzuriaga,Judith Luzuriaga,female,1999-03-17T00:00:00+00:00,54.0,168.0,Sporting Huelva,SPH,https://assets.laliga.com/assets/2019/06/07/medium/sporting-club.png,7.0,Midfielder,https://assets.laliga.com/squad/2021/t13327/p453553/512x556/p453553_t13327_2021_1_001_000.png,0.0,20.0,0.0,0.0,0.0,0.0,0.0,0.0,1.0,11.0,0.0,0.0,0.0,0.0,0.0,0.0,0.0,1.0,0.0,0.0,0.0,0.0,0.0,0.0,0.0,0.0,0.0,0.0,0.0,0.0,1.0,0.0,0.0,0.0,0.0,Defender,-4.5
6351.0,Julia Aguado,Julia Aguado,female,2000-05-02T00:00:00+00:00,,,VCF Femenino,VCF,https://assets.laliga.com/assets/2019/06/07/medium/valencia-femenino.png,30.0,Midfielder,https://assets.laliga.com/squad/2021/t13329/p435689/512x556/p435689_t13329_2021_1_001_000.png,0.0,12.0,0.0,0.0,0.0,0.0,0.0,0.0,0.0,8.0,0.0,0.0,0.0,0.0,0.0,0.0,0.0,0.0,0.0,0.0,0.0,0.0,0.0,0.0,0.0,0.0,0.0,0.0,0.0,0.0,0.0,0.0,0.0,0.0,1.0,Goalkeeper,-4.5
25424.0,Gisela Robledo,Gisela Robledo,female,2003-05-13T00:00:00+00:00,,165.0,UD Granadilla Tenerife Egatesa,UDG,https://assets.laliga.com/assets/2019/06/07/medium/granadilla.png,10.0,Midfielder,,0.0,10.0,0.0,0.0,0.0,0.0,0.0,0.0,0.0,8.0,0.0,0.0,0.0,0.0,0.0,0.0,0.0,0.0,0.0,0.0,0.0,0.0,0.0,0.0,0.0,0.0,0.0,0.0,0.0,0.0,0.0,0.0,0.0,0.0,1.0,Midfielder,-4.5
18854.0,Mariana Cerro,Mariana Cerro,female,2000-05-22T00:00:00+00:00,,,Athletic Club,ATH,https://assets.laliga.com/assets/2019/06/07/medium/athletic-femenino.png,26.0,Midfielder,https://assets.laliga.com/squad/2021/t12034/p535277/512x556/p535277_t12034_2021_1_001_000.png,0.0,13.0,0.0,0.0,0.0,0.0,0.0,0.0,0.0,9.0,0.0,0.0,0.0,0.0,0.0,0.0,0.0,0.0,0.0,0.0,0.0,0.0,0.0,0.0,0.0,0.0,0.0,0.0,0.0,0.0,0.0,0.0,0.0,0.0,0.0,Forward,-4.5
21437.0,Linda Bakker,Linda Bakker,female,1993-02-13T00:00:00+00:00,,,VCF Femenino,VCF,https://assets.laliga.com/assets/2019/06/07/medium/valencia-femenino.png,10.0,Midfielder,https://assets.laliga.com/squad/2021/t13329/p484369/512x556/p484369_t13329_2021_0_001_000.png,0.0,11.0,0.0,0.0,0.0,0.0,0.0,0.0,0.0,9.0,0.0,0.0,0.0,0.0,0.0,0.0,0.0,0.0,0.0,0.0,0.0,0.0,0.0,0.0,0.0,0.0,0.0,0.0,0.0,0.0,0.0,0.0,0.0,0.0,0.0,Midfielder,-4.5
14791.0,Honoka Yonei,Honoka Yonei,female,1999-04-19T00:00:00+00:00,47.0,159.0,SD Eibar,EIB,https://assets.laliga.com/assets/2019/06/07/medium/eibar.png,14.0,Midfielder,https://assets.laliga.com/squad/2021/t16881/p508017/512x556/p508017_t16881_2021_0_001_000.png,0.0,10.0,1.0,0.0,0.0,0.0,0.0,0.0,0.0,7.0,0.0,0.0,0.0,1.0,0.0,0.0,0.0,0.0,0.0,0.0,0.0,0.0,0.0,0.0,1.0,0.0,0.0,0.0,1.0,0.0,1.0,0.0,0.0,0.0,3.0,Defender,-4.5
6063.0,Amparo Delgado Vega,Amparito,female,1997-02-18T00:00:00+00:00,45.0,152.0,Sevilla FC,SFC,https://assets.laliga.com/assets/2019/06/07/medium/sevilla.png,15.0,Midfielder,https://assets.laliga.com/squad/2021/t13326/p434575/512x556/p434575_t13326_2021_1_001_000.png,0.0,12.0,0.0,0.0,0.0,0.0,2.0,0.0,0.0,7.0,0.0,0.0,0.0,0.0,0.0,0.0,0.0,0.0,0.0,0.0,0.0,0.0,0.0,0.0,0.0,0.0,0.0,0.0,0.0,0.0,0.0,0.0,0.0,0.0,2.0,Goalkeeper,-4.5
3652.0,Iraia Iparraguirre,Iraia Iparraguirre,female,1995-07-09T00:00:00+00:00,61.0,167.0,Real Sociedad,RSO,https://assets.laliga.com/assets/2019/06/07/medium/real-sociedad.png,2.0,Defender,https://assets.laliga.com/squad/2021/t13324/p434334/512x556/p434334_t13324_2021_0_001_000.png,0.0,12.0,1.0,0.0,0.0,0.0,3.0,0.0,0.0,12.0,0.0,0.0,0.0,1.0,0.0,0.0,0.0,0.0,0.0,0.0,0.0,0.0,1.0,0.0,1.0,0.0,0.0,0.0,1.0,0.0,1.0,0.0,0.0,0.0,0.0,Midfielder,-5.0
23387.0,Caroline Møller,Caroline Møller,female,1998-12-19T00:00:00+00:00,64.0,178.0,Real Madrid Femenino,RMA,https://assets.laliga.com/assets/2019/06/07/medium/real-madrid.png,16.0,Forward,,0.0,28.0,0.0,0.0,0.0,0.0,0.0,0.0,3.0,17.0,0.0,0.0,0.0,1.0,0.0,0.0,0.0,3.0,0.0,0.0,0.0,0.0,1.0,0.0,1.0,0.0,0.0,0.0,1.0,0.0,4.0,0.0,0.0,0.0,1.0,Midfielder,-5.0
25426.0,Young-Ju Lee,Lee Young-Ju,female,1992-04-22T00:00:00+00:00,,163.0,Madrid CFF,MAD,https://assets.laliga.com/assets/2019/06/07/medium/madrid-futbol-femenino.png,17.0,Midfielder,,0.0,8.0,0.0,0.0,0.0,0.0,2.0,0.0,0.0,10.0,0.0,0.0,0.0,0.0,0.0,0.0,0.0,0.0,0.0,0.0,0.0,0.0,0.0,0.0,0.0,0.0,0.0,0.0,0.0,0.0,0.0,0.0,0.0,0.0,0.0,Defender,-5.0
23677.0,Michele Vasconcelos,Michele Vasconcelos,female,1994-05-11T00:00:00+00:00,,165.0,Sevilla FC,SFC,https://assets.laliga.com/assets/2019/06/07/medium/sevilla.png,22.0,Midfielder,https://assets.laliga.com/squad/2021/t13326/p447459/512x556/p447459_t13326_2021_1_001_000.png,0.0,22.0,0.0,0.0,0.0,0.0,0.0,0.0,2.0,14.0,0.0,0.0,0.0,0.0,0.0,0.0,0.0,2.0,0.0,0.0,0.0,0.0,0.0,0.0,0.0,0.0,0.0,0.0,0.0,0.0,2.0,0.0,0.0,0.0,1.0,Forward,-5.5
6310.0,Jucinara Thaís Soares Paz,Jucinara,female,1993-08-03T00:00:00+00:00,54.0,162.0,Levante UD,LUD,https://assets.laliga.com/assets/2019/06/07/medium/levante-femenino.png,16.0,Defender,https://assets.laliga.com/squad/2021/t13319/p424166/512x556/p424166_t13319_2021_1_001_000.png,0.0,17.0,0.0,0.0,0.0,0.0,3.0,0.0,0.0,13.0,0.0,0.0,0.0,1.0,0.0,0.0,0.0,0.0,0.0,0.0,0.0,0.0,1.0,0.0,1.0,0.0,0.0,0.0,1.0,0.0,0.0,0.0,0.0,0.0,0.0,Midfielder,-5.5
9800.0,Izarne Sarasola,Izarne Sarasola,female,2002-02-17T00:00:00+00:00,,,Real Sociedad,RSO,https://assets.laliga.com/assets/2019/06/07/medium/real-sociedad.png,23.0,Midfielder,,0.0,15.0,1.0,0.0,0.0,0.0,2.0,0.0,0.0,14.0,0.0,0.0,0.0,1.0,0.0,0.0,0.0,0.0,0.0,0.0,0.0,0.0,1.0,0.0,1.0,0.0,0.0,0.0,1.0,0.0,1.0,0.0,0.0,0.0,0.0,Defender,-6.0
8651.0,Lucia Rodriguez,Lucia Rodriguez,female,1999-05-24T00:00:00+00:00,60.0,164.0,Real Madrid Femenino,RMA,https://assets.laliga.com/assets/2019/06/07/medium/real-madrid.png,18.0,Defender,,0.0,25.0,0.0,0.0,0.0,0.0,2.0,0.0,0.0,12.0,0.0,0.0,0.0,1.0,0.0,0.0,0.0,0.0,0.0,0.0,0.0,0.0,1.0,0.0,1.0,0.0,0.0,0.0,1.0,0.0,1.0,0.0,0.0,0.0,2.0,Midfielder,-6.0
14766.0,Amaia Peña,Amaia Peña,female,1998-11-22T00:00:00+00:00,67.0,176.0,SD Eibar,EIB,https://assets.laliga.com/assets/2019/06/07/medium/eibar.png,24.0,Goalkeeper,,0.0,6.0,0.0,0.0,0.0,0.0,2.0,0.0,0.0,12.0,0.0,0.0,0.0,0.0,0.0,0.0,0.0,0.0,0.0,0.0,0.0,0.0,0.0,0.0,0.0,0.0,0.0,0.0,0.0,0.0,0.0,0.0,0.0,0.0,0.0,Midfielder,-6.0
8759.0,Karen Araya,Karen Araya,female,1990-10-16T00:00:00+00:00,62.0,164.0,Sevilla FC,SFC,https://assets.laliga.com/assets/2019/06/07/medium/sevilla.png,12.0,Midfielder,,0.0,14.0,1.0,0.0,0.0,0.0,0.0,0.0,1.0,16.0,0.0,0.0,0.0,1.0,0.0,0.0,0.0,1.0,0.0,0.0,0.0,0.0,1.0,0.0,1.0,0.0,0.0,0.0,1.0,0.0,2.0,0.0,0.0,0.0,0.0,Forward,-6.0
3663.0,Ane Etxezarreta,Ane Etxezarreta,female,1995-08-24T00:00:00+00:00,64.0,166.0,Real Sociedad,RSO,https://assets.laliga.com/assets/2019/06/07/medium/real-sociedad.png,6.0,Midfielder,https://assets.laliga.com/squad/2021/t13324/p434337/512x556/p434337_t13324_2021_0_001_000.png,0.0,21.0,1.0,0.0,0.0,0.0,6.0,0.0,1.0,15.0,0.0,0.0,0.0,1.0,0.0,0.0,0.0,1.0,0.0,0.0,0.0,0.0,1.0,0.0,1.0,0.0,0.0,0.0,1.0,0.0,2.0,0.0,0.0,0.0,1.0,Forward,-6.0
12772.0,Elene Lete,Elene Lete,female,2002-05-07T00:00:00+00:00,66.0,173.0,Real Sociedad,RSO,https://assets.laliga.com/assets/2019/06/07/medium/real-sociedad.png,25.0,Goalkeeper,https://assets.laliga.com/squad/2021/t13324/p492095/512x556/p492095_t13324_2021_0_001_000.png,0.0,22.0,0.0,0.0,0.0,0.0,11.0,0.0,0.0,14.0,0.0,0.0,0.0,0.0,0.0,0.0,0.0,0.0,0.0,0.0,0.0,0.0,0.0,0.0,0.0,0.0,0.0,0.0,0.0,0.0,0.0,0.0,0.0,0.0,0.0,Midfielder,-7.0
6093.0,Aurélie Kaci,Aurélie Kaci,female,1989-12-19T00:00:00+00:00,58.0,163.0,Real Madrid Femenino,RMA,https://assets.laliga.com/assets/2019/06/07/medium/real-madrid.png,6.0,Midfielder,,0.0,15.0,0.0,0.0,0.0,0.0,3.0,0.0,0.0,12.0,0.0,0.0,0.0,0.0,0.0,0.0,0.0,0.0,0.0,0.0,0.0,0.0,0.0,0.0,0.0,0.0,0.0,0.0,0.0,0.0,0.0,0.0,0.0,0.0,2.0,Midfielder,-7.0
3622.0,Maitane López,Maitane López,female,1995-03-13T00:00:00+00:00,61.0,175.0,At. Madrid Femenino,ATM,https://assets.laliga.com/assets/2019/06/07/medium/atletico-feminas.png,7.0,Midfielder,https://assets.laliga.com/squad/2021/t11212/p192088/512x556/p192088_t11212_2021_0_001_000.png,0.0,30.0,1.0,0.0,0.0,0.0,10.0,0.0,5.0,28.0,0.0,0.0,0.0,4.0,0.0,0.0,0.0,5.0,0.0,0.0,0.0,0.0,3.0,1.0,4.0,0.0,0.0,0.0,4.0,0.0,9.0,0.0,0.0,0.0,4.0,Defender,-7.0
7205.0,Ana Franco,Ana Franco,female,1999-06-06T00:00:00+00:00,,,Sevilla FC,SFC,https://assets.laliga.com/assets/2019/06/07/medium/sevilla.png,9.0,Midfielder,https://assets.laliga.com/squad/2021/t13326/p440124/512x556/p440124_t13326_2021_1_001_000.png,0.0,23.0,0.0,0.0,0.0,0.0,0.0,0.0,0.0,12.0,0.0,0.0,0.0,0.0,0.0,0.0,0.0,1.0,0.0,0.0,0.0,0.0,0.0,0.0,0.0,0.0,0.0,0.0,0.0,0.0,1.0,0.0,0.0,0.0,3.0,Goalkeeper,-7.0
22804.0,Hannah Keane,Hannah Keane,female,1993-05-07T00:00:00+00:00,,183.0,Sporting Huelva,SPH,https://assets.laliga.com/assets/2019/06/07/medium/sporting-club.png,12.0,Forward,https://assets.laliga.com/squad/2021/t13327/p545926/512x556/p545926_t13327_2021_1_001_000.png,0.0,29.0,0.0,0.0,0.0,0.0,4.0,0.0,5.0,27.0,0.0,0.0,0.0,3.0,0.0,0.0,0.0,5.0,0.0,0.0,0.0,0.0,2.0,1.0,3.0,0.0,0.0,0.0,3.0,0.0,7.0,0.0,0.0,0.0,3.0,Midfielder,-7.0
3606.0,Noelia Ramos,Noelia Ramos,female,1999-02-10T00:00:00+00:00,60.0,168.0,UD Granadilla Tenerife Egatesa,UDG,https://assets.laliga.com/assets/2019/06/07/medium/granadilla.png,24.0,Goalkeeper,,0.0,11.0,0.0,0.0,0.0,0.0,3.0,0.0,0.0,13.0,0.0,0.0,0.0,0.0,0.0,0.0,0.0,0.0,0.0,0.0,0.0,0.0,0.0,0.0,0.0,0.0,0.0,0.0,0.0,0.0,0.0,0.0,0.0,0.0,2.0,Midfielder,-7.5
25425.0,Mária Korenciová,Mária Korenciová,female,1989-04-27T00:00:00+00:00,,,Levante UD,LUD,https://assets.laliga.com/assets/2019/06/07/medium/levante-femenino.png,24.0,Goalkeeper,,0.0,9.0,0.0,0.0,0.0,0.0,1.0,0.0,0.0,15.0,0.0,0.0,0.0,0.0,0.0,0.0,0.0,0.0,0.0,0.0,0.0,0.0,0.0,0.0,0.0,0.0,0.0,0.0,0.0,0.0,0.0,0.0,0.0,0.0,0.0,Midfielder,-7.5
3666.0,Cristina Pizarro Mingo,Chini Pizarro,female,1989-11-20T00:00:00+00:00,53.0,160.0,Sporting Huelva,SPH,https://assets.laliga.com/assets/2019/06/07/medium/sporting-club.png,17.0,Midfielder,https://assets.laliga.com/squad/2021/t13327/p434342/512x556/p434342_t13327_2021_1_001_000.png,0.0,22.0,0.0,0.0,0.0,0.0,1.0,0.0,0.0,16.0,0.0,0.0,0.0,1.0,0.0,0.0,0.0,0.0,0.0,0.0,0.0,0.0,1.0,0.0,1.0,0.0,0.0,0.0,1.0,0.0,1.0,0.0,0.0,0.0,1.0,Forward,-7.5
3578.0,Claudia Zornoza,Claudia Zornoza,female,1990-10-20T00:00:00+00:00,57.0,164.0,Real Madrid Femenino,RMA,https://assets.laliga.com/assets/2019/06/07/medium/real-madrid.png,21.0,Midfielder,,0.0,28.0,5.0,0.0,0.0,0.0,11.0,0.0,2.0,25.0,0.0,0.0,0.0,10.0,0.0,1.0,0.0,2.0,0.0,0.0,0.0,0.0,5.0,1.0,8.0,0.0,0.0,2.0,10.0,0.0,9.0,0.0,0.0,2.0,8.0,Defender,-8.0
3675.0,Maddi Torre,Maddi Torre,female,1996-03-30T00:00:00+00:00,61.0,171.0,Real Sociedad,RSO,https://assets.laliga.com/assets/2019/06/07/medium/real-sociedad.png,5.0,Defender,https://assets.laliga.com/squad/2021/t13324/p434440/512x556/p434440_t13324_2021_0_001_000.png,0.0,17.0,0.0,0.0,0.0,0.0,3.0,0.0,0.0,16.0,0.0,0.0,0.0,0.0,0.0,0.0,0.0,0.0,0.0,0.0,0.0,0.0,0.0,0.0,0.0,0.0,0.0,0.0,0.0,0.0,0.0,0.0,0.0,0.0,1.0,Midfielder,-8.5
13078.0,Ana Lucía de Teresa Romero,Ana de Teresa,female,2001-11-05T00:00:00+00:00,,,SD Eibar,EIB,https://assets.laliga.com/assets/2019/06/07/medium/eibar.png,5.0,Forward,,0.0,16.0,0.0,0.0,0.0,0.0,0.0,0.0,1.0,19.0,0.0,0.0,0.0,0.0,0.0,0.0,0.0,1.0,0.0,0.0,0.0,0.0,0.0,0.0,0.0,0.0,0.0,0.0,0.0,0.0,0.0,0.0,0.0,0.0,0.0,Midfielder,-8.5
8533.0,Claire Falknor,Claire Falknor,female,1993-05-12T00:00:00+00:00,66.0,163.0,UD Granadilla Tenerife Egatesa,UDG,https://assets.laliga.com/assets/2019/06/07/medium/granadilla.png,12.0,Midfielder,https://assets.laliga.com/squad/2021/t13328/p197075/512x556/p197075_t13328_2021_1_001_000.png,0.0,26.0,0.0,0.0,0.0,0.0,1.0,0.0,1.0,19.0,0.0,0.0,0.0,0.0,0.0,0.0,0.0,1.0,0.0,0.0,0.0,0.0,0.0,0.0,0.0,0.0,0.0,0.0,0.0,0.0,1.0,0.0,0.0,0.0,1.0,Midfielder,-9.0
7056.0,Emma Ramírez,Emma Ramírez,female,2002-05-10T00:00:00+00:00,63.0,167.0,Real Sociedad,RSO,https://assets.laliga.com/assets/2019/06/07/medium/real-sociedad.png,18.0,Defender,,0.0,26.0,0.0,0.0,0.0,0.0,6.0,0.0,4.0,29.0,0.0,0.0,0.0,3.0,0.0,0.0,0.0,4.0,0.0,0.0,0.0,0.0,2.0,1.0,3.0,0.0,0.0,0.0,3.0,0.0,7.0,0.0,0.0,0.0,3.0,Midfielder,-9.0
8789.0,Oriana Altuve,Oriana Altuve,female,1992-10-03T00:00:00+00:00,55.0,171.0,VCF Femenino,VCF,https://assets.laliga.com/assets/2019/06/07/medium/valencia-femenino.png,18.0,Forward,https://assets.laliga.com/squad/2021/t13329/p459037/512x556/p459037_t13329_2021_0_001_000.png,0.0,22.0,1.0,0.0,0.0,0.0,1.0,0.0,6.0,31.0,0.0,0.0,0.0,1.0,0.0,0.0,0.0,6.0,0.0,0.0,0.0,0.0,0.0,0.0,1.0,0.0,0.0,0.0,1.0,0.0,6.0,0.0,0.0,0.0,1.0,Midfielder,-9.5
3579.0,Mari Paz Vilas,Mari Paz Vilas,female,1988-02-01T00:00:00+00:00,62.0,160.0,R. Betis Féminas,RBB,https://assets.laliga.com/assets/2019/06/07/medium/betis.png,10.0,Forward,https://assets.laliga.com/squad/2021/t13322/p242635/512x556/p242635_t13322_2021_1_001_000.png,0.0,22.0,2.0,0.0,0.0,0.0,1.0,0.0,8.0,35.0,0.0,0.0,0.0,3.0,0.0,0.0,0.0,8.0,0.0,0.0,0.0,0.0,2.0,0.0,4.0,0.0,0.0,0.0,4.0,0.0,7.0,0.0,0.0,0.0,7.0,Midfielder,-10.0
6076.0,Berta Pujadas,Berta Pujadas,female,2000-04-09T00:00:00+00:00,66.0,172.0,VCF Femenino,VCF,https://assets.laliga.com/assets/2019/06/07/medium/valencia-femenino.png,2.0,Defender,https://assets.laliga.com/squad/2021/t13329/p212405/512x556/p212405_t13329_2021_1_001_000.png,0.0,10.0,0.0,0.0,0.0,0.0,1.0,0.0,0.0,19.0,0.0,0.0,0.0,0.0,0.0,0.0,0.0,0.0,0.0,0.0,0.0,0.0,0.0,0.0,0.0,0.0,0.0,0.0,0.0,0.0,0.0,0.0,0.0,0.0,1.0,Midfielder,-10.0
3665.0,Itziar Gastearena Artola,Gaste,female,1993-05-04T00:00:00+00:00,49.0,161.0,Deportivo Alavés,ALA,https://assets.laliga.com/assets/2021/06/28/medium/42d681848c77e9a837be29b98e03557b.png,4.0,Defender,,0.0,8.0,0.0,0.0,0.0,0.0,1.0,0.0,0.0,19.0,0.0,0.0,0.0,0.0,0.0,0.0,0.0,0.0,0.0,0.0,0.0,0.0,0.0,0.0,0.0,0.0,0.0,0.0,0.0,0.0,0.0,0.0,0.0,0.0,1.0,Midfielder,-10.0
19551.0,Beatriz Prades,Beatriz Prades,female,1999-11-16T00:00:00+00:00,,,Villarreal CF,VIL,https://assets.laliga.com/assets/2021/06/28/medium/9fbd53c24db4a5ff2257fa8ba57b59d4.png,16.0,Midfielder,https://assets.laliga.com/squad/2021/t18273/p543159/512x556/p543159_t18273_2021_0_001_000.png,0.0,20.0,0.0,0.0,0.0,0.0,3.0,0.0,0.0,20.0,0.0,0.0,0.0,0.0,0.0,0.0,0.0,0.0,0.0,0.0,0.0,0.0,0.0,0.0,0.0,0.0,0.0,0.0,0.0,0.0,0.0,0.0,0.0,0.0,1.0,Defender,-10.5
3562.0,Carmen Menayo,Carmen Menayo,female,1998-04-14T00:00:00+00:00,62.0,170.0,At. Madrid Femenino,ATM,https://assets.laliga.com/assets/2019/06/07/medium/atletico-feminas.png,11.0,Defender,https://assets.laliga.com/squad/2021/t11212/p176175/512x556/p176175_t11212_2021_1_001_000.png,0.0,27.0,1.0,0.0,0.0,0.0,5.0,0.0,0.0,21.0,0.0,0.0,0.0,1.0,0.0,0.0,0.0,0.0,0.0,0.0,0.0,0.0,1.0,0.0,1.0,0.0,0.0,0.0,1.0,0.0,1.0,0.0,0.0,0.0,2.0,Midfielder,-10.5
21677.0,Laura Gutiérrez Sáenz de Santa María,Laurina,female,2000-04-18T00:00:00+00:00,,,R. Betis Féminas,RBB,https://assets.laliga.com/assets/2019/06/07/medium/betis.png,9.0,Midfielder,https://assets.laliga.com/squad/2021/t13322/p545264/512x556/p545264_t13322_2021_1_001_000.png,0.0,24.0,0.0,0.0,0.0,0.0,0.0,0.0,0.0,21.0,0.0,0.0,0.0,1.0,0.0,0.0,0.0,0.0,0.0,0.0,0.0,0.0,0.0,1.0,1.0,0.0,0.0,0.0,1.0,0.0,1.0,0.0,0.0,0.0,2.0,Defender,-10.5
9230.0,Fatoumata Kanteh,Fatoumata Kanteh,female,1997-07-02T00:00:00+00:00,,,Sporting Huelva,SPH,https://assets.laliga.com/assets/2019/06/07/medium/sporting-club.png,8.0,Forward,https://assets.laliga.com/squad/2021/t13327/p453549/512x556/p453549_t13327_2021_1_001_000.png,0.0,28.0,2.0,0.0,0.0,0.0,6.0,0.0,4.0,29.0,0.0,0.0,0.0,2.0,0.0,0.0,0.0,4.0,0.0,0.0,0.0,0.0,2.0,0.0,2.0,0.0,0.0,0.0,2.0,0.0,5.0,0.0,0.0,0.0,4.0,Midfielder,-10.5
13342.0,María Inmaculada Gabarro,Inma Gabarro,female,2002-11-05T00:00:00+00:00,,,Sevilla FC,SFC,https://assets.laliga.com/assets/2019/06/07/medium/sevilla.png,10.0,Midfielder,https://assets.laliga.com/squad/2021/t13326/p499954/512x556/p499954_t13326_2021_1_001_000.png,0.0,30.0,0.0,0.0,0.0,0.0,1.0,0.0,5.0,34.0,0.0,0.0,0.0,3.0,0.0,0.0,0.0,5.0,0.0,0.0,0.0,0.0,2.0,1.0,3.0,0.0,0.0,0.0,3.0,0.0,8.0,0.0,0.0,0.0,3.0,Defender,-10.5
4550.0,Irene Guerrero,Irene Guerrero,female,1996-12-12T00:00:00+00:00,54.0,168.0,Levante UD,LUD,https://assets.laliga.com/assets/2019/06/07/medium/levante-femenino.png,8.0,Midfielder,https://assets.laliga.com/squad/2021/t13319/p434446/512x556/p434446_t13319_2021_1_001_000.png,0.0,27.0,1.0,0.0,0.0,0.0,5.0,0.0,1.0,27.0,0.0,0.0,0.0,3.0,0.0,0.0,0.0,1.0,0.0,0.0,0.0,0.0,3.0,0.0,3.0,0.0,0.0,0.0,3.0,0.0,2.0,0.0,0.0,0.0,3.0,Forward,-11.0
25553.0,Natalie Muth,Natalie Muth,female,1998-07-27T00:00:00+00:00,,,SD Eibar,EIB,https://assets.laliga.com/assets/2019/06/07/medium/eibar.png,12.0,Midfielder,,0.0,11.0,0.0,0.0,0.0,0.0,1.0,0.0,0.0,18.0,0.0,0.0,0.0,0.0,0.0,0.0,0.0,0.0,0.0,0.0,0.0,0.0,0.0,0.0,0.0,0.0,0.0,0.0,0.0,0.0,0.0,0.0,0.0,0.0,4.0,Goalkeeper,-11.0
2523.0,Marta Unzué,Marta Unzué,female,1988-07-04T00:00:00+00:00,59.0,170.0,Athletic Club,ATH,https://assets.laliga.com/assets/2019/06/07/medium/athletic-femenino.png,8.0,Midfielder,https://assets.laliga.com/squad/2021/t12034/p225118/512x556/p225118_t12034_2021_1_001_000.png,0.0,25.0,0.0,0.0,0.0,0.0,2.0,0.0,0.0,21.0,0.0,0.0,0.0,0.0,0.0,0.0,0.0,0.0,0.0,0.0,0.0,0.0,0.0,0.0,0.0,0.0,0.0,0.0,0.0,0.0,0.0,0.0,0.0,0.0,1.0,Forward,-11.0
3660.0,Leire Baños,Leire Baños,female,1996-11-29T00:00:00+00:00,62.0,166.0,Levante UD,LUD,https://assets.laliga.com/assets/2019/06/07/medium/levante-femenino.png,12.0,Midfielder,https://assets.laliga.com/squad/2021/t13319/p191673/512x556/p191673_t13319_2021_1_001_000.png,0.0,29.0,1.0,0.0,0.0,0.0,7.0,0.0,5.0,35.0,0.0,0.0,0.0,1.0,0.0,0.0,0.0,5.0,0.0,0.0,0.0,0.0,0.0,1.0,1.0,0.0,0.0,0.0,1.0,0.0,5.0,0.0,0.0,0.0,0.0,Defender,-11.5
3667.0,Itxaso Uriarte,Itxaso Uriarte,female,1991-09-01T00:00:00+00:00,58.0,168.0,Athletic Club,ATH,https://assets.laliga.com/assets/2019/06/07/medium/athletic-femenino.png,18.0,Midfielder,https://assets.laliga.com/squad/2021/t12034/p434338/512x556/p434338_t12034_2021_0_001_000.png,0.0,22.0,1.0,0.0,0.0,0.0,0.0,0.0,0.0,24.0,0.0,0.0,0.0,3.0,0.0,0.0,0.0,0.0,0.0,0.0,0.0,0.0,1.0,0.0,3.0,0.0,0.0,0.0,3.0,0.0,3.0,0.0,0.0,0.0,3.0,Defender,-11.5
3599.0,Eva Llamas,Eva Llamas,female,1992-05-29T00:00:00+00:00,58.0,170.0,R. Betis Féminas,RBB,https://assets.laliga.com/assets/2019/06/07/medium/betis.png,6.0,Midfielder,https://assets.laliga.com/squad/2021/t13322/p434321/512x556/p434321_t13322_2021_1_001_000.png,0.0,21.0,0.0,0.0,0.0,0.0,4.0,0.0,1.0,26.0,0.0,0.0,0.0,0.0,0.0,1.0,0.0,1.0,0.0,0.0,0.0,0.0,0.0,0.0,0.0,0.0,0.0,0.0,0.0,0.0,1.0,0.0,0.0,0.0,0.0,Forward,-12.5
14787.0,Aída Esteve,Aída Esteve,female,2001-03-12T00:00:00+00:00,,,SD Eibar,EIB,https://assets.laliga.com/assets/2019/06/07/medium/eibar.png,8.0,Midfielder,https://assets.laliga.com/squad/2021/t16881/p509121/512x556/p509121_t16881_2021_0_001_000.png,0.0,26.0,0.0,0.0,0.0,0.0,0.0,0.0,4.0,29.0,0.0,0.0,0.0,0.0,0.0,0.0,0.0,4.0,0.0,0.0,0.0,0.0,0.0,0.0,0.0,0.0,0.0,0.0,0.0,0.0,4.0,0.0,0.0,0.0,4.0,Forward,-12.5
12427.0,Grace Asantewaa,Grace Asantewaa,female,2000-12-05T00:00:00+00:00,,159.0,R. Betis Féminas,RBB,https://assets.laliga.com/assets/2019/06/07/medium/betis.png,15.0,Midfielder,https://assets.laliga.com/squad/2021/t13322/p447996/512x556/p447996_t13322_2021_1_001_000.png,0.0,28.0,0.0,0.0,0.0,0.0,2.0,0.0,7.0,34.0,0.0,0.0,0.0,0.0,0.0,1.0,0.0,7.0,0.0,0.0,0.0,0.0,0.0,0.0,0.0,0.0,0.0,0.0,0.0,0.0,6.0,0.0,0.0,0.0,4.0,Defender,-12.5
2525.0,Gemma Gili,Gemma Gili,female,1994-05-21T00:00:00+00:00,58.0,166.0,Real Sociedad,RSO,https://assets.laliga.com/assets/2019/06/07/medium/real-sociedad.png,21.0,Midfielder,https://assets.laliga.com/squad/2021/t13324/p225121/512x556/p225121_t13324_2021_0_001_000.png,0.0,30.0,0.0,0.0,0.0,0.0,7.0,0.0,3.0,35.0,0.0,0.0,0.0,3.0,0.0,0.0,0.0,3.0,0.0,0.0,0.0,0.0,2.0,0.0,3.0,0.0,0.0,0.0,3.0,0.0,6.0,0.0,0.0,0.0,2.0,Defender,-13.0
2513.0,Garazi Murua,Garazi Murua,female,1995-01-24T00:00:00+00:00,63.0,167.0,Athletic Club,ATH,https://assets.laliga.com/assets/2019/06/07/medium/athletic-femenino.png,4.0,Defender,https://assets.laliga.com/squad/2021/t12034/p192087/512x556/p192087_t12034_2021_1_001_000.png,0.0,22.0,0.0,0.0,0.0,0.0,2.0,0.0,2.0,28.0,0.0,0.0,0.0,0.0,0.0,0.0,0.0,2.0,0.0,0.0,0.0,0.0,0.0,0.0,0.0,0.0,0.0,0.0,0.0,0.0,2.0,0.0,0.0,0.0,2.0,Midfielder,-13.0
3569.0,Ivana Andrés,Ivana Andrés,female,1994-07-13T00:00:00+00:00,60.0,163.0,Real Madrid Femenino,RMA,https://assets.laliga.com/assets/2019/06/07/medium/real-madrid.png,5.0,Defender,,0.0,27.0,1.0,0.0,0.0,0.0,8.0,0.0,0.0,25.0,0.0,0.0,0.0,2.0,0.0,0.0,0.0,0.0,0.0,0.0,0.0,0.0,2.0,0.0,2.0,0.0,0.0,0.0,2.0,0.0,1.0,0.0,0.0,0.0,5.0,Midfielder,-13.0
14828.0,Iina Salmi,Iina Salmi,female,1994-10-12T00:00:00+00:00,,164.0,VCF Femenino,VCF,https://assets.laliga.com/assets/2019/06/07/medium/valencia-femenino.png,7.0,Midfielder,https://assets.laliga.com/squad/2021/t13329/p176322/512x556/p176322_t13329_2021_1_001_000.png,0.0,30.0,1.0,0.0,0.0,0.0,0.0,0.0,3.0,33.0,0.0,0.0,0.0,2.0,0.0,0.0,0.0,3.0,0.0,0.0,0.0,0.0,0.0,1.0,2.0,0.0,0.0,0.0,2.0,0.0,5.0,0.0,0.0,0.0,3.0,Defender,-13.5
3536.0,Estela Fernández,Estela Fernández,female,1991-05-09T00:00:00+00:00,62.0,169.0,Madrid CFF,MAD,https://assets.laliga.com/assets/2019/06/07/medium/madrid-futbol-femenino.png,21.0,Midfielder,https://assets.laliga.com/squad/2021/t13320/p434373/512x556/p434373_t13320_2021_0_001_000.png,0.0,20.0,0.0,0.0,0.0,0.0,0.0,0.0,1.0,29.0,0.0,0.0,0.0,3.0,0.0,0.0,0.0,1.0,0.0,0.0,0.0,0.0,2.0,0.0,3.0,0.0,0.0,0.0,3.0,0.0,4.0,0.0,0.0,0.0,5.0,Forward,-13.5
19538.0,Miku Ito,Miku Ito,female,1999-11-06T00:00:00+00:00,,,Deportivo Alavés,ALA,https://assets.laliga.com/assets/2021/06/28/medium/42d681848c77e9a837be29b98e03557b.png,23.0,Midfielder,,0.0,22.0,0.0,0.0,0.0,0.0,0.0,0.0,1.0,25.0,0.0,0.0,0.0,0.0,0.0,0.0,0.0,1.0,0.0,0.0,0.0,0.0,0.0,0.0,0.0,0.0,0.0,0.0,0.0,0.0,1.0,0.0,0.0,0.0,4.0,Midfielder,-13.5
6319.0,Cristina Cubedo,Cristina Cubedo,female,1999-10-21T00:00:00+00:00,,,UD Granadilla Tenerife Egatesa,UDG,https://assets.laliga.com/assets/2019/06/07/medium/granadilla.png,3.0,Defender,https://assets.laliga.com/squad/2021/t13328/p434640/512x556/p434640_t13328_2021_1_001_000.png,0.0,24.0,0.0,0.0,0.0,0.0,9.0,0.0,0.0,26.0,0.0,0.0,0.0,0.0,0.0,0.0,0.0,0.0,1.0,0.0,0.0,0.0,0.0,0.0,0.0,0.0,0.0,0.0,0.0,0.0,0.0,0.0,0.0,0.0,2.0,Midfielder,-14.0
12441.0,Ascensión Martínez Salinas,Asun Martínez,female,2002-02-20T00:00:00+00:00,,,VCF Femenino,VCF,https://assets.laliga.com/assets/2019/06/07/medium/valencia-femenino.png,9.0,Forward,https://assets.laliga.com/squad/2021/t13329/p487880/512x556/p487880_t13329_2021_1_001_000.png,0.0,26.0,1.0,0.0,0.0,0.0,0.0,0.0,2.0,31.0,0.0,0.0,0.0,2.0,0.0,0.0,0.0,2.0,0.0,0.0,0.0,0.0,1.0,1.0,2.0,0.0,0.0,0.0,2.0,0.0,4.0,0.0,0.0,0.0,5.0,Midfielder,-14.0
14507.0,Irene Oguiza,Irene Oguiza,female,2000-01-05T00:00:00+00:00,,,Athletic Club,ATH,https://assets.laliga.com/assets/2019/06/07/medium/athletic-femenino.png,12.0,Midfielder,https://assets.laliga.com/squad/2021/t12034/p502267/512x556/p502267_t12034_2021_1_001_000.png,0.0,22.0,0.0,0.0,0.0,0.0,2.0,0.0,2.0,29.0,0.0,0.0,0.0,1.0,0.0,0.0,0.0,2.0,0.0,0.0,0.0,0.0,1.0,0.0,1.0,0.0,0.0,0.0,1.0,0.0,3.0,0.0,0.0,0.0,5.0,Midfielder,-14.0
12030.0,Iris Arnaiz,Iris Arnaiz,female,1994-05-18T00:00:00+00:00,,,Real Sociedad,RSO,https://assets.laliga.com/assets/2019/06/07/medium/real-sociedad.png,8.0,Midfielder,,0.0,25.0,1.0,0.0,0.0,0.0,3.0,0.0,1.0,29.0,0.0,0.0,0.0,1.0,0.0,0.0,0.0,1.0,0.0,0.0,0.0,0.0,1.0,0.0,1.0,0.0,0.0,0.0,1.0,0.0,2.0,0.0,0.0,0.0,4.0,Midfielder,-14.5
14829.0,Ellen Jansen,Ellen Jansen,female,1992-10-06T00:00:00+00:00,,174.0,VCF Femenino,VCF,https://assets.laliga.com/assets/2019/06/07/medium/valencia-femenino.png,17.0,Forward,https://assets.laliga.com/squad/2021/t13329/p196835/512x556/p196835_t13329_2021_1_001_000.png,0.0,25.0,0.0,0.0,0.0,0.0,2.0,0.0,0.0,27.0,0.0,0.0,0.0,1.0,0.0,0.0,0.0,0.0,0.0,0.0,0.0,0.0,0.0,0.0,1.0,0.0,0.0,0.0,1.0,0.0,1.0,0.0,0.0,0.0,4.0,Midfielder,-15.0
23057.0,Freja Abilda,Freja Abilda,female,1998-05-11T00:00:00+00:00,,168.0,Sporting Huelva,SPH,https://assets.laliga.com/assets/2019/06/07/medium/sporting-club.png,18.0,Midfielder,https://assets.laliga.com/squad/2021/t13327/p216049/512x556/p216049_t13327_2021_1_001_000.png,0.0,23.0,0.0,0.0,0.0,0.0,3.0,0.0,0.0,28.0,0.0,0.0,0.0,0.0,0.0,0.0,0.0,0.0,0.0,0.0,0.0,0.0,0.0,0.0,0.0,0.0,0.0,0.0,0.0,0.0,0.0,0.0,0.0,0.0,3.0,Defender,-15.5
12018.0,Malena Mieres,Malena Mieres,female,2000-03-29T00:00:00+00:00,,,SD Eibar,EIB,https://assets.laliga.com/assets/2019/06/07/medium/eibar.png,13.0,Goalkeeper,https://assets.laliga.com/squad/2021/t16881/p461226/512x556/p461226_t16881_2021_0_001_000.png,0.0,15.0,0.0,0.0,0.0,0.0,0.0,0.0,0.0,33.0,0.0,0.0,0.0,1.0,0.0,0.0,0.0,0.0,0.0,0.0,0.0,0.0,0.0,1.0,1.0,0.0,0.0,0.0,1.0,0.0,1.0,0.0,0.0,0.0,0.0,Midfielder,-15.5
3560.0,Estefanía Lima,Estefanía Lima,female,1989-05-11T00:00:00+00:00,60.0,174.0,Villarreal CF,VIL,https://assets.laliga.com/assets/2021/06/28/medium/9fbd53c24db4a5ff2257fa8ba57b59d4.png,21.0,Forward,https://assets.laliga.com/squad/2021/t18273/p434495/512x556/p434495_t18273_2021_1_001_000.png,0.0,25.0,0.0,0.0,0.0,0.0,3.0,0.0,2.0,33.0,0.0,0.0,0.0,2.0,0.0,1.0,0.0,2.0,0.0,0.0,0.0,0.0,0.0,1.0,2.0,0.0,0.0,0.0,2.0,0.0,3.0,0.0,0.0,0.0,4.0,Midfielder,-15.5
19535.0,Gema Soliveres,Gema Soliveres,female,2000-11-03T00:00:00+00:00,,,Deportivo Alavés,ALA,https://assets.laliga.com/assets/2021/06/28/medium/42d681848c77e9a837be29b98e03557b.png,6.0,Midfielder,,0.0,21.0,0.0,0.0,0.0,0.0,0.0,0.0,1.0,28.0,0.0,0.0,0.0,0.0,0.0,0.0,0.0,1.0,0.0,0.0,0.0,0.0,0.0,0.0,0.0,0.0,0.0,0.0,0.0,0.0,1.0,0.0,0.0,0.0,5.0,Midfielder,-15.5
14824.0,Mayra Ramírez,Mayra Ramírez,female,1999-03-23T00:00:00+00:00,,178.0,Sporting Huelva,SPH,https://assets.laliga.com/assets/2019/06/07/medium/sporting-club.png,9.0,Forward,https://assets.laliga.com/squad/2021/t13327/p463808/512x556/p463808_t13327_2021_1_001_000.png,0.0,29.0,0.0,0.0,0.0,0.0,6.0,0.0,4.0,38.0,0.0,0.0,0.0,2.0,0.0,0.0,0.0,4.0,0.0,0.0,0.0,0.0,1.0,1.0,2.0,0.0,0.0,0.0,2.0,0.0,6.0,0.0,0.0,0.0,5.0,Midfielder,-15.5
3590.0,Alba Aznar,Alba Aznar,female,1993-09-02T00:00:00+00:00,52.0,153.0,Deportivo Alavés,ALA,https://assets.laliga.com/assets/2021/06/28/medium/42d681848c77e9a837be29b98e03557b.png,10.0,Midfielder,,0.0,22.0,0.0,0.0,0.0,0.0,0.0,0.0,2.0,34.0,0.0,0.0,0.0,0.0,0.0,0.0,0.0,2.0,0.0,0.0,0.0,0.0,0.0,0.0,0.0,0.0,0.0,0.0,0.0,0.0,2.0,0.0,0.0,0.0,2.0,Goalkeeper,-16.0
5911.0,Aleksandra Zaremba,Aleksandra Zaremba,female,2001-02-19T00:00:00+00:00,56.0,165.0,UD Granadilla Tenerife Egatesa,UDG,https://assets.laliga.com/assets/2019/06/07/medium/granadilla.png,11.0,Midfielder,https://assets.laliga.com/squad/2021/t13328/p456215/512x556/p456215_t13328_2021_1_001_000.png,0.0,25.0,1.0,0.0,0.0,0.0,8.0,0.0,1.0,35.0,0.0,0.0,0.0,3.0,0.0,0.0,0.0,1.0,0.0,0.0,0.0,0.0,3.0,0.0,3.0,0.0,0.0,0.0,3.0,0.0,4.0,0.0,0.0,0.0,5.0,Forward,-16.0
8587.0,Enith Salón,Enith Salón,female,2001-09-24T00:00:00+00:00,59.0,167.0,VCF Femenino,VCF,https://assets.laliga.com/assets/2019/06/07/medium/valencia-femenino.png,1.0,Goalkeeper,https://assets.laliga.com/squad/2021/t13329/p456921/512x556/p456921_t13329_2021_1_001_000.png,0.0,18.0,0.0,0.0,0.0,0.0,5.0,0.0,0.0,30.0,0.0,0.0,0.0,0.0,0.0,0.0,0.0,0.0,0.0,0.0,0.0,0.0,0.0,0.0,0.0,0.0,0.0,0.0,0.0,0.0,0.0,0.0,0.0,0.0,3.0,Midfielder,-16.5
3653.0,Núria Mendoza,Núria Mendoza,female,1995-12-15T00:00:00+00:00,60.0,169.0,Levante UD,LUD,https://assets.laliga.com/assets/2019/06/07/medium/levante-femenino.png,3.0,Defender,https://assets.laliga.com/squad/2021/t13319/p192089/512x556/p192089_t13319_2021_1_001_000.png,0.0,29.0,0.0,0.0,0.0,0.0,10.0,0.0,1.0,33.0,0.0,0.0,0.0,1.0,0.0,0.0,0.0,1.0,0.0,0.0,0.0,0.0,0.0,1.0,1.0,0.0,0.0,0.0,1.0,0.0,2.0,0.0,0.0,0.0,4.0,Midfielder,-16.5
12434.0,Isabella Echeverri,Isabella Echeverri,female,1994-06-16T00:00:00+00:00,56.0,174.0,Sevilla FC,SFC,https://assets.laliga.com/assets/2019/06/07/medium/sevilla.png,5.0,Midfielder,https://assets.laliga.com/squad/2021/t13326/p210643/512x556/p210643_t13326_2021_1_001_000.png,0.0,17.0,0.0,0.0,0.0,0.0,2.0,0.0,0.0,29.0,0.0,0.0,0.0,0.0,0.0,0.0,0.0,0.0,0.0,0.0,0.0,0.0,0.0,0.0,0.0,0.0,0.0,0.0,0.0,0.0,0.0,0.0,0.0,0.0,4.0,Goalkeeper,-16.5
8631.0,Chelsea Ashurst,Chelsea Ashurst,female,1990-04-22T00:00:00+00:00,,,Sporting Huelva,SPH,https://assets.laliga.com/assets/2019/06/07/medium/sporting-club.png,1.0,Goalkeeper,https://assets.laliga.com/squad/2021/t13327/p453117/512x556/p453117_t13327_2021_1_001_000.png,0.0,23.0,0.0,0.0,0.0,0.0,7.0,0.0,0.0,33.0,0.0,0.0,0.0,0.0,0.0,0.0,0.0,0.0,0.0,0.0,0.0,0.0,0.0,0.0,0.0,0.0,0.0,0.0,0.0,0.0,0.0,0.0,0.0,0.0,1.0,Midfielder,-17.0
2327.0,Débora García,Débora García,female,1989-10-17T00:00:00+00:00,55.0,167.0,Sevilla FC,SFC,https://assets.laliga.com/assets/2019/06/07/medium/sevilla.png,17.0,Midfielder,https://assets.laliga.com/squad/2021/t13326/p434304/512x556/p434304_t13326_2021_1_001_000.png,0.0,23.0,2.0,0.0,0.0,0.0,2.0,0.0,0.0,40.0,0.0,0.0,0.0,4.0,0.0,0.0,0.0,0.0,0.0,0.0,0.0,0.0,4.0,0.0,4.0,0.0,0.0,0.0,4.0,0.0,3.0,0.0,0.0,0.0,2.0,Goalkeeper,-17.0
19536.0,Ane Miren Martínez,Ane Miren Martínez,female,1992-09-05T00:00:00+00:00,,,Deportivo Alavés,ALA,https://assets.laliga.com/assets/2021/06/28/medium/42d681848c77e9a837be29b98e03557b.png,7.0,Midfielder,,0.0,30.0,0.0,0.0,0.0,0.0,0.0,0.0,2.0,41.0,0.0,0.0,0.0,3.0,0.0,0.0,0.0,2.0,0.0,0.0,0.0,0.0,2.0,1.0,3.0,0.0,0.0,0.0,3.0,0.0,5.0,0.0,0.0,0.0,3.0,Midfielder,-17.0
2323.0,Nagore Calderón,Nagore Calderón,female,1993-06-02T00:00:00+00:00,55.0,156.0,Sevilla FC,SFC,https://assets.laliga.com/assets/2019/06/07/medium/sevilla.png,6.0,Midfielder,https://assets.laliga.com/squad/2021/t13326/p165359/512x556/p165359_t13326_2021_1_001_000.png,0.0,28.0,1.0,0.0,0.0,0.0,1.0,0.0,1.0,36.0,0.0,0.0,0.0,1.0,0.0,0.0,0.0,1.0,0.0,0.0,0.0,0.0,1.0,0.0,1.0,0.0,0.0,0.0,1.0,0.0,2.0,0.0,0.0,0.0,3.0,Midfielder,-17.5
23056.0,Klára Cahynová,Klára Cahynová,female,1993-12-20T00:00:00+00:00,,,Sevilla FC,SFC,https://assets.laliga.com/assets/2019/06/07/medium/sevilla.png,18.0,Midfielder,https://assets.laliga.com/squad/2021/t13326/p435167/512x556/p435167_t13326_2021_1_001_000.png,0.0,27.0,0.0,0.0,0.0,0.0,1.0,0.0,0.0,34.0,0.0,0.0,0.0,1.0,0.0,0.0,0.0,0.0,0.0,0.0,0.0,0.0,1.0,0.0,1.0,0.0,0.0,0.0,1.0,0.0,1.0,0.0,0.0,0.0,3.0,Midfielder,-17.5
24052.0,Jordan Clark,Jordan Clark,female,1989-08-03T00:00:00+00:00,,,Deportivo Alavés,ALA,https://assets.laliga.com/assets/2021/06/28/medium/42d681848c77e9a837be29b98e03557b.png,,Midfielder,,0.0,25.0,0.0,0.0,0.0,0.0,4.0,0.0,1.0,37.0,0.0,0.0,0.0,0.0,0.0,0.0,0.0,1.0,0.0,0.0,0.0,0.0,0.0,0.0,0.0,0.0,0.0,0.0,0.0,0.0,1.0,0.0,0.0,0.0,1.0,Goalkeeper,-18.0
2526.0,Míriam Diéguez,Míriam Diéguez,female,1986-05-04T00:00:00+00:00,60.0,171.0,Deportivo Alavés,ALA,https://assets.laliga.com/assets/2021/06/28/medium/42d681848c77e9a837be29b98e03557b.png,14.0,Midfielder,,0.0,26.0,1.0,0.0,0.0,0.0,2.0,0.0,3.0,44.0,0.0,0.0,0.0,2.0,0.0,0.0,0.0,3.0,0.0,0.0,0.0,0.0,1.0,1.0,2.0,0.0,0.0,0.0,2.0,0.0,5.0,0.0,0.0,0.0,3.0,Forward,-18.5
6946.0,María Llompart,María Llompart,female,2000-10-19T00:00:00+00:00,55.0,161.0,SD Eibar,EIB,https://assets.laliga.com/assets/2019/06/07/medium/eibar.png,6.0,Midfielder,https://assets.laliga.com/squad/2021/t16881/p437864/512x556/p437864_t16881_2021_0_001_000.png,0.0,24.0,0.0,0.0,0.0,0.0,1.0,0.0,1.0,33.0,0.0,0.0,0.0,0.0,0.0,0.0,0.0,1.0,0.0,0.0,0.0,0.0,0.0,0.0,0.0,0.0,0.0,0.0,0.0,0.0,1.0,0.0,0.0,0.0,7.0,Goalkeeper,-19.0
7546.0,Itziar Pinillos,Itziar Pinillos,female,2000-09-21T00:00:00+00:00,,,Madrid CFF,MAD,https://assets.laliga.com/assets/2019/06/07/medium/madrid-futbol-femenino.png,16.0,Midfielder,https://assets.laliga.com/squad/2021/t13320/p446287/512x556/p446287_t13320_2021_0_001_000.png,0.0,22.0,1.0,0.0,0.0,0.0,0.0,0.0,1.0,42.0,0.0,0.0,0.0,2.0,0.0,0.0,0.0,1.0,0.0,0.0,0.0,0.0,2.0,0.0,2.0,0.0,0.0,0.0,2.0,0.0,3.0,0.0,0.0,0.0,3.0,Goalkeeper,-19.5
8540.0,Anna Torrodà,Anna Torrodà,female,2000-01-21T00:00:00+00:00,,163.0,VCF Femenino,VCF,https://assets.laliga.com/assets/2019/06/07/medium/valencia-femenino.png,21.0,Midfielder,https://assets.laliga.com/squad/2021/t13329/p455812/512x556/p455812_t13329_2021_1_001_000.png,0.0,29.0,3.0,0.0,0.0,0.0,8.0,0.0,2.0,47.0,0.0,0.0,0.0,4.0,0.0,1.0,0.0,2.0,0.0,0.0,0.0,0.0,3.0,0.0,4.0,0.0,0.0,0.0,4.0,0.0,7.0,0.0,0.0,0.0,2.0,Defender,-19.5
9465.0,Ane Campos,Ane Campos,female,1999-05-21T00:00:00+00:00,,,SD Eibar,EIB,https://assets.laliga.com/assets/2019/06/07/medium/eibar.png,18.0,Forward,https://assets.laliga.com/squad/2021/t16881/p470977/512x556/p470977_t16881_2021_0_001_000.png,0.0,25.0,0.0,0.0,0.0,0.0,1.0,0.0,0.0,37.0,0.0,0.0,0.0,0.0,0.0,0.0,0.0,0.0,0.0,0.0,0.0,0.0,0.0,0.0,0.0,0.0,0.0,0.0,0.0,0.0,0.0,0.0,0.0,0.0,2.0,Midfielder,-19.5
3576.0,Natalia Gaitán,Natalia Gaitán,female,1991-04-03T00:00:00+00:00,63.0,164.0,Sevilla FC,SFC,https://assets.laliga.com/assets/2019/06/07/medium/sevilla.png,23.0,Midfielder,https://assets.laliga.com/squad/2021/t13326/p98864/512x556/p98864_t13326_2021_1_001_000.png,0.0,26.0,0.0,0.0,0.0,0.0,7.0,0.0,1.0,41.0,0.0,0.0,0.0,0.0,0.0,0.0,0.0,1.0,0.0,0.0,0.0,0.0,0.0,0.0,0.0,0.0,0.0,0.0,0.0,0.0,1.0,0.0,0.0,0.0,1.0,Defender,-20.0
3605.0,Natalia Ramos,Natalia Ramos,female,1999-02-10T00:00:00+00:00,63.0,171.0,UD Granadilla Tenerife Egatesa,UDG,https://assets.laliga.com/assets/2019/06/07/medium/granadilla.png,14.0,Defender,https://assets.laliga.com/squad/2021/t13328/p434551/512x556/p434551_t13328_2021_1_001_000.png,0.0,30.0,0.0,0.0,0.0,0.0,9.0,0.0,2.0,44.0,0.0,0.0,0.0,3.0,0.0,0.0,0.0,2.0,0.0,0.0,0.0,0.0,1.0,0.0,3.0,0.0,0.0,0.0,3.0,0.0,5.0,0.0,0.0,0.0,4.0,Midfielder,-20.0
8793.0,Oihane Hernández,Oihane Hernández,female,2000-05-04T00:00:00+00:00,59.0,165.0,Athletic Club,ATH,https://assets.laliga.com/assets/2019/06/07/medium/athletic-femenino.png,11.0,Defender,https://assets.laliga.com/squad/2021/t12034/p453009/512x556/p453009_t12034_2021_1_001_000.png,0.0,23.0,0.0,0.0,0.0,0.0,0.0,0.0,0.0,36.0,0.0,0.0,0.0,0.0,0.0,0.0,0.0,0.0,0.0,0.0,0.0,0.0,0.0,0.0,0.0,0.0,0.0,0.0,0.0,0.0,0.0,0.0,0.0,0.0,4.0,Midfielder,-20.0
3620.0,María de los Ángeles Carrión Ejido,Leles,female,1997-02-22T00:00:00+00:00,60.0,165.0,Rayo Vallecano,RVM,https://assets.laliga.com/assets/2019/06/07/medium/rayo-femenino.png,21.0,Midfielder,https://assets.laliga.com/squad/2021/t13321/p434303/512x556/p434303_t13321_2021_1_001_000.png,0.0,24.0,0.0,0.0,0.0,0.0,1.0,0.0,0.0,40.0,0.0,0.0,0.0,1.0,0.0,0.0,0.0,0.0,0.0,0.0,0.0,0.0,1.0,0.0,1.0,0.0,0.0,0.0,1.0,0.0,1.0,0.0,0.0,0.0,2.0,Midfielder,-20.0
14818.0,Belén Martínez,Belén Martínez,female,1988-11-24T00:00:00+00:00,,,Villarreal CF,VIL,https://assets.laliga.com/assets/2021/06/28/medium/9fbd53c24db4a5ff2257fa8ba57b59d4.png,19.0,Forward,https://assets.laliga.com/squad/2021/t18273/p507966/512x556/p507966_t18273_2021_0_001_000.png,0.0,30.0,0.0,0.0,0.0,0.0,0.0,0.0,5.0,50.0,0.0,0.0,0.0,0.0,0.0,0.0,0.0,5.0,0.0,0.0,0.0,0.0,0.0,0.0,0.0,0.0,0.0,0.0,0.0,0.0,6.0,0.0,0.0,0.0,1.0,Midfielder,-20.5
3532.0,Cristina Isabel Sánchez Auñón,Cristina Auñón,female,1989-03-23T00:00:00+00:00,51.0,154.0,Deportivo Alavés,ALA,https://assets.laliga.com/assets/2021/06/28/medium/42d681848c77e9a837be29b98e03557b.png,22.0,Defender,,0.0,26.0,0.0,0.0,0.0,0.0,3.0,0.0,0.0,40.0,0.0,0.0,0.0,0.0,0.0,0.0,0.0,0.0,0.0,0.0,0.0,0.0,0.0,0.0,0.0,0.0,0.0,0.0,0.0,0.0,0.0,0.0,0.0,0.0,1.0,Midfielder,-20.5
14506.0,Kristina Fisher,Kristina Fisher,female,1998-07-01T00:00:00+00:00,,,Sporting Huelva,SPH,https://assets.laliga.com/assets/2019/06/07/medium/sporting-club.png,10.0,Midfielder,https://assets.laliga.com/squad/2021/t13327/p448544/512x556/p448544_t13327_2021_1_001_000.png,0.0,29.0,0.0,0.0,0.0,0.0,8.0,0.0,2.0,44.0,0.0,0.0,0.0,0.0,0.0,0.0,0.0,2.0,0.0,0.0,0.0,0.0,0.0,0.0,0.0,0.0,0.0,0.0,0.0,0.0,2.0,0.0,0.0,0.0,1.0,Defender,-20.5
8504.0,Florencia Bonsegundo,Florencia Bonsegundo,female,1993-07-14T00:00:00+00:00,59.0,168.0,Madrid CFF,MAD,https://assets.laliga.com/assets/2019/06/07/medium/madrid-futbol-femenino.png,11.0,Midfielder,,0.0,30.0,0.0,0.0,0.0,0.0,2.0,0.0,0.0,47.0,0.0,0.0,0.0,4.0,0.0,0.0,0.0,0.0,0.0,0.0,0.0,0.0,3.0,1.0,4.0,0.0,0.0,0.0,4.0,0.0,4.0,0.0,0.0,0.0,3.0,Goalkeeper,-21.0
19552.0,María Cienfuegos Baragaño,Cienfu,female,2001-04-08T00:00:00+00:00,,,Villarreal CF,VIL,https://assets.laliga.com/assets/2021/06/28/medium/9fbd53c24db4a5ff2257fa8ba57b59d4.png,6.0,Midfielder,https://assets.laliga.com/squad/2021/t18273/p543160/512x556/p543160_t18273_2021_0_001_000.png,0.0,29.0,0.0,0.0,0.0,0.0,2.0,0.0,0.0,44.0,0.0,0.0,0.0,2.0,0.0,0.0,0.0,0.0,0.0,0.0,0.0,0.0,2.0,0.0,2.0,0.0,0.0,0.0,2.0,0.0,2.0,0.0,0.0,0.0,2.0,Midfielder,-21.0
9463.0,Oihane Valdezate,Oihane Valdezate,female,2000-04-10T00:00:00+00:00,,,Athletic Club,ATH,https://assets.laliga.com/assets/2019/06/07/medium/athletic-femenino.png,6.0,Midfielder,https://assets.laliga.com/squad/2021/t12034/p470970/512x556/p470970_t12034_2021_1_001_000.png,0.0,29.0,0.0,0.0,0.0,0.0,3.0,0.0,1.0,46.0,0.0,0.0,0.0,1.0,0.0,0.0,0.0,1.0,1.0,0.0,0.0,0.0,0.0,1.0,1.0,0.0,0.0,0.0,1.0,0.0,2.0,0.0,0.0,0.0,2.0,Midfielder,-22.0
4652.0,Ainoa Campo,Ainoa Campo,female,1996-06-17T00:00:00+00:00,57.0,162.0,Villarreal CF,VIL,https://assets.laliga.com/assets/2021/06/28/medium/9fbd53c24db4a5ff2257fa8ba57b59d4.png,20.0,Midfielder,https://assets.laliga.com/squad/2021/t18273/p191680/512x556/p191680_t18273_2021_0_001_000.png,0.0,23.0,0.0,0.0,0.0,0.0,2.0,0.0,0.0,42.0,0.0,0.0,0.0,0.0,0.0,0.0,0.0,0.0,0.0,0.0,0.0,0.0,0.0,0.0,0.0,0.0,0.0,0.0,0.0,0.0,0.0,0.0,0.0,0.0,2.0,Goalkeeper,-22.0
12788.0,Osinachi Ohale,Osinachi Ohale,female,1991-12-21T00:00:00+00:00,67.0,173.0,Deportivo Alavés,ALA,https://assets.laliga.com/assets/2021/06/28/medium/42d681848c77e9a837be29b98e03557b.png,3.0,Defender,,0.0,24.0,0.0,0.0,0.0,0.0,4.0,0.0,3.0,47.0,0.0,0.0,0.0,0.0,0.0,0.0,0.0,3.0,0.0,0.0,0.0,0.0,0.0,0.0,0.0,0.0,0.0,0.0,0.0,0.0,2.0,0.0,0.0,0.0,3.0,Midfielder,-22.0
3643.0,Cristina Cornejo,Cristina Cornejo,female,1992-01-09T00:00:00+00:00,58.0,163.0,Deportivo Alavés,ALA,https://assets.laliga.com/assets/2021/06/28/medium/42d681848c77e9a837be29b98e03557b.png,1.0,Goalkeeper,,0.0,24.0,0.0,0.0,0.0,0.0,4.0,0.0,0.0,49.0,0.0,0.0,0.0,0.0,0.0,0.0,0.0,0.0,0.0,0.0,0.0,0.0,0.0,0.0,0.0,0.0,0.0,0.0,0.0,0.0,0.0,0.0,0.0,0.0,0.0,Midfielder,-24.5
7359.0,María Jiménez,María Jiménez,female,2000-09-17T00:00:00+00:00,,,VCF Femenino,VCF,https://assets.laliga.com/assets/2019/06/07/medium/valencia-femenino.png,4.0,Defender,https://assets.laliga.com/squad/2021/t13329/p441599/512x556/p441599_t13329_2021_1_001_000.png,0.0,26.0,0.0,0.0,0.0,0.0,8.0,0.0,1.0,44.0,0.0,0.0,0.0,0.0,0.0,0.0,0.0,1.0,0.0,0.0,0.0,0.0,0.0,0.0,0.0,0.0,0.0,0.0,0.0,0.0,1.0,0.0,0.0,0.0,8.0,Midfielder,-25.0
3556.0,Arene Altonaga,Arene Altonaga,female,1993-02-25T00:00:00+00:00,53.0,159.0,SD Eibar,EIB,https://assets.laliga.com/assets/2019/06/07/medium/eibar.png,7.0,Midfielder,https://assets.laliga.com/squad/2021/t16881/p434424/512x556/p434424_t16881_2021_0_001_000.png,0.0,30.0,1.0,0.0,0.0,0.0,1.0,0.0,0.0,52.0,0.0,0.0,0.0,3.0,0.0,0.0,0.0,0.0,0.0,0.0,0.0,0.0,2.0,0.0,3.0,0.0,0.0,0.0,3.0,0.0,2.0,0.0,0.0,0.0,4.0,Midfielder,-25.5
7207.0,Mônica Hickmann Alves,Mônica Hickmann,female,1987-04-21T00:00:00+00:00,64.0,172.0,Madrid CFF,MAD,https://assets.laliga.com/assets/2019/06/07/medium/madrid-futbol-femenino.png,5.0,Defender,https://assets.laliga.com/squad/2021/t13320/p186298/512x556/p186298_t13320_2021_0_001_000.png,0.0,30.0,0.0,0.0,0.0,0.0,3.0,0.0,1.0,59.0,0.0,0.0,0.0,0.0,0.0,0.0,0.0,1.0,0.0,0.0,0.0,0.0,0.0,0.0,0.0,0.0,1.0,0.0,0.0,0.0,1.0,0.0,0.0,0.0,2.0,Midfielder,-29.5
